VOC ID,Category,Exact short quote,Paraphrased meaning,Source URL,Thread URL,Corpus ID,Community,Context,Recurrence/pattern tag,Evidence strength,Potential research implication,Stated age,Body area,Flags
C0001,Problem descriptions,"the crepey skin, baggy eyes, sagging jowls and turkey neck seem to have hit lighting speed since I've hit my 50s",Krepphaut und Erschlaffung kamen mit 50 plötzlich und sehr schnell,https://www.reddit.com/r/Menopause/comments/10h8dgw/women_over_50_what_do_you_use_for_skin_care/,https://www.reddit.com/r/Menopause/comments/10h8dgw/women_over_50_what_do_you_use_for_skin_care/,C061,r/Menopause,OP asking women over 50 for skincare; poster in her 50s,sudden_onset;crepey_chest,medium,"Onset-Erleben ""plötzlich mit 50"" als Kontext für Kernzielgruppe prüfen",,unspecified,face_only_transferable
C0002,Desired outcomes,at least help slow it down or hide it a bit better,"Wunsch: Alterung zumindest verlangsamen oder kaschieren, nicht umkehren",https://www.reddit.com/r/Menopause/comments/10h8dgw/women_over_50_what_do_you_use_for_skin_care/,https://www.reddit.com/r/Menopause/comments/10h8dgw/women_over_50_what_do_you_use_for_skin_care/,C061,r/Menopause,OP over 50 on crepey skin,acceptance_aging,medium,Realistische Erwartung (verlangsamen/kaschieren) statt Umkehr – Erwartungsniveau testen,,unspecified,face_only_transferable
C0003,Skepticism,Almost everything else is just marketing.,Außer Retinoid und Sonnenschutz sei fast alles nur Marketing,https://www.reddit.com/r/Menopause/comments/10h8dgw/women_over_50_what_do_you_use_for_skin_care/j588mr2/,https://www.reddit.com/r/Menopause/comments/10h8dgw/women_over_50_what_do_you_use_for_skin_care/,C061,r/Menopause,ex-derm-office worker reply on Retin-A + sunscreen,marketing_distrust,medium,Grundskepsis gegenüber Pflegeversprechen; Belegbarkeit wichtig,,unspecified,face_only_transferable
C0004,Questions customers repeatedly ask,This ain't body lotion lol! Yet want to try it on my arms.,"Fragt, ob Rx-Retinoid auch an den Armen anwendbar ist",https://www.reddit.com/r/Menopause/comments/10h8dgw/women_over_50_what_do_you_use_for_skin_care/j57t415/,https://www.reddit.com/r/Menopause/comments/10h8dgw/women_over_50_what_do_you_use_for_skin_care/,C061,r/Menopause,reply asking about Rx tretinoin application,retinol_body;question_what_works,medium,"Interesse, Gesichtswirkstoffe auf Arme zu übertragen",,arms,
C0005,Skepticism,a lot of products are incredibly expensive and can feel really nice (which means buy them if you want by all means!) but they aren’t actually going to do that much,"Dermatologin: teure Produkte fühlen sich gut an, wirken aber kaum mehr",https://www.reddit.com/r/Menopause/comments/10h8dgw/women_over_50_what_do_you_use_for_skin_care/j5810m1/,https://www.reddit.com/r/Menopause/comments/10h8dgw/women_over_50_what_do_you_use_for_skin_care/,C061,r/Menopause,poster relaying derm advice,marketing_distrust;derm_recommendation;price_value,medium,"""Fühlt sich gut an"" vs. ""wirkt"" wird bewusst getrennt – Sensorik als eigener legitimer Wert?",,unspecified,face_only_transferable
C0006,Problem descriptions,"My biggest problem area is my neck, damn crepeyness, and it hasn't repaired it but doesn't seem to have gotten worse","Hals-Krepphaut; Produkt hat nicht repariert, aber Verschlechterung gestoppt",https://www.reddit.com/r/Menopause/comments/10h8dgw/women_over_50_what_do_you_use_for_skin_care/j579j59/,https://www.reddit.com/r/Menopause/comments/10h8dgw/women_over_50_what_do_you_use_for_skin_care/,C061,r/Menopause,reply on neck crepiness,crepey_chest;acceptance_aging,medium,"""Nicht schlechter werden"" als akzeptiertes Ergebnis",,neck,
C0007,Identity / social implications,sometimes I see some old woman looking back at me with my grandma's neck and jawline,Sieht im Spiegel eine alte Frau mit Omas Hals,https://www.reddit.com/r/Menopause/comments/10h8dgw/women_over_50_what_do_you_use_for_skin_care/j579j59/,https://www.reddit.com/r/Menopause/comments/10h8dgw/women_over_50_what_do_you_use_for_skin_care/,C061,r/Menopause,reply on mirror shock,old_lady_identity;mothers_skin,high,Generationen-Spiegel-Motiv (Mutter/Oma) als Identitätstrigger,,neck,
C0008,Emotional reactions,"Now, here I am and it's a shock every time I see it.",Jedes Mal ein Schock beim Blick in den Spiegel,https://www.reddit.com/r/Menopause/comments/10h8dgw/women_over_50_what_do_you_use_for_skin_care/j57ex38/,https://www.reddit.com/r/Menopause/comments/10h8dgw/women_over_50_what_do_you_use_for_skin_care/,C061,r/Menopause,OP reply about neck/jawline,mothers_skin;old_lady_identity,high,Wiederkehrender Spiegel-Schock emotional zentral,,neck,
C0009,Successful attempts,I’ve recently started using Olay firming & hydrating body lotion for my crepey skin & it seems to help.,Olay Firming-Bodylotion scheint bei Krepphaut zu helfen,https://www.reddit.com/r/Menopause/comments/10h8dgw/women_over_50_what_do_you_use_for_skin_care/j57s9cj/,https://www.reddit.com/r/Menopause/comments/10h8dgw/women_over_50_what_do_you_use_for_skin_care/,C061,r/Menopause,long routine reply,crepey_arms,medium,Drogerie-Firming-Lotion als Benchmark-Wettbewerb,,unspecified,
C0010,Successful attempts,I’ve had fewer problems with rough chicken skin since I’ve been doing it,"Trockenbürsten reduziert raue ""Hühnerhaut""",https://www.reddit.com/r/Menopause/comments/10h8dgw/women_over_50_what_do_you_use_for_skin_care/j57s9cj/,https://www.reddit.com/r/Menopause/comments/10h8dgw/women_over_50_what_do_you_use_for_skin_care/,C061,r/Menopause,reply on dry brushing,exfoliation_dry_brush,medium,Körperpflege-Ritual mit Peeling kombiniert,,whole_body,
C0011,Exact phrases / metaphors / repeated wording,rough chicken skin,"Metapher ""Hühnerhaut"" für raue Körperhaut",https://www.reddit.com/r/Menopause/comments/10h8dgw/women_over_50_what_do_you_use_for_skin_care/j57s9cj/,https://www.reddit.com/r/Menopause/comments/10h8dgw/women_over_50_what_do_you_use_for_skin_care/,C061,r/Menopause,reply on dry brushing,exfoliation_dry_brush,medium,Kundensprache für raue Textur,,whole_body,
C0012,Product / routine preferences,"Whatever you do to your face you also want you also want to do to your neck, chest/ décolletage, & hands as these areas will give away your age as well","Pflege auf Hals, Dekolleté, Hände ausdehnen, da sie das Alter verraten",https://www.reddit.com/r/Menopause/comments/10h8dgw/women_over_50_what_do_you_use_for_skin_care/j57s9cj/,https://www.reddit.com/r/Menopause/comments/10h8dgw/women_over_50_what_do_you_use_for_skin_care/,C061,r/Menopause,routine reply,crepey_chest;crepey_hands,medium,"Body-Areas als ""verräterische"" Zonen – Gesichtslogik auf Körper übertragen",,chest,
C0013,Problem descriptions,how it will work with my very dry arms and legs,OP hat sehr trockene Arme und Beine,https://www.reddit.com/r/Menopause/comments/10h8dgw/women_over_50_what_do_you_use_for_skin_care/j5cdtxw/,https://www.reddit.com/r/Menopause/comments/10h8dgw/women_over_50_what_do_you_use_for_skin_care/,C061,r/Menopause,OP reply about body lotion (Aveeno),crepey_arms;crepey_legs,medium,Kern-Körperzonen Arme/Beine bestätigt,,arms,
C0014,Ingredient / mechanism beliefs,I'm using Aveeno because I thought it had fewer chemicals and would be better for my skin,"Wählt Aveeno, weil vermeintlich weniger Chemikalien",https://www.reddit.com/r/Menopause/comments/10h8dgw/women_over_50_what_do_you_use_for_skin_care/j5cdtxw/,https://www.reddit.com/r/Menopause/comments/10h8dgw/women_over_50_what_do_you_use_for_skin_care/,C061,r/Menopause,OP reply on body lotion,new_clean_ingredients,medium,"""Weniger Chemie""-Glaube als Kaufheuristik",,whole_body,
C0015,Emotional reactions,Getting older is so much fun :/,Sarkasmus über das Älterwerden,https://www.reddit.com/r/Menopause/comments/10h8dgw/women_over_50_what_do_you_use_for_skin_care/j5cfasn/,https://www.reddit.com/r/Menopause/comments/10h8dgw/women_over_50_what_do_you_use_for_skin_care/,C061,r/Menopause,OP reply,acceptance_aging,medium,Ironische Resignation als Tonalität,,unspecified,
C0016,Successful attempts,"No exterior skin product has worked as well as collagen for me. Almost instant results, tightening up sagging backs of hands and jowls.","Orales Kollagen wirkte besser als jedes äußere Produkt, auch an Handrücken",https://www.reddit.com/r/Menopause/comments/10h8dgw/women_over_50_what_do_you_use_for_skin_care/j598tj6/,https://www.reddit.com/r/Menopause/comments/10h8dgw/women_over_50_what_do_you_use_for_skin_care/,C061,r/Menopause,"reply; poster 55, UK",collagen_supplement;crepey_hands,low,Supplements als Konkurrenz zu Topika,55,hands,non_us_signal
C0017,Failed attempts,it doesn't seem to help with anything other than giving my hands a respite from the dryness,Handlotion bringt nur kurze Linderung der Trockenheit,https://www.reddit.com/r/Menopause/comments/10h8dgw/women_over_50_what_do_you_use_for_skin_care/j5a23g4/,https://www.reddit.com/r/Menopause/comments/10h8dgw/women_over_50_what_do_you_use_for_skin_care/,C061,r/Menopause,OP on hand lotion,lotion_temporary;crepey_hands,medium,"""Nur kurzfristige Linderung"" als Lotion-Frust",,hands,
C0018,Problem descriptions,"aging on my hands is something that I notice frequently, probably because I can't ignore them because they're right there in front of me","Alternde Hände fallen ständig auf, weil immer im Blickfeld",https://www.reddit.com/r/Menopause/comments/10h8dgw/women_over_50_what_do_you_use_for_skin_care/j5a23g4/,https://www.reddit.com/r/Menopause/comments/10h8dgw/women_over_50_what_do_you_use_for_skin_care/,C061,r/Menopause,OP on hands,crepey_hands,medium,Hände als ständig sichtbare Alterszone,,hands,
C0019,Successful attempts,My hands haven't looked this good in a decade!,Hände sehen dank Vaseline-Lotion so gut aus wie seit 10 Jahren nicht,https://www.reddit.com/r/Menopause/comments/10h8dgw/women_over_50_what_do_you_use_for_skin_care/j57xj6d/,https://www.reddit.com/r/Menopause/comments/10h8dgw/women_over_50_what_do_you_use_for_skin_care/,C061,r/Menopause,reply on Vaseline Intensive Care,crepey_hands;peer_proof,medium,Günstige Drogerie-Lotion als Erfolgsreferenz,,hands,
C0020,Problem descriptions,"my thighs, ass, saggy huge arms (smaller though) are still hanging in there. WTH?",Oberschenkel und schlaffe Arme bleiben trotz Veränderung,https://www.reddit.com/r/Menopause/comments/10h8dgw/women_over_50_what_do_you_use_for_skin_care/j57csit/,https://www.reddit.com/r/Menopause/comments/10h8dgw/women_over_50_what_do_you_use_for_skin_care/,C061,r/Menopause,reply on estrogen patch,hrt_estrogen_skin;crepey_arms,medium,Schlaffe Arme als Frustzone,,arms,hrt_medical_context
C0021,Exact phrases / metaphors / repeated wording,Everything I could take for granted is no longer natural transpiring.,Nichts ist mehr selbstverständlich,https://www.reddit.com/r/Menopause/comments/10h8dgw/women_over_50_what_do_you_use_for_skin_care/j57csit/,https://www.reddit.com/r/Menopause/comments/10h8dgw/women_over_50_what_do_you_use_for_skin_care/,C061,r/Menopause,reply on aging body,acceptance_aging,medium,Verlustgefühl gegenüber früherem Körper,,unspecified,
C0022,Skepticism,Anything topical won’t tighten skin unfortunately.,Topische Produkte straffen die Haut nicht,https://www.reddit.com/r/Menopause/comments/10h8dgw/women_over_50_what_do_you_use_for_skin_care/j580k6y/,https://www.reddit.com/r/Menopause/comments/10h8dgw/women_over_50_what_do_you_use_for_skin_care/,C061,r/Menopause,reply by licensed esthetician,only_procedures_work;marketing_distrust,medium,Straffungsversprechen werden von Insidern bestritten – Claims vorsichtig,,unspecified,face_only_transferable
C0023,Ingredient / mechanism beliefs,aware of the impact of endocrine disrupting chemicals (most personal care products are filled with them) I’m focusing on truly clean products,"Fokus auf ""saubere"" Produkte wegen hormonaktiver Stoffe",https://www.reddit.com/r/Menopause/comments/10h8dgw/women_over_50_what_do_you_use_for_skin_care/j57h50h/,https://www.reddit.com/r/Menopause/comments/10h8dgw/women_over_50_what_do_you_use_for_skin_care/,C061,r/Menopause,reply; poster 56,new_clean_ingredients,medium,Clean/Non-toxic als Kaufkriterium bei 50+,56,unspecified,possible_seeding
C0024,Product / routine preferences,I also buy Gold bond night crème and crepe corrector crème for body moisturizer.,Nutzt Gold Bond Nacht- und Crepe-Corrector-Creme für den Körper,https://www.reddit.com/r/Menopause/comments/10h8dgw/women_over_50_what_do_you_use_for_skin_care/j57qv1a/,https://www.reddit.com/r/Menopause/comments/10h8dgw/women_over_50_what_do_you_use_for_skin_care/,C061,r/Menopause,reply; budget shopper (Costco),gold_bond_crepe,medium,Gold Bond Crepe als Massen-Wettbewerb,,whole_body,
C0025,Purchase criteria,I’m a basically cheap person so I get the majority of these things at Costco when they are on sale.,Kauft preisbewusst bei Costco im Angebot,https://www.reddit.com/r/Menopause/comments/10h8dgw/women_over_50_what_do_you_use_for_skin_care/j57qv1a/,https://www.reddit.com/r/Menopause/comments/10h8dgw/women_over_50_what_do_you_use_for_skin_care/,C061,r/Menopause,reply,price_value,medium,"Preissensibilität, Sale-getriebener Kauf",,unspecified,
C0026,Desired outcomes,"I'm not here to look younger, I just like my face not to flake off in winter.","Will nicht jünger aussehen, nur keine Schuppen im Winter",https://www.reddit.com/r/Menopause/comments/10h8dgw/women_over_50_what_do_you_use_for_skin_care/j58mkk5/,https://www.reddit.com/r/Menopause/comments/10h8dgw/women_over_50_what_do_you_use_for_skin_care/,C061,r/Menopause,reply,acceptance_aging;winter_dryness;itch_flake,medium,Funktionaler Komfort statt Anti-Aging als Motiv,,unspecified,face_only_transferable
C0027,Questions customers repeatedly ask,"If someone can tell me why the lotion I use for my hands is so vastly different from the specialized face cream, I will gladly listen.","Fragt, warum Handlotion sich von Gesichtscreme unterscheiden soll",https://www.reddit.com/r/Menopause/comments/10h8dgw/women_over_50_what_do_you_use_for_skin_care/j58mkk5/,https://www.reddit.com/r/Menopause/comments/10h8dgw/women_over_50_what_do_you_use_for_skin_care/,C061,r/Menopause,reply,question_what_works;marketing_distrust,medium,Skepsis gegenüber Spezialprodukten pro Körperzone,,hands,
C0028,Purchase criteria,"idc how expensive or popular something is, if it smells terrible, I don't want it on my face","Schlechter Geruch ist K.o.-Kriterium, egal wie teuer/beliebt",https://www.reddit.com/r/Menopause/comments/10h8dgw/women_over_50_what_do_you_use_for_skin_care/j5auexy/,https://www.reddit.com/r/Menopause/comments/10h8dgw/women_over_50_what_do_you_use_for_skin_care/,C061,r/Menopause,reply,scent_love;fragrance_sensitivity,medium,Duft als hartes Ausschlusskriterium,,unspecified,face_only_transferable
C0029,Product / routine preferences,I use a less expensive charcoal soap for body and avocado oil for moisturizing.,Nutzt Avocadoöl als Körperpflege,https://www.reddit.com/r/Menopause/comments/10h8dgw/women_over_50_what_do_you_use_for_skin_care/j576p10/,https://www.reddit.com/r/Menopause/comments/10h8dgw/women_over_50_what_do_you_use_for_skin_care/,C061,r/Menopause,reply; sensitive skin,cheap_oil_alternative,medium,Pures Pflanzenöl als Körperpflege-Alternative,,whole_body,
C0030,Purchase criteria,can’t use anything that has fragrance or weird ingredients,"Verträgt nichts mit Duft oder ""komischen"" Inhaltsstoffen",https://www.reddit.com/r/Menopause/comments/10h8dgw/women_over_50_what_do_you_use_for_skin_care/j576p10/,https://www.reddit.com/r/Menopause/comments/10h8dgw/women_over_50_what_do_you_use_for_skin_care/,C061,r/Menopause,reply; sensitive skin,fragrance_sensitivity,medium,Duftfrei/kurze INCI als Kriterium,,whole_body,
C0031,Product / routine preferences,I moisturize a damp face using either grapeseed oil or rosehip seed oil.,Öl auf feuchte Haut,https://www.reddit.com/r/Menopause/comments/10h8dgw/women_over_50_what_do_you_use_for_skin_care/j5d2bq9/,https://www.reddit.com/r/Menopause/comments/10h8dgw/women_over_50_what_do_you_use_for_skin_care/,C061,r/Menopause,reply,oil_on_damp_skin,low,Öl-auf-feuchter-Haut-Gewohnheit verbreitet,,unspecified,face_only_transferable
C0032,Skepticism,There's no reason to spend a lot to see results.,Für Ergebnisse muss man nicht viel ausgeben,https://www.reddit.com/r/Menopause/comments/10h8dgw/women_over_50_what_do_you_use_for_skin_care/lh1kyep/,https://www.reddit.com/r/Menopause/comments/10h8dgw/women_over_50_what_do_you_use_for_skin_care/,C061,r/Menopause,reply; poster 50,price_value,medium,Preis-Skepsis bei 50+,50,unspecified,face_only_transferable
C0033,Skepticism,"There’s so much noise around skin care and cosmetics, it’s hard to know what’s true or predatory, isn’t it?","Schwer zu erkennen, was wahr oder ausbeuterisch ist",https://www.reddit.com/r/Menopause/comments/10h8dgw/women_over_50_what_do_you_use_for_skin_care/j5agqxb/,https://www.reddit.com/r/Menopause/comments/10h8dgw/women_over_50_what_do_you_use_for_skin_care/,C061,r/Menopause,reply,marketing_distrust,medium,Vertrauensdefizit in der Kategorie,,unspecified,
C0034,Routine friction,It takes me SO long now to moisturize after a shower.,Eincremen nach dem Duschen dauert jetzt extrem lange,https://www.reddit.com/r/Menopause/comments/10p4w6s/neverending_battle_with_dry_skin_goat_milk_soap/,https://www.reddit.com/r/Menopause/comments/10p4w6s/neverending_battle_with_dry_skin_goat_milk_soap/,C062,r/Menopause,"OP peri, lifelong dry sensitive skin",routine_fatigue,high,Zeitaufwand der Körperpflege als zentraler Schmerzpunkt,,whole_body,
C0035,Problem descriptions,"my post-shower routine went from quickly slathering on lotion, to slathering on body oil FIRST, then lotion, and sometimes some body balm in various places on top of that",Routine eskalierte von Lotion zu Öl + Lotion + Balsam,https://www.reddit.com/r/Menopause/comments/10p4w6s/neverending_battle_with_dry_skin_goat_milk_soap/,https://www.reddit.com/r/Menopause/comments/10p4w6s/neverending_battle_with_dry_skin_goat_milk_soap/,C062,r/Menopause,OP peri describing layering,routine_fatigue;lotion_temporary,high,Mehrschicht-Routine als Symptom unzureichender Einzelprodukte – Vereinfachungsbedarf,,whole_body,
C0036,Ingredient / mechanism beliefs,the beeswax on top of the oil and lotion then helps get through the entire day so I don't have to reapply moisturizer again at bedtime,Bienenwachs über Öl und Lotion hält den ganzen Tag,https://www.reddit.com/r/Menopause/comments/10p4w6s/neverending_battle_with_dry_skin_goat_milk_soap/,https://www.reddit.com/r/Menopause/comments/10p4w6s/neverending_battle_with_dry_skin_goat_milk_soap/,C062,r/Menopause,OP on layering,oil_seals_not_hydrates,high,"Okklusions-Verständnis: Wachs versiegelt, ganztägiger Halt gewünscht",,whole_body,
C0037,Routine friction,"This is tiring and I don't want to do it! But, I can't not do it either. My skin is very needy!","Ermüdend, aber unverzichtbar – Haut ist ""bedürftig""",https://www.reddit.com/r/Menopause/comments/10p4w6s/neverending_battle_with_dry_skin_goat_milk_soap/,https://www.reddit.com/r/Menopause/comments/10p4w6s/neverending_battle_with_dry_skin_goat_milk_soap/,C062,r/Menopause,OP,routine_fatigue,high,Pflicht-Gefühl ohne Freude – Ritual vs. Last,,whole_body,
C0038,Exact phrases / metaphors / repeated wording,My skin is very needy!,"Metapher: ""bedürftige"" Haut",https://www.reddit.com/r/Menopause/comments/10p4w6s/neverending_battle_with_dry_skin_goat_milk_soap/,https://www.reddit.com/r/Menopause/comments/10p4w6s/neverending_battle_with_dry_skin_goat_milk_soap/,C062,r/Menopause,OP,routine_fatigue,high,Kundensprache für ständigen Pflegebedarf,,whole_body,
C0039,Questions customers repeatedly ask,can I do something to seal in more moisture while I'm showering so I can reduce my post-shower routine?,"Fragt nach Feuchtigkeit-Einschließen in der Dusche, um Routine zu verkürzen",https://www.reddit.com/r/Menopause/comments/10p4w6s/neverending_battle_with_dry_skin_goat_milk_soap/,https://www.reddit.com/r/Menopause/comments/10p4w6s/neverending_battle_with_dry_skin_goat_milk_soap/,C062,r/Menopause,OP question,question_what_works;routine_fatigue;oil_on_damp_skin,high,In-Shower-/Feuchthaut-Anwendung als Zeitersparnis-Lösung recherchieren,,whole_body,
C0040,Purchase criteria,I can NOT start my day without a shower. That's out of the question!,Tägliches Duschen ist nicht verhandelbar,https://www.reddit.com/r/Menopause/comments/10p4w6s/neverending_battle_with_dry_skin_goat_milk_soap/,https://www.reddit.com/r/Menopause/comments/10p4w6s/neverending_battle_with_dry_skin_goat_milk_soap/,C062,r/Menopause,OP,new_daily_shower,high,Routine muss tägliches Duschen einbeziehen,,unspecified,
C0041,Successful attempts,Putting coconut oil on at the end of the shower - like while you're still in the shower and your skin is wet - is what helps me.,Kokosöl in der Dusche auf nasse Haut hilft,https://www.reddit.com/r/Menopause/comments/10p4w6s/neverending_battle_with_dry_skin_goat_milk_soap/j6ie6tr/,https://www.reddit.com/r/Menopause/comments/10p4w6s/neverending_battle_with_dry_skin_goat_milk_soap/,C062,r/Menopause,reply,oil_on_damp_skin;cheap_oil_alternative,high,Öl-auf-nasser-Haut als bewährtes Peer-Ritual,,whole_body,
C0042,Objections,spray down the tub/shower with shower cleaner afterwards or else it's a slippery death trap,Öl in der Dusche macht die Wanne gefährlich rutschig,https://www.reddit.com/r/Menopause/comments/10p4w6s/neverending_battle_with_dry_skin_goat_milk_soap/j6ie6tr/,https://www.reddit.com/r/Menopause/comments/10p4w6s/neverending_battle_with_dry_skin_goat_milk_soap/,C062,r/Menopause,reply,new_slippery_shower,high,Rutschgefahr als Einwand gegen In-Shower-Öl,,whole_body,
C0043,Routine friction,"My shower/tub is the apartment-style, very small. I'm not sure if I can manage that",Kleine Dusche erschwert Öl-Anwendung,https://www.reddit.com/r/Menopause/comments/10p4w6s/neverending_battle_with_dry_skin_goat_milk_soap/j6ikkgk/,https://www.reddit.com/r/Menopause/comments/10p4w6s/neverending_battle_with_dry_skin_goat_milk_soap/,C062,r/Menopause,OP reply,routine_fatigue,medium,Praktische Barrieren bei Anwendung in der Dusche,,whole_body,
C0044,Product / routine preferences,"The important part is to do it while you have water on your skin, so before toweling off.","Entscheidend: Auftragen solange Haut nass ist, vor dem Abtrocknen",https://www.reddit.com/r/Menopause/comments/10p4w6s/neverending_battle_with_dry_skin_goat_milk_soap/j6ip2p2/,https://www.reddit.com/r/Menopause/comments/10p4w6s/neverending_battle_with_dry_skin_goat_milk_soap/,C062,r/Menopause,reply,oil_on_damp_skin,high,"Anwendungswissen ""vor dem Abtrocknen"" verbreitet",,whole_body,
C0045,Product / routine preferences,"Body wash, then Neutrogena body oil while still damp. Then I use Vaseline brand Advanced Care lotion for problem areas.","Neutrogena Körperöl auf feuchte Haut, dann Lotion für Problemzonen",https://www.reddit.com/r/Menopause/comments/10p4w6s/neverending_battle_with_dry_skin_goat_milk_soap/j6i9lot/,https://www.reddit.com/r/Menopause/comments/10p4w6s/neverending_battle_with_dry_skin_goat_milk_soap/,C062,r/Menopause,reply,oil_on_damp_skin;oil_vs_lotion_confusion,high,Öl+Lotion-Layering als Standard; Neutrogena Body Oil als Wettbewerb,,whole_body,
C0046,Situational triggers,2022 was also the first year I needed oil and lotion year round. Before that it was just a winter thing for me.,"Erstmals ganzjährig Öl und Lotion nötig, früher nur im Winter",https://www.reddit.com/r/Menopause/comments/10p4w6s/neverending_battle_with_dry_skin_goat_milk_soap/j6i9lot/,https://www.reddit.com/r/Menopause/comments/10p4w6s/neverending_battle_with_dry_skin_goat_milk_soap/,C062,r/Menopause,reply,winter_dryness;sudden_onset,high,Übergang Winter→ganzjährig als Peri-Marker,,whole_body,
C0047,Emotional reactions,I have a sad feeling that what I'm doing is already the best that I can do. It's just frustrating.,"Traurige Ahnung, dass mehr nicht geht; frustrierend",https://www.reddit.com/r/Menopause/comments/10p4w6s/neverending_battle_with_dry_skin_goat_milk_soap/j6ik99c/,https://www.reddit.com/r/Menopause/comments/10p4w6s/neverending_battle_with_dry_skin_goat_milk_soap/,C062,r/Menopause,OP reply,nothing_works;routine_fatigue,high,Resignation trotz Aufwand,,whole_body,
C0048,Routine friction,"I hate spending this much time, and more importantly, ENERGY, on simple body up-keep.",Hasst Zeit- und vor allem Energieaufwand für simple Körperpflege,https://www.reddit.com/r/Menopause/comments/10p4w6s/neverending_battle_with_dry_skin_goat_milk_soap/j6ik99c/,https://www.reddit.com/r/Menopause/comments/10p4w6s/neverending_battle_with_dry_skin_goat_milk_soap/,C062,r/Menopause,OP reply,routine_fatigue,high,Energie (nicht nur Zeit) als knappe Ressource in Peri,,whole_body,
C0049,Situational triggers,Year round moisture when it used to be winter only.,Ganzjährig eincremen statt nur im Winter,https://www.reddit.com/r/Menopause/comments/10p4w6s/neverending_battle_with_dry_skin_goat_milk_soap/j6k3tls/,https://www.reddit.com/r/Menopause/comments/10p4w6s/neverending_battle_with_dry_skin_goat_milk_soap/,C062,r/Menopause,reply,winter_dryness,medium,Bestätigt Muster ganzjähriger Trockenheit,,whole_body,
C0050,Successful attempts,I started taking an omega 3 (EPA/DHA) supplement and collagen powder every morning a couple months ago,Omega-3 und Kollagenpulver verbessern Haut deutlich,https://www.reddit.com/r/Menopause/comments/10p4w6s/neverending_battle_with_dry_skin_goat_milk_soap/j6k4812/,https://www.reddit.com/r/Menopause/comments/10p4w6s/neverending_battle_with_dry_skin_goat_milk_soap/,C062,r/Menopause,reply,collagen_supplement,medium,"Supplement-Ansatz ""von innen"" als Alternative",,whole_body,
C0051,Objections,"when a soap is too strong for me, I end up itching myself almost raw. It will take me 3-4 days","Zu starke Seife führt zu Kratzen bis wund, Erholung 3-4 Tage",https://www.reddit.com/r/Menopause/comments/10p4w6s/neverending_battle_with_dry_skin_goat_milk_soap/j6k3n6s/,https://www.reddit.com/r/Menopause/comments/10p4w6s/neverending_battle_with_dry_skin_goat_milk_soap/,C062,r/Menopause,reply; sensitive skin,fragrance_sensitivity;itch_flake,high,Hohe Kosten von Fehlkäufen bei sensibler Haut – Risikoaversion,,whole_body,
C0052,Failed attempts,"I am sure it was the perfumes, but I'm over trying any more.",Parfum vermutlich Ursache; keine Lust mehr auf Ausprobieren,https://www.reddit.com/r/Menopause/comments/10p4w6s/neverending_battle_with_dry_skin_goat_milk_soap/j6k3n6s/,https://www.reddit.com/r/Menopause/comments/10p4w6s/neverending_battle_with_dry_skin_goat_milk_soap/,C062,r/Menopause,reply on goat milk soap,fragrance_sensitivity;nothing_works,high,Probier-Müdigkeit; Duftstoffe als Verdacht,,whole_body,
C0053,Routine friction,Just when I find a soap that works - the manufacturing changes! So over this!,"Wenn etwas funktioniert, ändert der Hersteller die Rezeptur",https://www.reddit.com/r/Menopause/comments/10p4w6s/neverending_battle_with_dry_skin_goat_milk_soap/j6k3n6s/,https://www.reddit.com/r/Menopause/comments/10p4w6s/neverending_battle_with_dry_skin_goat_milk_soap/,C062,r/Menopause,reply,new_reformulation_distrust,medium,Rezepturkonstanz als Vertrauensfaktor,,whole_body,
C0054,Skepticism,losing your favorite item to product change (that is often claimed to be new and improved!),"Lieblingsprodukt durch ""neu und verbessert"" verloren",https://www.reddit.com/r/Menopause/comments/10p4w6s/neverending_battle_with_dry_skin_goat_milk_soap/j6kk7nl/,https://www.reddit.com/r/Menopause/comments/10p4w6s/neverending_battle_with_dry_skin_goat_milk_soap/,C062,r/Menopause,OP reply,new_reformulation_distrust;marketing_distrust,medium,"Misstrauen gegen ""new and improved""-Claims",,unspecified,
C0055,Product / routine preferences,I use avocado oil and put it on while in the shower.,Avocadoöl in der Dusche,https://www.reddit.com/r/Menopause/comments/10p4w6s/neverending_battle_with_dry_skin_goat_milk_soap/j6k9l4q/,https://www.reddit.com/r/Menopause/comments/10p4w6s/neverending_battle_with_dry_skin_goat_milk_soap/,C062,r/Menopause,reply; extremely sensitive skin,oil_on_damp_skin;cheap_oil_alternative,medium,Pures Küchenöl als Alternative,,whole_body,
C0056,Product / routine preferences,I do moisturizer with a homemade body oil after the shower too but the fish oil really helped from the inside out,"Selbstgemachtes Körperöl + Fischöl ""von innen""",https://www.reddit.com/r/Menopause/comments/10p4w6s/neverending_battle_with_dry_skin_goat_milk_soap/j6kngqp/,https://www.reddit.com/r/Menopause/comments/10p4w6s/neverending_battle_with_dry_skin_goat_milk_soap/,C062,r/Menopause,reply,cheap_oil_alternative;collagen_supplement,medium,DIY-Öl als Konkurrenz,,whole_body,
C0057,Successful attempts,I don't need to slather lotion on constantly,Seifenfrei waschen – muss nicht mehr ständig eincremen,https://www.reddit.com/r/Menopause/comments/10p4w6s/neverending_battle_with_dry_skin_goat_milk_soap/j6ig9u3/,https://www.reddit.com/r/Menopause/comments/10p4w6s/neverending_battle_with_dry_skin_goat_milk_soap/,C062,r/Menopause,reply,new_soap_free,medium,Reinigung als Hebel für Trockenheit,,whole_body,
C0058,Failed attempts,Nothing was working it didn’t matter how much or what kind of lotion i was using.,"Nichts half, egal welche oder wie viel Lotion",https://www.reddit.com/r/Menopause/comments/10p4w6s/neverending_battle_with_dry_skin_goat_milk_soap/j6l39sm/,https://www.reddit.com/r/Menopause/comments/10p4w6s/neverending_battle_with_dry_skin_goat_milk_soap/,C062,r/Menopause,reply on winter scaly skin,nothing_works;winter_dryness,high,Lotion-Versagen als Ausgangspunkt,,whole_body,
C0059,Symptoms / visible texture descriptions,horrible dry scaly looking winter skin like I’ve never had before,"Schreckliche trockene, schuppige Winterhaut wie nie zuvor",https://www.reddit.com/r/Menopause/comments/10p4w6s/neverending_battle_with_dry_skin_goat_milk_soap/j6l39sm/,https://www.reddit.com/r/Menopause/comments/10p4w6s/neverending_battle_with_dry_skin_goat_milk_soap/,C062,r/Menopause,reply,winter_dryness;itch_flake;sudden_onset,high,Neu auftretende Schuppung als Peri-Symptom,,whole_body,
C0060,Failed attempts,"Coconut oil doesn’t work, no oils work, no moisturizing body wash works",Kokosöl/Öle/Duschgel helfen nicht,https://www.reddit.com/r/Menopause/comments/10p4w6s/neverending_battle_with_dry_skin_goat_milk_soap/j6l39sm/,https://www.reddit.com/r/Menopause/comments/10p4w6s/neverending_battle_with_dry_skin_goat_milk_soap/,C062,r/Menopause,reply,oil_seals_not_hydrates;nothing_works,high,Gegenstimme: Öle wirken bei Schuppung nicht – Einwand ernst nehmen,,whole_body,
C0061,Successful attempts,literally a mild lactic acid lotion is the only thing I’ve used that works,Nur milde Milchsäure-Lotion hat geholfen,https://www.reddit.com/r/Menopause/comments/10p4w6s/neverending_battle_with_dry_skin_goat_milk_soap/j6l39sm/,https://www.reddit.com/r/Menopause/comments/10p4w6s/neverending_battle_with_dry_skin_goat_milk_soap/,C062,r/Menopause,reply,amlactin_lactic,high,Milchsäure (AmLactin) als Wettbewerbs-Benchmark,,whole_body,
C0062,Ingredient / mechanism beliefs,"If you use too much moisturizer, over time it makes your skin lazy","Zu viel Eincremen mache Haut ""faul""",https://www.reddit.com/r/Menopause/comments/10p4w6s/neverending_battle_with_dry_skin_goat_milk_soap/j6in2ti/,https://www.reddit.com/r/Menopause/comments/10p4w6s/neverending_battle_with_dry_skin_goat_milk_soap/,C062,r/Menopause,reply quoting Dr. Google,new_skin_lazy_belief,low,"Mythos ""Haut wird faul"" als Gegenargument",,whole_body,
C0063,Product / routine preferences,I put on a thick cotton robe instead of rubbing with a towel so the oil sinks in more,"Bademantel statt Handtuch, damit Öl einzieht",https://www.reddit.com/r/Menopause/comments/10p4w6s/neverending_battle_with_dry_skin_goat_milk_soap/j6juv5p/,https://www.reddit.com/r/Menopause/comments/10p4w6s/neverending_battle_with_dry_skin_goat_milk_soap/,C062,r/Menopause,reply,oil_on_damp_skin;self_care_ritual,medium,Einzieh-Hacks rund um Öl-Anwendung,,whole_body,
C0064,Product / routine preferences,"Nivea in-shower moisturizing lotion, the kind you apply wet and don't rinse off",In-Shower-Lotion auf nasser Haut,https://www.reddit.com/r/Menopause/comments/10p4w6s/neverending_battle_with_dry_skin_goat_milk_soap/j6kovl1/,https://www.reddit.com/r/Menopause/comments/10p4w6s/neverending_battle_with_dry_skin_goat_milk_soap/,C062,r/Menopause,reply,oil_on_damp_skin,medium,In-Shower-Formate als Zeitsparer,,whole_body,
C0065,Symptoms / visible texture descriptions,"My lower legs have suddenly started being dry. And I mean DRY, as in flaking.","Unterschenkel plötzlich extrem trocken, schuppend",https://www.reddit.com/r/Menopause/comments/1bzw7lc/dry_flaky_skin_anyone/,https://www.reddit.com/r/Menopause/comments/1bzw7lc/dry_flaky_skin_anyone/,C063,r/Menopause,OP menopause,crepey_legs;itch_flake;sudden_onset,high,Schuppige Unterschenkel als plötzliches Menopause-Symptom,,legs,
C0066,Failed attempts,"I put shea butter on them and worn knee socks to bed, I've exfoliated...I really have no idea what else to do!","Sheabutter, Kniestrümpfe nachts, Peeling – ratlos",https://www.reddit.com/r/Menopause/comments/1bzw7lc/dry_flaky_skin_anyone/,https://www.reddit.com/r/Menopause/comments/1bzw7lc/dry_flaky_skin_anyone/,C063,r/Menopause,OP,nothing_works;exfoliation_dry_brush,high,Bereits intensive Maßnahmen ohne Erfolg,,legs,
C0067,Emotional reactions,I swear it's something new every damn week!,Jede Woche ein neues Problem,https://www.reddit.com/r/Menopause/comments/1bzw7lc/dry_flaky_skin_anyone/,https://www.reddit.com/r/Menopause/comments/1bzw7lc/dry_flaky_skin_anyone/,C063,r/Menopause,OP,sudden_onset,high,Überforderung durch ständig neue Symptome,,unspecified,
C0068,Symptoms / visible texture descriptions,the insides were just covered in dry skin flakes!,Innenseite der Leggings voller Hautschuppen,https://www.reddit.com/r/Menopause/comments/1bzw7lc/dry_flaky_skin_anyone/kysv8nh/,https://www.reddit.com/r/Menopause/comments/1bzw7lc/dry_flaky_skin_anyone/,C063,r/Menopause,reply,itch_flake,high,Sichtbare Schuppen auf Kleidung als Ekel-/Schammoment,,legs,
C0069,Exact phrases / metaphors / repeated wording,is it snowing in here??,"Metapher: ""Schneit es hier drin?"" für Hautschuppen",https://www.reddit.com/r/Menopause/comments/1bzw7lc/dry_flaky_skin_anyone/kysya4s/,https://www.reddit.com/r/Menopause/comments/1bzw7lc/dry_flaky_skin_anyone/,C063,r/Menopause,OP reply,itch_flake,high,Starke Bildsprache für Schuppen,,legs,
C0070,Emotional reactions,"I mean, so gross!",Ekel über eigene Hautschuppen,https://www.reddit.com/r/Menopause/comments/1bzw7lc/dry_flaky_skin_anyone/kysya4s/,https://www.reddit.com/r/Menopause/comments/1bzw7lc/dry_flaky_skin_anyone/,C063,r/Menopause,OP reply,itch_flake,high,Ekel als Emotion bei Schuppung,,legs,
C0071,Ingredient / mechanism beliefs,Plummeting estrogen levels is the cause of dry skin/hair/vagina etc.,Sinkendes Östrogen als Ursache trockener Haut,https://www.reddit.com/r/Menopause/comments/1bzw7lc/dry_flaky_skin_anyone/kysvczz/,https://www.reddit.com/r/Menopause/comments/1bzw7lc/dry_flaky_skin_anyone/,C063,r/Menopause,reply,hrt_estrogen_skin,medium,Hormon-Ursache als verbreitete Laienerklärung,,whole_body,hrt_medical_context
C0072,Product / routine preferences,definitely moisturize every time after you shower; I use aveeno,"Nach jedem Duschen eincremen, Aveeno",https://www.reddit.com/r/Menopause/comments/1bzw7lc/dry_flaky_skin_anyone/kysvczz/,https://www.reddit.com/r/Menopause/comments/1bzw7lc/dry_flaky_skin_anyone/,C063,r/Menopause,reply,consistency_effort,medium,Post-Shower-Routine als Grundregel,,whole_body,
C0073,Exact phrases / metaphors / repeated wording,it's like dandruff all over!,Wie Schuppen am ganzen Körper,https://www.reddit.com/r/Menopause/comments/1bzw7lc/dry_flaky_skin_anyone/kyu7er2/,https://www.reddit.com/r/Menopause/comments/1bzw7lc/dry_flaky_skin_anyone/,C063,r/Menopause,reply,itch_flake,high,"Kundensprache ""Ganzkörper-Schuppen""",,whole_body,
C0074,Problem descriptions,Almost every part of my body has become newly dry and flaky in its own way.,Fast jede Körperstelle ist neu trocken und schuppig,https://www.reddit.com/r/Menopause/comments/1bzw7lc/dry_flaky_skin_anyone/kyu7er2/,https://www.reddit.com/r/Menopause/comments/1bzw7lc/dry_flaky_skin_anyone/,C063,r/Menopause,reply,itch_flake;sudden_onset,high,Ganzkörper-Trockenheit neu aufgetreten,,whole_body,
C0075,Emotional reactions,there was so much skin still there!,Nach dem Peeling noch so viel Haut übrig – Ekel,https://www.reddit.com/r/Menopause/comments/1bzw7lc/dry_flaky_skin_anyone/kyu89t9/,https://www.reddit.com/r/Menopause/comments/1bzw7lc/dry_flaky_skin_anyone/,C063,r/Menopause,OP reply,itch_flake;exfoliation_dry_brush,high,Peeling allein löst Schuppung nicht,,legs,
C0076,Ingredient / mechanism beliefs,"of course, our collagen has dried up along with everything else. thanks menopause.",Kollagen ist mit allem anderen versiegt,https://www.reddit.com/r/Menopause/comments/1bzw7lc/dry_flaky_skin_anyone/kysn2if/,https://www.reddit.com/r/Menopause/comments/1bzw7lc/dry_flaky_skin_anyone/,C063,r/Menopause,reply,collagen_supplement,medium,Kollagenverlust-Glaube verbreitet,,whole_body,
C0077,Exact phrases / metaphors / repeated wording,I'm moisturize everything like a crazy person,"Cremt alles ""wie verrückt"" ein",https://www.reddit.com/r/Menopause/comments/1bzw7lc/dry_flaky_skin_anyone/kysn2if/,https://www.reddit.com/r/Menopause/comments/1bzw7lc/dry_flaky_skin_anyone/,C063,r/Menopause,reply,consistency_effort,medium,Übertriebener Pflegeaufwand als Normalität,,whole_body,
C0078,Exact phrases / metaphors / repeated wording,everything dries up … EVERYTHING. take collagen supplements and moisturize like crazy.,"""Alles trocknet aus"" – Rat einer älteren Kollegin",https://www.reddit.com/r/Menopause/comments/1bzw7lc/dry_flaky_skin_anyone/kytst1c/,https://www.reddit.com/r/Menopause/comments/1bzw7lc/dry_flaky_skin_anyone/,C063,r/Menopause,reply quoting older coworker,collagen_supplement;peer_proof,medium,Weitergegebenes Frauenwissen als Vertrauensquelle,,whole_body,
C0079,Identity / social implications,"Although I already look my age, unfortunately. Never too late to try, I guess lol","Sieht schon ihrem Alter entsprechend aus; ""nie zu spät""",https://www.reddit.com/r/Menopause/comments/1bzw7lc/dry_flaky_skin_anyone/kytv1ir/,https://www.reddit.com/r/Menopause/comments/1bzw7lc/dry_flaky_skin_anyone/,C063,r/Menopause,OP reply,acceptance_aging,medium,Mischung aus Resignation und Hoffnung,,unspecified,
C0080,Exact phrases / metaphors / repeated wording,It's either that or I walk around looking like an actual (scaly) fish.,Metapher: wie ein schuppiger Fisch aussehen,https://www.reddit.com/r/Menopause/comments/1bzw7lc/dry_flaky_skin_anyone/kystgmr/,https://www.reddit.com/r/Menopause/comments/1bzw7lc/dry_flaky_skin_anyone/,C063,r/Menopause,OP reply,itch_flake,high,Reptil/Fisch-Bilder für schuppige Haut,,legs,
C0081,Exact phrases / metaphors / repeated wording,I seem to have aged overnight,Über Nacht gealtert,https://www.reddit.com/r/Menopause/comments/1bzw7lc/dry_flaky_skin_anyone/kyt13or/,https://www.reddit.com/r/Menopause/comments/1bzw7lc/dry_flaky_skin_anyone/,C063,r/Menopause,reply,sudden_onset,medium,"""Über Nacht""-Narrativ",,unspecified,face_only_transferable
C0082,Emotional reactions,It's so hard trying to stay positive when I'm literally falling apart.,"Schwer positiv zu bleiben, wenn man ""zerfällt""",https://www.reddit.com/r/Menopause/comments/1bzw7lc/dry_flaky_skin_anyone/kyt1iji/,https://www.reddit.com/r/Menopause/comments/1bzw7lc/dry_flaky_skin_anyone/,C063,r/Menopause,OP reply,acceptance_aging,high,Emotionale Last der Kumulation von Symptomen,,unspecified,
C0083,Situational triggers,The first and only time in years I had great skin was last year in Florida in summer.,Einzige gute Haut seit Jahren: Sommer in Florida,https://www.reddit.com/r/Menopause/comments/1bzw7lc/dry_flaky_skin_anyone/kytuxam/,https://www.reddit.com/r/Menopause/comments/1bzw7lc/dry_flaky_skin_anyone/,C063,r/Menopause,reply,new_humidity_climate,medium,Luftfeuchtigkeit/Klima als Trigger,,whole_body,
C0084,Routine friction,"I live in hot Tempe, Arizona so putting lotion on before bed just makes me super hot.",In heißem Klima macht Lotion vor dem Schlafen zu warm,https://www.reddit.com/r/Menopause/comments/1bzw7lc/dry_flaky_skin_anyone/kyvnpvd/,https://www.reddit.com/r/Menopause/comments/1bzw7lc/dry_flaky_skin_anyone/,C063,r/Menopause,reply; Arizona,summer_trigger;routine_fatigue,high,Schwere Texturen in Hitze unattraktiv – leichte Textur relevant,,legs,
C0085,Routine friction,"I wanted to grease up and put the socks on, but no way!",Einfetten + Socken in Hitze unmöglich,https://www.reddit.com/r/Menopause/comments/1bzw7lc/dry_flaky_skin_anyone/kyw6w5e/,https://www.reddit.com/r/Menopause/comments/1bzw7lc/dry_flaky_skin_anyone/,C063,r/Menopause,OP reply,summer_trigger;oil_greasy_staining,medium,Okklusions-Rituale passen nicht zu Hitze,,legs,
C0086,Purchase criteria,"I hate the feeling of stuff on my body & face, but it's lightweight, but moisturizing.",Hasst Gefühl von Produkt auf der Haut; will leicht aber pflegend,https://www.reddit.com/r/Menopause/comments/1bzw7lc/dry_flaky_skin_anyone/kywfxyu/,https://www.reddit.com/r/Menopause/comments/1bzw7lc/dry_flaky_skin_anyone/,C063,r/Menopause,reply,new_lightweight_texture,high,Leichtigkeit + Pflege als Spannungsfeld,,whole_body,
C0087,Successful attempts,It has made a big difference in greatly reducing flaky skin,CeraVe SA reduziert Schuppen deutlich,https://www.reddit.com/r/Menopause/comments/1bzw7lc/dry_flaky_skin_anyone/kywfxyu/,https://www.reddit.com/r/Menopause/comments/1bzw7lc/dry_flaky_skin_anyone/,C063,r/Menopause,reply,new_salicylic_body,medium,SA/AHA-Lotionen als Wettbewerb bei Schuppung,,whole_body,non_us_signal
C0088,Product / routine preferences,my dermatologist told me to use CeraVe in the tub,Dermatologe empfiehlt CeraVe aus dem Tiegel,https://www.reddit.com/r/Menopause/comments/1bzw7lc/dry_flaky_skin_anyone/kyyq9mt/,https://www.reddit.com/r/Menopause/comments/1bzw7lc/dry_flaky_skin_anyone/,C063,r/Menopause,reply; lichen sclerosus,derm_recommendation,low,Derm-Empfehlung prägt Wahl,,whole_body,hrt_medical_context
C0089,Emotional reactions,"I was SO embarrassed by my dry, flaky, peeling skin.","Sehr peinlich wegen trockener, schuppender Haut",https://www.reddit.com/r/Menopause/comments/1bzw7lc/dry_flaky_skin_anyone/l6s6wwz/,https://www.reddit.com/r/Menopause/comments/1bzw7lc/dry_flaky_skin_anyone/,C063,r/Menopause,commenter linking own YouTube video,itch_flake,low,Scham als Motiv – aber Quelle evtl. Eigenwerbung,,unspecified,possible_seeding
C0090,Problem descriptions,I have gone through more moisturizer in the last month than I have in the last 10 years!,Im letzten Monat mehr Feuchtigkeitscreme verbraucht als in 10 Jahren,https://www.reddit.com/r/Menopause/comments/1d2qhua/lizard_skin/,https://www.reddit.com/r/Menopause/comments/1d2qhua/lizard_skin/,C064,r/Menopause,OP peri,sudden_onset;consistency_effort,high,Plötzlich massiv gestiegener Verbrauch – Mengen-/Preisrelevanz,,whole_body,
C0091,Symptoms / visible texture descriptions,My arms and legs are so dry. Not really itchy but I can literally see peeling skin!,"Arme und Beine sehr trocken, sichtbar schälende Haut",https://www.reddit.com/r/Menopause/comments/1d2qhua/lizard_skin/,https://www.reddit.com/r/Menopause/comments/1d2qhua/lizard_skin/,C064,r/Menopause,OP,crepey_arms;crepey_legs;itch_flake,high,Sichtbares Abschälen an Armen/Beinen,,arms,
C0092,Routine friction,now have to moisturize my arms twice a day!,Muss Arme jetzt zweimal täglich eincremen,https://www.reddit.com/r/Menopause/comments/1d2qhua/lizard_skin/,https://www.reddit.com/r/Menopause/comments/1d2qhua/lizard_skin/,C064,r/Menopause,OP,routine_fatigue;lotion_temporary,high,Häufigkeit des Nachcremens als Frust,,arms,
C0093,Purchase criteria,"I’d really like to find a “dry” moisturizer, you know the ones that pretty much instantly absorb and don’t feel tacky","Sucht ""trockene"" Pflege, die sofort einzieht und nicht klebt",https://www.reddit.com/r/Menopause/comments/1d2qhua/lizard_skin/,https://www.reddit.com/r/Menopause/comments/1d2qhua/lizard_skin/,C064,r/Menopause,OP,oil_absorbs_fast,high,Sofortiges Einziehen + nicht klebrig als Top-Kriterium,,arms,
C0094,Questions customers repeatedly ask,Is this normal?!,"Fragt, ob das normal ist",https://www.reddit.com/r/Menopause/comments/1d2qhua/lizard_skin/,https://www.reddit.com/r/Menopause/comments/1d2qhua/lizard_skin/,C064,r/Menopause,OP,question_what_works,medium,Normalisierungs-Bedürfnis,,whole_body,
C0095,Ingredient / mechanism beliefs,So the only real moisturizer is water. It's sealing it in that is the issue.,Einziger echter Feuchtigkeitsspender ist Wasser; es geht ums Versiegeln,https://www.reddit.com/r/Menopause/comments/1d2qhua/lizard_skin/l62bt0o/,https://www.reddit.com/r/Menopause/comments/1d2qhua/lizard_skin/,C064,r/Menopause,reply,oil_seals_not_hydrates;oil_on_damp_skin,high,Weitverbreitetes Okklusions-Verständnis von Öl,,whole_body,
C0096,Successful attempts,I use baby oil and vaseline every day after getting moisture on my skin. It's made a clear difference in my skin.,Babyöl + Vaseline auf feuchte Haut zeigt deutliche Wirkung,https://www.reddit.com/r/Menopause/comments/1d2qhua/lizard_skin/l62bt0o/,https://www.reddit.com/r/Menopause/comments/1d2qhua/lizard_skin/,C064,r/Menopause,reply,cheap_oil_alternative;oil_on_damp_skin,high,Billig-Öl als Benchmark,,arms,
C0097,Skepticism,Any other products are just a very expensive variation on these.,Alle anderen Produkte seien teure Varianten von Babyöl/Vaseline,https://www.reddit.com/r/Menopause/comments/1d2qhua/lizard_skin/l62bt0o/,https://www.reddit.com/r/Menopause/comments/1d2qhua/lizard_skin/,C064,r/Menopause,reply,cheap_oil_alternative;marketing_distrust;price_value,high,Preis-Rechtfertigung gegenüber Babyöl zentral,,whole_body,
C0098,Routine friction,Admittedly I am not in the habit of doing it to my body though.,Feuchthaut-Anwendung am Körper noch nicht gewohnt,https://www.reddit.com/r/Menopause/comments/1d2qhua/lizard_skin/l67mp4p/,https://www.reddit.com/r/Menopause/comments/1d2qhua/lizard_skin/,C064,r/Menopause,OP reply,oil_on_damp_skin,medium,Gesichtsroutinen werden nicht automatisch auf Körper übertragen,,whole_body,
C0099,Product / routine preferences,"The butters. Cocoa, shea, avocado, mango. Applied while skin is still damp to seal it in.",Butter auf feuchte Haut zum Versiegeln,https://www.reddit.com/r/Menopause/comments/1d2qhua/lizard_skin/l62sahj/,https://www.reddit.com/r/Menopause/comments/1d2qhua/lizard_skin/,C064,r/Menopause,reply,oil_on_damp_skin;oil_seals_not_hydrates,medium,Butter als Alternative,,whole_body,
C0100,Objections,Oof cocoa butter makes me feel like a grease monkey.,Kakaobutter fühlt sich schmierig an,https://www.reddit.com/r/Menopause/comments/1d2qhua/lizard_skin/l67mxby/,https://www.reddit.com/r/Menopause/comments/1d2qhua/lizard_skin/,C064,r/Menopause,OP reply,oil_greasy_staining,high,Fettigkeit als Ausschluss,,whole_body,
C0101,Product / routine preferences,"I don’t mind the feeling of dry oils on my body though, like the Nuxe one. It also smells amazing.",Trockenöle (Nuxe) sind ok und riechen toll,https://www.reddit.com/r/Menopause/comments/1d2qhua/lizard_skin/l67mxby/,https://www.reddit.com/r/Menopause/comments/1d2qhua/lizard_skin/,C064,r/Menopause,OP reply,oil_absorbs_fast;scent_love,high,Trockenöl-Textur + Duft als Akzeptanzweg für Öl,,whole_body,
C0102,Exact phrases / metaphors / repeated wording,grease monkey,Metapher für schmieriges Hautgefühl,https://www.reddit.com/r/Menopause/comments/1d2qhua/lizard_skin/l67mxby/,https://www.reddit.com/r/Menopause/comments/1d2qhua/lizard_skin/,C064,r/Menopause,OP reply,oil_greasy_staining,high,Kundensprache für Fettfilm,,whole_body,
C0103,Situational triggers,I’ve drank coffee for 36 years and a dry skin just started.,"36 Jahre Kaffee, Trockenheit erst jetzt",https://www.reddit.com/r/Menopause/comments/1d2qhua/lizard_skin/l6nyzuf/,https://www.reddit.com/r/Menopause/comments/1d2qhua/lizard_skin/,C064,r/Menopause,OP reply,sudden_onset,medium,Neu auftretend trotz unveränderter Gewohnheiten,,whole_body,
C0104,Exact phrases / metaphors / repeated wording,Omg my skin is a desert!,Metapher: Haut ist eine Wüste,https://www.reddit.com/r/Menopause/comments/1d2qhua/lizard_skin/l64vulz/,https://www.reddit.com/r/Menopause/comments/1d2qhua/lizard_skin/,C064,r/Menopause,reply,new_desert_metaphor,medium,Wüsten-Metapher,,whole_body,
C0105,Successful attempts,Gold bond crepe corrector helps my legs and arms look human again!,"Gold Bond Crepe Corrector lässt Arme/Beine wieder ""menschlich"" aussehen",https://www.reddit.com/r/Menopause/comments/1d2qhua/lizard_skin/l66g8tw/,https://www.reddit.com/r/Menopause/comments/1d2qhua/lizard_skin/,C064,r/Menopause,reply,gold_bond_crepe;crepey_arms;crepey_legs,high,Gold Bond als positiv bewerteter Wettbewerber,,arms,
C0106,Exact phrases / metaphors / repeated wording,look human again,"""Wieder menschlich aussehen""",https://www.reddit.com/r/Menopause/comments/1d2qhua/lizard_skin/l66g8tw/,https://www.reddit.com/r/Menopause/comments/1d2qhua/lizard_skin/,C064,r/Menopause,reply,old_lady_identity,high,Entmenschlichende Selbstbeschreibung (Reptil/Echse),,arms,
C0107,Routine friction,in reality the most important element I think is the consistency of application which I suck at,Konsequenz der Anwendung ist das Wichtigste – schafft sie nicht,https://www.reddit.com/r/Menopause/comments/1d2qhua/lizard_skin/l67lvnv/,https://www.reddit.com/r/Menopause/comments/1d2qhua/lizard_skin/,C064,r/Menopause,OP reply,consistency_effort;routine_fatigue,high,"Adhärenz als Kernproblem, nicht Produkt",,whole_body,
C0108,Tactile descriptions,I hate the feeling of freshly moisturized skin,Hasst Gefühl frisch eingecremter Haut,https://www.reddit.com/r/Menopause/comments/1d2qhua/lizard_skin/l67lvnv/,https://www.reddit.com/r/Menopause/comments/1d2qhua/lizard_skin/,C064,r/Menopause,OP reply,oil_absorbs_fast,high,Sensorik nach Auftrag hemmt Konsequenz,,whole_body,
C0109,Objections,It’s getting hard to justify creams as I have so many at home,"Schwer, weitere Cremes zu rechtfertigen – zu viele zu Hause",https://www.reddit.com/r/Menopause/comments/1d2qhua/lizard_skin/l67lvnv/,https://www.reddit.com/r/Menopause/comments/1d2qhua/lizard_skin/,C064,r/Menopause,OP reply,price_value,high,Produkt-Überfluss als Kaufhemmnis,,whole_body,
C0110,Tactile descriptions,that cold sticky feeling is not my favorite,"Kaltes, klebriges Gefühl unangenehm",https://www.reddit.com/r/Menopause/comments/1d2qhua/lizard_skin/l67op8g/,https://www.reddit.com/r/Menopause/comments/1d2qhua/lizard_skin/,C064,r/Menopause,reply,oil_absorbs_fast,high,"""Cold sticky"" als negatives Sensorik-Wort",,whole_body,
C0111,Product / routine preferences,I keep it by the couch and apply it while I watch a show at night so then it's soaked in when I go to bed,Creme am Sofa abends beim Fernsehen auftragen,https://www.reddit.com/r/Menopause/comments/1d2qhua/lizard_skin/l67op8g/,https://www.reddit.com/r/Menopause/comments/1d2qhua/lizard_skin/,C064,r/Menopause,reply,self_care_ritual;consistency_effort,high,Anwendungsort jenseits Badezimmer – Ritual-Kopplung,,arms,
C0112,Failed attempts,Oil on skin right out of the shower. Is not enough,Öl direkt nach dem Duschen reicht nicht,https://www.reddit.com/r/Menopause/comments/1d2qhua/lizard_skin/l66xvfu/,https://www.reddit.com/r/Menopause/comments/1d2qhua/lizard_skin/,C064,r/Menopause,reply,nothing_works;oil_seals_not_hydrates,high,Öl allein genügt manchen nicht,,whole_body,
C0113,Routine friction,I have to moisturize at least twice a day as well,Muss mindestens zweimal täglich eincremen,https://www.reddit.com/r/Menopause/comments/1d2qhua/lizard_skin/l66xvfu/,https://www.reddit.com/r/Menopause/comments/1d2qhua/lizard_skin/,C064,r/Menopause,reply,routine_fatigue,medium,Hohe Applikationsfrequenz,,whole_body,
C0114,Purchase criteria,not greasy and absorbs quickly,Nicht fettig und zieht schnell ein,https://www.reddit.com/r/Menopause/comments/1d2qhua/lizard_skin/l679m0g/,https://www.reddit.com/r/Menopause/comments/1d2qhua/lizard_skin/,C064,r/Menopause,reply,oil_absorbs_fast,medium,Kernkriterien bestätigt,,unspecified,face_only_transferable
C0115,Situational triggers,"Now as a perimenopausal woman , my skin HATES a frequent showers or hot showers.",In Peri verträgt Haut häufiges/heißes Duschen nicht mehr,https://www.reddit.com/r/Menopause/comments/1d2qhua/lizard_skin/l67neqn/,https://www.reddit.com/r/Menopause/comments/1d2qhua/lizard_skin/,C064,r/Menopause,OP reply,new_hot_shower,high,Duschverhalten als Trigger,,whole_body,
C0116,Problem descriptions,I have super dry skin on my shins.,Sehr trockene Schienbeine,https://www.reddit.com/r/Menopause/comments/1ka0x6t/super_dry_skin_on_legs/,https://www.reddit.com/r/Menopause/comments/1ka0x6t/super_dry_skin_on_legs/,C065,r/Menopause,OP menopause sub,crepey_legs,medium,Schienbeine als Kernzone,,legs,
C0117,Questions customers repeatedly ask,Are there any good natural oils maybe?,Fragt nach guten natürlichen Ölen,https://www.reddit.com/r/Menopause/comments/1ka0x6t/super_dry_skin_on_legs/,https://www.reddit.com/r/Menopause/comments/1ka0x6t/super_dry_skin_on_legs/,C065,r/Menopause,OP,question_what_works;new_natural_oil_pref,medium,Nachfrage nach natürlichen Ölen bei Schienbein-Trockenheit,,legs,
C0118,Objections,Can't do coconut oil - I can't stand the smell,Kokosöl-Geruch unerträglich,https://www.reddit.com/r/Menopause/comments/1ka0x6t/super_dry_skin_on_legs/,https://www.reddit.com/r/Menopause/comments/1ka0x6t/super_dry_skin_on_legs/,C065,r/Menopause,OP,fragrance_sensitivity,medium,Kokosduft als Ausschluss – Duftprofil relevant,,legs,
C0119,Ingredient / mechanism beliefs,I'm not sure if this is a symptom or if I'm just not drinking enough water,Unsicher: Symptom oder zu wenig Wasser trinken,https://www.reddit.com/r/Menopause/comments/1ka0x6t/super_dry_skin_on_legs/,https://www.reddit.com/r/Menopause/comments/1ka0x6t/super_dry_skin_on_legs/,C065,r/Menopause,OP,new_hydration_water_belief,medium,Trinkmenge als Laientheorie zur Hauttrockenheit,,legs,
C0120,Successful attempts,The intensive healing one with 15% lactic acid has made a huge difference in my dry/scaly legs.,AmLactin 15% Milchsäure großer Unterschied bei schuppigen Beinen,https://www.reddit.com/r/Menopause/comments/1ka0x6t/super_dry_skin_on_legs/mpj2sz0/,https://www.reddit.com/r/Menopause/comments/1ka0x6t/super_dry_skin_on_legs/,C065,r/Menopause,reply,amlactin_lactic,high,AmLactin als Standard-Benchmark für Schienbeine,,legs,
C0121,Successful attempts,"I tried all kinds of lotions, oils, body butters. This stuff is amazing.",Nach Lotionen/Ölen/Buttern ist Prequel-Urea-Creme genial,https://www.reddit.com/r/Menopause/comments/1ka0x6t/super_dry_skin_on_legs/mpil4hi/,https://www.reddit.com/r/Menopause/comments/1ka0x6t/super_dry_skin_on_legs/,C065,r/Menopause,reply from Texas,urea;nothing_works,medium,Urea-Produkte als Wettbewerb; Öle zuvor gescheitert,,legs,
C0122,Ingredient / mechanism beliefs,I needed to seal the moisture in my skin vs add moisture externally and have it mostly evaporate.,"Feuchtigkeit einschließen statt von außen zuführen, die verdunstet",https://www.reddit.com/r/Menopause/comments/1ka0x6t/super_dry_skin_on_legs/mpiru14/,https://www.reddit.com/r/Menopause/comments/1ka0x6t/super_dry_skin_on_legs/,C065,r/Menopause,reply,oil_seals_not_hydrates,medium,Versiegelungsverständnis,,legs,
C0123,Purchase criteria,Takes a bit to rub in but it isnt greasy when it sinks in. Makes a visible difference immediately.,"Braucht Einmassieren, aber nicht fettig; sofort sichtbarer Unterschied",https://www.reddit.com/r/Menopause/comments/1ka0x6t/super_dry_skin_on_legs/mpiru14/,https://www.reddit.com/r/Menopause/comments/1ka0x6t/super_dry_skin_on_legs/,C065,r/Menopause,reply on Glaxal Base,oil_absorbs_fast;time_to_result,medium,Sofort sichtbares Ergebnis als Kriterium,,legs,
C0124,Product / routine preferences,The key is to put the oil on when your body is damp.,Öl auf feuchte Haut ist der Schlüssel,https://www.reddit.com/r/Menopause/comments/1ka0x6t/super_dry_skin_on_legs/mpj4nm2/,https://www.reddit.com/r/Menopause/comments/1ka0x6t/super_dry_skin_on_legs/,C065,r/Menopause,reply,oil_on_damp_skin,medium,Anwendungsregel weit verbreitet,,whole_body,
C0125,Failed attempts,"I used to be able to use bath and body cream, but no more",Bath & Body-Creme reicht nicht mehr,https://www.reddit.com/r/Menopause/comments/1ka0x6t/super_dry_skin_on_legs/mpj4nm2/,https://www.reddit.com/r/Menopause/comments/1ka0x6t/super_dry_skin_on_legs/,C065,r/Menopause,reply,lotion_temporary,medium,Bisherige Produkte reichen in der Lebensphase nicht mehr,,whole_body,
C0126,Exact phrases / metaphors / repeated wording,if you've got that snakeskin- or strawberry-looking type,"""Schlangenhaut""- oder ""Erdbeer""-Optik",https://www.reddit.com/r/Menopause/comments/1ka0x6t/super_dry_skin_on_legs/mpj853i/,https://www.reddit.com/r/Menopause/comments/1ka0x6t/super_dry_skin_on_legs/,C065,r/Menopause,reply,new_reptile_metaphor,medium,Bildsprache für Textur,,legs,
C0127,Ingredient / mechanism beliefs,It helps to shed dead skin faster.,"AHA/SA hilft, abgestorbene Haut schneller abzustoßen",https://www.reddit.com/r/Menopause/comments/1ka0x6t/super_dry_skin_on_legs/mpj853i/,https://www.reddit.com/r/Menopause/comments/1ka0x6t/super_dry_skin_on_legs/,C065,r/Menopause,reply,amlactin_lactic,medium,Exfoliations-Mechanismus verstanden,,legs,
C0128,Product / routine preferences,I’m old school and love the nutrogena rain bath oil after a shower.,Neutrogena Öl nach dem Duschen,https://www.reddit.com/r/Menopause/comments/1ka0x6t/super_dry_skin_on_legs/mpjbmic/,https://www.reddit.com/r/Menopause/comments/1ka0x6t/super_dry_skin_on_legs/,C065,r/Menopause,reply,oil_on_damp_skin,medium,"Neutrogena Sesamöl als ""Klassiker""",,whole_body,
C0129,Product / routine preferences,I like tallow. Inexpensive. Natural.,"Rindertalg: günstig, natürlich",https://www.reddit.com/r/Menopause/comments/1ka0x6t/super_dry_skin_on_legs/mpjdam3/,https://www.reddit.com/r/Menopause/comments/1ka0x6t/super_dry_skin_on_legs/,C065,r/Menopause,reply,cheap_oil_alternative;new_natural_oil_pref,low,Talg-Trend als natürliche Alternative,,whole_body,
C0130,Symptoms / visible texture descriptions,I scratch and even get little cuts on my legs,Kratzt sich bis zu kleinen Schnitten an den Beinen,https://www.reddit.com/r/Menopause/comments/1ka0x6t/super_dry_skin_on_legs/mpjdx0e/,https://www.reddit.com/r/Menopause/comments/1ka0x6t/super_dry_skin_on_legs/,C065,r/Menopause,reply,itch_flake,high,Juckreiz bis zur Verletzung,,legs,
C0131,Emotional reactions,I do need to do better at moisturizing. That is my fault,Gibt sich selbst die Schuld für mangelnde Pflege,https://www.reddit.com/r/Menopause/comments/1ka0x6t/super_dry_skin_on_legs/mpjdx0e/,https://www.reddit.com/r/Menopause/comments/1ka0x6t/super_dry_skin_on_legs/,C065,r/Menopause,reply,consistency_effort,high,Selbstvorwurf bei Inkonsequenz,,legs,
C0132,Product / routine preferences,"use it on your whole body immediately after showering, and then slather on lotion on top while you’re still oily","Öl direkt nach Dusche am ganzen Körper, dann Lotion obendrauf",https://www.reddit.com/r/Menopause/comments/1ka0x6t/super_dry_skin_on_legs/mpk52ab/,https://www.reddit.com/r/Menopause/comments/1ka0x6t/super_dry_skin_on_legs/,C065,r/Menopause,reply,oil_vs_lotion_confusion;oil_on_damp_skin,high,Öl-dann-Lotion-Layering als Praxis,,whole_body,
C0133,Failed attempts,This double moisturizing treatment does the trick for me - in the short term.,Doppelte Pflege hilft – aber nur kurzfristig,https://www.reddit.com/r/Menopause/comments/1ka0x6t/super_dry_skin_on_legs/mpk52ab/,https://www.reddit.com/r/Menopause/comments/1ka0x6t/super_dry_skin_on_legs/,C065,r/Menopause,reply,lotion_temporary,high,Kurzfristigkeit als Grundproblem,,whole_body,
C0134,Successful attempts,Bonus is my skin looks shiny and much more glowy.,Bonus: Haut wirkt glänzend und strahlender,https://www.reddit.com/r/Menopause/comments/1ka0x6t/super_dry_skin_on_legs/mpk52ab/,https://www.reddit.com/r/Menopause/comments/1ka0x6t/super_dry_skin_on_legs/,C065,r/Menopause,reply,glow_desire,high,Glow als Nebeneffekt geschätzt,,legs,
C0135,Identity / social implications,It freaks my collegen-blessed husband out that I literally apply grease to myself.,"Ehemann irritiert, dass sie sich ""Fett"" aufträgt",https://www.reddit.com/r/Menopause/comments/1ka0x6t/super_dry_skin_on_legs/mpk52ab/,https://www.reddit.com/r/Menopause/comments/1ka0x6t/super_dry_skin_on_legs/,C065,r/Menopause,reply,new_partner_reaction,medium,Soziale Reaktion auf Ölpflege,,whole_body,
C0136,Ingredient / mechanism beliefs,"when your skin is excruciatingly dry as so often happens as our hormones shift, I find it’s the only way",Bei hormonbedingter extremer Trockenheit einziger Weg,https://www.reddit.com/r/Menopause/comments/1ka0x6t/super_dry_skin_on_legs/mpk52ab/,https://www.reddit.com/r/Menopause/comments/1ka0x6t/super_dry_skin_on_legs/,C065,r/Menopause,reply,hrt_estrogen_skin,high,Hormonwechsel als Begründung für Intensivpflege,,whole_body,
C0137,Ingredient / mechanism beliefs,I heard that you should avoid things called lotion and lean toward things called cream/creme or ointment.,"Gehört: Lotion meiden, Creme/Salbe bevorzugen",https://www.reddit.com/r/Menopause/comments/1ka0x6t/super_dry_skin_on_legs/mpk9iot/,https://www.reddit.com/r/Menopause/comments/1ka0x6t/super_dry_skin_on_legs/,C065,r/Menopause,reply,oil_vs_lotion_confusion,medium,Format-Hierarchie-Glaube (Lotion < Creme < Salbe),,whole_body,
C0138,Skepticism,Body oil before I get out of the shower seems helpful but that’s a little less clear to me.,"Körperöl in der Dusche scheint zu helfen, ist aber unklarer",https://www.reddit.com/r/Menopause/comments/1ka0x6t/super_dry_skin_on_legs/mpk9iot/,https://www.reddit.com/r/Menopause/comments/1ka0x6t/super_dry_skin_on_legs/,C065,r/Menopause,reply,oil_vs_lotion_confusion,medium,Unsichere Wahrnehmung der Öl-Wirkung,,whole_body,
C0139,Successful attempts,Completely transformed my ashy shins for the better.,"Zuckerpeeling verwandelt ""aschige"" Schienbeine",https://www.reddit.com/r/Menopause/comments/1ka0x6t/super_dry_skin_on_legs/mpkahrk/,https://www.reddit.com/r/Menopause/comments/1ka0x6t/super_dry_skin_on_legs/,C065,r/Menopause,reply,exfoliation_dry_brush,medium,"""Ashy"" als Kundenvokabel",,legs,
C0140,Exact phrases / metaphors / repeated wording,ashy shins,"""Aschige Schienbeine""",https://www.reddit.com/r/Menopause/comments/1ka0x6t/super_dry_skin_on_legs/mpkahrk/,https://www.reddit.com/r/Menopause/comments/1ka0x6t/super_dry_skin_on_legs/,C065,r/Menopause,reply,crepey_legs,medium,"Kundensprache für graue, trockene Schienbeine",,legs,
C0141,Tactile descriptions,My skin is lovely and soft.,Haut ist schön weich (Jergens),https://www.reddit.com/r/Menopause/comments/1ka0x6t/super_dry_skin_on_legs/mpkbpdz/,https://www.reddit.com/r/Menopause/comments/1ka0x6t/super_dry_skin_on_legs/,C065,r/Menopause,reply,soft_smooth_desire,medium,Weichheit als Erfolgsmaß,,whole_body,
C0142,Failed attempts,nothing touched it despite trying so many different lotions and creams,Nichts half trotz vieler Lotionen und Cremes,https://www.reddit.com/r/Menopause/comments/1ka0x6t/super_dry_skin_on_legs/mpkpz0r/,https://www.reddit.com/r/Menopause/comments/1ka0x6t/super_dry_skin_on_legs/,C065,r/Menopause,reply,nothing_works,high,Lotion-Versagen-Muster,,whole_body,
C0143,Purchase criteria,The Avene is a bit pricey but has seriously lasted me 6 months,"Avène etwas teuer, aber hält 6 Monate",https://www.reddit.com/r/Menopause/comments/1ka0x6t/super_dry_skin_on_legs/mpkpz0r/,https://www.reddit.com/r/Menopause/comments/1ka0x6t/super_dry_skin_on_legs/,C065,r/Menopause,reply,price_value,high,Reichweite rechtfertigt Preis,,unspecified,
C0144,Routine friction,you have to use lotion after every shower and then again a few hours later,Lotion nach jedem Duschen und Stunden später erneut,https://www.reddit.com/r/Menopause/comments/1ka0x6t/super_dry_skin_on_legs/mpizqvo/,https://www.reddit.com/r/Menopause/comments/1ka0x6t/super_dry_skin_on_legs/,C065,r/Menopause,reply,lotion_temporary;routine_fatigue,medium,Nachcremen als Last,,whole_body,
C0145,Situational triggers,i was in costa rica this time last year and my skin was GLOWING there with just one coat of lotion,In Costa Rica strahlte Haut mit nur einer Schicht Lotion,https://www.reddit.com/r/Menopause/comments/1ka0x6t/super_dry_skin_on_legs/mpk4oon/,https://www.reddit.com/r/Menopause/comments/1ka0x6t/super_dry_skin_on_legs/,C065,r/Menopause,reply,new_humidity_climate,medium,Klima entscheidend,,whole_body,
C0146,Ingredient / mechanism beliefs,Lotion is 85% water. That won't help.,Lotion ist 85% Wasser – hilft nicht,https://www.reddit.com/r/Menopause/comments/1ka0x6t/super_dry_skin_on_legs/mpjhvom/,https://www.reddit.com/r/Menopause/comments/1ka0x6t/super_dry_skin_on_legs/,C065,r/Menopause,reply,oil_vs_lotion_confusion,medium,Glaube: wasserbasierte Lotion unwirksam – Öl-Argument,,whole_body,
C0147,Desired outcomes,Even my heals are back to being smooth like when I was younger.,Fersen wieder glatt wie früher,https://www.reddit.com/r/Menopause/comments/1ka0x6t/super_dry_skin_on_legs/mpwf283/,https://www.reddit.com/r/Menopause/comments/1ka0x6t/super_dry_skin_on_legs/,C065,r/Menopause,reply,soft_smooth_desire,medium,"""Wie früher"" als Wunschbild",,unspecified,
C0148,Symptoms / visible texture descriptions,the skin on their shins and forearms over the bony areas becoming thin and shiny even without moisturizer,Haut an Schienbeinen/Unterarmen über Knochen dünn und glänzend,https://www.reddit.com/r/Menopause/comments/1nt3nlq/shiny_legs_and_arms_and_no_hair_anymore/,https://www.reddit.com/r/Menopause/comments/1nt3nlq/shiny_legs_and_arms_and_no_hair_anymore/,C066,r/Menopause,OP peri on HRT 3 months,thin_skin_bruising;crepey_legs;crepey_arms,high,"Dünne, glänzende Haut als zweites Symptombild neben Krepp",,legs,hrt_medical_context
C0149,Exact phrases / metaphors / repeated wording,It looks like papery old person skin.,Sieht aus wie papierne Altehaut,https://www.reddit.com/r/Menopause/comments/1nt3nlq/shiny_legs_and_arms_and_no_hair_anymore/,https://www.reddit.com/r/Menopause/comments/1nt3nlq/shiny_legs_and_arms_and_no_hair_anymore/,C066,r/Menopause,OP,old_lady_identity;thin_skin_bruising,high,"""Papery old person skin"" als zentrale Kundensprache",,legs,hrt_medical_context
C0150,Emotional reactions,I’m not gonna lie. This is scaring me a bit. Seems so odd.,Das macht ihr Angst,https://www.reddit.com/r/Menopause/comments/1nt3nlq/shiny_legs_and_arms_and_no_hair_anymore/,https://www.reddit.com/r/Menopause/comments/1nt3nlq/shiny_legs_and_arms_and_no_hair_anymore/,C066,r/Menopause,OP,sudden_onset,high,Angst/Verunsicherung bei Hautveränderung – medizinische Abklärung im Kopf,,legs,hrt_medical_context
C0151,Questions customers repeatedly ask,Please tell me this is just a normal peri thing.,"Bittet um Bestätigung, dass es normal ist",https://www.reddit.com/r/Menopause/comments/1nt3nlq/shiny_legs_and_arms_and_no_hair_anymore/,https://www.reddit.com/r/Menopause/comments/1nt3nlq/shiny_legs_and_arms_and_no_hair_anymore/,C066,r/Menopause,OP,question_what_works,high,Normalisierungsbedürfnis,,legs,hrt_medical_context
C0152,Time-to-result expectations,It took a long time for the thinning skin and hair loss to reverse. Everything is quick to fall apart but so slow to repair.,"Dünnerwerden kam schnell, Reparatur dauert lange",https://www.reddit.com/r/Menopause/comments/1nt3nlq/shiny_legs_and_arms_and_no_hair_anymore/ngr0sbv/,https://www.reddit.com/r/Menopause/comments/1nt3nlq/shiny_legs_and_arms_and_no_hair_anymore/,C066,r/Menopause,reply on HRT,time_to_result;hrt_estrogen_skin,medium,Asymmetrie schneller Verfall/langsame Besserung prägt Erwartungen,,unspecified,hrt_medical_context
C0153,Exact phrases / metaphors / repeated wording,Everything is quick to fall apart but so slow to repair.,"Alles verfällt schnell, repariert sich langsam",https://www.reddit.com/r/Menopause/comments/1nt3nlq/shiny_legs_and_arms_and_no_hair_anymore/ngr0sbv/,https://www.reddit.com/r/Menopause/comments/1nt3nlq/shiny_legs_and_arms_and_no_hair_anymore/,C066,r/Menopause,reply,time_to_result,medium,Prägnante Kundensprache,,unspecified,hrt_medical_context
C0154,Symptoms / visible texture descriptions,Less hair. Smooth shiny skin. And seems thinner. The skin.,"Weniger Haare, glatte glänzende, dünnere Haut",https://www.reddit.com/r/Menopause/comments/1nt3nlq/shiny_legs_and_arms_and_no_hair_anymore/ngqxrgc/,https://www.reddit.com/r/Menopause/comments/1nt3nlq/shiny_legs_and_arms_and_no_hair_anymore/,C066,r/Menopause,OP reply,thin_skin_bruising,high,Dünne Haut an Schultern/Unterarmen,,arms,hrt_medical_context
C0155,Symptoms / visible texture descriptions,My legs aren't shiny; they are very dry.,"Beine nicht glänzend, sondern sehr trocken",https://www.reddit.com/r/Menopause/comments/1nt3nlq/shiny_legs_and_arms_and_no_hair_anymore/ngr7l2y/,https://www.reddit.com/r/Menopause/comments/1nt3nlq/shiny_legs_and_arms_and_no_hair_anymore/,C066,r/Menopause,reply,crepey_legs,low,Trockenheit an Beinen,,legs,hrt_medical_context
C0156,Identity / social implications,It’s just getting old my friend,Einfach Altwerden,https://www.reddit.com/r/Menopause/comments/1nt3nlq/shiny_legs_and_arms_and_no_hair_anymore/ngrflls/,https://www.reddit.com/r/Menopause/comments/1nt3nlq/shiny_legs_and_arms_and_no_hair_anymore/,C066,r/Menopause,reply,acceptance_aging,low,Akzeptanz-Stimme,,unspecified,
C0157,Ingredient / mechanism beliefs,I cut off the tip & squeeze the innards of 10 calcium gel caps & mix it in with my body lotion. Calcium thickens the skin.,Mischt Calcium-Kapseln in Bodylotion – Glaube: Calcium verdickt Haut,https://www.reddit.com/r/Menopause/comments/1nt3nlq/shiny_legs_and_arms_and_no_hair_anymore/ngrmnw0/,https://www.reddit.com/r/Menopause/comments/1nt3nlq/shiny_legs_and_arms_and_no_hair_anymore/,C066,r/Menopause,reply; poster 64,new_diy_mix,medium,DIY-Wirkstoff-Glauben zur Hautverdickung,64,whole_body,
C0158,Emotional reactions,since I started HRT I've been noticing a definite increase in creepy skin and wrinkles deepening and new ones forming plus of course brown spots and melasma! I'm getting scared too,"Seit HRT mehr Krepphaut, Falten, Flecken – hat Angst",https://www.reddit.com/r/Menopause/comments/1nt3nlq/shiny_legs_and_arms_and_no_hair_anymore/ngr4717/,https://www.reddit.com/r/Menopause/comments/1nt3nlq/shiny_legs_and_arms_and_no_hair_anymore/,C066,r/Menopause,reply,hrt_estrogen_skin,medium,HRT nicht als Allheilmittel erlebt; Angst,,unspecified,hrt_medical_context
C0159,Exact phrases / metaphors / repeated wording,creepy skin,"Schreibweise ""creepy"" statt ""crepey""",https://www.reddit.com/r/Menopause/comments/1nt3nlq/shiny_legs_and_arms_and_no_hair_anymore/ngr4717/,https://www.reddit.com/r/Menopause/comments/1nt3nlq/shiny_legs_and_arms_and_no_hair_anymore/,C066,r/Menopause,reply,new_creepy_spelling,medium,"Suchverhalten: Falschschreibung ""creepy skin""",,unspecified,
C0160,Symptoms / visible texture descriptions,"I am literally tearing my body apart, my legs and arms are so itchy, especially after shaving.",Kratzt sich den Körper auf; Beine/Arme jucken besonders nach Rasur,https://www.reddit.com/r/Menopause/comments/1d3lf3m/itchy_skin/,https://www.reddit.com/r/Menopause/comments/1d3lf3m/itchy_skin/,C067,r/Menopause,OP menopause sub,itch_flake;new_shaving_trigger,high,"Juckreiz Arme/Beine, Rasur als Trigger",,legs,
C0161,Emotional reactions,I am going out of my mind.,Wird verrückt vor Juckreiz,https://www.reddit.com/r/Menopause/comments/1d3lf3m/itchy_skin/,https://www.reddit.com/r/Menopause/comments/1d3lf3m/itchy_skin/,C067,r/Menopause,OP,itch_flake,high,Hoher Leidensdruck,,whole_body,
C0162,Product / routine preferences,"Layers of moisture. So shower oil, body oil, body moisturiser.","Schichten: Duschöl, Körperöl, Bodylotion (+HRT)",https://www.reddit.com/r/Menopause/comments/1d3lf3m/itchy_skin/l68v7hi/,https://www.reddit.com/r/Menopause/comments/1d3lf3m/itchy_skin/,C067,r/Menopause,reply,oil_vs_lotion_confusion;routine_fatigue,medium,Mehrschicht-Routine als Standard-Rat,,whole_body,hrt_medical_context
C0163,Ingredient / mechanism beliefs,I had no idea this was a symptom of peri and that it was hormonal. I tried everything.,"Wusste nicht, dass Juckreiz hormonell/Peri-Symptom ist; alles probiert",https://www.reddit.com/r/Menopause/comments/1d3lf3m/itchy_skin/l68xmbx/,https://www.reddit.com/r/Menopause/comments/1d3lf3m/itchy_skin/,C067,r/Menopause,reply,hrt_estrogen_skin;nothing_works,medium,Aufklärungsbedarf über Peri-Hautsymptome,,whole_body,hrt_medical_context
C0164,Tactile descriptions,"I've always been funny about heavy creams, I hate the feeling, now it's tough luck!","Hasst schwere Cremes, muss sie jetzt aber nutzen",https://www.reddit.com/r/Menopause/comments/1d3lf3m/itchy_skin/l68k3ue/,https://www.reddit.com/r/Menopause/comments/1d3lf3m/itchy_skin/,C067,r/Menopause,reply,new_lightweight_texture,high,Textur-Aversion vs. Notwendigkeit,,whole_body,non_us_signal
C0165,Successful attempts,Best shave of my life and my legs are so much more soft and smooth. I barely need lotion after.,Rasieröl macht Beine weich und glatt; kaum noch Lotion nötig,https://www.reddit.com/r/Menopause/comments/1d3lf3m/itchy_skin/l6b7ihd/,https://www.reddit.com/r/Menopause/comments/1d3lf3m/itchy_skin/,C067,r/Menopause,reply; Walmart $10,soft_smooth_desire;oil_on_damp_skin,high,Öl im Rasur-Moment als Einstieg in Ölpflege,,legs,
C0166,Ingredient / mechanism beliefs,Because you use it on wet skin the moisture sticks around longer too.,Auf nasser Haut hält Feuchtigkeit länger,https://www.reddit.com/r/Menopause/comments/1d3lf3m/itchy_skin/l6b7ihd/,https://www.reddit.com/r/Menopause/comments/1d3lf3m/itchy_skin/,C067,r/Menopause,reply,oil_on_damp_skin,high,Nasshaut-Anwendung als Wirkglaube,,legs,
C0167,Purchase criteria,It rinses cleanly too- not like an actual oil so it doesn’t leave your shower slippery or anything.,"Spült sauber ab, Dusche nicht rutschig",https://www.reddit.com/r/Menopause/comments/1d3lf3m/itchy_skin/l6b7ihd/,https://www.reddit.com/r/Menopause/comments/1d3lf3m/itchy_skin/,C067,r/Menopause,reply,new_slippery_shower,high,Nicht-rutschig als Kriterium für In-Shower-Öl,,legs,
C0168,Objections,Eliminating body products with essential oils because they can be irritatiing,Verzichtet auf Körperprodukte mit ätherischen Ölen (reizend),https://www.reddit.com/r/Menopause/comments/1d3lf3m/itchy_skin/l68loyu/,https://www.reddit.com/r/Menopause/comments/1d3lf3m/itchy_skin/,C067,r/Menopause,reply; chronic itcher,fragrance_sensitivity,high,Ätherische Öle als Ausschlusskriterium bei Juckreiz-Betroffenen,,whole_body,
C0169,Product / routine preferences,Body oil before you even get out of shower or dry off.,Körperöl noch in der Dusche vor dem Abtrocknen,https://www.reddit.com/r/Menopause/comments/1d3lf3m/itchy_skin/l697ha6/,https://www.reddit.com/r/Menopause/comments/1d3lf3m/itchy_skin/,C067,r/Menopause,reply,oil_on_damp_skin,medium,Anwendungsmoment bestätigt,,whole_body,
C0170,Objections,"This works, but it takes a while to dry down enough to not oil stain things.","Wirkt, braucht aber lange, bis es keine Ölflecken mehr macht",https://www.reddit.com/r/Menopause/comments/1d3lf3m/itchy_skin/l6a1x1w/,https://www.reddit.com/r/Menopause/comments/1d3lf3m/itchy_skin/,C067,r/Menopause,reply on sesame+castor oil,oil_greasy_staining,high,Wartezeit/Flecken als Öl-Einwand,,whole_body,
C0171,Routine friction,I scatter lotion all over the house so I can apply whenever I notice dryness.,Verteilt Lotion im ganzen Haus zum ständigen Nachcremen,https://www.reddit.com/r/Menopause/comments/1d3lf3m/itchy_skin/l6a85fp/,https://www.reddit.com/r/Menopause/comments/1d3lf3m/itchy_skin/,C067,r/Menopause,reply,lotion_temporary;routine_fatigue,high,Ständiges Nachcremen als Alltag,,whole_body,
C0172,Routine friction,It's a bit time consuming because then I air dry so I'm not just rubbing it right back off with a towel.,"Zeitaufwendig: Lufttrocknen, damit Handtuch Lotion nicht abreibt",https://www.reddit.com/r/Menopause/comments/1d3lf3m/itchy_skin/l6a85fp/,https://www.reddit.com/r/Menopause/comments/1d3lf3m/itchy_skin/,C067,r/Menopause,reply,routine_fatigue;oil_on_damp_skin,high,Wartezeit nach Auftrag als Friktion,,whole_body,
C0173,Successful attempts,I cannot believe the differences made in my skin! … my skin is so stinking soft,"Kollagen + MSM: unglaublicher Unterschied, Haut super weich",https://www.reddit.com/r/Menopause/comments/1d3lf3m/itchy_skin/l6baxts/,https://www.reddit.com/r/Menopause/comments/1d3lf3m/itchy_skin/,C067,r/Menopause,reply,collagen_supplement;soft_smooth_desire,medium,Supplements als Wettbewerb,,whole_body,
C0174,Product / routine preferences,"Warm, not hot, showers every other day. Cetaphil body cream every morning.","Warm statt heiß, jeden zweiten Tag duschen, Cetaphil morgens",https://www.reddit.com/r/Menopause/comments/1d3lf3m/itchy_skin/l6eeols/,https://www.reddit.com/r/Menopause/comments/1d3lf3m/itchy_skin/,C067,r/Menopause,reply,new_hot_shower,medium,Duschhygiene als Teil der Lösung,,whole_body,
C0175,Successful attempts,"My skin has never been particularly dry, but on HRT it's silky soft.",Mit HRT seidig weich,https://www.reddit.com/r/Menopause/comments/1jocpbh/did_anyone_cure_the_dry_skin_with_hrt/mkr32q7/,https://www.reddit.com/r/Menopause/comments/1jocpbh/did_anyone_cure_the_dry_skin_with_hrt/,C068,r/Menopause,reply,hrt_estrogen_skin;soft_smooth_desire,medium,"""Silky soft"" als Zielzustand",,unspecified,hrt_medical_context
C0176,Situational triggers,HRT has done a bit for my skin but Canadian winters pretty much squashed that!,"HRT half etwas, kanadischer Winter machte es zunichte",https://www.reddit.com/r/Menopause/comments/1jocpbh/did_anyone_cure_the_dry_skin_with_hrt/mksb495/,https://www.reddit.com/r/Menopause/comments/1jocpbh/did_anyone_cure_the_dry_skin_with_hrt/,C068,r/Menopause,reply; Canadian,winter_dryness,low,Winter als Trigger,,whole_body,non_us_signal
C0177,Successful attempts,"I keep a glass bottle of coconut oil with a spout in my shower, I put a liberal amount on a scrub mitt to apply all over my body and face, it’s been absolutely amazing for my skin!",Kokosöl in der Dusche mit Peelinghandschuh – toll für die Haut,https://www.reddit.com/r/Menopause/comments/1jocpbh/did_anyone_cure_the_dry_skin_with_hrt/mksb495/,https://www.reddit.com/r/Menopause/comments/1jocpbh/did_anyone_cure_the_dry_skin_with_hrt/,C068,r/Menopause,reply; Canadian,oil_on_damp_skin;cheap_oil_alternative,low,In-Shower-Öl-Ritual als Erfolg,,whole_body,non_us_signal
C0178,Successful attempts,it’s actually pretty incredible what a bit of soaking in a hot tub with a bit of steam and some dry oil can do to your skin,Bad mit Trockenöl wirkt erstaunlich,https://www.reddit.com/r/Menopause/comments/1jocpbh/did_anyone_cure_the_dry_skin_with_hrt/mksb495/,https://www.reddit.com/r/Menopause/comments/1jocpbh/did_anyone_cure_the_dry_skin_with_hrt/,C068,r/Menopause,reply; Canadian,self_care_ritual;oil_absorbs_fast,low,Bad-Ritual mit Öl,,whole_body,non_us_signal
C0179,Objections,I rent and don’t want to make a messy shower enclosure or screw up the plumbing.,Mieterin – will keine schmierige Dusche oder verstopfte Rohre,https://www.reddit.com/r/Menopause/comments/1jocpbh/did_anyone_cure_the_dry_skin_with_hrt/mri14q2/,https://www.reddit.com/r/Menopause/comments/1jocpbh/did_anyone_cure_the_dry_skin_with_hrt/,C068,r/Menopause,reply,new_slippery_shower,medium,Einwand In-Shower-Öl: Sauberkeit/Abfluss,,whole_body,
C0180,Product / routine preferences,I’m looking for natural options and this sounds nifty,Sucht natürliche Optionen,https://www.reddit.com/r/Menopause/comments/1jocpbh/did_anyone_cure_the_dry_skin_with_hrt/mri14q2/,https://www.reddit.com/r/Menopause/comments/1jocpbh/did_anyone_cure_the_dry_skin_with_hrt/,C068,r/Menopause,reply,new_natural_oil_pref,medium,Natürlichkeit als Präferenz,,whole_body,
C0181,Exact phrases / metaphors / repeated wording,no one needs to break a hip for soft skin!,"""Niemand muss sich für weiche Haut die Hüfte brechen""",https://www.reddit.com/r/Menopause/comments/1jocpbh/did_anyone_cure_the_dry_skin_with_hrt/mrtsq21/,https://www.reddit.com/r/Menopause/comments/1jocpbh/did_anyone_cure_the_dry_skin_with_hrt/,C068,r/Menopause,reply,new_slippery_shower,low,"Humorvolle Rutsch-Warnung, altersbezogen",,whole_body,non_us_signal
C0182,Successful attempts,a body wash with hyaluronic acid cured my winter legs,"Duschgel mit Hyaluronsäure heilte ""Winterbeine""",https://www.reddit.com/r/Menopause/comments/1jocpbh/did_anyone_cure_the_dry_skin_with_hrt/mkr90xx/,https://www.reddit.com/r/Menopause/comments/1jocpbh/did_anyone_cure_the_dry_skin_with_hrt/,C068,r/Menopause,reply,winter_dryness,medium,"""Winter legs"" als Begriff",,legs,
C0183,Time-to-result expectations,Can’t say it’s completely healed but it’s definitely better.,"Nicht ganz geheilt, aber deutlich besser",https://www.reddit.com/r/Menopause/comments/1jocpbh/did_anyone_cure_the_dry_skin_with_hrt/mkymezt/,https://www.reddit.com/r/Menopause/comments/1jocpbh/did_anyone_cure_the_dry_skin_with_hrt/,C068,r/Menopause,reply on HRT,time_to_result,low,Teilverbesserung als realistisches Ergebnis,,unspecified,hrt_medical_context
C0184,Failed attempts,I didn't feel like what I'd been using for the last decade worked for me anymore.,"Bisherige Produkte wirkten für ""reife"" Haut nicht mehr",https://www.reddit.com/r/Menopause/comments/1jocpbh/did_anyone_cure_the_dry_skin_with_hrt/mkrqbpz/,https://www.reddit.com/r/Menopause/comments/1jocpbh/did_anyone_cure_the_dry_skin_with_hrt/,C068,r/Menopause,reply,lotion_temporary,medium,Produktwechsel ausgelöst durch Lebensphase,,unspecified,
C0185,Emotional reactions,I was really suffering for a while and now I'm fairly pleased with my skin.,"Hat gelitten, jetzt recht zufrieden",https://www.reddit.com/r/Menopause/comments/1jocpbh/did_anyone_cure_the_dry_skin_with_hrt/mkrqbpz/,https://www.reddit.com/r/Menopause/comments/1jocpbh/did_anyone_cure_the_dry_skin_with_hrt/,C068,r/Menopause,reply,feel_like_myself,medium,Leidensphase vor Lösung,,unspecified,hrt_medical_context
C0186,Identity / social implications,I always had oily skin and still do at 61.,Mit 61 weiterhin ölige Haut,https://www.reddit.com/r/Menopause/comments/1jocpbh/did_anyone_cure_the_dry_skin_with_hrt/mks1e1b/,https://www.reddit.com/r/Menopause/comments/1jocpbh/did_anyone_cure_the_dry_skin_with_hrt/,C068,r/Menopause,reply; poster 61,acceptance_aging,low,Nicht alle 60+ trocken,61,unspecified,face_only_transferable
C0187,Symptoms / visible texture descriptions,Now? I'm crepey and flaky and itchy.,"Jetzt kreppig, schuppig, juckend",https://www.reddit.com/r/Menopause/comments/1kkbxtg/why_is_everything_just_drying_up/,https://www.reddit.com/r/Menopause/comments/1kkbxtg/why_is_everything_just_drying_up/,C069,r/Menopause,"OP mid-40s, US nurse",itch_flake;sudden_onset,high,Kombination crepey+flaky+itchy als Symptomtrias,,whole_body,
C0188,Problem descriptions,My whole life I've been an oil slick. Rarely needed to moisture.,"Früher immer ölige Haut, kaum Pflege nötig",https://www.reddit.com/r/Menopause/comments/1kkbxtg/why_is_everything_just_drying_up/,https://www.reddit.com/r/Menopause/comments/1kkbxtg/why_is_everything_just_drying_up/,C069,r/Menopause,OP,sudden_onset,high,Bruch mit früherem Hauttyp – neue Pflegebedürftigkeit,,whole_body,
C0189,Emotional reactions,I thought my mid 40s were supposed to be my era and now all of this?? What a rip-off it is to be a woman.,Mitte 40 sollte ihre Ära sein – Frausein ist Betrug,https://www.reddit.com/r/Menopause/comments/1kkbxtg/why_is_everything_just_drying_up/,https://www.reddit.com/r/Menopause/comments/1kkbxtg/why_is_everything_just_drying_up/,C069,r/Menopause,OP,feel_like_myself,high,Enttäuschung über Lebensphase; Wut-Tonalität,,whole_body,
C0190,Identity / social implications,"Men get bald and fat, women get balder and fatter, plus 20 other things that affect our everyday quality of life. It's not fair.",Frauen trifft es härter; nicht fair,https://www.reddit.com/r/Menopause/comments/1kkbxtg/why_is_everything_just_drying_up/mrunee2/,https://www.reddit.com/r/Menopause/comments/1kkbxtg/why_is_everything_just_drying_up/,C069,r/Menopause,reply,new_gender_unfairness,medium,Ungerechtigkeitsgefühl als emotionaler Rahmen,,unspecified,
C0191,Successful attempts,I feel my skin and hair just look better. I love it.,Kollagenpulver im Kaffee: Haut/Haare sehen besser aus,https://www.reddit.com/r/Menopause/comments/1kkbxtg/why_is_everything_just_drying_up/mrtu9zo/,https://www.reddit.com/r/Menopause/comments/1kkbxtg/why_is_everything_just_drying_up/,C069,r/Menopause,reply,collagen_supplement,medium,Kollagen-Routine als Konkurrenz,,unspecified,
C0192,Skepticism,I’m not sure collagen powder (VItal Protein) is doing anything for me beauty-wise,"Unsicher, ob Kollagenpulver kosmetisch wirkt",https://www.reddit.com/r/Menopause/comments/1kkbxtg/why_is_everything_just_drying_up/mrzqa6s/,https://www.reddit.com/r/Menopause/comments/1kkbxtg/why_is_everything_just_drying_up/,C069,r/Menopause,reply,collagen_supplement,medium,Skepsis gegenüber Supplement-Wirkung,,unspecified,
C0193,Skepticism,I've just started and am yet to see the point.,"Kollagen gerade begonnen, Sinn noch nicht erkennbar",https://www.reddit.com/r/Menopause/comments/1kkbxtg/why_is_everything_just_drying_up/mrtj4vn/,https://www.reddit.com/r/Menopause/comments/1kkbxtg/why_is_everything_just_drying_up/,C069,r/Menopause,reply,collagen_supplement;time_to_result,medium,Ungeduld/Zweifel in frühen Wochen,,unspecified,
C0194,Failed attempts,Everything else doesn’t even come close to an hour before I have to put more on.,Alles andere hält nicht einmal eine Stunde,https://www.reddit.com/r/Menopause/comments/1kkbxtg/why_is_everything_just_drying_up/mrtjs64/,https://www.reddit.com/r/Menopause/comments/1kkbxtg/why_is_everything_just_drying_up/,C069,r/Menopause,reply on Keri lotion,lotion_temporary,high,Haltbarkeit unter einer Stunde als Frust,,whole_body,
C0195,Successful attempts,Freaking amazing and lasts a long time.,Keri-Lotion hält lange,https://www.reddit.com/r/Menopause/comments/1kkbxtg/why_is_everything_just_drying_up/mrtjs64/,https://www.reddit.com/r/Menopause/comments/1kkbxtg/why_is_everything_just_drying_up/,C069,r/Menopause,reply,lotion_temporary,medium,Langanhaltende Wirkung als Erfolgskriterium,,whole_body,
C0196,Exact phrases / metaphors / repeated wording,I felt like I was turning into a mummy in realtime!,"Gefühl, sich in Echtzeit in eine Mumie zu verwandeln",https://www.reddit.com/r/Menopause/comments/1kkbxtg/why_is_everything_just_drying_up/mrtpucm/,https://www.reddit.com/r/Menopause/comments/1kkbxtg/why_is_everything_just_drying_up/,C069,r/Menopause,reply,new_mummy_metaphor;sudden_onset,high,Mumien-Metapher für Austrocknung,,whole_body,
C0197,Ingredient / mechanism beliefs,It's also how I can tell my body is adjusting to its estrogen dose after several months - that's one of the first symptoms that resurface,Trockenheit zeigt Östrogenschwankung an,https://www.reddit.com/r/Menopause/comments/1kkbxtg/why_is_everything_just_drying_up/mrtpucm/,https://www.reddit.com/r/Menopause/comments/1kkbxtg/why_is_everything_just_drying_up/,C069,r/Menopause,reply,hrt_estrogen_skin,medium,Haut als Hormon-Barometer,,whole_body,hrt_medical_context
C0198,Ingredient / mechanism beliefs,A lot of people in the medical field do not know that estrogen affects skin tissue beyond the vagina.,"Viele Mediziner wissen nicht, dass Östrogen die Haut beeinflusst",https://www.reddit.com/r/Menopause/comments/1kkbxtg/why_is_everything_just_drying_up/mru3e4r/,https://www.reddit.com/r/Menopause/comments/1kkbxtg/why_is_everything_just_drying_up/,C069,r/Menopause,reply,hrt_estrogen_skin,medium,"Gefühl, medizinisch nicht ernst genommen zu werden",,unspecified,hrt_medical_context
C0199,Identity / social implications,"Also, I don’t want to embrace my body’s changes, but to each their own.",Will Körperveränderungen nicht annehmen,https://www.reddit.com/r/Menopause/comments/1kkbxtg/why_is_everything_just_drying_up/mrua5vx/,https://www.reddit.com/r/Menopause/comments/1kkbxtg/why_is_everything_just_drying_up/,C069,r/Menopause,reply,new_anti_acceptance,medium,"Nicht alle wollen ""Embrace aging""-Rhetorik – Tonalitätsrisiko",,unspecified,
C0200,Problem descriptions,I also now buy lotion by the gallon.,Kauft Lotion jetzt gallonenweise,https://www.reddit.com/r/Menopause/comments/1kkbxtg/why_is_everything_just_drying_up/mrx9m4c/,https://www.reddit.com/r/Menopause/comments/1kkbxtg/why_is_everything_just_drying_up/,C069,r/Menopause,reply,consistency_effort;price_value,medium,Hoher Verbrauch – Großgebinde/Preis pro ml relevant,,whole_body,
C0201,Problem descriptions,I’m 53 and have crepey skin on my hands. It looks like grandma hands!,Mit 53 kreppige Hände wie Oma-Hände,https://www.reddit.com/r/Menopause/comments/1kkbxtg/why_is_everything_just_drying_up/mrzlb4m/,https://www.reddit.com/r/Menopause/comments/1kkbxtg/why_is_everything_just_drying_up/,C069,r/Menopause,reply; poster 53,crepey_hands;old_lady_identity;mothers_skin,high,"""Grandma hands"" als Kundensprache",53,hands,
C0202,Questions customers repeatedly ask,Any suggestions? Tretinoin?,"Fragt nach Tipps, Tretinoin?",https://www.reddit.com/r/Menopause/comments/1kkbxtg/why_is_everything_just_drying_up/mrzlb4m/,https://www.reddit.com/r/Menopause/comments/1kkbxtg/why_is_everything_just_drying_up/,C069,r/Menopause,reply; 53,question_what_works;retinol_body,high,Retinoid als erste Idee für Hände,53,hands,
C0203,Problem descriptions,"I regularly put on an amount of lotion or moisturizer that would once have been a comical, wasteful, mistake … but now my skin just slurps it right up and asks for more.","Trägt Mengen auf, die früher absurd gewesen wären; Haut ""schlürft"" alles",https://www.reddit.com/r/Menopause/comments/1kkbxtg/why_is_everything_just_drying_up/mrwu3lk/,https://www.reddit.com/r/Menopause/comments/1kkbxtg/why_is_everything_just_drying_up/,C069,r/Menopause,reply; 43F,consistency_effort;lotion_temporary,high,"""Haut schlürft"" – Bild von durstiger Haut",43,whole_body,
C0204,Exact phrases / metaphors / repeated wording,my skin just slurps it right up and asks for more,Haut schlürft es auf und will mehr,https://www.reddit.com/r/Menopause/comments/1kkbxtg/why_is_everything_just_drying_up/mrwu3lk/,https://www.reddit.com/r/Menopause/comments/1kkbxtg/why_is_everything_just_drying_up/,C069,r/Menopause,reply; 43F,new_thirsty_skin,high,"Kundensprache ""durstige Haut""",43,whole_body,
C0205,Emotional reactions,"I can see my skin doing things that make it clear how the crepe will happen, and that that is an eventuality","Sieht kommen, dass Krepphaut unvermeidlich ist",https://www.reddit.com/r/Menopause/comments/1kkbxtg/why_is_everything_just_drying_up/mrwu3lk/,https://www.reddit.com/r/Menopause/comments/1kkbxtg/why_is_everything_just_drying_up/,C069,r/Menopause,reply; 43F,acceptance_aging,high,Antizipierte Krepphaut bei Anfang 40 – Präventionsmotiv,43,whole_body,
C0206,Emotional reactions,"All of a sudden, dry skin, dry mouth, dry eyes. I hate it.",Plötzlich überall Trockenheit; hasst es,https://www.reddit.com/r/Menopause/comments/1kkbxtg/why_is_everything_just_drying_up/mrxav98/,https://www.reddit.com/r/Menopause/comments/1kkbxtg/why_is_everything_just_drying_up/,C069,r/Menopause,reply,sudden_onset,medium,Plötzlichkeit + Hass,,whole_body,
C0207,Time-to-result expectations,"I know it takes about 3 months to feel the full results, but I feel SO much better already.",Volle Wirkung (Hormone) nach ca. 3 Monaten erwartet,https://www.reddit.com/r/Menopause/comments/1kkbxtg/why_is_everything_just_drying_up/ms3qqzl/,https://www.reddit.com/r/Menopause/comments/1kkbxtg/why_is_everything_just_drying_up/,C069,r/Menopause,reply,time_to_result,medium,3-Monats-Erwartung als Referenzrahmen,,unspecified,hrt_medical_context
C0208,Desired outcomes,We may never feel like our 20 year old selves but we can get vitality and quality of life back!,"Nicht wie mit 20, aber Vitalität und Lebensqualität zurück",https://www.reddit.com/r/Menopause/comments/1kkbxtg/why_is_everything_just_drying_up/ms3qqzl/,https://www.reddit.com/r/Menopause/comments/1kkbxtg/why_is_everything_just_drying_up/,C069,r/Menopause,reply,feel_like_myself,medium,Realistisches Wunschbild: Vitalität statt Jugend,,unspecified,
C0209,Successful attempts,Expensive but worth it!,"Marine-Kollagen teuer, aber lohnt sich",https://www.reddit.com/r/Menopause/comments/1kkbxtg/why_is_everything_just_drying_up/ms3qqzl/,https://www.reddit.com/r/Menopause/comments/1kkbxtg/why_is_everything_just_drying_up/,C069,r/Menopause,reply,collagen_supplement;price_value,medium,Zahlungsbereitschaft wenn Wirkung erlebt,,unspecified,non_us_signal
C0210,Problem descriptions,My skin has gotten less elastic and more crepey,"Haut weniger elastisch, kreppiger",https://www.reddit.com/r/Menopause/comments/1l9q1e2/anyone_notice_their_skin_getting_less_crepey/,https://www.reddit.com/r/Menopause/comments/1l9q1e2/anyone_notice_their_skin_getting_less_crepey/,C070,r/Menopause,OP 4 years post-menopause,sudden_onset,medium,Elastizitätsverlust als Problemformulierung,,unspecified,hrt_medical_context
C0211,Problem descriptions,I’ve got loose sagging skin from that but even young folks can struggle with that issue after significant weight loss,"Lose, schlaffe Haut nach GLP-1-Gewichtsverlust",https://www.reddit.com/r/Menopause/comments/1l9q1e2/anyone_notice_their_skin_getting_less_crepey/mxekccp/,https://www.reddit.com/r/Menopause/comments/1l9q1e2/anyone_notice_their_skin_getting_less_crepey/,C070,r/Menopause,reply; poster 51,weight_loss_glp1,medium,GLP-1-Gewichtsverlust als neuer Krepp-/Schlaffheitstrigger,51,whole_body,hrt_medical_context
C0212,Time-to-result expectations,Within a month it started some but got best result once I got to HRT levels that got rid of my other issues,Nach einem Monat erste Wirkung,https://www.reddit.com/r/Menopause/comments/1l9q1e2/anyone_notice_their_skin_getting_less_crepey/mxhd4o3/,https://www.reddit.com/r/Menopause/comments/1l9q1e2/anyone_notice_their_skin_getting_less_crepey/,C070,r/Menopause,reply; 51,time_to_result,medium,HRT-Zeitrahmen als Vergleich für Erwartungen,51,face_transfer,hrt_medical_context;face_only_transferable
C0213,Exact phrases / metaphors / repeated wording,Estrogen is truly a whole body lubricant.,Östrogen als Ganzkörper-Schmiermittel,https://www.reddit.com/r/Menopause/comments/1l9q1e2/anyone_notice_their_skin_getting_less_crepey/mxg2vbe/,https://www.reddit.com/r/Menopause/comments/1l9q1e2/anyone_notice_their_skin_getting_less_crepey/,C070,r/Menopause,reply,hrt_estrogen_skin,medium,Bildsprache für Ganzkörper-Trockenheit,,whole_body,hrt_medical_context
C0214,Time-to-result expectations,The itching went away within a week but the general skin softness took about three weeks.,"Juckreiz nach 1 Woche weg, Weichheit nach ca. 3 Wochen",https://www.reddit.com/r/Menopause/comments/1l9q1e2/anyone_notice_their_skin_getting_less_crepey/n5hg30q/,https://www.reddit.com/r/Menopause/comments/1l9q1e2/anyone_notice_their_skin_getting_less_crepey/,C070,r/Menopause,reply,time_to_result;soft_smooth_desire,medium,"Zeitliche Erwartung: Juckreiz schnell, Weichheit Wochen",,whole_body,hrt_medical_context
C0215,Emotional reactions,my breasts deflated and my skin is so wrinkly. The change is awful.,"Haut so faltig, Veränderung schrecklich",https://www.reddit.com/r/Menopause/comments/1l9q1e2/anyone_notice_their_skin_getting_less_crepey/n5i3i16/,https://www.reddit.com/r/Menopause/comments/1l9q1e2/anyone_notice_their_skin_getting_less_crepey/,C070,r/Menopause,reply,sudden_onset,medium,Emotionale Belastung,,unspecified,hrt_medical_context;non_us_signal
C0216,Successful attempts,I notice my elbows are much smoother than they were.,Ellbogen deutlich glatter,https://www.reddit.com/r/Menopause/comments/1l9q1e2/anyone_notice_their_skin_getting_less_crepey/mxfbnid/,https://www.reddit.com/r/Menopause/comments/1l9q1e2/anyone_notice_their_skin_getting_less_crepey/,C070,r/Menopause,reply,soft_smooth_desire,medium,Glätte an Ellbogen als Erfolgsmaß,,arms,hrt_medical_context
C0217,Problem descriptions,My neck is the most noticeable.,Hals am auffälligsten,https://www.reddit.com/r/Menopause/comments/1l9q1e2/anyone_notice_their_skin_getting_less_crepey/mxh8klz/,https://www.reddit.com/r/Menopause/comments/1l9q1e2/anyone_notice_their_skin_getting_less_crepey/,C070,r/Menopause,OP reply,crepey_chest,medium,Hals als sichtbarste Zone,,neck,
C0218,Problem descriptions,I’m thin but my skin is getting saggy. It has been so dramatic over the last 2 years.,"Schlank, aber Haut wird schlaff – dramatisch in 2 Jahren",https://www.reddit.com/r/Menopause/comments/1l9q1e2/anyone_notice_their_skin_getting_less_crepey/mxgosig/,https://www.reddit.com/r/Menopause/comments/1l9q1e2/anyone_notice_their_skin_getting_less_crepey/,C070,r/Menopause,OP reply,sudden_onset,high,Schnelle Veränderung trotz Schlankheit,,unspecified,hrt_medical_context
C0219,Emotional reactions,I just noticed how my color is fading!!! I was pale already. :(,"Bemerkt, dass Hautfarbe verblasst",https://www.reddit.com/r/Menopause/comments/1l9q1e2/anyone_notice_their_skin_getting_less_crepey/mxhmshn/,https://www.reddit.com/r/Menopause/comments/1l9q1e2/anyone_notice_their_skin_getting_less_crepey/,C070,r/Menopause,reply,glow_desire,medium,Verlust an Farbe/Strahlen als Thema,,unspecified,
C0220,Exact phrases / metaphors / repeated wording,You don’t really notice it’s happening until it’s gone. Then you wonder wtf happened,"Merkt es erst, wenn es weg ist",https://www.reddit.com/r/Menopause/comments/1l9q1e2/anyone_notice_their_skin_getting_less_crepey/mxkui6b/,https://www.reddit.com/r/Menopause/comments/1l9q1e2/anyone_notice_their_skin_getting_less_crepey/,C070,r/Menopause,reply,sudden_onset,medium,Plötzliches Bewusstwerden,,unspecified,
C0221,Successful attempts,I am trying trentenoina (RetinA) on my arms and legs where most of crepey skin is.,"Probiert Tretinoin an Armen und Beinen, wo die meiste Krepphaut ist",https://www.reddit.com/r/Menopause/comments/1l9q1e2/anyone_notice_their_skin_getting_less_crepey/mxo4mkp/,https://www.reddit.com/r/Menopause/comments/1l9q1e2/anyone_notice_their_skin_getting_less_crepey/,C070,r/Menopause,reply,retinol_body;crepey_arms;crepey_legs,high,Rx-Retinoid auf Körper als Experiment,,arms,
C0222,Purchase criteria,I figured it wasn’t that expensive so worth a try!,"Nicht teuer, also einen Versuch wert",https://www.reddit.com/r/Menopause/comments/1l9q1e2/anyone_notice_their_skin_getting_less_crepey/mxr2gtw/,https://www.reddit.com/r/Menopause/comments/1l9q1e2/anyone_notice_their_skin_getting_less_crepey/,C070,r/Menopause,reply,price_value,medium,Niedrige Kosten senken Probierhürde,,arms,
C0223,Skepticism,I feel such a minority in a happy pool of women for whom HRT is a “miracle life changer”,"Fühlt sich als Minderheit unter ""Wunder""-Erzählungen",https://www.reddit.com/r/Menopause/comments/1l9q1e2/anyone_notice_their_skin_getting_less_crepey/mxou0ye/,https://www.reddit.com/r/Menopause/comments/1l9q1e2/anyone_notice_their_skin_getting_less_crepey/,C070,r/Menopause,reply; Canada,nothing_works;marketing_distrust,medium,Wunder-Narrative erzeugen Entfremdung bei Nicht-Respondern,,unspecified,non_us_signal;hrt_medical_context
C0224,Failed attempts,no any “miracle effect” for me from HRT and skin supplements/hydrating lotions,"Kein Wunder-Effekt von HRT, Supplements, Lotionen",https://www.reddit.com/r/Menopause/comments/1l9q1e2/anyone_notice_their_skin_getting_less_crepey/mxou0ye/,https://www.reddit.com/r/Menopause/comments/1l9q1e2/anyone_notice_their_skin_getting_less_crepey/,C070,r/Menopause,reply; Canada,nothing_works,medium,Gescheiterte Mehrfachansätze,,unspecified,non_us_signal
C0225,Ingredient / mechanism beliefs,HRT isn’t designed for crepey skin,HRT ist nicht für Krepphaut gedacht,https://www.reddit.com/r/Menopause/comments/1l9q1e2/anyone_notice_their_skin_getting_less_crepey/mxr2y7k/,https://www.reddit.com/r/Menopause/comments/1l9q1e2/anyone_notice_their_skin_getting_less_crepey/,C070,r/Menopause,reply,hrt_estrogen_skin,medium,Laienwissen: Krepphaut braucht eigene Lösung,,unspecified,hrt_medical_context
C0226,Exact phrases / metaphors / repeated wording,the old “bingo wings” (flappy upper arms),"""Bingo Wings"" – schlaffe Oberarme",https://www.reddit.com/r/Menopause/comments/1l9q1e2/anyone_notice_their_skin_getting_less_crepey/mxi0w52/,https://www.reddit.com/r/Menopause/comments/1l9q1e2/anyone_notice_their_skin_getting_less_crepey/,C070,r/Menopause,reply; lost 50 lbs,crepey_arms;weight_loss_glp1,medium,Kundensprache Oberarme,,arms,hrt_medical_context
C0227,Failed attempts,the skin is still getting thinner and crepey. Unfortunately.,Haut wird trotzdem dünner und kreppig,https://www.reddit.com/r/Menopause/comments/1l9q1e2/anyone_notice_their_skin_getting_less_crepey/mxq16pc/,https://www.reddit.com/r/Menopause/comments/1l9q1e2/anyone_notice_their_skin_getting_less_crepey/,C070,r/Menopause,reply; full menopause at 53,thin_skin_bruising;nothing_works,medium,Fortschreitender Verlust trotz HRT,,unspecified,hrt_medical_context
C0228,Exact phrases / metaphors / repeated wording,I feel like when I went full menopausal it is a losing battle.,Nach Menopause ein verlorener Kampf,https://www.reddit.com/r/Menopause/comments/1l9q1e2/anyone_notice_their_skin_getting_less_crepey/mxq16pc/,https://www.reddit.com/r/Menopause/comments/1l9q1e2/anyone_notice_their_skin_getting_less_crepey/,C070,r/Menopause,reply,acceptance_aging,medium,Kampf-Metapher,,unspecified,hrt_medical_context
C0229,Successful attempts,My skin is definitely less dry (arms) and less itchy (feet).,"Arme weniger trocken, Füße weniger juckend",https://www.reddit.com/r/Menopause/comments/1l9q1e2/anyone_notice_their_skin_getting_less_crepey/mxg4rov/,https://www.reddit.com/r/Menopause/comments/1l9q1e2/anyone_notice_their_skin_getting_less_crepey/,C070,r/Menopause,reply,itch_flake,medium,Körperhaut-Verbesserung unter HRT,,arms,hrt_medical_context
C0230,Successful attempts,Tried everything on top of HRT - now I’ve booked a neck and lower face lift. I’m that shallow,"Alles probiert, jetzt Facelift gebucht – ""so oberflächlich bin ich""",https://www.reddit.com/r/Menopause/comments/1l9q1e2/anyone_notice_their_skin_getting_less_crepey/mxlt8y0/,https://www.reddit.com/r/Menopause/comments/1l9q1e2/anyone_notice_their_skin_getting_less_crepey/,C070,r/Menopause,reply,only_procedures_work,medium,Selbstabwertung bei Schönheitswunsch,,neck,face_only_transferable
C0231,Failed attempts,I’ve been on HRT for four months and have not noticed a difference at all in my skin and the “creppiness”. It still looks just as shitty as it did back in Feb.,Nach 4 Monaten HRT keine Veränderung der Krepphaut,https://www.reddit.com/r/Menopause/comments/1l9q1e2/anyone_notice_their_skin_getting_less_crepey/mxnxwbt/,https://www.reddit.com/r/Menopause/comments/1l9q1e2/anyone_notice_their_skin_getting_less_crepey/,C070,r/Menopause,reply,nothing_works;time_to_result,medium,Ausbleibende Wirkung nach Monaten,,unspecified,hrt_medical_context
C0232,Skepticism,I swear sometimes I think big pharma is behind some of these posts about HRT,"Verdacht, dass Pharma hinter Erfolgsposts steckt",https://www.reddit.com/r/Menopause/comments/1l9q1e2/anyone_notice_their_skin_getting_less_crepey/mxjwh2e/,https://www.reddit.com/r/Menopause/comments/1l9q1e2/anyone_notice_their_skin_getting_less_crepey/,C070,r/Menopause,reply,marketing_distrust,medium,Misstrauen gegenüber übertriebenen Erfolgsgeschichten – auch für Testimonials relevant,,unspecified,
C0233,Emotional reactions,Sometimes I feel like it has the effect of making us feel unlucky or doomed to suffer regardless of HRT or not.,Erfolgsgeschichten lassen sie sich verdammt fühlen,https://www.reddit.com/r/Menopause/comments/1l9q1e2/anyone_notice_their_skin_getting_less_crepey/mxjwh2e/,https://www.reddit.com/r/Menopause/comments/1l9q1e2/anyone_notice_their_skin_getting_less_crepey/,C070,r/Menopause,reply,nothing_works,medium,Erfolgsversprechen können Nicht-Responder entmutigen,,unspecified,
C0234,Successful attempts,my husband keeps saying how good & like my old self I look … The crepe in my arms is also improving.,"Ehemann sagt, sie sehe aus wie früher; Krepp an Armen bessert sich",https://www.reddit.com/r/Menopause/comments/1l9q1e2/anyone_notice_their_skin_getting_less_crepey/mxhkfvf/,https://www.reddit.com/r/Menopause/comments/1l9q1e2/anyone_notice_their_skin_getting_less_crepey/,C070,r/Menopause,reply; 7 weeks HRT,feel_like_myself;crepey_arms,medium,"""Like my old self"" als Zielformulierung",,arms,hrt_medical_context
C0235,Tactile descriptions,The skin over the flab under my upper arms was so thin it was painful when I changed position at night in bed.,"Haut unter Oberarmen so dünn, dass Umlagern nachts schmerzte",https://www.reddit.com/r/Menopause/comments/1l9q1e2/anyone_notice_their_skin_getting_less_crepey/mxkk9l2/,https://www.reddit.com/r/Menopause/comments/1l9q1e2/anyone_notice_their_skin_getting_less_crepey/,C070,r/Menopause,reply,thin_skin_bruising;crepey_arms,high,Dünne Oberarmhaut sogar schmerzhaft,,arms,hrt_medical_context
C0236,Ingredient / mechanism beliefs,"How would it even reverse the loss of collagen, elastin, or whatever is lost when this process is irreversible?",Wie soll Kollagen-/Elastinverlust umkehrbar sein?,https://www.reddit.com/r/Menopause/comments/1l9q1e2/anyone_notice_their_skin_getting_less_crepey/mxotdhz/,https://www.reddit.com/r/Menopause/comments/1l9q1e2/anyone_notice_their_skin_getting_less_crepey/,C070,r/Menopause,reply; Canada,marketing_distrust;acceptance_aging,medium,Skepsis gegenüber Reversibilität – Claims-Grenze,,unspecified,non_us_signal
C0237,Exact phrases / metaphors / repeated wording,I woke up one morning to the not so nice new me.,"Wachte eines Morgens als ""nicht so nettes neues Ich"" auf",https://www.reddit.com/r/Menopause/comments/1l9q1e2/anyone_notice_their_skin_getting_less_crepey/mxq2kzy/,https://www.reddit.com/r/Menopause/comments/1l9q1e2/anyone_notice_their_skin_getting_less_crepey/,C070,r/Menopause,reply,sudden_onset,medium,Über-Nacht-Narrativ,,unspecified,
C0238,Emotional reactions,"It's disheartening for sure. I just ry not to look at myself anymore, lol.",Entmutigend; schaut sich nicht mehr an,https://www.reddit.com/r/Menopause/comments/1l9q1e2/anyone_notice_their_skin_getting_less_crepey/mxr9g3x/,https://www.reddit.com/r/Menopause/comments/1l9q1e2/anyone_notice_their_skin_getting_less_crepey/,C070,r/Menopause,reply; menopause at 53,old_lady_identity,high,Vermeidung des Spiegels,53,unspecified,
C0239,Tactile descriptions,My skin seems thicker and just generally a bit plump and dewy.,"Haut dicker, praller, taufrisch",https://www.reddit.com/r/Menopause/comments/1l9q1e2/anyone_notice_their_skin_getting_less_crepey/mxghwz1/,https://www.reddit.com/r/Menopause/comments/1l9q1e2/anyone_notice_their_skin_getting_less_crepey/,C070,r/Menopause,reply,glow_desire,medium,"""Plump and dewy"" als Zielvokabular",,unspecified,hrt_medical_context
C0240,Objections,Using body oil and lotion leaves it too greasy. Just lotion still seems to be not enough.,"Öl + Lotion zu fettig, nur Lotion zu wenig",https://www.reddit.com/r/Menopause/comments/1n0taq6/dry_skin/,https://www.reddit.com/r/Menopause/comments/1n0taq6/dry_skin/,C071,r/Menopause,OP menopause sub,oil_greasy_staining;lotion_temporary;oil_vs_lotion_confusion,high,Kern-Dilemma: Reichhaltigkeit vs. Fettigkeit,,whole_body,
C0241,Questions customers repeatedly ask,What lotions or oils or body are you using for dry skin.,"Fragt, welche Lotionen/Öle genutzt werden",https://www.reddit.com/r/Menopause/comments/1n0taq6/dry_skin/,https://www.reddit.com/r/Menopause/comments/1n0taq6/dry_skin/,C071,r/Menopause,OP,question_what_works;question_oil_or_lotion,high,Wiederkehrende Frage,,whole_body,
C0242,Product / routine preferences,"I use Neutrogena body oil (formerly known as sesame oil) in the shower before I dry off, then eucerin skin calming lotion when I get out of the shower.","Neutrogena Körperöl in der Dusche vor dem Abtrocknen, dann Eucerin",https://www.reddit.com/r/Menopause/comments/1n0taq6/dry_skin/naty20r/,https://www.reddit.com/r/Menopause/comments/1n0taq6/dry_skin/,C071,r/Menopause,reply,oil_on_damp_skin,high,"Neutrogena Body Oil als häufiger Wettbewerber, In-Shower-Anwendung",,whole_body,
C0243,Tactile descriptions,The oil has such a relaxing scent. And the lotion holds in the moisture without irritating my skin.,Öl duftet entspannend; Lotion hält Feuchtigkeit,https://www.reddit.com/r/Menopause/comments/1n0taq6/dry_skin/nawc3yc/,https://www.reddit.com/r/Menopause/comments/1n0taq6/dry_skin/,C071,r/Menopause,reply,scent_love;self_care_ritual,high,Entspannender Duft als Öl-Mehrwert,,whole_body,
C0244,Product / routine preferences,"I squirt some lotion in my hand, then a little body oil and rub together. When I apply it like that it feels much better to me and not as greasy.",Lotion und Öl in der Hand mischen – weniger fettig,https://www.reddit.com/r/Menopause/comments/1n0taq6/dry_skin/nayavy8/,https://www.reddit.com/r/Menopause/comments/1n0taq6/dry_skin/,C071,r/Menopause,reply,oil_vs_lotion_confusion;oil_greasy_staining,high,Mischen als Hack gegen Fettigkeit,,whole_body,
C0245,Exact phrases / metaphors / repeated wording,If I don’t do this I feel like a lizard now. It’s horrible how dry our skin gets.,Sonst fühlt sie sich wie eine Echse,https://www.reddit.com/r/Menopause/comments/1n0taq6/dry_skin/nayavy8/,https://www.reddit.com/r/Menopause/comments/1n0taq6/dry_skin/,C071,r/Menopause,reply,new_reptile_metaphor,high,Echsen-Metapher,,whole_body,
C0246,Successful attempts,I’m so exfoliated and smooth and soft now,Durch Peeling-Routine glatt und weich,https://www.reddit.com/r/Menopause/comments/1n0taq6/dry_skin/nayavy8/,https://www.reddit.com/r/Menopause/comments/1n0taq6/dry_skin/,C071,r/Menopause,reply; #blackgirltiktokshower,soft_smooth_desire;exfoliation_dry_brush,medium,TikTok-Duschroutinen als Einflussquelle,,whole_body,
C0247,Purchase criteria,Almond oil has worked well for me. It is thin enough to absorb well.,"Mandelöl dünn genug, um gut einzuziehen",https://www.reddit.com/r/Menopause/comments/1n0taq6/dry_skin/nateyms/,https://www.reddit.com/r/Menopause/comments/1n0taq6/dry_skin/,C071,r/Menopause,reply,oil_absorbs_fast;cheap_oil_alternative,medium,Viskosität als Einzugs-Kriterium,,whole_body,
C0248,Purchase criteria,"I use a dry body oil, it doesn’t feel greasy and absorbs quickly.","Trockenöl: nicht fettig, zieht schnell ein",https://www.reddit.com/r/Menopause/comments/1n0taq6/dry_skin/natcyoj/,https://www.reddit.com/r/Menopause/comments/1n0taq6/dry_skin/,C071,r/Menopause,reply,oil_absorbs_fast,high,Trockenöl-Positionierung adressiert Fettigkeitseinwand,,whole_body,
C0249,Purchase criteria,I apply a very thin layer with a damp washcloth. Cheap and effective.,Babyöl dünn mit feuchtem Waschlappen – billig und wirksam,https://www.reddit.com/r/Menopause/comments/1n0taq6/dry_skin/natljej/,https://www.reddit.com/r/Menopause/comments/1n0taq6/dry_skin/,C071,r/Menopause,reply,cheap_oil_alternative;oil_on_damp_skin,medium,Babyöl als Preisanker,,whole_body,
C0250,Symptoms / visible texture descriptions,Some nights I felt like I was going to claw my skin off.,Manche Nächte wollte sie sich die Haut abkratzen,https://www.reddit.com/r/Menopause/comments/1n0taq6/dry_skin/nb5akq5/,https://www.reddit.com/r/Menopause/comments/1n0taq6/dry_skin/,C071,r/Menopause,reply,itch_flake,high,Nächtlicher Juckreiz extrem,,whole_body,
C0251,Purchase criteria,"It's inexpensive, neutral, and works for my sensitive and dry skin.","Jojobaöl: günstig, neutral, gut für sensible Haut",https://www.reddit.com/r/Menopause/comments/1n0taq6/dry_skin/naultyz/,https://www.reddit.com/r/Menopause/comments/1n0taq6/dry_skin/,C071,r/Menopause,reply,cheap_oil_alternative;fragrance_sensitivity,high,Pures Jojoba als Benchmark,,arms,
C0252,Ingredient / mechanism beliefs,"You can also just add a drop of almond oil, rosehip oil, or castor oil to your lotion by mixing it in your hands and that will leave you hydrated with that hydration sealed in without feeling greasy.",Tropfen Öl in Lotion: versiegelt ohne Fettgefühl,https://www.reddit.com/r/Menopause/comments/1n0taq6/dry_skin/naurkej/,https://www.reddit.com/r/Menopause/comments/1n0taq6/dry_skin/,C071,r/Menopause,reply,oil_seals_not_hydrates;oil_vs_lotion_confusion,medium,"Öl als ""Versiegler"" in Kombination",,whole_body,
C0253,Ingredient / mechanism beliefs,It has ceramides AND a decent amount of petrolatum that prevents transepidermal water loss.,Ceramide + Vaseline verhindern Wasserverlust,https://www.reddit.com/r/Menopause/comments/1n0taq6/dry_skin/naurkej/,https://www.reddit.com/r/Menopause/comments/1n0taq6/dry_skin/,C071,r/Menopause,reply,derm_recommendation,medium,Wissenschaftliche Laien-Sprache (TEWL),,whole_body,
C0254,Successful attempts,With a few drops of rosehip oil. Is like magic. My skin glows,"Mit Hagebuttenöl: wie Magie, Haut strahlt",https://www.reddit.com/r/Menopause/comments/1n0taq6/dry_skin/nau1odl/,https://www.reddit.com/r/Menopause/comments/1n0taq6/dry_skin/,C071,r/Menopause,reply,glow_desire,medium,Glow als Ergebnis von Öl-Zugabe,,whole_body,
C0255,Successful attempts,I swear my skin is actually a little firmer.,Haut tatsächlich etwas fester (Nivea Q10),https://www.reddit.com/r/Menopause/comments/1n0taq6/dry_skin/natnjbt/,https://www.reddit.com/r/Menopause/comments/1n0taq6/dry_skin/,C071,r/Menopause,reply,crepey_arms,medium,Wahrgenommene Festigkeit als Erfolg,,whole_body,
C0256,Problem descriptions,"I have a strict skin regimen on face, neck, decollete and vagina but not so much the rest of the body bar using either a body oil or moisturizer that isn't necessarily made for mature skin.","Strenge Gesichtsroutine, aber Körper vernachlässigt; Produkte nicht für reife Haut",https://www.reddit.com/r/Perimenopause/comments/1kgdnjc/which_body_lotion_are_you_all_using/,https://www.reddit.com/r/Perimenopause/comments/1kgdnjc/which_body_lotion_are_you_all_using/,C072,r/Perimenopause,OP peri,new_body_neglect,high,Lücke: Körperpflege speziell für reife Haut – Bedarf erkunden,,whole_body,
C0257,Questions customers repeatedly ask,What do you use and how is it helping?,Fragt nach Produkten und Wirkung,https://www.reddit.com/r/Perimenopause/comments/1kgdnjc/which_body_lotion_are_you_all_using/,https://www.reddit.com/r/Perimenopause/comments/1kgdnjc/which_body_lotion_are_you_all_using/,C072,r/Perimenopause,OP,question_what_works,medium,Peer-Empfehlung als Entscheidungsweg,,whole_body,
C0258,Problem descriptions,"dry, lack of elasticity, etc.","Trocken, Elastizitätsverlust",https://www.reddit.com/r/Perimenopause/comments/1kgdnjc/which_body_lotion_are_you_all_using/,https://www.reddit.com/r/Perimenopause/comments/1kgdnjc/which_body_lotion_are_you_all_using/,C072,r/Perimenopause,OP,crepey_arms,medium,Problemvokabular,,whole_body,
C0259,Successful attempts,Now brand cocoa butter body lotion is the best in the world and life changing.,"Now Kakaobutter-Lotion ""lebensverändernd""",https://www.reddit.com/r/Perimenopause/comments/1kgdnjc/which_body_lotion_are_you_all_using/mqy1bmk/,https://www.reddit.com/r/Perimenopause/comments/1kgdnjc/which_body_lotion_are_you_all_using/,C072,r/Perimenopause,reply,peer_proof,medium,Überschwängliche Peer-Sprache,,whole_body,
C0260,Identity / social implications,make use of it as an elder of our tribe,"Spricht als ""Älteste unseres Stammes""",https://www.reddit.com/r/Perimenopause/comments/1kgdnjc/which_body_lotion_are_you_all_using/mqy1bmk/,https://www.reddit.com/r/Perimenopause/comments/1kgdnjc/which_body_lotion_are_you_all_using/,C072,r/Perimenopause,reply,new_tribe_belonging,medium,Gemeinschafts-/Stammes-Humor unter Frauen 40+,,unspecified,
C0261,Objections,I used the face one and it stung like hell.,CeraVe-Gesichtscreme brannte stark,https://www.reddit.com/r/Perimenopause/comments/1kgdnjc/which_body_lotion_are_you_all_using/mqxykhm/,https://www.reddit.com/r/Perimenopause/comments/1kgdnjc/which_body_lotion_are_you_all_using/,C072,r/Perimenopause,OP reply,fragrance_sensitivity,medium,Brennen als Ausschluss,,unspecified,
C0262,Purchase criteria,"I used to use lubriderm for years, but was tempted by the Costco deals.",Wechsel wegen Costco-Angeboten,https://www.reddit.com/r/Perimenopause/comments/1kgdnjc/which_body_lotion_are_you_all_using/mqy3rws/,https://www.reddit.com/r/Perimenopause/comments/1kgdnjc/which_body_lotion_are_you_all_using/,C072,r/Perimenopause,reply,price_value,medium,Preis/Großpackung treibt Markenwechsel,,whole_body,
C0263,Objections,Same but the smell is less than pleasant,AmLactin riecht unangenehm,https://www.reddit.com/r/Perimenopause/comments/1kgdnjc/which_body_lotion_are_you_all_using/mqye2tr/,https://www.reddit.com/r/Perimenopause/comments/1kgdnjc/which_body_lotion_are_you_all_using/,C072,r/Perimenopause,reply,amlactin_lactic;fragrance_sensitivity,high,AmLactin-Geruch als Schwäche des Benchmarks,,whole_body,
C0264,Objections,This always makes me feel too sticky. And the smell is gross,"AmLactin zu klebrig, Geruch eklig",https://www.reddit.com/r/Perimenopause/comments/1kgdnjc/which_body_lotion_are_you_all_using/mqz61lm/,https://www.reddit.com/r/Perimenopause/comments/1kgdnjc/which_body_lotion_are_you_all_using/,C072,r/Perimenopause,reply,amlactin_lactic,high,Klebrigkeit+Geruch als AmLactin-Einwände,,whole_body,
C0265,Desired outcomes,I wish I could find something like amlactin that didn’t make my skin feel gross,Wünscht AmLactin-Wirkung ohne ekliges Hautgefühl,https://www.reddit.com/r/Perimenopause/comments/1kgdnjc/which_body_lotion_are_you_all_using/mqz61lm/,https://www.reddit.com/r/Perimenopause/comments/1kgdnjc/which_body_lotion_are_you_all_using/,C072,r/Perimenopause,reply,amlactin_lactic;soft_smooth_desire,high,Unerfüllter Wunsch: Wirkung + angenehme Sensorik,,whole_body,
C0266,Product / routine preferences,Alternating Gold Bond retinol body and crepe erase.,Wechselt Gold Bond Retinol und Crepe Erase,https://www.reddit.com/r/Perimenopause/comments/1kgdnjc/which_body_lotion_are_you_all_using/mqy1mni/,https://www.reddit.com/r/Perimenopause/comments/1kgdnjc/which_body_lotion_are_you_all_using/,C072,r/Perimenopause,reply,gold_bond_crepe;crepe_erase;retinol_body,medium,Crepe-Wettbewerber in Nutzung,,whole_body,
C0267,Purchase criteria,Price is good and it just works - apply after shower.,"Preis gut, funktioniert einfach",https://www.reddit.com/r/Perimenopause/comments/1kgdnjc/which_body_lotion_are_you_all_using/mqxwu34/,https://www.reddit.com/r/Perimenopause/comments/1kgdnjc/which_body_lotion_are_you_all_using/,C072,r/Perimenopause,reply,price_value,medium,Einfachheit + Preis,,whole_body,
C0268,Questions customers repeatedly ask,Do you feel any subtle firming at all?,Fragt nach spürbarer Straffung,https://www.reddit.com/r/Perimenopause/comments/1kgdnjc/which_body_lotion_are_you_all_using/mqy8nkq/,https://www.reddit.com/r/Perimenopause/comments/1kgdnjc/which_body_lotion_are_you_all_using/,C072,r/Perimenopause,OP reply,question_what_works,medium,Straffung als gesuchtes Ergebnis,,whole_body,
C0269,Purchase criteria,"works for 24 hours, absorbs quickly, has no fragrance but also doesn't have a weird lingering unscented smell","24h Wirkung, schnell einziehend, ohne Duft und ohne komischen Eigengeruch",https://www.reddit.com/r/Perimenopause/comments/1kgdnjc/which_body_lotion_are_you_all_using/mqxxh3k/,https://www.reddit.com/r/Perimenopause/comments/1kgdnjc/which_body_lotion_are_you_all_using/,C072,r/Perimenopause,reply,oil_absorbs_fast;fragrance_sensitivity,high,"Mehrere Kriterien inkl. ""kein Eigengeruch""",,whole_body,
C0270,Purchase criteria,"kinda pricey, but once you have the bottle you can order just the refill packs","Teuer, aber Nachfüllpacks",https://www.reddit.com/r/Perimenopause/comments/1kgdnjc/which_body_lotion_are_you_all_using/mqxxh3k/,https://www.reddit.com/r/Perimenopause/comments/1kgdnjc/which_body_lotion_are_you_all_using/,C072,r/Perimenopause,reply on CBD body oil,price_value,medium,Refill als Preis-Entschärfung,,whole_body,
C0271,Questions customers repeatedly ask,Do you feel this helps with elasticity - or rather lack of it?,"Fragt, ob es bei Elastizität hilft",https://www.reddit.com/r/Perimenopause/comments/1kgdnjc/which_body_lotion_are_you_all_using/mqy7xzr/,https://www.reddit.com/r/Perimenopause/comments/1kgdnjc/which_body_lotion_are_you_all_using/,C072,r/Perimenopause,OP reply,question_what_works,medium,Elastizität als zentraler Wunsch,,whole_body,
C0272,Time-to-result expectations,Don’t know yet. I’m doing a one bottle trial.,Noch unklar – Test über eine Flasche,https://www.reddit.com/r/Perimenopause/comments/1kgdnjc/which_body_lotion_are_you_all_using/mqzgm7c/,https://www.reddit.com/r/Perimenopause/comments/1kgdnjc/which_body_lotion_are_you_all_using/,C072,r/Perimenopause,reply,time_to_result,medium,"""One bottle trial"" als Testzeitraum",,whole_body,
C0273,Routine friction,I have a tube of hand lotion at every place I sit down,Handlotion an jedem Sitzplatz,https://www.reddit.com/r/Perimenopause/comments/1kgdnjc/which_body_lotion_are_you_all_using/mqy0tqp/,https://www.reddit.com/r/Perimenopause/comments/1kgdnjc/which_body_lotion_are_you_all_using/,C072,r/Perimenopause,reply,lotion_temporary,medium,Ständiges Nachcremen,,hands,
C0274,Objections,"can't do any of the ""Lactin"" lotions as the smell makes me want to throw up",Geruch von Lactin-Lotionen löst Übelkeit aus,https://www.reddit.com/r/Perimenopause/comments/1kgdnjc/which_body_lotion_are_you_all_using/mqyd8u6/,https://www.reddit.com/r/Perimenopause/comments/1kgdnjc/which_body_lotion_are_you_all_using/,C072,r/Perimenopause,reply,amlactin_lactic;fragrance_sensitivity,high,Geruchs-Ekel bei Milchsäure-Produkten,,whole_body,
C0275,Emotional reactions,I can't believe I never used to use body lotion until I turned 40... I feel bad for my skin!,Erst ab 40 Bodylotion – schlechtes Gewissen gegenüber der Haut,https://www.reddit.com/r/Perimenopause/comments/1kgdnjc/which_body_lotion_are_you_all_using/mqyd8u6/,https://www.reddit.com/r/Perimenopause/comments/1kgdnjc/which_body_lotion_are_you_all_using/,C072,r/Perimenopause,reply,new_body_neglect,medium,Spätstart Körperpflege um 40,,whole_body,
C0276,Tactile descriptions,My skin is so soft!,Haut so weich,https://www.reddit.com/r/Perimenopause/comments/1kgdnjc/which_body_lotion_are_you_all_using/mqyd8u6/,https://www.reddit.com/r/Perimenopause/comments/1kgdnjc/which_body_lotion_are_you_all_using/,C072,r/Perimenopause,reply,soft_smooth_desire,medium,Weichheit als Erfolg,,whole_body,
C0277,Ingredient / mechanism beliefs,Only natural products to avoid hormonal disruption. Shea butter and castor oil.,"Nur Naturprodukte, um Hormonstörungen zu vermeiden",https://www.reddit.com/r/Perimenopause/comments/1kgdnjc/which_body_lotion_are_you_all_using/mr38031/,https://www.reddit.com/r/Perimenopause/comments/1kgdnjc/which_body_lotion_are_you_all_using/,C072,r/Perimenopause,reply,new_clean_ingredients;new_natural_oil_pref,medium,Hormon-Disruptor-Angst als Natürlichkeits-Motiv,,whole_body,
C0278,Tactile descriptions,"If you don't like the feel of oil, shea butter has more of a lotion feel to it",Wer Ölgefühl nicht mag: Sheabutter fühlt sich wie Lotion an,https://www.reddit.com/r/Perimenopause/comments/1kgdnjc/which_body_lotion_are_you_all_using/mr6ar92/,https://www.reddit.com/r/Perimenopause/comments/1kgdnjc/which_body_lotion_are_you_all_using/,C072,r/Perimenopause,reply,oil_greasy_staining,medium,Öl-Aversion als bekanntes Segment,,whole_body,
C0279,Successful attempts,if you mix in a bit of Palmer's body oil it makes your skin look and feel amazing,Etwas Palmer's Öl in Lotion – Haut sieht/fühlt sich toll an,https://www.reddit.com/r/Perimenopause/comments/1kgdnjc/which_body_lotion_are_you_all_using/mqy0trv/,https://www.reddit.com/r/Perimenopause/comments/1kgdnjc/which_body_lotion_are_you_all_using/,C072,r/Perimenopause,reply,oil_vs_lotion_confusion,medium,Öl als Booster,,whole_body,
C0280,Purchase criteria,It's so light and hydrating. Only wish it was more budget friendly.,"Leicht und feuchtigkeitsspendend, aber teuer",https://www.reddit.com/r/Perimenopause/comments/1kgdnjc/which_body_lotion_are_you_all_using/mqzv5tj/,https://www.reddit.com/r/Perimenopause/comments/1kgdnjc/which_body_lotion_are_you_all_using/,C072,r/Perimenopause,reply on Hempz,price_value;new_lightweight_texture,medium,Preis als Barriere trotz Gefallen,,whole_body,
C0281,Routine friction,gah so much lotion. first i put on palmers cocoa butter OIL right out of the shower at night. then i layer on either palmers cocoa butter lotion or cerave,"So viel Lotion: Öl, dann Lotion",https://www.reddit.com/r/Perimenopause/comments/1kgdnjc/which_body_lotion_are_you_all_using/mqzja1i/,https://www.reddit.com/r/Perimenopause/comments/1kgdnjc/which_body_lotion_are_you_all_using/,C072,r/Perimenopause,reply,routine_fatigue;oil_vs_lotion_confusion,high,Schichtaufwand,,whole_body,
C0282,Routine friction,then in the morning i have to lotion again,Morgens erneut eincremen,https://www.reddit.com/r/Perimenopause/comments/1kgdnjc/which_body_lotion_are_you_all_using/mqzja1i/,https://www.reddit.com/r/Perimenopause/comments/1kgdnjc/which_body_lotion_are_you_all_using/,C072,r/Perimenopause,reply,lotion_temporary,high,Mehrfachanwendung täglich,,whole_body,
C0283,Purchase criteria,if i’m wanting to be sexy i wear sol de Janeiro bum bum cream- but it’s expensive so not too often,"Für ""sexy"" Sol de Janeiro, aber zu teuer für täglich",https://www.reddit.com/r/Perimenopause/comments/1kgdnjc/which_body_lotion_are_you_all_using/mqzja1i/,https://www.reddit.com/r/Perimenopause/comments/1kgdnjc/which_body_lotion_are_you_all_using/,C072,r/Perimenopause,reply,scent_love;price_value,medium,Duft als Sinnlichkeits-Motiv; Premium nur gelegentlich,,whole_body,
C0284,Symptoms / visible texture descriptions,my legs look like a snake ready to shed,Beine sehen aus wie eine Schlange vor der Häutung,https://www.reddit.com/r/Perimenopause/comments/1kgdnjc/which_body_lotion_are_you_all_using/mqydpci/,https://www.reddit.com/r/Perimenopause/comments/1kgdnjc/which_body_lotion_are_you_all_using/,C072,r/Perimenopause,reply,new_reptile_metaphor;crepey_legs,high,Schlangen-Metapher,,legs,non_us_signal
C0285,Successful attempts,One pump on each leg leaves them looking lush and beautifully soft. It's non greasy and sinks into the skin easily.,"Ein Pumpstoß pro Bein: üppig und weich, nicht fettig",https://www.reddit.com/r/Perimenopause/comments/1kgdnjc/which_body_lotion_are_you_all_using/mqydpci/,https://www.reddit.com/r/Perimenopause/comments/1kgdnjc/which_body_lotion_are_you_all_using/,C072,r/Perimenopause,reply,soft_smooth_desire;oil_absorbs_fast,high,"Ergebnis-Vokabular ""lush, soft, non greasy""",,legs,non_us_signal
C0286,Product / routine preferences,I keep one in my bedroom and one in the living room so that it's always right there.,Lotion im Schlaf- und Wohnzimmer,https://www.reddit.com/r/Perimenopause/comments/1kgdnjc/which_body_lotion_are_you_all_using/mqyjun5/,https://www.reddit.com/r/Perimenopause/comments/1kgdnjc/which_body_lotion_are_you_all_using/,C072,r/Perimenopause,reply,consistency_effort,medium,Verfügbarkeit als Adhärenz-Trick,,whole_body,
C0287,Successful attempts,"I can go several days without needing to moisturize, which is helpful in the dreaded heat and humidity",Kann mehrere Tage ohne Eincremen auskommen,https://www.reddit.com/r/Perimenopause/comments/1kgdnjc/which_body_lotion_are_you_all_using/mqyjv8p/,https://www.reddit.com/r/Perimenopause/comments/1kgdnjc/which_body_lotion_are_you_all_using/,C072,r/Perimenopause,reply,consistency_effort,medium,Langanhaltende Wirkung als Wunsch,,whole_body,
C0288,Objections,"They also make retinol lotions for body skin, though I'm a bit nervous of it drying me out even worse.","Angst, dass Retinol-Bodylotion noch mehr austrocknet",https://www.reddit.com/r/Perimenopause/comments/1kgdnjc/which_body_lotion_are_you_all_using/mqymgly/,https://www.reddit.com/r/Perimenopause/comments/1kgdnjc/which_body_lotion_are_you_all_using/,C072,r/Perimenopause,reply,retinol_body,high,Retinol-Einwand: Austrocknung,,whole_body,
C0289,Situational triggers,"I'm naturally dry-skinned, but this winter through even now, it's been the worst ever!",Dieser Winter war der schlimmste,https://www.reddit.com/r/Perimenopause/comments/1kgdnjc/which_body_lotion_are_you_all_using/mqymgly/,https://www.reddit.com/r/Perimenopause/comments/1kgdnjc/which_body_lotion_are_you_all_using/,C072,r/Perimenopause,reply,winter_dryness,medium,Winter-Verschärfung,,whole_body,
C0290,Successful attempts,It has made my dry scaly crepey skin so soft and so hydrated. It’s not greasy and it soaks right in.,"Olay Niacinamid: kreppige Haut weich, nicht fettig, zieht ein",https://www.reddit.com/r/Perimenopause/comments/1kgdnjc/which_body_lotion_are_you_all_using/mqysi6q/,https://www.reddit.com/r/Perimenopause/comments/1kgdnjc/which_body_lotion_are_you_all_using/,C072,r/Perimenopause,reply,soft_smooth_desire;oil_absorbs_fast,high,Olay als Wettbewerber; Kriterien bestätigt,,whole_body,
C0291,Purchase criteria,"Personally, I am not a fan of unscented products. I don't like the fake plastic smell.","Mag unparfümierte Produkte nicht – ""Plastikgeruch""",https://www.reddit.com/r/Perimenopause/comments/1kgdnjc/which_body_lotion_are_you_all_using/mqzg203/,https://www.reddit.com/r/Perimenopause/comments/1kgdnjc/which_body_lotion_are_you_all_using/,C072,r/Perimenopause,reply,scent_love,high,Gegensegment zur Duftfrei-Präferenz,,whole_body,
C0292,Failed attempts,god it smells so good but didn’t moisturize me at all.,"Riecht toll, spendet aber gar keine Feuchtigkeit",https://www.reddit.com/r/Perimenopause/comments/1kgdnjc/which_body_lotion_are_you_all_using/mqzjbpx/,https://www.reddit.com/r/Perimenopause/comments/1kgdnjc/which_body_lotion_are_you_all_using/,C072,r/Perimenopause,reply on EOS,scent_love;lotion_temporary,high,Duft allein überzeugt nicht,,whole_body,
C0293,Successful attempts,helped with my dry skin and crepe spots on my hands,Half bei trockener Haut und Krepp an Händen,https://www.reddit.com/r/Perimenopause/comments/1kgdnjc/which_body_lotion_are_you_all_using/mqzk63k/,https://www.reddit.com/r/Perimenopause/comments/1kgdnjc/which_body_lotion_are_you_all_using/,C072,r/Perimenopause,reply; $22 bottle,crepey_hands,low,Möglicher Markenpost,,hands,possible_seeding
C0294,Successful attempts,"I recently stopped using it so that I could use up all of the numerous bottles of body oils that I have, and boy did I see a massive difference. My skin was sooo dry. Going right back to Weleda.",Nach Absetzen von Weleda Sanddorn-Öl massiv trockener,https://www.reddit.com/r/Perimenopause/comments/1kgdnjc/which_body_lotion_are_you_all_using/mr0czfh/,https://www.reddit.com/r/Perimenopause/comments/1kgdnjc/which_body_lotion_are_you_all_using/,C072,r/Perimenopause,reply,peer_proof,high,Absetz-Test als stärkster Wirkbeleg; Weleda als Wettbewerber,,whole_body,
C0295,Routine friction,which was the best I could do when Neutrogena discontinued their sesame oil lotion I used for decades,Neutrogena hat Sesamöl-Lotion eingestellt,https://www.reddit.com/r/Perimenopause/comments/1kgdnjc/which_body_lotion_are_you_all_using/mr62b7o/,https://www.reddit.com/r/Perimenopause/comments/1kgdnjc/which_body_lotion_are_you_all_using/,C072,r/Perimenopause,reply,new_reformulation_distrust,medium,Verlust von Jahrzehnte-Favoriten schafft Wechselbereitschaft,,whole_body,
C0296,Successful attempts,it's the only one that keeps my arms and legs feeling soft and smooth until my next shower,"Einzige, die Arme/Beine bis zur nächsten Dusche weich hält",https://www.reddit.com/r/Perimenopause/comments/1kgdnjc/which_body_lotion_are_you_all_using/mr7a0mr/,https://www.reddit.com/r/Perimenopause/comments/1kgdnjc/which_body_lotion_are_you_all_using/,C072,r/Perimenopause,reply; Australia,soft_smooth_desire;lotion_temporary,medium,Haltedauer bis nächste Dusche als Maßstab,,arms,non_us_signal
C0297,Questions customers repeatedly ask,Anyone out there with night sweats find a body lotion that doesn’t make them feel extra slimy in the night?,"Lotion, die bei Nachtschweiß nicht schleimig wirkt?",https://www.reddit.com/r/Perimenopause/comments/1kgdnjc/which_body_lotion_are_you_all_using/mrart1l/,https://www.reddit.com/r/Perimenopause/comments/1kgdnjc/which_body_lotion_are_you_all_using/,C072,r/Perimenopause,reply,new_night_sweats,high,Nachtschweiß als Anwendungs-Barriere – Textur,,whole_body,
C0298,Routine friction,"have been forgoing moisturizer completely, which is also not good",Verzichtet deshalb ganz aufs Eincremen,https://www.reddit.com/r/Perimenopause/comments/1kgdnjc/which_body_lotion_are_you_all_using/mrart1l/,https://www.reddit.com/r/Perimenopause/comments/1kgdnjc/which_body_lotion_are_you_all_using/,C072,r/Perimenopause,reply,new_night_sweats;routine_fatigue,high,Abbruch der Pflege wegen Sensorik,,whole_body,
C0299,Product / routine preferences,"hate moisturizer in the summer and then use a shower body oil instead or dry oil - I like the caudalie ones, smell divine and not slimy",Im Sommer Dusch-/Trockenöl statt Creme; Caudalie duftet himmlisch,https://www.reddit.com/r/Perimenopause/comments/1kgdnjc/which_body_lotion_are_you_all_using/mrb7pto/,https://www.reddit.com/r/Perimenopause/comments/1kgdnjc/which_body_lotion_are_you_all_using/,C072,r/Perimenopause,OP reply,summer_trigger;oil_absorbs_fast;scent_love,high,Trockenöl als Sommer-Lösung,,whole_body,
C0300,Successful attempts,the combination of those three things (simple ingredients in all) has left me with soft and smooth skin,"Seifenhersteller-Post, eigene Produkte",https://www.reddit.com/r/Perimenopause/comments/1kgdnjc/which_body_lotion_are_you_all_using/mrc1mrh/,https://www.reddit.com/r/Perimenopause/comments/1kgdnjc/which_body_lotion_are_you_all_using/,C072,r/Perimenopause,reply; soap maker,soft_smooth_desire,low,Selbstvermarktung – nicht gewichten,,whole_body,possible_seeding
C0301,Questions customers repeatedly ask,"I know about all the skincare for face and neck, but what about arms and legs?",Kennt Gesichtspflege – was für Arme und Beine?,https://www.reddit.com/r/Perimenopause/comments/1lwdvsg/so_what_are_we_doing_about_body_skin/,https://www.reddit.com/r/Perimenopause/comments/1lwdvsg/so_what_are_we_doing_about_body_skin/,C073,r/Perimenopause,OP peri,question_what_works;new_body_neglect,high,Wissenslücke Körperpflege bei Peri-Frauen,,arms,
C0302,Emotional reactions,I looked at my arm and was shocked at what it looked like b/c I swear it didn’t look like that yesterday,Schock beim Blick auf den Arm – gestern sah er anders aus,https://www.reddit.com/r/Perimenopause/comments/1lwdvsg/so_what_are_we_doing_about_body_skin/,https://www.reddit.com/r/Perimenopause/comments/1lwdvsg/so_what_are_we_doing_about_body_skin/,C073,r/Perimenopause,OP,sudden_onset;crepey_arms,high,Plötzlicher Arm-Schock als Kernmoment,,arms,
C0303,Purchase criteria,Anything that helps and also ok for tattoos?,Muss auch für Tattoos geeignet sein,https://www.reddit.com/r/Perimenopause/comments/1lwdvsg/so_what_are_we_doing_about_body_skin/,https://www.reddit.com/r/Perimenopause/comments/1lwdvsg/so_what_are_we_doing_about_body_skin/,C073,r/Perimenopause,OP,new_tattoo_safe,high,Tattoo-Verträglichkeit als Nischenkriterium,,arms,
C0304,Objections,I just bought this one and oh my gosh it is sticky ALL FREAKING DAY,Gold Bond Crepe klebt den ganzen Tag,https://www.reddit.com/r/Perimenopause/comments/1lwdvsg/so_what_are_we_doing_about_body_skin/n2dstnd/,https://www.reddit.com/r/Perimenopause/comments/1lwdvsg/so_what_are_we_doing_about_body_skin/,C073,r/Perimenopause,reply,gold_bond_crepe,high,Klebrigkeit als Hauptschwäche des Wettbewerbers,,whole_body,
C0305,Time-to-result expectations,"By the time I dry my hair and do my makeup, it’s pretty well absorbed - so like 30-45 minutes.",Gold Bond braucht 30–45 Min. zum Einziehen,https://www.reddit.com/r/Perimenopause/comments/1lwdvsg/so_what_are_we_doing_about_body_skin/n2h5m14/,https://www.reddit.com/r/Perimenopause/comments/1lwdvsg/so_what_are_we_doing_about_body_skin/,C073,r/Perimenopause,reply,gold_bond_crepe;oil_absorbs_fast,high,Einziehzeit konkret beziffert,,whole_body,
C0306,Purchase criteria,"It’s super thick so it takes a while to rub in, but it does more than any store bought lotion","Sehr dick, braucht lange, wirkt aber mehr als normale Lotion",https://www.reddit.com/r/Perimenopause/comments/1lwdvsg/so_what_are_we_doing_about_body_skin/n2dmoth/,https://www.reddit.com/r/Perimenopause/comments/1lwdvsg/so_what_are_we_doing_about_body_skin/,C073,r/Perimenopause,reply,gold_bond_crepe,medium,Trade-off Dicke vs. Wirkung,,whole_body,
C0307,Routine friction,moisturise (admittedly more when I remember/can be arsed),"Cremt ein, wenn sie dran denkt/Lust hat",https://www.reddit.com/r/Perimenopause/comments/1lwdvsg/so_what_are_we_doing_about_body_skin/n2dn59e/,https://www.reddit.com/r/Perimenopause/comments/1lwdvsg/so_what_are_we_doing_about_body_skin/,C073,r/Perimenopause,reply; UK slang,consistency_effort,medium,Ehrliche Inkonsequenz,,whole_body,non_us_signal
C0308,Purchase criteria,"try to avoid any skincare products with alcohol, because it’s drying",Meidet Produkte mit Alkohol,https://www.reddit.com/r/Perimenopause/comments/1lwdvsg/so_what_are_we_doing_about_body_skin/n2dn59e/,https://www.reddit.com/r/Perimenopause/comments/1lwdvsg/so_what_are_we_doing_about_body_skin/,C073,r/Perimenopause,reply,new_clean_ingredients,medium,Alkohol als Ausschlusskriterium,,whole_body,non_us_signal
C0309,Product / routine preferences,"I like to treat myself to nice things so aim for good quality stuff with essential oils, good butters etc",Gönnt sich hochwertige Produkte mit ätherischen Ölen,https://www.reddit.com/r/Perimenopause/comments/1lwdvsg/so_what_are_we_doing_about_body_skin/n2dn59e/,https://www.reddit.com/r/Perimenopause/comments/1lwdvsg/so_what_are_we_doing_about_body_skin/,C073,r/Perimenopause,reply,self_care_ritual,medium,Treat-yourself-Motiv,,whole_body,non_us_signal
C0310,Product / routine preferences,moisturising bars from Lush where I get to moisturise in the shower - it’s a great time saver,In-Shower-Pflege als Zeitersparnis,https://www.reddit.com/r/Perimenopause/comments/1lwdvsg/so_what_are_we_doing_about_body_skin/n2dn59e/,https://www.reddit.com/r/Perimenopause/comments/1lwdvsg/so_what_are_we_doing_about_body_skin/,C073,r/Perimenopause,reply,routine_fatigue;oil_on_damp_skin,medium,Zeitersparnis-Format,,whole_body,non_us_signal
C0311,Objections,U gotta wait a few mins for the greasy factor to subside,"Muss Minuten warten, bis das Fettige nachlässt",https://www.reddit.com/r/Perimenopause/comments/1lwdvsg/so_what_are_we_doing_about_body_skin/n2euixv/,https://www.reddit.com/r/Perimenopause/comments/1lwdvsg/so_what_are_we_doing_about_body_skin/,C073,r/Perimenopause,reply on DIY body butter,oil_greasy_staining,medium,Wartezeit bei DIY,,whole_body,
C0312,Identity / social implications,truly is an easy DIY that makes you feel sooooo self sufficient!,DIY gibt Gefühl der Selbstständigkeit,https://www.reddit.com/r/Perimenopause/comments/1lwdvsg/so_what_are_we_doing_about_body_skin/n2euixv/,https://www.reddit.com/r/Perimenopause/comments/1lwdvsg/so_what_are_we_doing_about_body_skin/,C073,r/Perimenopause,reply,cheap_oil_alternative,medium,DIY als Identitäts-Wert,,whole_body,
C0313,Routine friction,"I’ve read you need to wear sunscreen wherever you apply it, and I don’t have that kind of time every morning",Body-Retinol braucht Sonnenschutz – keine Zeit,https://www.reddit.com/r/Perimenopause/comments/1lwdvsg/so_what_are_we_doing_about_body_skin/n2dm0j0/,https://www.reddit.com/r/Perimenopause/comments/1lwdvsg/so_what_are_we_doing_about_body_skin/,C073,r/Perimenopause,reply,retinol_body;sunscreen_sun_damage;routine_fatigue,high,Retinol-Friktion durch SPF-Pflicht,,whole_body,
C0314,Product / routine preferences,I just have made it a point to slather myself in lotion after every single shower,Nach jedem Duschen eincremen,https://www.reddit.com/r/Perimenopause/comments/1lwdvsg/so_what_are_we_doing_about_body_skin/n2dq6v1/,https://www.reddit.com/r/Perimenopause/comments/1lwdvsg/so_what_are_we_doing_about_body_skin/,C073,r/Perimenopause,reply,consistency_effort,medium,Routine-Disziplin,,whole_body,
C0315,Desired outcomes,"Just not as young looking, not quite crepey, but getting there and I want to stop it","Noch nicht ganz kreppig, aber auf dem Weg – will es stoppen",https://www.reddit.com/r/Perimenopause/comments/1lwdvsg/so_what_are_we_doing_about_body_skin/n2devq4/,https://www.reddit.com/r/Perimenopause/comments/1lwdvsg/so_what_are_we_doing_about_body_skin/,C073,r/Perimenopause,OP reply,crepey_arms,high,Präventionsmotiv in frühem Stadium,,arms,
C0316,Identity / social implications,"It’s a lot, but so is not wanting to wear summer clothes.","Aufwand groß, aber Sommerkleidung meiden ist schlimmer",https://www.reddit.com/r/Perimenopause/comments/1lwdvsg/so_what_are_we_doing_about_body_skin/n2e626p/,https://www.reddit.com/r/Perimenopause/comments/1lwdvsg/so_what_are_we_doing_about_body_skin/,C073,r/Perimenopause,reply,shorts_dresses_avoidance;summer_trigger,high,Kleidungsvermeidung als Motivator,,legs,
C0317,Routine friction,I have to spend a solid 2hrs on it,Selbstbräuner kostet 2 Stunden,https://www.reddit.com/r/Perimenopause/comments/1lwdvsg/so_what_are_we_doing_about_body_skin/n2e626p/,https://www.reddit.com/r/Perimenopause/comments/1lwdvsg/so_what_are_we_doing_about_body_skin/,C073,r/Perimenopause,reply,routine_fatigue,medium,Aufwand Selbstbräuner als Kaschiermethode,,legs,
C0318,Product / routine preferences,I just find that a little color helps so much w bathing suit/shorts/tank weather.,Etwas Farbe hilft bei Badeanzug/Shorts,https://www.reddit.com/r/Perimenopause/comments/1lwdvsg/so_what_are_we_doing_about_body_skin/n2e626p/,https://www.reddit.com/r/Perimenopause/comments/1lwdvsg/so_what_are_we_doing_about_body_skin/,C073,r/Perimenopause,reply,shorts_dresses_avoidance;summer_trigger,high,Selbstbräuner als Kaschier-Alternative,,legs,
C0319,Successful attempts,My skin is smoother and glowing afterwards.,Nach Peeling + Körperöl glatter und strahlend,https://www.reddit.com/r/Perimenopause/comments/1lwdvsg/so_what_are_we_doing_about_body_skin/n2e6q40/,https://www.reddit.com/r/Perimenopause/comments/1lwdvsg/so_what_are_we_doing_about_body_skin/,C073,r/Perimenopause,reply,exfoliation_dry_brush;glow_desire,medium,Peeling + Öl als Kombi-Ritual,,whole_body,
C0320,Time-to-result expectations,Nothing will work overnight but the results come.,"Nichts wirkt über Nacht, aber Ergebnisse kommen",https://www.reddit.com/r/Perimenopause/comments/1lwdvsg/so_what_are_we_doing_about_body_skin/n2eiuyr/,https://www.reddit.com/r/Perimenopause/comments/1lwdvsg/so_what_are_we_doing_about_body_skin/,C073,r/Perimenopause,reply,time_to_result;consistency_effort,medium,Geduld-Erwartung,,whole_body,
C0321,Failed attempts,I used body retinol and didn't much of it but some people like it.,Body-Retinol brachte wenig,https://www.reddit.com/r/Perimenopause/comments/1lwdvsg/so_what_are_we_doing_about_body_skin/n2eiuyr/,https://www.reddit.com/r/Perimenopause/comments/1lwdvsg/so_what_are_we_doing_about_body_skin/,C073,r/Perimenopause,reply,retinol_body,medium,Gemischte Retinol-Erfahrung,,whole_body,
C0322,Ingredient / mechanism beliefs,"Since it's a really high percentage of jojoba oil, it locks in the moisture from the cream but doesn't feel oily after it's been rubbed in.","Hoher Jojoba-Anteil schließt Feuchtigkeit ein, ohne ölig zu wirken",https://www.reddit.com/r/Perimenopause/comments/1lwdvsg/so_what_are_we_doing_about_body_skin/n2g3h22/,https://www.reddit.com/r/Perimenopause/comments/1lwdvsg/so_what_are_we_doing_about_body_skin/,C073,r/Perimenopause,reply; DIY,oil_seals_not_hydrates;oil_absorbs_fast,medium,Jojoba als nicht-öliges Versiegelungsöl wahrgenommen,,whole_body,
C0323,Ingredient / mechanism beliefs,Castor oil is hard to spread on its own so that's why I add it to lotion.,"Rizinusöl schwer verteilbar, daher in Lotion",https://www.reddit.com/r/Perimenopause/comments/1lwdvsg/so_what_are_we_doing_about_body_skin/n2jjb2k/,https://www.reddit.com/r/Perimenopause/comments/1lwdvsg/so_what_are_we_doing_about_body_skin/,C073,r/Perimenopause,reply,oil_vs_lotion_confusion,medium,Viskosität von Ölen als Barriere,,whole_body,
C0324,Tactile descriptions,"it keep the skin, moisturized and plump all day!!",Haut den ganzen Tag gepflegt und prall,https://www.reddit.com/r/Perimenopause/comments/1lwdvsg/so_what_are_we_doing_about_body_skin/n2jjb2k/,https://www.reddit.com/r/Perimenopause/comments/1lwdvsg/so_what_are_we_doing_about_body_skin/,C073,r/Perimenopause,reply,soft_smooth_desire,medium,"""Plump all day"" als Ergebnis",,whole_body,
C0325,Problem descriptions,"Since then my skin has aged so fast. It's thin, wrinkly, sagging, has age spots","Seit Peri altert Haut sehr schnell: dünn, faltig, schlaff, Flecken",https://www.reddit.com/r/Perimenopause/comments/1m1b7ig/i_didnt_think_id_physically_change_this_fast_in/,https://www.reddit.com/r/Perimenopause/comments/1m1b7ig/i_didnt_think_id_physically_change_this_fast_in/,C074,r/Perimenopause,OP peri since 2024,sudden_onset;thin_skin_bruising,high,Rasante Alterung trotz gesunder Lebensweise,,chest,
C0326,Exact phrases / metaphors / repeated wording,I feel like I aged 10 years in 10 months.,"Gefühl, in 10 Monaten 10 Jahre gealtert",https://www.reddit.com/r/Perimenopause/comments/1m1b7ig/i_didnt_think_id_physically_change_this_fast_in/,https://www.reddit.com/r/Perimenopause/comments/1m1b7ig/i_didnt_think_id_physically_change_this_fast_in/,C074,r/Perimenopause,OP,sudden_onset,high,Prägnante Kundenformel für beschleunigte Alterung,,unspecified,
C0327,Emotional reactions,I can write here a million changes and it all hit me in the last 12 months. It's scary.,Alles in 12 Monaten – beängstigend,https://www.reddit.com/r/Perimenopause/comments/1m1b7ig/i_didnt_think_id_physically_change_this_fast_in/,https://www.reddit.com/r/Perimenopause/comments/1m1b7ig/i_didnt_think_id_physically_change_this_fast_in/,C074,r/Perimenopause,OP,sudden_onset,high,Angst durch Tempo,,unspecified,
C0328,Failed attempts,"Healthy diet, no smoking or drinking, staying away from the sun. And I looked younger than my age for decades.","Gesund gelebt, Sonne gemieden – trotzdem plötzlich gealtert",https://www.reddit.com/r/Perimenopause/comments/1m1b7ig/i_didnt_think_id_physically_change_this_fast_in/,https://www.reddit.com/r/Perimenopause/comments/1m1b7ig/i_didnt_think_id_physically_change_this_fast_in/,C074,r/Perimenopause,OP,sunscreen_sun_damage;nothing_works,high,"""Alles richtig gemacht"" – Kontrollverlust",,unspecified,
C0329,Emotional reactions,It’s so shitty we were never prepared for this.,Niemand hat uns darauf vorbereitet,https://www.reddit.com/r/Perimenopause/comments/1m1b7ig/i_didnt_think_id_physically_change_this_fast_in/n3fodop/,https://www.reddit.com/r/Perimenopause/comments/1m1b7ig/i_didnt_think_id_physically_change_this_fast_in/,C074,r/Perimenopause,reply,new_unprepared,medium,Informationslücke als Frustquelle,,unspecified,hrt_medical_context
C0330,Identity / social implications,People think I look the same but I know I’ve aged quickly in a short period of time.,"Andere sehen es nicht, aber sie weiß, dass sie schnell gealtert ist",https://www.reddit.com/r/Perimenopause/comments/1m1b7ig/i_didnt_think_id_physically_change_this_fast_in/n3g7xwj/,https://www.reddit.com/r/Perimenopause/comments/1m1b7ig/i_didnt_think_id_physically_change_this_fast_in/,C074,r/Perimenopause,reply,sudden_onset,medium,Selbstwahrnehmung > Fremdwahrnehmung,,unspecified,
C0331,Emotional reactions,Mid 40s is so humbling,Mitte 40 ist demütigend,https://www.reddit.com/r/Perimenopause/comments/1m1b7ig/i_didnt_think_id_physically_change_this_fast_in/n3g0a3z/,https://www.reddit.com/r/Perimenopause/comments/1m1b7ig/i_didnt_think_id_physically_change_this_fast_in/,C074,r/Perimenopause,reply,acceptance_aging,medium,Demut/Ernüchterung,,unspecified,
C0332,Exact phrases / metaphors / repeated wording,At this rate I’ll become a bog witch at 50.,"""Moorhexe"" mit 50",https://www.reddit.com/r/Perimenopause/comments/1m1b7ig/i_didnt_think_id_physically_change_this_fast_in/n3gbbee/,https://www.reddit.com/r/Perimenopause/comments/1m1b7ig/i_didnt_think_id_physically_change_this_fast_in/,C074,r/Perimenopause,reply,old_lady_identity,medium,Humorvolle Selbstabwertung,,unspecified,under_40_signal
C0333,Identity / social implications,I can't believe how much different I look now. I barely recognize myself.,Erkennt sich kaum wieder,https://www.reddit.com/r/Perimenopause/comments/1m1b7ig/i_didnt_think_id_physically_change_this_fast_in/n3hnbz1/,https://www.reddit.com/r/Perimenopause/comments/1m1b7ig/i_didnt_think_id_physically_change_this_fast_in/,C074,r/Perimenopause,reply,feel_like_myself,high,Selbst-Wiedererkennung als Kernthema,,unspecified,face_only_transferable
C0334,Identity / social implications,I'm still beautiful though! Just look my age now. I gotta tackle my own attitudes towards aging,"Immer noch schön, nur altersgemäß; eigene Haltung zum Altern bearbeiten",https://www.reddit.com/r/Perimenopause/comments/1m1b7ig/i_didnt_think_id_physically_change_this_fast_in/n3lb6ij/,https://www.reddit.com/r/Perimenopause/comments/1m1b7ig/i_didnt_think_id_physically_change_this_fast_in/,C074,r/Perimenopause,reply,acceptance_aging,medium,Positive Akzeptanz-Stimme,,unspecified,
C0335,Emotional reactions,I honestly get a shock every time I catch a glimpse of myself unaware,Schock bei unerwartetem Blick auf sich selbst,https://www.reddit.com/r/Perimenopause/comments/1m1b7ig/i_didnt_think_id_physically_change_this_fast_in/n3frjwe/,https://www.reddit.com/r/Perimenopause/comments/1m1b7ig/i_didnt_think_id_physically_change_this_fast_in/,C074,r/Perimenopause,reply; nearly 42,sudden_onset;old_lady_identity,medium,Spiegel-/Schaufensterschock,42,face_transfer,face_only_transferable
C0336,Exact phrases / metaphors / repeated wording,So my neck and my belly both betrayed me all of a sudden.,Hals und Bauch haben sie plötzlich verraten,https://www.reddit.com/r/Perimenopause/comments/1m1b7ig/i_didnt_think_id_physically_change_this_fast_in/n3jpuc4/,https://www.reddit.com/r/Perimenopause/comments/1m1b7ig/i_didnt_think_id_physically_change_this_fast_in/,C074,r/Perimenopause,reply,sudden_onset,medium,Verrats-Metapher für Körper,,neck,
C0337,Exact phrases / metaphors / repeated wording,Father Time comes for all of us. It happens so fast.,"Vater Zeit holt alle ein, sehr schnell",https://www.reddit.com/r/Perimenopause/comments/1m1b7ig/i_didnt_think_id_physically_change_this_fast_in/n3fu3i5/,https://www.reddit.com/r/Perimenopause/comments/1m1b7ig/i_didnt_think_id_physically_change_this_fast_in/,C074,r/Perimenopause,reply,acceptance_aging;sudden_onset,medium,Kundensprache Tempo,,unspecified,
C0338,Symptoms / visible texture descriptions,It's shocking how loose and crepey my skin turned (arms neck calves) in a matter of months.,"Schockierend, wie locker und kreppig Haut an Armen, Hals, Waden in Monaten wurde",https://www.reddit.com/r/Perimenopause/comments/1m1b7ig/i_didnt_think_id_physically_change_this_fast_in/n3fu0dw/,https://www.reddit.com/r/Perimenopause/comments/1m1b7ig/i_didnt_think_id_physically_change_this_fast_in/,C074,r/Perimenopause,reply,crepey_arms;crepey_legs;sudden_onset,high,Krepphaut an Armen/Waden binnen Monaten,,arms,
C0339,Identity / social implications,I was never self conscious and now I feel like the most bedraggled turkey,"Nie unsicher gewesen, jetzt wie ein zerzauster Truthahn",https://www.reddit.com/r/Perimenopause/comments/1m1b7ig/i_didnt_think_id_physically_change_this_fast_in/n3fu0dw/,https://www.reddit.com/r/Perimenopause/comments/1m1b7ig/i_didnt_think_id_physically_change_this_fast_in/,C074,r/Perimenopause,reply,old_lady_identity;confidence_desire,high,Verlust von Selbstsicherheit; Truthahn-Metapher,,arms,
C0340,Emotional reactions,I got a Turkey gobbler under my chin. It fucking freaked me out and won't go away.,Truthahnhals unter dem Kinn – erschreckt sie,https://www.reddit.com/r/Perimenopause/comments/1m1b7ig/i_didnt_think_id_physically_change_this_fast_in/n3gd0xe/,https://www.reddit.com/r/Perimenopause/comments/1m1b7ig/i_didnt_think_id_physically_change_this_fast_in/,C074,r/Perimenopause,reply,crepey_chest,medium,Hals als Schockzone,,neck,face_only_transferable
C0341,Exact phrases / metaphors / repeated wording,Nothing is more disrespectful than peri/menopause.,Nichts ist respektloser als Peri/Menopause,https://www.reddit.com/r/Perimenopause/comments/1m1b7ig/i_didnt_think_id_physically_change_this_fast_in/n3guofa/,https://www.reddit.com/r/Perimenopause/comments/1m1b7ig/i_didnt_think_id_physically_change_this_fast_in/,C074,r/Perimenopause,reply,new_betrayal,medium,Humorvoll-wütende Tonalität,,unspecified,
C0342,Emotional reactions,I just noticed my turkey neck a couple of weeks ago and I am horrified,Entsetzt über neu entdeckten Truthahnhals,https://www.reddit.com/r/Perimenopause/comments/1m1b7ig/i_didnt_think_id_physically_change_this_fast_in/n3fz47a/,https://www.reddit.com/r/Perimenopause/comments/1m1b7ig/i_didnt_think_id_physically_change_this_fast_in/,C074,r/Perimenopause,reply,crepey_chest,medium,Entsetzen,,neck,
C0343,Emotional reactions,I’m very depressed and hopeless because it’s all downhill from here,"Deprimiert, hoffnungslos – geht nur noch bergab",https://www.reddit.com/r/Perimenopause/comments/1m1b7ig/i_didnt_think_id_physically_change_this_fast_in/n3hcqg7/,https://www.reddit.com/r/Perimenopause/comments/1m1b7ig/i_didnt_think_id_physically_change_this_fast_in/,C074,r/Perimenopause,reply,acceptance_aging,medium,Hoffnungslosigkeit,,unspecified,
C0344,Emotional reactions,I get SO PISSED that I spent so much time and effort for it all to be undone in a short amount of time.,"Wütend, dass alle Mühe in kurzer Zeit zunichte war",https://www.reddit.com/r/Perimenopause/comments/1m1b7ig/i_didnt_think_id_physically_change_this_fast_in/n3lyyks/,https://www.reddit.com/r/Perimenopause/comments/1m1b7ig/i_didnt_think_id_physically_change_this_fast_in/,C074,r/Perimenopause,reply,nothing_works;sudden_onset,high,Wut über vergebliche Prävention,,unspecified,
C0345,Exact phrases / metaphors / repeated wording,instead of hitting a wall going 100 miles an hour,Wie mit 160 km/h gegen eine Wand,https://www.reddit.com/r/Perimenopause/comments/1m1b7ig/i_didnt_think_id_physically_change_this_fast_in/n3lyyks/,https://www.reddit.com/r/Perimenopause/comments/1m1b7ig/i_didnt_think_id_physically_change_this_fast_in/,C074,r/Perimenopause,reply,sudden_onset,high,Metapher für abrupten Verfall,,unspecified,
C0346,Identity / social implications,"I always looked younger than my age and as that is creeping away, I am panicking and heartbroken. It’s always been a huge part of my identity.","Jünger aussehen war Teil der Identität – Panik, Herzschmerz",https://www.reddit.com/r/Perimenopause/comments/1m1b7ig/i_didnt_think_id_physically_change_this_fast_in/n3ht99x/,https://www.reddit.com/r/Perimenopause/comments/1m1b7ig/i_didnt_think_id_physically_change_this_fast_in/,C074,r/Perimenopause,reply,confidence_desire;feel_like_myself,high,"Identitätsverlust bei ""immer jung aussehenden"" Frauen",,unspecified,
C0347,Successful attempts,"I focused mainly on my neck, chest and hands and I see a real difference.","Retin-A auf Hals, Dekolleté, Händen – echter Unterschied",https://www.reddit.com/r/Perimenopause/comments/1m1b7ig/i_didnt_think_id_physically_change_this_fast_in/n3fq8g9/,https://www.reddit.com/r/Perimenopause/comments/1m1b7ig/i_didnt_think_id_physically_change_this_fast_in/,C074,r/Perimenopause,reply,retinol_body;crepey_chest;crepey_hands,medium,Rx-Retinoid auf Körperzonen als Wettbewerb,,chest,
C0348,Ingredient / mechanism beliefs,Retin helps produce collagen and helps with Crepey skin.,"Retin-A fördert Kollagen, hilft bei Krepphaut",https://www.reddit.com/r/Perimenopause/comments/1m1b7ig/i_didnt_think_id_physically_change_this_fast_in/n3fq8g9/,https://www.reddit.com/r/Perimenopause/comments/1m1b7ig/i_didnt_think_id_physically_change_this_fast_in/,C074,r/Perimenopause,reply,retinol_body,medium,Kollagen-Mechanismus als Wirkglaube,,chest,
C0349,Failed attempts,"when your skin starts feeling dry all the fucking time no matter how much lotion you use, it’s time to “graduate” to the next level of moisturizers","Wenn Haut trotz Lotion ständig trocken: zu reichhaltigeren Produkten ""aufsteigen""",https://www.reddit.com/r/Perimenopause/comments/1m1b7ig/i_didnt_think_id_physically_change_this_fast_in/n3gcocu/,https://www.reddit.com/r/Perimenopause/comments/1m1b7ig/i_didnt_think_id_physically_change_this_fast_in/,C074,r/Perimenopause,reply,lotion_temporary;oil_vs_lotion_confusion,high,Upgrade-Logik Lotion → Creme/Balsam/Okklusiv,,whole_body,
C0350,Ingredient / mechanism beliefs,"formulas for “mature skin” are what you should try, as that’s the code for “menopausal skin”","""Mature skin"" sei Code für ""menopausale Haut""",https://www.reddit.com/r/Perimenopause/comments/1m1b7ig/i_didnt_think_id_physically_change_this_fast_in/n3gcocu/,https://www.reddit.com/r/Perimenopause/comments/1m1b7ig/i_didnt_think_id_physically_change_this_fast_in/,C074,r/Perimenopause,reply,new_mature_skin_label,medium,Kategorie-Label-Verständnis,,chest,
C0351,Emotional reactions,my skin is so embarrassing lately!,Haut ist zurzeit so peinlich,https://www.reddit.com/r/Perimenopause/comments/1m1b7ig/i_didnt_think_id_physically_change_this_fast_in/n3gghbi/,https://www.reddit.com/r/Perimenopause/comments/1m1b7ig/i_didnt_think_id_physically_change_this_fast_in/,C074,r/Perimenopause,reply,confidence_desire,medium,Scham,,unspecified,
C0352,Objections,I always start but then freak out when it makes it look worse peeling!,"Bricht Retin-A ab, weil Schälen schlimmer aussieht",https://www.reddit.com/r/Perimenopause/comments/1m1b7ig/i_didnt_think_id_physically_change_this_fast_in/n3gghbi/,https://www.reddit.com/r/Perimenopause/comments/1m1b7ig/i_didnt_think_id_physically_change_this_fast_in/,C074,r/Perimenopause,reply,retinol_body;consistency_effort,high,Retinoid-Purging als Abbruchgrund,,unspecified,
C0353,Desired outcomes,"I don't mind looking my age, I just don't want to look older than I am!","Altersgerecht aussehen ok, aber nicht älter",https://www.reddit.com/r/Perimenopause/comments/1m1b7ig/i_didnt_think_id_physically_change_this_fast_in/n3gj5gz/,https://www.reddit.com/r/Perimenopause/comments/1m1b7ig/i_didnt_think_id_physically_change_this_fast_in/,C074,r/Perimenopause,reply,acceptance_aging;feel_like_myself,high,Kernwunsch: nicht älter als man ist – zentrale Positionierung prüfen,,unspecified,
C0354,Emotional reactions,I’ve noticed the change in the skin on my upper arms and it’s depressing as hell.,Veränderung an Oberarmen extrem deprimierend,https://www.reddit.com/r/Perimenopause/comments/1m1b7ig/i_didnt_think_id_physically_change_this_fast_in/n3ioivj/,https://www.reddit.com/r/Perimenopause/comments/1m1b7ig/i_didnt_think_id_physically_change_this_fast_in/,C074,r/Perimenopause,reply,crepey_arms,high,Oberarme als emotionale Zone,,arms,
C0355,Identity / social implications,you all make me feel like less of a monster,Community lässt sie sich weniger als Monster fühlen,https://www.reddit.com/r/Perimenopause/comments/1m1b7ig/i_didnt_think_id_physically_change_this_fast_in/n3hev9a/,https://www.reddit.com/r/Perimenopause/comments/1m1b7ig/i_didnt_think_id_physically_change_this_fast_in/,C074,r/Perimenopause,reply,peer_proof,medium,Peer-Community als Entlastung,,unspecified,
C0356,Exact phrases / metaphors / repeated wording,"Then 1 day my face was on my neck, my neck was on my chest and my boobs were on my belly and it seemed to happen in 6 months.","Gesicht auf Hals, Hals auf Brust, Brust auf Bauch – in 6 Monaten",https://www.reddit.com/r/Perimenopause/comments/1m1b7ig/i_didnt_think_id_physically_change_this_fast_in/n3htguf/,https://www.reddit.com/r/Perimenopause/comments/1m1b7ig/i_didnt_think_id_physically_change_this_fast_in/,C074,r/Perimenopause,reply; ~50,sudden_onset,high,Bildhafte Beschreibung der Schwerkraft,,chest,
C0357,Failed attempts,"I have taken fish and evening primrose oil for 30 years, I thought that was the trick. Nope.",30 Jahre Fisch-/Nachtkerzenöl – half nicht,https://www.reddit.com/r/Perimenopause/comments/1m1b7ig/i_didnt_think_id_physically_change_this_fast_in/n3htguf/,https://www.reddit.com/r/Perimenopause/comments/1m1b7ig/i_didnt_think_id_physically_change_this_fast_in/,C074,r/Perimenopause,reply,collagen_supplement;nothing_works,medium,Supplement-Enttäuschung,,unspecified,
C0358,Problem descriptions,"All up to 49 I was fine, still looked good for my age and younger than my age ..12 months and I’m looking my age","Bis 49 gut, in 12 Monaten altersgemäß aussehend",https://www.reddit.com/r/Perimenopause/comments/1m1b7ig/i_didnt_think_id_physically_change_this_fast_in/n3l5k4w/,https://www.reddit.com/r/Perimenopause/comments/1m1b7ig/i_didnt_think_id_physically_change_this_fast_in/,C074,r/Perimenopause,reply,sudden_onset,high,Kipp-Punkt um 49/50,49,neck,
C0359,Problem descriptions,"The closer I get to menopause, the more difficulty I have keeping the skin on my arms moisturized.","Je näher Menopause, desto schwerer, Armhaut feucht zu halten",https://www.reddit.com/r/Perimenopause/comments/1ti4ysg/hows_your_skin_is_anyone_else_finding_their/,https://www.reddit.com/r/Perimenopause/comments/1ti4ysg/hows_your_skin_is_anyone_else_finding_their/,C075,r/Perimenopause,OP Gen X 50+,crepey_arms;lotion_temporary,high,Arme als Hauptproblemzone; Lotion verliert Wirkung,,arms,
C0360,Symptoms / visible texture descriptions,my upper arms have the same bumpiness as when I was a kid,Oberarme wieder holprig wie in der Kindheit,https://www.reddit.com/r/Perimenopause/comments/1ti4ysg/hows_your_skin_is_anyone_else_finding_their/,https://www.reddit.com/r/Perimenopause/comments/1ti4ysg/hows_your_skin_is_anyone_else_finding_their/,C075,r/Perimenopause,OP,new_kp_bumps,high,KP-artige Unebenheit Oberarme,,arms,
C0361,Failed attempts,I’ve been using the same Trader Joe’s unscented lotion,Gleiche unparfümierte TJ-Lotion reicht nicht mehr,https://www.reddit.com/r/Perimenopause/comments/1ti4ysg/hows_your_skin_is_anyone_else_finding_their/,https://www.reddit.com/r/Perimenopause/comments/1ti4ysg/hows_your_skin_is_anyone_else_finding_their/,C075,r/Perimenopause,OP,lotion_temporary,medium,Bewährtes Produkt versagt in neuer Phase,,arms,hrt_medical_context
C0362,Problem descriptions,I am a life long greasy bitch who can no longer stay moisturized.,"Lebenslang fettige Haut, jetzt nicht mehr feucht zu halten",https://www.reddit.com/r/Perimenopause/comments/1ti4ysg/hows_your_skin_is_anyone_else_finding_their/omrtsbr/,https://www.reddit.com/r/Perimenopause/comments/1ti4ysg/hows_your_skin_is_anyone_else_finding_their/,C075,r/Perimenopause,reply,sudden_onset,high,Hauttyp-Wechsel,,whole_body,
C0363,Objections,the smell of scented lotions have started making me upset,Geruch parfümierter Lotionen regt sie jetzt auf,https://www.reddit.com/r/Perimenopause/comments/1ti4ysg/hows_your_skin_is_anyone_else_finding_their/omrtsbr/,https://www.reddit.com/r/Perimenopause/comments/1ti4ysg/hows_your_skin_is_anyone_else_finding_their/,C075,r/Perimenopause,reply,fragrance_sensitivity,high,Neu entstehende Duft-Intoleranz in Peri – Duftstärke kritisch,,whole_body,
C0364,Emotional reactions,I have a nice stash of scented things and some days I can't stand any of it. I'm gutted.,"Hat viele Duftprodukte, erträgt sie manchmal nicht – am Boden zerstört",https://www.reddit.com/r/Perimenopause/comments/1ti4ysg/hows_your_skin_is_anyone_else_finding_their/omtk8in/,https://www.reddit.com/r/Perimenopause/comments/1ti4ysg/hows_your_skin_is_anyone_else_finding_their/,C075,r/Perimenopause,reply,fragrance_sensitivity;scent_love,high,Verlust von Duftgenuss als emotionales Thema,,whole_body,
C0365,Exact phrases / metaphors / repeated wording,I am somehow both dry and greasy. It is a delightful time.,Gleichzeitig trocken und fettig,https://www.reddit.com/r/Perimenopause/comments/1ti4ysg/hows_your_skin_is_anyone_else_finding_their/omv1yoo/,https://www.reddit.com/r/Perimenopause/comments/1ti4ysg/hows_your_skin_is_anyone_else_finding_their/,C075,r/Perimenopause,reply,new_dry_and_oily,medium,Mischzustand erschwert Produktwahl,,unspecified,
C0366,Symptoms / visible texture descriptions,Just random itching sensations all over on some nights when I’m trying to get to sleep.,Zufälliger Juckreiz am ganzen Körper nachts,https://www.reddit.com/r/Perimenopause/comments/1ti4ysg/hows_your_skin_is_anyone_else_finding_their/omvdoh1/,https://www.reddit.com/r/Perimenopause/comments/1ti4ysg/hows_your_skin_is_anyone_else_finding_their/,C075,r/Perimenopause,OP reply,itch_flake,high,Nächtlicher Juckreiz stört Schlaf,,whole_body,
C0367,Successful attempts,Itchy shins that are a nightmare! CeraVe itch relief has saved my sanity.,Juckende Schienbeine – CeraVe Itch Relief rettete den Verstand,https://www.reddit.com/r/Perimenopause/comments/1ti4ysg/hows_your_skin_is_anyone_else_finding_their/omsbed4/,https://www.reddit.com/r/Perimenopause/comments/1ti4ysg/hows_your_skin_is_anyone_else_finding_their/,C075,r/Perimenopause,reply,itch_flake;crepey_legs,high,Schienbein-Juckreiz,,legs,
C0368,Failed attempts,which I bought to help avoid “crepy” skin on my outer arms!,Hyaluron-Lotion gekauft gegen Krepphaut an Armen – Ausschlag,https://www.reddit.com/r/Perimenopause/comments/1ti4ysg/hows_your_skin_is_anyone_else_finding_their/omsmntb/,https://www.reddit.com/r/Perimenopause/comments/1ti4ysg/hows_your_skin_is_anyone_else_finding_their/,C075,r/Perimenopause,OP reply,crepey_arms;fragrance_sensitivity,high,Anti-Krepp-Kauf mit Unverträglichkeit,,arms,
C0369,Failed attempts,Mine was a product called Saltair but I was also using a scented oil body wash in an attempt to soften my skin.,Saltair + parfümiertes Öl-Duschgel – Ausschlag,https://www.reddit.com/r/Perimenopause/comments/1ti4ysg/hows_your_skin_is_anyone_else_finding_their/omuwm3l/,https://www.reddit.com/r/Perimenopause/comments/1ti4ysg/hows_your_skin_is_anyone_else_finding_their/,C075,r/Perimenopause,OP reply,fragrance_sensitivity,high,Saltair als Wettbewerber mit Unverträglichkeitserfahrung,,arms,
C0370,Successful attempts,I started using Amlactin for my desert-like shins and it has made a hugely positive difference!,"AmLactin für ""wüstenartige"" Schienbeine – großer Unterschied",https://www.reddit.com/r/Perimenopause/comments/1ti4ysg/hows_your_skin_is_anyone_else_finding_their/oms1idl/,https://www.reddit.com/r/Perimenopause/comments/1ti4ysg/hows_your_skin_is_anyone_else_finding_their/,C075,r/Perimenopause,reply,amlactin_lactic;crepey_legs,high,Wüsten-Metapher + AmLactin-Erfolg,,legs,
C0371,Purchase criteria,Moisturizing and fragrance free.,Feuchtigkeitsspendend und duftfrei,https://www.reddit.com/r/Perimenopause/comments/1ti4ysg/hows_your_skin_is_anyone_else_finding_their/omuhs3z/,https://www.reddit.com/r/Perimenopause/comments/1ti4ysg/hows_your_skin_is_anyone_else_finding_their/,C075,r/Perimenopause,reply on Gold Bond diabetic,fragrance_sensitivity,medium,Duftfrei als Kriterium,,whole_body,
C0372,Purchase criteria,on the hunt for a new FF moisturizer that was thicker than aveeno,"Suche duftfreie, dickere Pflege als Aveeno",https://www.reddit.com/r/Perimenopause/comments/1ti4ysg/hows_your_skin_is_anyone_else_finding_their/omv5tsm/,https://www.reddit.com/r/Perimenopause/comments/1ti4ysg/hows_your_skin_is_anyone_else_finding_their/,C075,r/Perimenopause,reply,fragrance_sensitivity,medium,Dichte + duftfrei,,whole_body,
C0373,Purchase criteria,My skin will only tolerate Vanicream and Vaseline. No make up or scented anything.,Verträgt nur Vanicream und Vaseline; nichts Parfümiertes,https://www.reddit.com/r/Perimenopause/comments/1ti4ysg/hows_your_skin_is_anyone_else_finding_their/on3kc62/,https://www.reddit.com/r/Perimenopause/comments/1ti4ysg/hows_your_skin_is_anyone_else_finding_their/,C075,r/Perimenopause,reply,fragrance_sensitivity,high,Hochsensibles Segment,,whole_body,
C0374,Problem descriptions,"Always had great skin, if not a little oily, and now I have dry flaky red patches on my face and legs.","Früher gute Haut, jetzt trockene schuppige rote Stellen",https://www.reddit.com/r/Perimenopause/comments/1ti4ysg/hows_your_skin_is_anyone_else_finding_their/omvi0xh/,https://www.reddit.com/r/Perimenopause/comments/1ti4ysg/hows_your_skin_is_anyone_else_finding_their/,C075,r/Perimenopause,reply; eczema at 43,itch_flake;sudden_onset,medium,Neu auftretende Hautprobleme ab 43,43,legs,
C0375,Symptoms / visible texture descriptions,I’m dry and almost scaly. I’ve resorted to using Vaseline as my body/hand lotion.,"Trocken, fast schuppig – greift zu Vaseline",https://www.reddit.com/r/Perimenopause/comments/1ti4ysg/hows_your_skin_is_anyone_else_finding_their/on101lh/,https://www.reddit.com/r/Perimenopause/comments/1ti4ysg/hows_your_skin_is_anyone_else_finding_their/,C075,r/Perimenopause,reply,itch_flake;cheap_oil_alternative,high,Vaseline als Notlösung,,whole_body,
C0376,Routine friction,My 2 humidifiers now run almost constantly.,Zwei Luftbefeuchter laufen fast ständig,https://www.reddit.com/r/Perimenopause/comments/1ti4ysg/hows_your_skin_is_anyone_else_finding_their/on574lh/,https://www.reddit.com/r/Perimenopause/comments/1ti4ysg/hows_your_skin_is_anyone_else_finding_their/,C075,r/Perimenopause,reply,new_humidity_climate,medium,Umgebungsmaßnahmen als Ergänzung,,whole_body,
C0377,Symptoms / visible texture descriptions,"The skin everywhere on my body, except my face and neck, looks like it tissue paper.",Haut am ganzen Körper außer Gesicht/Hals sieht aus wie Seidenpapier,https://www.reddit.com/r/Perimenopause/comments/1jsf80m/anyone_elses_skin_change_from_normal_to_crepey/,https://www.reddit.com/r/Perimenopause/comments/1jsf80m/anyone_elses_skin_change_from_normal_to_crepey/,C076,r/Perimenopause,OP peri,crepey_arms;crepey_legs,high,"""Tissue paper"" als Kundensprache für Körper-Krepp",,whole_body,
C0378,Failed attempts,"I use coconut oil and lotion, take collagen and omega 3,6 and 9.","Kokosöl, Lotion, Kollagen, Omega – reicht nicht",https://www.reddit.com/r/Perimenopause/comments/1jsf80m/anyone_elses_skin_change_from_normal_to_crepey/,https://www.reddit.com/r/Perimenopause/comments/1jsf80m/anyone_elses_skin_change_from_normal_to_crepey/,C076,r/Perimenopause,OP,cheap_oil_alternative;collagen_supplement;nothing_works,high,Öl allein wirkt nicht gegen Krepp-Optik,,whole_body,
C0379,Questions customers repeatedly ask,Any suggestions on what else I can do? Does hrt help with that?,Was kann sie noch tun? Hilft HRT?,https://www.reddit.com/r/Perimenopause/comments/1jsf80m/anyone_elses_skin_change_from_normal_to_crepey/,https://www.reddit.com/r/Perimenopause/comments/1jsf80m/anyone_elses_skin_change_from_normal_to_crepey/,C076,r/Perimenopause,OP,question_what_works,high,Suchfrage,,whole_body,hrt_medical_context
C0380,Emotional reactions,I don’t love this ride lol,Mag diese Fahrt nicht,https://www.reddit.com/r/Perimenopause/comments/1jsf80m/anyone_elses_skin_change_from_normal_to_crepey/,https://www.reddit.com/r/Perimenopause/comments/1jsf80m/anyone_elses_skin_change_from_normal_to_crepey/,C076,r/Perimenopause,OP,acceptance_aging,medium,Ironische Tonalität,,whole_body,
C0381,Symptoms / visible texture descriptions,my thigh area and and under my arms I’ve noticed is getting crepey looking especially. It’s like it happened so quickly too.,Oberschenkel und Unterarme werden kreppig – sehr schnell,https://www.reddit.com/r/Perimenopause/comments/1jsf80m/anyone_elses_skin_change_from_normal_to_crepey/mlmpff9/,https://www.reddit.com/r/Perimenopause/comments/1jsf80m/anyone_elses_skin_change_from_normal_to_crepey/,C076,r/Perimenopause,reply,crepey_legs;crepey_arms;sudden_onset,high,Oberschenkel/Armunterseite als Zonen,,legs,
C0382,Exact phrases / metaphors / repeated wording,"Yes, it happened super quick",Ging super schnell,https://www.reddit.com/r/Perimenopause/comments/1jsf80m/anyone_elses_skin_change_from_normal_to_crepey/mlmth63/,https://www.reddit.com/r/Perimenopause/comments/1jsf80m/anyone_elses_skin_change_from_normal_to_crepey/,C076,r/Perimenopause,OP reply,sudden_onset,medium,Schnelligkeit bestätigt,,whole_body,
C0383,Symptoms / visible texture descriptions,"my under arms, vulva and lower legs are crepey af. Like in the last few months","Armunterseiten und Unterschenkel extrem kreppig, in wenigen Monaten",https://www.reddit.com/r/Perimenopause/comments/1jsf80m/anyone_elses_skin_change_from_normal_to_crepey/mlo11gp/,https://www.reddit.com/r/Perimenopause/comments/1jsf80m/anyone_elses_skin_change_from_normal_to_crepey/,C076,r/Perimenopause,reply,crepey_arms;crepey_legs;sudden_onset,high,Monate-Zeitraum,,arms,
C0384,Emotional reactions,omg I was not ready for this!,War nicht darauf vorbereitet,https://www.reddit.com/r/Perimenopause/comments/1jsf80m/anyone_elses_skin_change_from_normal_to_crepey/mlrcyob/,https://www.reddit.com/r/Perimenopause/comments/1jsf80m/anyone_elses_skin_change_from_normal_to_crepey/,C076,r/Perimenopause,reply,new_unprepared,medium,Überraschung,,unspecified,
C0385,Product / routine preferences,"I also like to use Onasnatural estriol or estradiol cream on my hands and legs, it helps a ton and you don't need a script for it.",Östriol-Creme ohne Rezept auf Händen/Beinen,https://www.reddit.com/r/Perimenopause/comments/1jsf80m/anyone_elses_skin_change_from_normal_to_crepey/mlp0404/,https://www.reddit.com/r/Perimenopause/comments/1jsf80m/anyone_elses_skin_change_from_normal_to_crepey/,C076,r/Perimenopause,reply,hrt_estrogen_skin,low,OTC-Hormoncremes als Konkurrenz (regulatorisch heikel),,legs,hrt_medical_context
C0386,Skepticism,it's a marketing term that doesn't mean much,"""Bioidentisch"" sei ein Marketingbegriff",https://www.reddit.com/r/Perimenopause/comments/1jsf80m/anyone_elses_skin_change_from_normal_to_crepey/mlm2cwg/,https://www.reddit.com/r/Perimenopause/comments/1jsf80m/anyone_elses_skin_change_from_normal_to_crepey/,C076,r/Perimenopause,reply,marketing_distrust,low,Skepsis gegenüber Marketing-Begriffen,,unspecified,hrt_medical_context
C0387,Successful attempts,"I slacked on my exfoliation for awhile and started getting crepey arms. Once I got back in the habit, the crepe went away.",Ohne Peeling kreppige Arme; mit Peeling wieder weg,https://www.reddit.com/r/Perimenopause/comments/1jsf80m/anyone_elses_skin_change_from_normal_to_crepey/mluma7w/,https://www.reddit.com/r/Perimenopause/comments/1jsf80m/anyone_elses_skin_change_from_normal_to_crepey/,C076,r/Perimenopause,reply,exfoliation_dry_brush;crepey_arms;consistency_effort,high,Peeling + Pflege als wahrgenommene Krepp-Lösung,,arms,
C0388,Ingredient / mechanism beliefs,Exfoliation and moisturization are the keys to keeping my skin looking its best.,Peeling und Feuchtigkeit sind der Schlüssel,https://www.reddit.com/r/Perimenopause/comments/1jsf80m/anyone_elses_skin_change_from_normal_to_crepey/mluma7w/,https://www.reddit.com/r/Perimenopause/comments/1jsf80m/anyone_elses_skin_change_from_normal_to_crepey/,C076,r/Perimenopause,reply,exfoliation_dry_brush,high,Zwei-Säulen-Glaube,,arms,
C0389,Exact phrases / metaphors / repeated wording,now my neck looks old overnight?!,Hals sieht über Nacht alt aus,https://www.reddit.com/r/Perimenopause/comments/1jsf80m/anyone_elses_skin_change_from_normal_to_crepey/mm7bp9f/,https://www.reddit.com/r/Perimenopause/comments/1jsf80m/anyone_elses_skin_change_from_normal_to_crepey/,C076,r/Perimenopause,reply,sudden_onset,medium,Über-Nacht-Narrativ,,neck,
C0390,Purchase criteria,I’m looking to invest in a super good quality lotion if it will actually do something for my body skin.,"Bereit zu investieren, wenn es wirklich etwas bewirkt",https://www.reddit.com/r/SkincareAddiction/comments/1nfkepq/antiaging_body_lotions_that_actually_do_something/,https://www.reddit.com/r/SkincareAddiction/comments/1nfkepq/antiaging_body_lotions_that_actually_do_something/,C077,r/SkincareAddiction,OP 41F,price_value,medium,Zahlungsbereitschaft gekoppelt an echte Wirkung,41,whole_body,
C0391,Ingredient / mechanism beliefs,"According to Dr Dray, 12% lactic acid can increase collagen production.",Laut Dr. Dray steigert 12% Milchsäure Kollagen,https://www.reddit.com/r/SkincareAddiction/comments/1nfkepq/antiaging_body_lotions_that_actually_do_something/ndy05n4/,https://www.reddit.com/r/SkincareAddiction/comments/1nfkepq/antiaging_body_lotions_that_actually_do_something/,C077,r/SkincareAddiction,reply,amlactin_lactic,medium,Derm-Influencer prägen Wirkstoffglauben,,whole_body,
C0392,Exact phrases / metaphors / repeated wording,I saw the smoothest old man I had ever seen his skin was literally GLOWING,Glattester alter Mann mit strahlender Haut – mit AmLactin im Wagen,https://www.reddit.com/r/SkincareAddiction/comments/1nfkepq/antiaging_body_lotions_that_actually_do_something/ne1ca2x/,https://www.reddit.com/r/SkincareAddiction/comments/1nfkepq/antiaging_body_lotions_that_actually_do_something/,C077,r/SkincareAddiction,reply; ex-Costco,amlactin_lactic;peer_proof;glow_desire,medium,Zufällige Sozialbeweise lösen Spontankauf aus,,whole_body,
C0393,Objections,PLEASE wear sunscreen if you’re using this stuff you will burn faster and worse,Mit AmLactin schneller Sonnenbrand,https://www.reddit.com/r/SkincareAddiction/comments/1nfkepq/antiaging_body_lotions_that_actually_do_something/ne1ca2x/,https://www.reddit.com/r/SkincareAddiction/comments/1nfkepq/antiaging_body_lotions_that_actually_do_something/,C077,r/SkincareAddiction,reply,amlactin_lactic;sunscreen_sun_damage,medium,Sonnenempfindlichkeit als Säure-Nachteil,,whole_body,
C0394,Objections,It's just soooo expensive,Einfach so teuer,https://www.reddit.com/r/SkincareAddiction/comments/1nfkepq/antiaging_body_lotions_that_actually_do_something/ndy8z9p/,https://www.reddit.com/r/SkincareAddiction/comments/1nfkepq/antiaging_body_lotions_that_actually_do_something/,C077,r/SkincareAddiction,reply,price_value,medium,Preis-Einwand selbst bei ~20$,,whole_body,
C0395,Objections,"Seems to work well but ugh, that smell is god awful.","Wirkt, aber Geruch furchtbar",https://www.reddit.com/r/SkincareAddiction/comments/1nfkepq/antiaging_body_lotions_that_actually_do_something/ne8eplv/,https://www.reddit.com/r/SkincareAddiction/comments/1nfkepq/antiaging_body_lotions_that_actually_do_something/,C077,r/SkincareAddiction,reply; F52,amlactin_lactic;fragrance_sensitivity,high,AmLactin-Geruch wiederkehrend,52,legs,
C0396,Problem descriptions,my knees are really starting to look old to me,Knie sehen alt aus,https://www.reddit.com/r/SkincareAddiction/comments/1nfkepq/antiaging_body_lotions_that_actually_do_something/nn4hda9/,https://www.reddit.com/r/SkincareAddiction/comments/1nfkepq/antiaging_body_lotions_that_actually_do_something/,C077,r/SkincareAddiction,reply,crepey_knees,high,Knie als Zone,,knees,
C0397,Skepticism,no need to go out and buy a different product for your body versus your face,Kein separates Körperprodukt nötig,https://www.reddit.com/r/SkincareAddiction/comments/1nfkepq/antiaging_body_lotions_that_actually_do_something/ndyiqpc/,https://www.reddit.com/r/SkincareAddiction/comments/1nfkepq/antiaging_body_lotions_that_actually_do_something/,C077,r/SkincareAddiction,reply,marketing_distrust,medium,Skepsis gegenüber Körper-Spezialprodukten,,whole_body,
C0398,Purchase criteria,Necessaire. But it’s $$$. Most people here will probably be better off using the Goldbond retinol body lotion.,Necessaire teuer; Gold Bond Retinol günstige Alternative,https://www.reddit.com/r/SkincareAddiction/comments/1nfkepq/antiaging_body_lotions_that_actually_do_something/ndyehdi/,https://www.reddit.com/r/SkincareAddiction/comments/1nfkepq/antiaging_body_lotions_that_actually_do_something/,C077,r/SkincareAddiction,reply,price_value;gold_bond_crepe;retinol_body,medium,Premium vs. Drogerie-Abwägung,,whole_body,
C0399,Routine friction,"it’s a 2-3 step regimen: shower and exfoliate, shower oil, rinse, step out of shower, glycolic acid toner, body oil, let dry, moisturizer.","Mehrstufiges Regime mit Duschöl, Toner, Körperöl, Creme",https://www.reddit.com/r/SkincareAddiction/comments/1nfkepq/antiaging_body_lotions_that_actually_do_something/ndxb1uq/,https://www.reddit.com/r/SkincareAddiction/comments/1nfkepq/antiaging_body_lotions_that_actually_do_something/,C077,r/SkincareAddiction,reply,routine_fatigue;oil_vs_lotion_confusion,medium,Komplexität von Körperroutinen,,legs,
C0400,Ingredient / mechanism beliefs,any oil goes on top of moisturizer you aren’t getting the moisture you would if you did the right order,"Öl gehört über die Creme, sonst falsche Reihenfolge",https://www.reddit.com/r/SkincareAddiction/comments/1nfkepq/antiaging_body_lotions_that_actually_do_something/ndxegi7/,https://www.reddit.com/r/SkincareAddiction/comments/1nfkepq/antiaging_body_lotions_that_actually_do_something/,C077,r/SkincareAddiction,reply,question_order_of_application;oil_seals_not_hydrates,medium,Reihenfolge-Glaube (Öl zuletzt) – Verwirrung adressieren,,whole_body,
C0401,Successful attempts,Shower oil has made a distinct and immediate change in my skin,Duschöl brachte sofortige Veränderung,https://www.reddit.com/r/SkincareAddiction/comments/1nfkepq/antiaging_body_lotions_that_actually_do_something/ne0r6ip/,https://www.reddit.com/r/SkincareAddiction/comments/1nfkepq/antiaging_body_lotions_that_actually_do_something/,C077,r/SkincareAddiction,reply,oil_on_damp_skin;time_to_result,medium,Sofortwirkung von Duschöl,,whole_body,
C0402,Failed attempts,"I threw everything but the bat at resolving dry, itchy, strawberry skin on my legs. No amount of moisture changed this until I added the TO glycolic acid.","Alles versucht gegen ""Erdbeerhaut"" an Beinen; erst Glykolsäure half",https://www.reddit.com/r/SkincareAddiction/comments/1nfkepq/antiaging_body_lotions_that_actually_do_something/ne11sj4/,https://www.reddit.com/r/SkincareAddiction/comments/1nfkepq/antiaging_body_lotions_that_actually_do_something/,C077,r/SkincareAddiction,reply,nothing_works;exfoliation_dry_brush,high,Feuchtigkeit allein löst Textur nicht,,legs,
C0403,Questions customers repeatedly ask,I have a bad reaction to retinol. Do I have other options,Retinol-Unverträglichkeit – Alternativen?,https://www.reddit.com/r/SkincareAddiction/comments/1nfkepq/antiaging_body_lotions_that_actually_do_something/ndychgu/,https://www.reddit.com/r/SkincareAddiction/comments/1nfkepq/antiaging_body_lotions_that_actually_do_something/,C077,r/SkincareAddiction,reply,retinol_body;question_what_works,medium,Bedarf an Retinol-Alternativen,,whole_body,
C0404,Questions customers repeatedly ask,What are your skin goals? What are you wanting the lotion to do?,Fragt nach Hautzielen,https://www.reddit.com/r/SkincareAddiction/comments/1nfkepq/antiaging_body_lotions_that_actually_do_something/ndx9nre/,https://www.reddit.com/r/SkincareAddiction/comments/1nfkepq/antiaging_body_lotions_that_actually_do_something/,C077,r/SkincareAddiction,reply,question_what_works,low,Zielklärung,,whole_body,
C0405,Purchase criteria,It’s just rich enough but not sticky,"Reichhaltig genug, aber nicht klebrig",https://www.reddit.com/r/SkincareAddiction/comments/1nfkepq/antiaging_body_lotions_that_actually_do_something/ndxliwp/,https://www.reddit.com/r/SkincareAddiction/comments/1nfkepq/antiaging_body_lotions_that_actually_do_something/,C077,r/SkincareAddiction,reply,oil_absorbs_fast,high,Balance reichhaltig/nicht klebrig,,whole_body,
C0406,Failed attempts,"My body skin is super parched and needed something more emollient, so I wound up having to put on a layer of richer lotion on top.","Haut so ausgedörrt, dass noch reichhaltigere Schicht nötig war",https://www.reddit.com/r/SkincareAddiction/comments/1nfkepq/antiaging_body_lotions_that_actually_do_something/ndxliwp/,https://www.reddit.com/r/SkincareAddiction/comments/1nfkepq/antiaging_body_lotions_that_actually_do_something/,C077,r/SkincareAddiction,reply,lotion_temporary;routine_fatigue,medium,Layering-Notwendigkeit,,whole_body,
C0407,Purchase criteria,That’s such a plus in my book and I wish more skincare companies would do the same.,Unparfümierte Option ist großes Plus,https://www.reddit.com/r/SkincareAddiction/comments/1nfkepq/antiaging_body_lotions_that_actually_do_something/ne3ijuz/,https://www.reddit.com/r/SkincareAddiction/comments/1nfkepq/antiaging_body_lotions_that_actually_do_something/,C077,r/SkincareAddiction,reply,fragrance_sensitivity,high,Unscented-Variante als Wunsch,,whole_body,
C0408,Purchase criteria,"If applied out of the shower on damp skin, you don't need as much and it increases absorption.","Auf feuchte Haut: weniger Produkt, bessere Aufnahme",https://www.reddit.com/r/SkincareAddiction/comments/1nfkepq/antiaging_body_lotions_that_actually_do_something/ndxvfs8/,https://www.reddit.com/r/SkincareAddiction/comments/1nfkepq/antiaging_body_lotions_that_actually_do_something/,C077,r/SkincareAddiction,reply; 42,oil_on_damp_skin,medium,Feuchthaut-Glaube,42,whole_body,
C0409,Objections,"it had an overwhelming ""grandma"" smell (forgive the term)","Überwältigender ""Oma-Geruch""",https://www.reddit.com/r/SkincareAddiction/comments/1nfkepq/antiaging_body_lotions_that_actually_do_something/ndzoyhb/,https://www.reddit.com/r/SkincareAddiction/comments/1nfkepq/antiaging_body_lotions_that_actually_do_something/,C077,r/SkincareAddiction,reply,fragrance_sensitivity;old_lady_identity,high,"""Grandma smell"" als Duft-Ausschluss – Duftprofil darf nicht ""alt"" wirken",,whole_body,
C0410,Purchase criteria,I would caution anyone not to blind buy a full bottle,Warnt vor Blindkauf einer ganzen Flasche,https://www.reddit.com/r/SkincareAddiction/comments/1nfkepq/antiaging_body_lotions_that_actually_do_something/ndzoyhb/,https://www.reddit.com/r/SkincareAddiction/comments/1nfkepq/antiaging_body_lotions_that_actually_do_something/,C077,r/SkincareAddiction,reply,new_sample_trial,high,Probiergrößen/Duftproben als Kaufhilfe,,whole_body,
C0411,Purchase criteria,"They are a bit pricy, but depending on how you utilize your lotions, it may be worth it for you.","Etwas teuer, aber evtl. lohnend",https://www.reddit.com/r/SkincareAddiction/comments/1nfkepq/antiaging_body_lotions_that_actually_do_something/ne47lde/,https://www.reddit.com/r/SkincareAddiction/comments/1nfkepq/antiaging_body_lotions_that_actually_do_something/,C077,r/SkincareAddiction,reply; 42,price_value,medium,Preis/Nutzung-Abwägung,42,whole_body,
C0412,Tactile descriptions,Makes my skin soft as butter.,Haut weich wie Butter,https://www.reddit.com/r/SkincareAddiction/comments/1nfkepq/antiaging_body_lotions_that_actually_do_something/ndyfgie/,https://www.reddit.com/r/SkincareAddiction/comments/1nfkepq/antiaging_body_lotions_that_actually_do_something/,C077,r/SkincareAddiction,reply,soft_smooth_desire,medium,"""Soft as butter"" Kundensprache",,whole_body,
C0413,Ingredient / mechanism beliefs,Your dead skin doesn’t absorb moisture well (if at all).,Tote Haut nimmt Feuchtigkeit kaum auf,https://www.reddit.com/r/SkincareAddiction/comments/1nfkepq/antiaging_body_lotions_that_actually_do_something/ndxu3n7/,https://www.reddit.com/r/SkincareAddiction/comments/1nfkepq/antiaging_body_lotions_that_actually_do_something/,C077,r/SkincareAddiction,reply,exfoliation_dry_brush,medium,Peeling-vor-Pflege-Glaube,,whole_body,
C0414,Successful attempts,Amlactin in the blue tub with a body oil layered over it afterwards is a game changer,AmLactin + Körperöl darüber = Game Changer,https://www.reddit.com/r/SkincareAddiction/comments/1nfkepq/antiaging_body_lotions_that_actually_do_something/ndys64y/,https://www.reddit.com/r/SkincareAddiction/comments/1nfkepq/antiaging_body_lotions_that_actually_do_something/,C077,r/SkincareAddiction,reply,amlactin_lactic;oil_seals_not_hydrates,high,Öl als Layering-Partner zu Säuren,,whole_body,
C0415,Ingredient / mechanism beliefs,Jojoba oil is the closest botanical oil to our own sebum. It’s lovely and doesn’t leave your skin feeling oily-it’s a dry oil.,"Jojoba ähnelt Hautsebum, fühlt sich nicht ölig an",https://www.reddit.com/r/SkincareAddiction/comments/1nfkepq/antiaging_body_lotions_that_actually_do_something/ne06sjg/,https://www.reddit.com/r/SkincareAddiction/comments/1nfkepq/antiaging_body_lotions_that_actually_do_something/,C077,r/SkincareAddiction,reply,oil_absorbs_fast;cheap_oil_alternative,medium,Jojoba-Sebum-Glaube verbreitet,,whole_body,
C0416,Successful attempts,I’m 51 and my skin has never been better.,Mit 51 Haut nie besser – aufwendiges Multi-Produkt-Regime,https://www.reddit.com/r/SkincareAddiction/comments/1nfkepq/antiaging_body_lotions_that_actually_do_something/ndxmf93/,https://www.reddit.com/r/SkincareAddiction/comments/1nfkepq/antiaging_body_lotions_that_actually_do_something/,C077,r/SkincareAddiction,reply; 51,consistency_effort,high,Hochengagiertes Segment mit vielen Produkten,51,whole_body,
C0417,Tactile descriptions,It feels slimey and wrong but it evaporates quickly.,"Auf feuchter Haut fühlt es sich schleimig an, verdunstet aber schnell",https://www.reddit.com/r/SkincareAddiction/comments/1nfkepq/antiaging_body_lotions_that_actually_do_something/ne0qtwo/,https://www.reddit.com/r/SkincareAddiction/comments/1nfkepq/antiaging_body_lotions_that_actually_do_something/,C077,r/SkincareAddiction,reply,oil_on_damp_skin,medium,Sensorik-Irritation bei Feuchthaut-Anwendung,,whole_body,
C0418,Skepticism,"F52 here. I've tried it all. Expensive, cheap.... Trust me when I say Cerave moisturizing lotion is the best.","52, alles probiert – CeraVe ist das Beste",https://www.reddit.com/r/SkincareAddiction/comments/1nfkepq/antiaging_body_lotions_that_actually_do_something/ne8eh5u/,https://www.reddit.com/r/SkincareAddiction/comments/1nfkepq/antiaging_body_lotions_that_actually_do_something/,C077,r/SkincareAddiction,reply; F52,price_value;nothing_works,high,Preis ≠ Wirkung aus Sicht erfahrener 50+,52,whole_body,
C0419,Routine friction,they recently reformulated … it feels kinda chalky and takes foreverrr to rub in. I actually threw it in the trash.,"Nach Reformulierung kreidig, zieht ewig ein – weggeworfen",https://www.reddit.com/r/SkincareAddiction/comments/1nfkepq/antiaging_body_lotions_that_actually_do_something/ndyplak/,https://www.reddit.com/r/SkincareAddiction/comments/1nfkepq/antiaging_body_lotions_that_actually_do_something/,C077,r/SkincareAddiction,reply,new_reformulation_distrust;oil_absorbs_fast,high,Einziehzeit als K.o.-Kriterium,,whole_body,
C0420,Ingredient / mechanism beliefs,"It mimics the natural lipids of your skin barrier and is highly occlusive, and locks in moisture like no other.","Rindertalg imitiert Hautlipide, okklusiv",https://www.reddit.com/r/SkincareAddiction/comments/1nfkepq/antiaging_body_lotions_that_actually_do_something/ndy68cg/,https://www.reddit.com/r/SkincareAddiction/comments/1nfkepq/antiaging_body_lotions_that_actually_do_something/,C077,r/SkincareAddiction,reply,new_natural_oil_pref;oil_seals_not_hydrates,medium,"Talg-Trend als ""natürliche"" Konkurrenz",,whole_body,
C0421,Questions customers repeatedly ask,I’ve been wanting to try and start taking better care of my body skin too but I have no idea how to go about this.,"Will Körperhaut besser pflegen, weiß aber nicht wie",https://www.reddit.com/r/SkincareAddiction/comments/m78e8v/misc_what_does_your_body_care_routine_look_like/,https://www.reddit.com/r/SkincareAddiction/comments/m78e8v/misc_what_does_your_body_care_routine_look_like/,C078,r/SkincareAddiction,OP general SCA,question_what_works;new_body_neglect,low,Wissenslücke Körperpflege auch jüngerer Zielgruppen,,whole_body,under_40_signal
C0422,Exact phrases / metaphors / repeated wording,Tbh my body has become a receptacle for all the overpriced skincare products my face didn't agree with.,"Körper als ""Sammelbecken"" für aussortierte Gesichtsprodukte",https://www.reddit.com/r/SkincareAddiction/comments/m78e8v/misc_what_does_your_body_care_routine_look_like/granzpu/,https://www.reddit.com/r/SkincareAddiction/comments/m78e8v/misc_what_does_your_body_care_routine_look_like/,C078,r/SkincareAddiction,reply,new_body_neglect,low,Körper als Pflege-Nachrangzone,,whole_body,
C0423,Exact phrases / metaphors / repeated wording,my plan is for my face to look like a newborn while the rest of my body looks as old as time,"Gesicht wie Neugeborenes, Körper ""alt wie die Zeit""",https://www.reddit.com/r/SkincareAddiction/comments/m78e8v/misc_what_does_your_body_care_routine_look_like/grakp2t/,https://www.reddit.com/r/SkincareAddiction/comments/m78e8v/misc_what_does_your_body_care_routine_look_like/,C078,r/SkincareAddiction,reply,new_body_neglect,low,Humorvolle Bestätigung der Gesicht/Körper-Lücke,,whole_body,
C0424,Identity / social implications,My Mum warned me! She warned me about the décolletage and the hands! I did not listen and wanted to be cute and tanned.,Mutter warnte vor Dekolleté und Händen; wollte gebräunt sein,https://www.reddit.com/r/SkincareAddiction/comments/m78e8v/misc_what_does_your_body_care_routine_look_like/grb1z13/,https://www.reddit.com/r/SkincareAddiction/comments/m78e8v/misc_what_does_your_body_care_routine_look_like/,C078,r/SkincareAddiction,reply,mothers_skin;sunscreen_sun_damage;crepey_chest,low,Mütterliche Warnung als Erzählmotiv,,chest,non_us_signal
C0425,Ingredient / mechanism beliefs,If I put it on when my skin is completely dry I feel like it just sits on top of my skin for a while.,Auf trockener Haut bleibt Lotion obenauf,https://www.reddit.com/r/SkincareAddiction/comments/m78e8v/misc_what_does_your_body_care_routine_look_like/grbf9ba/,https://www.reddit.com/r/SkincareAddiction/comments/m78e8v/misc_what_does_your_body_care_routine_look_like/,C078,r/SkincareAddiction,reply,oil_on_damp_skin,medium,Feuchthaut-Anwendung für Einziehen,,whole_body,
C0426,Purchase criteria,"it amazes me that an easily accessible product works so, so well without making any wild claims","Erstaunt, dass ein leicht erhältliches Produkt ohne wilde Versprechen so gut wirkt",https://www.reddit.com/r/SkincareAddiction/comments/m78e8v/misc_what_does_your_body_care_routine_look_like/granbt6/,https://www.reddit.com/r/SkincareAddiction/comments/m78e8v/misc_what_does_your_body_care_routine_look_like/,C078,r/SkincareAddiction,reply on Gold Bond,marketing_distrust;gold_bond_crepe,medium,Unaufgeregte Claims schaffen Vertrauen,,whole_body,
C0427,Routine friction,I buy the family size bottles and keep one in my shower and one by my bed. I also have a smaller bottle at my work-from-home area,Familiengrößen an mehreren Orten,https://www.reddit.com/r/SkincareAddiction/comments/m78e8v/misc_what_does_your_body_care_routine_look_like/grb18tb/,https://www.reddit.com/r/SkincareAddiction/comments/m78e8v/misc_what_does_your_body_care_routine_look_like/,C078,r/SkincareAddiction,reply,consistency_effort,medium,Verfügbarkeit an mehreren Orten,,whole_body,
C0428,Routine friction,It’s such a pain trying to get the dregs out of the pump bottles.,Reste aus Pumpflaschen herausholen nervt,https://www.reddit.com/r/SkincareAddiction/comments/m78e8v/misc_what_does_your_body_care_routine_look_like/grb18tb/,https://www.reddit.com/r/SkincareAddiction/comments/m78e8v/misc_what_does_your_body_care_routine_look_like/,C078,r/SkincareAddiction,reply,new_packaging,medium,Verpackungs-Friktion (Pumpe),,whole_body,
C0429,Objections,I use amlactin a few times a week for exfoliation but I hate the smell,"Nutzt AmLactin, hasst den Geruch",https://www.reddit.com/r/SkincareAddiction/comments/m78e8v/misc_what_does_your_body_care_routine_look_like/grbd9r7/,https://www.reddit.com/r/SkincareAddiction/comments/m78e8v/misc_what_does_your_body_care_routine_look_like/,C078,r/SkincareAddiction,reply,amlactin_lactic,medium,Wiederkehrender AmLactin-Geruchseinwand,,whole_body,
C0430,Tactile descriptions,feels so luxurious when I apply it … doesn’t feel greasy at all which I really appreciate too,"Fühlt sich luxuriös an, nicht fettig",https://www.reddit.com/r/SkincareAddiction/comments/m78e8v/misc_what_does_your_body_care_routine_look_like/grauau7/,https://www.reddit.com/r/SkincareAddiction/comments/m78e8v/misc_what_does_your_body_care_routine_look_like/,C078,r/SkincareAddiction,reply on Hydroboost body,oil_absorbs_fast;self_care_ritual,low,Luxusgefühl + nicht fettig,,whole_body,
C0431,Tactile descriptions,"It sinks in so fast but leaves your skin feeling buttery and smooth, no oily residue whatsoever.","Zieht schnell ein, butterweich, kein öliger Rückstand",https://www.reddit.com/r/SkincareAddiction/comments/m78e8v/misc_what_does_your_body_care_routine_look_like/grbfx1o/,https://www.reddit.com/r/SkincareAddiction/comments/m78e8v/misc_what_does_your_body_care_routine_look_like/,C078,r/SkincareAddiction,reply on Necessaire,oil_absorbs_fast;soft_smooth_desire,low,Sensorik-Zielvokabular,,whole_body,
C0432,Purchase criteria,their stuff does have a light scent but it's not strong or overpowering and it doesn't linger,"Leichter Duft, nicht aufdringlich, verfliegt",https://www.reddit.com/r/SkincareAddiction/comments/m78e8v/misc_what_does_your_body_care_routine_look_like/grb870g/,https://www.reddit.com/r/SkincareAddiction/comments/m78e8v/misc_what_does_your_body_care_routine_look_like/,C078,r/SkincareAddiction,reply; fragrance allergy,fragrance_sensitivity,medium,"Akzeptabler Duft = leicht, nicht anhaltend",,whole_body,
C0433,Exact phrases / metaphors / repeated wording,"rough, cracked, callused gargoyle feet","""Wasserspeier-Füße""",https://www.reddit.com/r/SkincareAddiction/comments/m78e8v/misc_what_does_your_body_care_routine_look_like/grb870g/,https://www.reddit.com/r/SkincareAddiction/comments/m78e8v/misc_what_does_your_body_care_routine_look_like/,C078,r/SkincareAddiction,reply,new_reptile_metaphor,low,Monster-Metaphern,,unspecified,
C0434,Skepticism,"It may be my imagination but the skin does feel a little bit firmer. Any improvements besides that, I think, will be very modest.","Vielleicht Einbildung, etwas fester; Verbesserungen bescheiden",https://www.reddit.com/r/SkincareAddiction/comments/m78e8v/misc_what_does_your_body_care_routine_look_like/gra97m2/,https://www.reddit.com/r/SkincareAddiction/comments/m78e8v/misc_what_does_your_body_care_routine_look_like/,C078,r/SkincareAddiction,reply on body retinol,retinol_body,low,Moderate Erwartungen an Körper-Retinol,,whole_body,
C0435,Routine friction,I have depression and anxiety so sometimes the bare minimum feels like a lot.,Bei Depression fühlt sich Minimum schon viel an,https://www.reddit.com/r/SkincareAddiction/comments/m78e8v/misc_what_does_your_body_care_routine_look_like/graqq18/,https://www.reddit.com/r/SkincareAddiction/comments/m78e8v/misc_what_does_your_body_care_routine_look_like/,C078,r/SkincareAddiction,reply,routine_fatigue,low,Mentale Belastung begrenzt Routinen,,unspecified,
C0436,Routine friction,it would require herculean effort to have the same elaborate routines for our entire bodies twice a day,Gesichtsroutine auf ganzen Körper wäre herkulischer Aufwand,https://www.reddit.com/r/SkincareAddiction/comments/m78e8v/misc_what_does_your_body_care_routine_look_like/grah3pu/,https://www.reddit.com/r/SkincareAddiction/comments/m78e8v/misc_what_does_your_body_care_routine_look_like/,C078,r/SkincareAddiction,reply,routine_fatigue,medium,Körperpflege muss einfacher sein als Gesicht,,whole_body,
C0437,Purchase criteria,"it is body oil so it lasts for aages, so it's probably worth it","Körperöl hält ewig, daher Preis wohl gerechtfertigt",https://www.reddit.com/r/SkincareAddiction/comments/m78e8v/misc_what_does_your_body_care_routine_look_like/grah3pu/,https://www.reddit.com/r/SkincareAddiction/comments/m78e8v/misc_what_does_your_body_care_routine_look_like/,C078,r/SkincareAddiction,reply,price_value,medium,Ergiebigkeit von Öl als Preisargument,,whole_body,
C0438,Product / routine preferences,Slather myself in body oil before a shower to mitigate some of the moisture-loss from washing my body.,Körperöl VOR dem Duschen gegen Feuchtigkeitsverlust,https://www.reddit.com/r/SkincareAddiction/comments/m78e8v/misc_what_does_your_body_care_routine_look_like/grah3pu/,https://www.reddit.com/r/SkincareAddiction/comments/m78e8v/misc_what_does_your_body_care_routine_look_like/,C078,r/SkincareAddiction,reply,question_order_of_application,medium,Alternative Anwendung vor dem Duschen,,whole_body,
C0439,Product / routine preferences,I let it absorb into my skin and then do another layer of a thicker/more occlusive product like an oil or Shea butter.,"Lotion einziehen lassen, dann Öl/Sheabutter darüber",https://www.reddit.com/r/SkincareAddiction/comments/m78e8v/misc_what_does_your_body_care_routine_look_like/gragc90/,https://www.reddit.com/r/SkincareAddiction/comments/m78e8v/misc_what_does_your_body_care_routine_look_like/,C078,r/SkincareAddiction,reply,oil_seals_not_hydrates;question_order_of_application,medium,"Öl als zweite, okklusive Schicht",,whole_body,
C0440,Product / routine preferences,Bio oil 2x a day. … I read an article saying that’s what Cate Blanchett does. And I can get it at wal mart.,"Bio-Oil 2x täglich – wegen Cate Blanchett, bei Walmart erhältlich",https://www.reddit.com/r/SkincareAddiction/comments/m78e8v/misc_what_does_your_body_care_routine_look_like/grap57m/,https://www.reddit.com/r/SkincareAddiction/comments/m78e8v/misc_what_does_your_body_care_routine_look_like/,C078,r/SkincareAddiction,reply,peer_proof,low,Prominenten-Routinen als Auslöser,,whole_body,
C0441,Problem descriptions,"some of my skin areas, mostly arms and legs, are getting REALLY wrinkly",Arme und Beine werden sehr faltig,https://www.reddit.com/r/SkincareAddiction/comments/14cn06o/product_request_need_products_for_old_lady_crepey/,https://www.reddit.com/r/SkincareAddiction/comments/14cn06o/product_request_need_products_for_old_lady_crepey/,C079,r/SkincareAddiction,OP 74,crepey_arms;crepey_legs,high,65+ Segment mit Arm/Bein-Krepp,74,arms,
C0442,Emotional reactions,"I'm not particularly concerned about my appearance, but the shriveled crepey skin is disconcerting","Aussehen egal, aber verschrumpelte Krepphaut beunruhigt",https://www.reddit.com/r/SkincareAddiction/comments/14cn06o/product_request_need_products_for_old_lady_crepey/,https://www.reddit.com/r/SkincareAddiction/comments/14cn06o/product_request_need_products_for_old_lady_crepey/,C079,r/SkincareAddiction,OP 74,acceptance_aging,high,Unbehagen auch ohne Eitelkeit,74,arms,
C0443,Desired outcomes,I'd like to find something that might make it better or at least slow it down,Verbessern oder zumindest verlangsamen,https://www.reddit.com/r/SkincareAddiction/comments/14cn06o/product_request_need_products_for_old_lady_crepey/,https://www.reddit.com/r/SkincareAddiction/comments/14cn06o/product_request_need_products_for_old_lady_crepey/,C079,r/SkincareAddiction,OP 74,acceptance_aging,high,Bescheidenes Ziel,74,arms,
C0444,Purchase criteria,"I'm open to suggestions, but I don't a lot of money to spend.","Offen, aber wenig Budget",https://www.reddit.com/r/SkincareAddiction/comments/14cn06o/product_request_need_products_for_old_lady_crepey/,https://www.reddit.com/r/SkincareAddiction/comments/14cn06o/product_request_need_products_for_old_lady_crepey/,C079,r/SkincareAddiction,OP 74,price_value,high,Budgetrestriktion bei Älteren,74,arms,
C0445,Problem descriptions,"I've spent most of my life battling zits, but didn't pay much attention to my limbs.","Lebenslang auf Pickel fokussiert, Gliedmaßen vernachlässigt",https://www.reddit.com/r/SkincareAddiction/comments/14cn06o/product_request_need_products_for_old_lady_crepey/,https://www.reddit.com/r/SkincareAddiction/comments/14cn06o/product_request_need_products_for_old_lady_crepey/,C079,r/SkincareAddiction,OP 74,new_body_neglect,high,Körperpflege-Neuling im Alter,74,arms,
C0446,Purchase criteria,for my body I don’t really wanna spend a huge amount for something that’s a bit more cosmetic,"Für Körper nicht viel ausgeben, da eher kosmetisch",https://www.reddit.com/r/SkincareAddiction/comments/14cn06o/product_request_need_products_for_old_lady_crepey/jond337/,https://www.reddit.com/r/SkincareAddiction/comments/14cn06o/product_request_need_products_for_old_lady_crepey/,C079,r/SkincareAddiction,reply,price_value,medium,Geringere Zahlungsbereitschaft für Körper vs. Gesicht,,whole_body,
C0447,Exact phrases / metaphors / repeated wording,Hi fellow old crepey lady!,"""Hallo, liebe alte kreppige Dame""",https://www.reddit.com/r/SkincareAddiction/comments/14cn06o/product_request_need_products_for_old_lady_crepey/jolv6pb/,https://www.reddit.com/r/SkincareAddiction/comments/14cn06o/product_request_need_products_for_old_lady_crepey/,C079,r/SkincareAddiction,reply,old_lady_identity,high,Selbstironische Gruppenidentität,,arms,
C0448,Failed attempts,I’ve been using the Gold Bond retinol body lotion but I can’t say I see much improvement vs any other body lotion which temporarily makes the skin look better.,"Gold Bond Retinol kaum besser als andere Lotion, die nur vorübergehend wirkt",https://www.reddit.com/r/SkincareAddiction/comments/14cn06o/product_request_need_products_for_old_lady_crepey/jolv6pb/,https://www.reddit.com/r/SkincareAddiction/comments/14cn06o/product_request_need_products_for_old_lady_crepey/,C079,r/SkincareAddiction,reply,gold_bond_crepe;lotion_temporary;retinol_body,high,Temporärer Effekt als Lotion-Grundproblem,,arms,
C0449,Skepticism,I’m not sure if any of the products suggested have enough retinol in them to be effective. I just keep trying though!,Zweifel an Wirkstoffkonzentration; probiert weiter,https://www.reddit.com/r/SkincareAddiction/comments/14cn06o/product_request_need_products_for_old_lady_crepey/jolv6pb/,https://www.reddit.com/r/SkincareAddiction/comments/14cn06o/product_request_need_products_for_old_lady_crepey/,C079,r/SkincareAddiction,reply,marketing_distrust;nothing_works,high,Hartnäckiges Weiterprobieren trotz Zweifel,,arms,
C0450,Product / routine preferences,I put it on my crepe after I showered last night.,"Hat Aveeno nach Dusche auf ""ihren Krepp"" aufgetragen",https://www.reddit.com/r/SkincareAddiction/comments/14cn06o/product_request_need_products_for_old_lady_crepey/jopf8jh/,https://www.reddit.com/r/SkincareAddiction/comments/14cn06o/product_request_need_products_for_old_lady_crepey/,C079,r/SkincareAddiction,OP reply 74,crepey_arms,medium,"""My crepe"" als Kundensprache",74,arms,
C0451,Successful attempts,applying a body oil followed by a body lotion or body cream after my shower has made a very noticeable improvement in my crepey skin!,Körperöl + Lotion nach Dusche deutliche Verbesserung der Krepphaut,https://www.reddit.com/r/SkincareAddiction/comments/14cn06o/product_request_need_products_for_old_lady_crepey/joqrkq5/,https://www.reddit.com/r/SkincareAddiction/comments/14cn06o/product_request_need_products_for_old_lady_crepey/,C079,r/SkincareAddiction,reply,oil_vs_lotion_confusion;crepey_arms,high,Öl-Lotion-Layering mit wahrgenommenem Krepp-Effekt,,whole_body,
C0452,Problem descriptions,I’m 54 and I’m concerned about creepy skin.,"54 und besorgt wegen ""creepy skin""",https://www.reddit.com/r/SkincareAddiction/comments/14cn06o/product_request_need_products_for_old_lady_crepey/jolgdxk/,https://www.reddit.com/r/SkincareAddiction/comments/14cn06o/product_request_need_products_for_old_lady_crepey/,C079,r/SkincareAddiction,reply; 54,new_creepy_spelling,high,"Kernalter, Schreibvariante",54,whole_body,
C0453,Product / routine preferences,I use the Neutrogena Body Oil when I get out of the shower. Then I use an anti-aging lotion I found on Amazon.,"Neutrogena Körperöl nach Dusche, dann Amazon-Anti-Aging-Lotion",https://www.reddit.com/r/SkincareAddiction/comments/14cn06o/product_request_need_products_for_old_lady_crepey/jolgdxk/,https://www.reddit.com/r/SkincareAddiction/comments/14cn06o/product_request_need_products_for_old_lady_crepey/,C079,r/SkincareAddiction,reply; 54,oil_on_damp_skin,high,Öl + günstige Amazon-Lotion; Preis <$20,54,whole_body,
C0454,Skepticism,"Don't buy anything like this on Amazon, it's probably counterfeit and has no retinol or caffeine and it whatsoever, especially if that price.",Amazon-Produkte zu diesem Preis vermutlich Fälschungen,https://www.reddit.com/r/SkincareAddiction/comments/14cn06o/product_request_need_products_for_old_lady_crepey/jolmuen/,https://www.reddit.com/r/SkincareAddiction/comments/14cn06o/product_request_need_products_for_old_lady_crepey/,C079,r/SkincareAddiction,reply,marketing_distrust;new_amazon_counterfeit,medium,Kanal-Misstrauen (Amazon),,whole_body,
C0455,Successful attempts,Have old lady crepey skin. I use Gold Bond Crepe Correct on my arms and thighs. Have to be consistent in applying it but it does help!,Gold Bond Crepe an Armen/Oberschenkeln hilft bei Konsequenz,https://www.reddit.com/r/SkincareAddiction/comments/14cn06o/product_request_need_products_for_old_lady_crepey/jon0qa5/,https://www.reddit.com/r/SkincareAddiction/comments/14cn06o/product_request_need_products_for_old_lady_crepey/,C079,r/SkincareAddiction,reply,gold_bond_crepe;consistency_effort;old_lady_identity,high,Konsequenz als Wirkbedingung,,arms,
C0456,Routine friction,Bought it. Now I just have to remember to use it!,"Gekauft – jetzt dran denken, es zu benutzen",https://www.reddit.com/r/SkincareAddiction/comments/14cn06o/product_request_need_products_for_old_lady_crepey/jpbzm8j/,https://www.reddit.com/r/SkincareAddiction/comments/14cn06o/product_request_need_products_for_old_lady_crepey/,C079,r/SkincareAddiction,OP reply 74,consistency_effort,high,Anwendungs-Vergessen,74,arms,
C0457,Purchase criteria,"I can't afford the expensive stuff, but I'm seeing recommendations for things I can afford, so I'll start with those. If they don't help, c'est la vie...",Kann Teures nicht zahlen; Günstiges zuerst,https://www.reddit.com/r/SkincareAddiction/comments/14cn06o/product_request_need_products_for_old_lady_crepey/jopk259/,https://www.reddit.com/r/SkincareAddiction/comments/14cn06o/product_request_need_products_for_old_lady_crepey/,C079,r/SkincareAddiction,OP reply 74,price_value;acceptance_aging,high,Budget-Start + gelassene Haltung,74,arms,
C0458,Skepticism,"at your age, with what you want to treat, a cream or serum won't give you the results you desire",In dem Alter bringt Creme nicht das gewünschte Ergebnis,https://www.reddit.com/r/SkincareAddiction/comments/14cn06o/product_request_need_products_for_old_lady_crepey/jonfg2u/,https://www.reddit.com/r/SkincareAddiction/comments/14cn06o/product_request_need_products_for_old_lady_crepey/,C079,r/SkincareAddiction,reply,only_procedures_work,medium,Prozedur-Narrativ,,arms,
C0459,Desired outcomes,"I don't expect miracles, just am hoping to minimize the crepeness and slow down the crepefication.","Keine Wunder, nur Krepp mindern und verlangsamen",https://www.reddit.com/r/SkincareAddiction/comments/14cn06o/product_request_need_products_for_old_lady_crepey/jopaaqb/,https://www.reddit.com/r/SkincareAddiction/comments/14cn06o/product_request_need_products_for_old_lady_crepey/,C079,r/SkincareAddiction,OP reply 74,acceptance_aging,high,Realistisches Erwartungsniveau,74,arms,
C0460,Exact phrases / metaphors / repeated wording,slow down the crepefication,"""Crepefication"" verlangsamen",https://www.reddit.com/r/SkincareAddiction/comments/14cn06o/product_request_need_products_for_old_lady_crepey/jopaaqb/,https://www.reddit.com/r/SkincareAddiction/comments/14cn06o/product_request_need_products_for_old_lady_crepey/,C079,r/SkincareAddiction,OP reply 74,new_crepefication,high,Neologismus,74,arms,
C0461,Ingredient / mechanism beliefs,"Argan Oil!!! It's nick name is ""liquid gold"" for a reason.","Arganöl ""flüssiges Gold""",https://www.reddit.com/r/SkincareAddiction/comments/14cn06o/product_request_need_products_for_old_lady_crepey/joni1xk/,https://www.reddit.com/r/SkincareAddiction/comments/14cn06o/product_request_need_products_for_old_lady_crepey/,C079,r/SkincareAddiction,reply,new_natural_oil_pref,low,Öl-Mythos/Prestige,,whole_body,
C0462,Identity / social implications,"Actually, I expected to be a LOT more wrinkled at 74!",Erwartete mit 74 viel faltiger zu sein,https://www.reddit.com/r/SkincareAddiction/comments/14cn06o/product_request_need_products_for_old_lady_crepey/jovnrnt/,https://www.reddit.com/r/SkincareAddiction/comments/14cn06o/product_request_need_products_for_old_lady_crepey/,C079,r/SkincareAddiction,OP reply 74,acceptance_aging,medium,Humorvolle Gelassenheit,74,unspecified,
C0463,Skepticism,"I compared the ingredients and they are IDENTICAL. Literally word-for-word the same list (15% lactic acid + ceramides). You are basically paying $12 extra just for the word ""firming"".","INCI identisch – 12$ Aufpreis nur für das Wort ""firming""",https://www.reddit.com/r/SkincareAddiction/comments/1pg9y2o/psa_dont_buy_the_more_expensive_amlactin_the_kp/,https://www.reddit.com/r/SkincareAddiction/comments/1pg9y2o/psa_dont_buy_the_more_expensive_amlactin_the_kp/,C080,r/SkincareAddiction,OP data-driven PSA,amlactin_lactic;marketing_distrust;price_value,high,"""Crepe/Firming""-Labels werden als Preisaufschlag entlarvt – Claim-Glaubwürdigkeit kritisch",,whole_body,
C0464,Skepticism,"I know there is a lot of price gouging for different brands, but I was surprised it's so blatant in the same product lines.",Preistreiberei innerhalb derselben Linie überrascht,https://www.reddit.com/r/SkincareAddiction/comments/1pg9y2o/psa_dont_buy_the_more_expensive_amlactin_the_kp/,https://www.reddit.com/r/SkincareAddiction/comments/1pg9y2o/psa_dont_buy_the_more_expensive_amlactin_the_kp/,C080,r/SkincareAddiction,OP,marketing_distrust;price_value,high,Misstrauen gegen Line-Extensions,,whole_body,
C0465,Purchase criteria,The blue tub has the ceramides to help your barrier and is only $1.50/oz.,"Blauer Tiegel mit Ceramiden nur 1,50$/oz",https://www.reddit.com/r/SkincareAddiction/comments/1pg9y2o/psa_dont_buy_the_more_expensive_amlactin_the_kp/,https://www.reddit.com/r/SkincareAddiction/comments/1pg9y2o/psa_dont_buy_the_more_expensive_amlactin_the_kp/,C080,r/SkincareAddiction,OP,price_value,high,Preis pro Unze als Vergleichsmaß,,whole_body,
C0466,Failed attempts,I got it just because my KP was so bad at the time and I was desperate lol. The tube is TINY,Aus Verzweiflung gekauft – Tube winzig,https://www.reddit.com/r/SkincareAddiction/comments/1pg9y2o/psa_dont_buy_the_more_expensive_amlactin_the_kp/nsq3hk5/,https://www.reddit.com/r/SkincareAddiction/comments/1pg9y2o/psa_dont_buy_the_more_expensive_amlactin_the_kp/,C080,r/SkincareAddiction,reply,price_value,medium,Verzweiflungskäufe und Größenenttäuschung,,arms,
C0467,Time-to-result expectations,"It’s mostly consistency, it takes like a month at least to see results but it’s the only thing that works for me and that I can upkeep.","Konsequenz, mindestens ein Monat bis Ergebnis",https://www.reddit.com/r/SkincareAddiction/comments/1pg9y2o/psa_dont_buy_the_more_expensive_amlactin_the_kp/nsvtuqh/,https://www.reddit.com/r/SkincareAddiction/comments/1pg9y2o/psa_dont_buy_the_more_expensive_amlactin_the_kp/,C080,r/SkincareAddiction,reply,time_to_result;consistency_effort,medium,Zeitrahmen ~1 Monat; Durchhaltbarkeit entscheidend,,arms,
C0468,Successful attempts,I was able to get rid of a lot of bumps on the back of my arms using jojoba oil religiously twice a day for a few months. It’s not 100% but it made a difference.,Jojobaöl 2x täglich über Monate reduzierte Unebenheiten an Oberarmen,https://www.reddit.com/r/SkincareAddiction/comments/1pg9y2o/psa_dont_buy_the_more_expensive_amlactin_the_kp/o65nbj3/,https://www.reddit.com/r/SkincareAddiction/comments/1pg9y2o/psa_dont_buy_the_more_expensive_amlactin_the_kp/,C080,r/SkincareAddiction,reply,cheap_oil_alternative;time_to_result;consistency_effort,medium,Öl als Langzeit-Ritual mit Teilerfolg,,arms,
C0469,Purchase criteria,It’s not cheap but it’s not outrageous either. About $14 for 4 ounces,"Jojoba nicht billig, aber nicht unverschämt: 14$/4oz",https://www.reddit.com/r/SkincareAddiction/comments/1pg9y2o/psa_dont_buy_the_more_expensive_amlactin_the_kp/o65nbj3/,https://www.reddit.com/r/SkincareAddiction/comments/1pg9y2o/psa_dont_buy_the_more_expensive_amlactin_the_kp/,C080,r/SkincareAddiction,reply,price_value;cheap_oil_alternative,medium,Preisanker für reines Jojobaöl,,arms,
C0470,Successful attempts,I'm 47 and have tried almost everything since I was a teen. It's adapalene gel 0.1% once a day.,Mit 47 nach allem endlich Adapalen gegen KP,https://www.reddit.com/r/SkincareAddiction/comments/1pg9y2o/psa_dont_buy_the_more_expensive_amlactin_the_kp/odvw5dm/,https://www.reddit.com/r/SkincareAddiction/comments/1pg9y2o/psa_dont_buy_the_more_expensive_amlactin_the_kp/,C080,r/SkincareAddiction,reply; 47,retinol_body;nothing_works,medium,Retinoid-Alternativen,47,arms,
C0471,Time-to-result expectations,Took about 3-4 months of daily use!,3–4 Monate tägliche Anwendung,https://www.reddit.com/r/SkincareAddiction/comments/1pg9y2o/psa_dont_buy_the_more_expensive_amlactin_the_kp/pdik4hc/,https://www.reddit.com/r/SkincareAddiction/comments/1pg9y2o/psa_dont_buy_the_more_expensive_amlactin_the_kp/,C080,r/SkincareAddiction,reply,time_to_result,medium,Zeiterwartung 3–4 Monate,,arms,
C0472,Exact phrases / metaphors / repeated wording,It saves my dry winter lizard skin!,Rettet trockene Winter-Echsenhaut,https://www.reddit.com/r/SkincareAddiction/comments/1pg9y2o/psa_dont_buy_the_more_expensive_amlactin_the_kp/nsqdald/,https://www.reddit.com/r/SkincareAddiction/comments/1pg9y2o/psa_dont_buy_the_more_expensive_amlactin_the_kp/,C080,r/SkincareAddiction,reply,new_reptile_metaphor;winter_dryness;amlactin_lactic,medium,Echsen-Metapher + Winter,,whole_body,
C0473,Purchase criteria,"I have a spreadsheet of price per volume of every product I use, combined with how long it takes me to go through it",Tabelle mit Preis pro Volumen und Verbrauchsdauer,https://www.reddit.com/r/SkincareAddiction/comments/1pg9y2o/psa_dont_buy_the_more_expensive_amlactin_the_kp/nsujma1/,https://www.reddit.com/r/SkincareAddiction/comments/1pg9y2o/psa_dont_buy_the_more_expensive_amlactin_the_kp/,C080,r/SkincareAddiction,reply,price_value,medium,Hochpreisbewusste Käuferinnen rechnen Kosten pro Anwendung,,whole_body,
C0474,Product / routine preferences,"I’ve been using my lotions etc on damp skin and I just can’t do it without the dampness anymore!! It feels like product sinks in more thoroughly, and it spreads sooo much easier/better!",Auf feuchter Haut zieht Produkt besser ein und verteilt sich leichter,https://www.reddit.com/r/SkincareAddiction/comments/1pg9y2o/psa_dont_buy_the_more_expensive_amlactin_the_kp/nsr40bb/,https://www.reddit.com/r/SkincareAddiction/comments/1pg9y2o/psa_dont_buy_the_more_expensive_amlactin_the_kp/,C080,r/SkincareAddiction,reply,oil_on_damp_skin,high,Feuchthaut-Anwendung als Gewohnheit,,whole_body,
C0475,Skepticism,A lot of brands have expanded their lines without much rhyme or reason other than skin care = beaucoup bucks.,Marken erweitern Linien nur fürs Geld,https://www.reddit.com/r/SkincareAddiction/comments/1pg9y2o/psa_dont_buy_the_more_expensive_amlactin_the_kp/nss2m3g/,https://www.reddit.com/r/SkincareAddiction/comments/1pg9y2o/psa_dont_buy_the_more_expensive_amlactin_the_kp/,C080,r/SkincareAddiction,reply,marketing_distrust,medium,Line-Extension-Skepsis,,whole_body,
C0476,Successful attempts,It has completely changed my skin on my arms and hands and it's only been a few weeks,Nach wenigen Wochen Arme/Hände völlig verändert,https://www.reddit.com/r/SkincareAddiction/comments/1pg9y2o/psa_dont_buy_the_more_expensive_amlactin_the_kp/on699j8/,https://www.reddit.com/r/SkincareAddiction/comments/1pg9y2o/psa_dont_buy_the_more_expensive_amlactin_the_kp/,C080,r/SkincareAddiction,reply,amlactin_lactic;time_to_result,medium,Wochen-Zeitrahmen für sichtbare Wirkung,,arms,
C0477,Product / routine preferences,after applying my facial skincare I rub whatever remains on my hands to my kp area (for me the back of my upper arms),Reste der Gesichtspflege auf Oberarm-Rückseite,https://www.reddit.com/r/SkincareAddiction/comments/1pg9y2o/psa_dont_buy_the_more_expensive_amlactin_the_kp/nsrn0jz/,https://www.reddit.com/r/SkincareAddiction/comments/1pg9y2o/psa_dont_buy_the_more_expensive_amlactin_the_kp/,C080,r/SkincareAddiction,reply,consistency_effort,medium,Routine-Kopplung an Gesichtspflege erleichtert Konsequenz,,arms,
C0478,Objections,I find coconut oil a bit messier.,Kokosöl etwas schmieriger/unordentlicher,https://www.reddit.com/r/SkincareAddiction/comments/1pg9y2o/psa_dont_buy_the_more_expensive_amlactin_the_kp/o32umzo/,https://www.reddit.com/r/SkincareAddiction/comments/1pg9y2o/psa_dont_buy_the_more_expensive_amlactin_the_kp/,C080,r/SkincareAddiction,reply,oil_greasy_staining,medium,Messiness als Öl-Einwand,,arms,
C0479,Objections,"IMO, it's too heavy for summer.",Zu schwer für den Sommer,https://www.reddit.com/r/SkincareAddiction/comments/1pg9y2o/psa_dont_buy_the_more_expensive_amlactin_the_kp/nsrurir/,https://www.reddit.com/r/SkincareAddiction/comments/1pg9y2o/psa_dont_buy_the_more_expensive_amlactin_the_kp/,C080,r/SkincareAddiction,reply,summer_trigger,medium,Saisonale Texturpräferenz,,whole_body,
C0480,Skepticism,"The green one ""best value"" is over $50CAD at Walmart in Canada. What a rip off.",In Kanada über 50 CAD – Abzocke,https://www.reddit.com/r/SkincareAddiction/comments/1pg9y2o/psa_dont_buy_the_more_expensive_amlactin_the_kp/o298y3a/,https://www.reddit.com/r/SkincareAddiction/comments/1pg9y2o/psa_dont_buy_the_more_expensive_amlactin_the_kp/,C080,r/SkincareAddiction,reply; Canada,price_value,low,Preisärger,,whole_body,non_us_signal
C0481,Failed attempts,The lotion is so thin now and doesn’t leave my skin feeling as soft as before,"Neue Formel dünner, Haut nicht mehr so weich",https://www.reddit.com/r/SkincareAddiction/comments/1pg9y2o/psa_dont_buy_the_more_expensive_amlactin_the_kp/o25hxdx/,https://www.reddit.com/r/SkincareAddiction/comments/1pg9y2o/psa_dont_buy_the_more_expensive_amlactin_the_kp/,C080,r/SkincareAddiction,reply,new_reformulation_distrust,medium,Reformulierungs-Enttäuschung,,arms,
C0482,Skepticism,Is this an ad?,Ist das Werbung?,https://www.reddit.com/r/SkincareAddiction/comments/1pg9y2o/psa_dont_buy_the_more_expensive_amlactin_the_kp/nspt7d9/,https://www.reddit.com/r/SkincareAddiction/comments/1pg9y2o/psa_dont_buy_the_more_expensive_amlactin_the_kp/,C080,r/SkincareAddiction,reply,marketing_distrust,medium,Reflexhaftes Werbe-Misstrauen auch bei echten Posts,,unspecified,
C0483,Tactile descriptions,I literally cannot stop feeling myself up because my skin is SO SOFT.,"Kann nicht aufhören, die eigene Haut anzufassen – so weich",https://www.reddit.com/r/beauty/comments/1dhgg35/people_why_did_no_one_tell_me_about_postshower/,https://www.reddit.com/r/beauty/comments/1dhgg35/people_why_did_no_one_tell_me_about_postshower/,C081,r/beauty,"OP r/beauty, discovering body oil",soft_smooth_desire,medium,Haptische Weichheit als Aha-Erlebnis bei Öl-Erstnutzung,,whole_body,
C0484,Problem descriptions,I never learned to do this and just w o w. This is such a game changer.,"Nie gelernt, Öl nach dem Duschen zu nutzen – Game Changer",https://www.reddit.com/r/beauty/comments/1dhgg35/people_why_did_no_one_tell_me_about_postshower/,https://www.reddit.com/r/beauty/comments/1dhgg35/people_why_did_no_one_tell_me_about_postshower/,C081,r/beauty,OP,new_body_neglect,medium,Viele kennen Öl-Ritual nicht – Aufklärungspotenzial,,whole_body,
C0485,Objections,"Plain old Johnson and Johnson baby oil - I liked this, but still felt a little oily. Also I read something on here about how mineral oil isn't the best.",Babyöl noch etwas ölig; Mineralöl gilt als nicht ideal,https://www.reddit.com/r/beauty/comments/1dhgg35/people_why_did_no_one_tell_me_about_postshower/,https://www.reddit.com/r/beauty/comments/1dhgg35/people_why_did_no_one_tell_me_about_postshower/,C081,r/beauty,OP,cheap_oil_alternative;oil_greasy_staining;new_mineral_oil_distrust,medium,Mineralöl-Skepsis als Differenzierungschance (nur Recherchehinweis),,whole_body,
C0486,Purchase criteria,"I loved the texture of this, but didn't love the scent. The scent is lovely, it's just not me.","Textur toll, Duft passt nicht zu ihr",https://www.reddit.com/r/beauty/comments/1dhgg35/people_why_did_no_one_tell_me_about_postshower/,https://www.reddit.com/r/beauty/comments/1dhgg35/people_why_did_no_one_tell_me_about_postshower/,C081,r/beauty,OP on Neutrogena sesame,scent_love,medium,Duft als persönliche Identität,,whole_body,
C0487,Objections,Loved the scent of this but hated the misting bottle.,"Duft super, Sprühflasche gehasst",https://www.reddit.com/r/beauty/comments/1dhgg35/people_why_did_no_one_tell_me_about_postshower/,https://www.reddit.com/r/beauty/comments/1dhgg35/people_why_did_no_one_tell_me_about_postshower/,C081,r/beauty,OP on Aveeno oil mist,new_packaging,medium,Verpackung/Applikator relevant,,whole_body,
C0488,Routine friction,it's a little hard to squirt when I'm all slippery and oily in the shower,Flasche mit öligen Händen in der Dusche schwer zu bedienen,https://www.reddit.com/r/beauty/comments/1dhgg35/people_why_did_no_one_tell_me_about_postshower/,https://www.reddit.com/r/beauty/comments/1dhgg35/people_why_did_no_one_tell_me_about_postshower/,C081,r/beauty,OP on Palmer's,new_packaging;oil_on_damp_skin,high,Verpackungsdesign für nasse/ölige Hände,,whole_body,
C0489,Objections,Osea body oil (eek! that price!),Osea-Preis abschreckend,https://www.reddit.com/r/beauty/comments/1dhgg35/people_why_did_no_one_tell_me_about_postshower/,https://www.reddit.com/r/beauty/comments/1dhgg35/people_why_did_no_one_tell_me_about_postshower/,C081,r/beauty,OP,price_value,medium,Preisreaktion auf Premium-Wettbewerber,,whole_body,
C0490,Product / routine preferences,"Stay in the shower and slather oil on wet skin (no drying off beforehand). Once oiled e v e r y w h e r e, step out and rub the oil in until mostly no longer wet.","In der Dusche Öl auf nasse Haut, dann einmassieren",https://www.reddit.com/r/beauty/comments/1dhgg35/people_why_did_no_one_tell_me_about_postshower/,https://www.reddit.com/r/beauty/comments/1dhgg35/people_why_did_no_one_tell_me_about_postshower/,C081,r/beauty,OP,oil_on_damp_skin,high,Detaillierte Anwendungsroutine,,whole_body,
C0491,Tactile descriptions,I usually don't even need a towel after this - my skin just soaks it up.,Braucht kein Handtuch – Haut saugt es auf,https://www.reddit.com/r/beauty/comments/1dhgg35/people_why_did_no_one_tell_me_about_postshower/,https://www.reddit.com/r/beauty/comments/1dhgg35/people_why_did_no_one_tell_me_about_postshower/,C081,r/beauty,OP,oil_absorbs_fast,medium,Saug-Erlebnis,,whole_body,
C0492,Successful attempts,Body lotion + shea butter + body oil fresh out the shower = softest skin I’ve ever had.,Lotion + Sheabutter + Öl = weichste Haut ever,https://www.reddit.com/r/beauty/comments/1dhgg35/people_why_did_no_one_tell_me_about_postshower/l8wtorg/,https://www.reddit.com/r/beauty/comments/1dhgg35/people_why_did_no_one_tell_me_about_postshower/,C081,r/beauty,reply,soft_smooth_desire;oil_vs_lotion_confusion,medium,Layering-Formel,,whole_body,
C0493,Situational triggers,"When I visit family in Texas, I can’t put much lotion on. It won’t dry!",In feuchtem Texas zieht Lotion nicht ein,https://www.reddit.com/r/beauty/comments/1dhgg35/people_why_did_no_one_tell_me_about_postshower/l8y7et2/,https://www.reddit.com/r/beauty/comments/1dhgg35/people_why_did_no_one_tell_me_about_postshower/,C081,r/beauty,reply; desert dweller,new_humidity_climate,medium,Klima beeinflusst Einziehen,,whole_body,
C0494,Tactile descriptions,I can barely stand body lotion on my skin cause it’s so sticky. I can’t imagine putting all three on.,"Erträgt Lotion kaum, weil klebrig",https://www.reddit.com/r/beauty/comments/1dhgg35/people_why_did_no_one_tell_me_about_postshower/l98fwn1/,https://www.reddit.com/r/beauty/comments/1dhgg35/people_why_did_no_one_tell_me_about_postshower/,C081,r/beauty,reply,oil_absorbs_fast,high,Klebrigkeits-Aversion,,whole_body,
C0495,Exact phrases / metaphors / repeated wording,“Smells like cookies” is exactly how I want to live.,"""Riecht nach Keksen"" ist Lebensgefühl",https://www.reddit.com/r/beauty/comments/1dhgg35/people_why_did_no_one_tell_me_about_postshower/l8ygogw/,https://www.reddit.com/r/beauty/comments/1dhgg35/people_why_did_no_one_tell_me_about_postshower/,C081,r/beauty,reply,scent_love,low,Gourmand-Duft-Liebe (jüngeres Segment),,whole_body,
C0496,Objections,"leave my skin so soft, but I only like to use them at night because I will definitely feel greasy","Sehr weich, aber nur abends wegen Fettgefühl",https://www.reddit.com/r/beauty/comments/1dhgg35/people_why_did_no_one_tell_me_about_postshower/l8xc1my/,https://www.reddit.com/r/beauty/comments/1dhgg35/people_why_did_no_one_tell_me_about_postshower/,C081,r/beauty,reply on L'Occitane,oil_greasy_staining,high,Tageszeit-Limitierung durch Fettigkeit,,whole_body,
C0497,Purchase criteria,It absorbs super fast and has a lighter scent that isn’t competing/clashing with whatever perfume I’m wearing that day.,"Zieht schnell ein, leichter Duft konkurriert nicht mit Parfum",https://www.reddit.com/r/beauty/comments/1dhgg35/people_why_did_no_one_tell_me_about_postshower/l8xc1my/,https://www.reddit.com/r/beauty/comments/1dhgg35/people_why_did_no_one_tell_me_about_postshower/,C081,r/beauty,reply,oil_absorbs_fast;scent_love,high,Dezenter Duft kompatibel mit Parfum,,whole_body,
C0498,Ingredient / mechanism beliefs,Oil is an occlusive so it's locking in that water from my shower,"Öl ist okklusiv, schließt Duschwasser ein",https://www.reddit.com/r/beauty/comments/1dhgg35/people_why_did_no_one_tell_me_about_postshower/l8wyyuk/,https://www.reddit.com/r/beauty/comments/1dhgg35/people_why_did_no_one_tell_me_about_postshower/,C081,r/beauty,reply,oil_seals_not_hydrates,medium,Okklusions-Verständnis,,whole_body,
C0499,Objections,it does make you exceptionally greasy lol. I shower at night and wear long sleeve/leg pyjamas,Macht extrem fettig – daher langer Pyjama,https://www.reddit.com/r/beauty/comments/1dhgg35/people_why_did_no_one_tell_me_about_postshower/l8wyyuk/,https://www.reddit.com/r/beauty/comments/1dhgg35/people_why_did_no_one_tell_me_about_postshower/,C081,r/beauty,reply,oil_greasy_staining,high,Kleidungsstrategien gegen Fett,,whole_body,
C0500,Objections,it does discolour white bed linen a bit,Verfärbt weiße Bettwäsche etwas,https://www.reddit.com/r/beauty/comments/1dhgg35/people_why_did_no_one_tell_me_about_postshower/l8xb0qy/,https://www.reddit.com/r/beauty/comments/1dhgg35/people_why_did_no_one_tell_me_about_postshower/,C081,r/beauty,reply,oil_greasy_staining,high,Flecken auf Textilien als Einwand,,whole_body,
C0501,Product / routine preferences,"I put on body oil BEFORE the shower, then the shower gets off the excess oil but I still have soft skin.","Körperöl VOR dem Duschen, Überschuss wird abgewaschen",https://www.reddit.com/r/beauty/comments/1dhgg35/people_why_did_no_one_tell_me_about_postshower/l8yzwjc/,https://www.reddit.com/r/beauty/comments/1dhgg35/people_why_did_no_one_tell_me_about_postshower/,C081,r/beauty,reply,question_order_of_application,medium,Pre-Shower-Öl als Fett-Vermeidung,,whole_body,
C0502,Questions customers repeatedly ask,was wondering how the oil doesn’t get on clothes? I have read about “dry oils”,Wie kommt Öl nicht auf die Kleidung? Trockenöle?,https://www.reddit.com/r/beauty/comments/1dhgg35/people_why_did_no_one_tell_me_about_postshower/l8yhbvg/,https://www.reddit.com/r/beauty/comments/1dhgg35/people_why_did_no_one_tell_me_about_postshower/,C081,r/beauty,reply,question_oil_or_lotion;oil_greasy_staining,high,Kleidungs-Transfer als offene Frage,,whole_body,
C0503,Questions customers repeatedly ask,"Wait, oil goes on top? I thought it was thinnest to thickest but maybe that’s where I’m going wrong.",Kommt Öl obendrauf? Dachte dünn zu dick,https://www.reddit.com/r/beauty/comments/1dhgg35/people_why_did_no_one_tell_me_about_postshower/l8yz6s7/,https://www.reddit.com/r/beauty/comments/1dhgg35/people_why_did_no_one_tell_me_about_postshower/,C081,r/beauty,reply,question_order_of_application,high,Reihenfolge-Verwirrung,,whole_body,
C0504,Failed attempts,"I’ve been layering oil on wet skin, followed by a nice creamy lotion and my skin still looks dry.",Öl auf nasse Haut + Lotion – Haut sieht trotzdem trocken aus,https://www.reddit.com/r/beauty/comments/1dhgg35/people_why_did_no_one_tell_me_about_postshower/l8yz6s7/,https://www.reddit.com/r/beauty/comments/1dhgg35/people_why_did_no_one_tell_me_about_postshower/,C081,r/beauty,reply,nothing_works;question_order_of_application,high,Fehlschlag trotz Layering,,whole_body,
C0505,Ingredient / mechanism beliefs,"oil doesn’t actually hydrate the skin, it is just creating a barrier","Öl spendet keine Feuchtigkeit, nur Barriere",https://www.reddit.com/r/beauty/comments/1dhgg35/people_why_did_no_one_tell_me_about_postshower/l8z1k3f/,https://www.reddit.com/r/beauty/comments/1dhgg35/people_why_did_no_one_tell_me_about_postshower/,C081,r/beauty,reply,oil_seals_not_hydrates,high,"Verbreiteter Glaube ""Öl hydratisiert nicht"" – Kommunikation beachten",,whole_body,
C0506,Exact phrases / metaphors / repeated wording,The scent of Osea is gonna have you looking for a second job so you can buy more.,Osea-Duft – man braucht einen Zweitjob,https://www.reddit.com/r/beauty/comments/1dhgg35/people_why_did_no_one_tell_me_about_postshower/l8x4d8g/,https://www.reddit.com/r/beauty/comments/1dhgg35/people_why_did_no_one_tell_me_about_postshower/,C081,r/beauty,reply,scent_love;price_value,medium,Duft rechtfertigt Premiumpreis,,whole_body,
C0507,Purchase criteria,they’ve been alternating between the oil and the body cream being half off. … I stock up on whichever is on sale that cycle.,Kauft Osea nur im Sale auf Vorrat,https://www.reddit.com/r/beauty/comments/1dhgg35/people_why_did_no_one_tell_me_about_postshower/l8y9ync/,https://www.reddit.com/r/beauty/comments/1dhgg35/people_why_did_no_one_tell_me_about_postshower/,C081,r/beauty,reply,price_value,medium,Sale-getriebener Premium-Kauf,,whole_body,
C0508,Product / routine preferences,have put it in a pump bottle which makes it even easier and faster to use post shower,Öl in Pumpflasche umgefüllt – schneller,https://www.reddit.com/r/beauty/comments/1dhgg35/people_why_did_no_one_tell_me_about_postshower/l8x1acs/,https://www.reddit.com/r/beauty/comments/1dhgg35/people_why_did_no_one_tell_me_about_postshower/,C081,r/beauty,reply,new_packaging,medium,Pumpspender als Präferenz,,whole_body,
C0509,Emotional reactions,"I feel so amazing when I use it and my skin looks great. It doesn't take a lot, either.",Fühlt sich großartig an mit Nuxe; wenig nötig,https://www.reddit.com/r/beauty/comments/1dhgg35/people_why_did_no_one_tell_me_about_postshower/l8xtcuw/,https://www.reddit.com/r/beauty/comments/1dhgg35/people_why_did_no_one_tell_me_about_postshower/,C081,r/beauty,reply,self_care_ritual;scent_love,medium,Emotionaler Wohlfühl-Effekt von Öl,,whole_body,
C0510,Purchase criteria,"It absorbs immediately, no greasiness or sticky feeling. It smells divine and makes your skin SO SOFT.","Zieht sofort ein, nicht fettig/klebrig, duftet himmlisch",https://www.reddit.com/r/beauty/comments/1dhgg35/people_why_did_no_one_tell_me_about_postshower/l8y0tq9/,https://www.reddit.com/r/beauty/comments/1dhgg35/people_why_did_no_one_tell_me_about_postshower/,C081,r/beauty,reply on L'Occitane spray,oil_absorbs_fast;scent_love;soft_smooth_desire,medium,Kriterien-Trias,,whole_body,
C0511,Product / routine preferences,"I find them way less fuss and muss than lotion, and seem to keep my skin softer for longer.","Öle weniger Aufwand als Lotion, länger weich",https://www.reddit.com/r/beauty/comments/1dhgg35/people_why_did_no_one_tell_me_about_postshower/l8wrovn/,https://www.reddit.com/r/beauty/comments/1dhgg35/people_why_did_no_one_tell_me_about_postshower/,C081,r/beauty,reply; Canada,oil_vs_lotion_confusion;soft_smooth_desire,medium,"Öl als einfachere, länger wirkende Option",,whole_body,non_us_signal
C0512,Product / routine preferences,I have a baby and a toddler so I’m all about efficiency these days lol.,Mit Kleinkindern zählt Effizienz,https://www.reddit.com/r/beauty/comments/1dhgg35/people_why_did_no_one_tell_me_about_postshower/l8xd323/,https://www.reddit.com/r/beauty/comments/1dhgg35/people_why_did_no_one_tell_me_about_postshower/,C081,r/beauty,reply,routine_fatigue,low,Zeitknappheit,,whole_body,under_40_signal
C0513,Objections,"If I would use oil and moisturizer like OP I would be a greasy mess for hours, my pores would clog up and I’ll get a rash.","Öl + Creme = stundenlang fettig, Poren verstopft",https://www.reddit.com/r/beauty/comments/1dhgg35/people_why_did_no_one_tell_me_about_postshower/l8yvvhe/,https://www.reddit.com/r/beauty/comments/1dhgg35/people_why_did_no_one_tell_me_about_postshower/,C081,r/beauty,reply; Europe,oil_greasy_staining,low,Unverträglichkeits-Einwand,,whole_body,non_us_signal
C0514,Objections,The only drawback is that it takes a little while to absorb. … I would not put it on then get into bed.,Bio-Oil braucht Zeit; nicht direkt ins Bett,https://www.reddit.com/r/beauty/comments/1dhgg35/people_why_did_no_one_tell_me_about_postshower/l8wzk22/,https://www.reddit.com/r/beauty/comments/1dhgg35/people_why_did_no_one_tell_me_about_postshower/,C081,r/beauty,reply; Canada,oil_greasy_staining;oil_absorbs_fast,medium,Einziehzeit vor dem Schlafengehen,,whole_body,non_us_signal
C0515,Skepticism,imo it’s way overrated and not worth the money. I’ve been using the Tree Hut brand and it does the job at a much better price point,Osea überbewertet; Tree Hut günstiger,https://www.reddit.com/r/beauty/comments/1dhgg35/people_why_did_no_one_tell_me_about_postshower/l8x6135/,https://www.reddit.com/r/beauty/comments/1dhgg35/people_why_did_no_one_tell_me_about_postshower/,C081,r/beauty,reply,price_value,medium,Premium-Skepsis,,whole_body,
C0516,Successful attempts,"Osea body oil is 100% worth it, my skin usually gets so dry during the winter months and it kept my skin SO hydrated, soft and smooth. It lasts for a while too",Osea lohnt sich im Winter; hält lange,https://www.reddit.com/r/beauty/comments/1dhgg35/people_why_did_no_one_tell_me_about_postshower/l8x2vts/,https://www.reddit.com/r/beauty/comments/1dhgg35/people_why_did_no_one_tell_me_about_postshower/,C081,r/beauty,reply,winter_dryness;price_value,medium,Gegenstimme pro Premium,,whole_body,
C0517,Product / routine preferences,"while still in the shower I take a nubby wash cloth and run the hottest water over it, wring it out and pour in the oil. I rub this over every inch of my body",Heißer Waschlappen mit Öl über den ganzen Körper,https://www.reddit.com/r/beauty/comments/1dhgg35/people_why_did_no_one_tell_me_about_postshower/l8zocgw/,https://www.reddit.com/r/beauty/comments/1dhgg35/people_why_did_no_one_tell_me_about_postshower/,C081,r/beauty,reply; post-menopausal,oil_on_damp_skin;exfoliation_dry_brush,high,Öl-Waschlappen-Technik bei Postmenopause,,whole_body,
C0518,Tactile descriptions,gives me a great non-gloppy greasy feel … just super soft,"Nicht klebrig-fettig, super weich",https://www.reddit.com/r/beauty/comments/1dhgg35/people_why_did_no_one_tell_me_about_postshower/l8zocgw/,https://www.reddit.com/r/beauty/comments/1dhgg35/people_why_did_no_one_tell_me_about_postshower/,C081,r/beauty,reply; post-menopausal,soft_smooth_desire;oil_absorbs_fast,high,Sensorik-Ziel 50+,,whole_body,
C0519,Questions customers repeatedly ask,Can anyone recommend a fragrance free oil please?,Fragt nach duftfreiem Öl,https://www.reddit.com/r/beauty/comments/1dhgg35/people_why_did_no_one_tell_me_about_postshower/l8xpfer/,https://www.reddit.com/r/beauty/comments/1dhgg35/people_why_did_no_one_tell_me_about_postshower/,C081,r/beauty,reply,fragrance_sensitivity,medium,Nachfrage nach unparfümiertem Öl,,whole_body,
C0520,Questions customers repeatedly ask,do you guys pat dry your body after shower?? Or apply oil on wet body?,Abtrocknen oder Öl auf nasse Haut?,https://www.reddit.com/r/beauty/comments/1dhgg35/people_why_did_no_one_tell_me_about_postshower/l8xqmcf/,https://www.reddit.com/r/beauty/comments/1dhgg35/people_why_did_no_one_tell_me_about_postshower/,C081,r/beauty,reply,question_order_of_application;oil_on_damp_skin,medium,Wiederkehrende Anwendungsfrage,,whole_body,
C0521,Purchase criteria,I’d love to try these but I don’t like gourmand scents.,Mag keine Gourmand-Düfte,https://www.reddit.com/r/beauty/comments/1dhgg35/people_why_did_no_one_tell_me_about_postshower/l8zgq6j/,https://www.reddit.com/r/beauty/comments/1dhgg35/people_why_did_no_one_tell_me_about_postshower/,C081,r/beauty,reply,scent_love,medium,Gourmand-Polarisierung,,whole_body,
C0522,Symptoms / visible texture descriptions,I’ve noticed that my hands are looking slightly reptilian.,Hände sehen leicht reptilienartig aus,https://www.reddit.com/r/beauty/comments/1ar1zbc/im_59/,https://www.reddit.com/r/beauty/comments/1ar1zbc/im_59/,C082,r/beauty,"OP ""I'm 59""",crepey_hands;new_reptile_metaphor,high,Reptil-Metapher für Hände,59,hands,
C0523,Questions customers repeatedly ask,Any fabulous moisturizers that will help that crepey-ness?,Fragt nach Pflege gegen Krepp an Händen,https://www.reddit.com/r/beauty/comments/1ar1zbc/im_59/,https://www.reddit.com/r/beauty/comments/1ar1zbc/im_59/,C082,r/beauty,OP 59,question_what_works;crepey_hands,high,Handfokus-Nachfrage,59,hands,
C0524,Product / routine preferences,"If it goes on my face, it goes on my hands.","Was ins Gesicht kommt, kommt auf die Hände",https://www.reddit.com/r/beauty/comments/1ar1zbc/im_59/kqgtjni/,https://www.reddit.com/r/beauty/comments/1ar1zbc/im_59/,C082,r/beauty,reply,crepey_hands,medium,Gesicht-auf-Körper-Transfer,,hands,
C0525,Product / routine preferences,"at night, slather your hands with moisturizer and wear cotton gloves to bed",Nachts Creme + Baumwollhandschuhe,https://www.reddit.com/r/beauty/comments/1ar1zbc/im_59/kqgtjni/,https://www.reddit.com/r/beauty/comments/1ar1zbc/im_59/,C082,r/beauty,reply,crepey_hands,medium,Nacht-Okklusionsritual,,hands,
C0526,Purchase criteria,I prefer scented and non-greasy.,Bevorzugt parfümiert und nicht fettig,https://www.reddit.com/r/beauty/comments/1ar1zbc/im_59/kqgp33x/,https://www.reddit.com/r/beauty/comments/1ar1zbc/im_59/,C082,r/beauty,reply,scent_love;oil_absorbs_fast,medium,Duft-Liebhaberinnen-Segment,,hands,
C0527,Routine friction,I apply hand lotion repeatedly without the day.,Trägt Handlotion mehrfach täglich auf,https://www.reddit.com/r/beauty/comments/1ar1zbc/im_59/kqgp33x/,https://www.reddit.com/r/beauty/comments/1ar1zbc/im_59/,C082,r/beauty,reply,lotion_temporary,medium,Häufiges Nachcremen Hände,,hands,
C0528,Product / routine preferences,rubbing the excess of ALL of my skincare products on the backs of my hands,Reste aller Gesichtsprodukte auf Handrücken,https://www.reddit.com/r/beauty/comments/1ar1zbc/im_59/kqgroze/,https://www.reddit.com/r/beauty/comments/1ar1zbc/im_59/,C082,r/beauty,reply,crepey_hands;consistency_effort,medium,Restverwertung als Gewohnheit,,hands,
C0529,Product / routine preferences,"My mom, 62F, with similar skin issues uses the lotion as well and enjoys it more than other brands she's tried.",Mutter (62) bevorzugt Eczema Honey,https://www.reddit.com/r/beauty/comments/1ar1zbc/im_59/kqjcb4d/,https://www.reddit.com/r/beauty/comments/1ar1zbc/im_59/,C082,r/beauty,reply about mother 62,peer_proof,low,Zweithand-Bericht,,hands,
C0530,Time-to-result expectations,takes ten seconds and you will see difference,"Dauert zehn Sekunden, sichtbarer Unterschied",https://www.reddit.com/r/beauty/comments/1ar1zbc/im_59/kqgxq6q/,https://www.reddit.com/r/beauty/comments/1ar1zbc/im_59/,C082,r/beauty,reply,time_to_result,low,Schnelligkeitsversprechen unter Peers,,hands,
C0531,Successful attempts,Castor Oil works wonders.,Rizinusöl wirkt Wunder,https://www.reddit.com/r/beauty/comments/1ar1zbc/im_59/kqjxnww/,https://www.reddit.com/r/beauty/comments/1ar1zbc/im_59/,C082,r/beauty,reply,cheap_oil_alternative,low,Rizinusöl als Hausmittel,,hands,
C0532,Emotional reactions,I’m getting totally overwhelmed by choices.,Völlig überfordert von der Auswahl,https://www.reddit.com/r/beauty/comments/1qfgegt/help_turning_50_overwhelmed_by_body_washoil/,https://www.reddit.com/r/beauty/comments/1qfgegt/help_turning_50_overwhelmed_by_body_washoil/,C083,r/beauty,OP just turned 50,marketing_distrust,high,Auswahl-Überforderung bei 50,50,whole_body,
C0533,Skepticism,I got bombarded with ads and now I can’t tell what’s actually worth it. I don’t want to waste my money on hype.,Von Werbung bombardiert; will kein Geld für Hype verschwenden,https://www.reddit.com/r/beauty/comments/1qfgegt/help_turning_50_overwhelmed_by_body_washoil/,https://www.reddit.com/r/beauty/comments/1qfgegt/help_turning_50_overwhelmed_by_body_washoil/,C083,r/beauty,OP 50,marketing_distrust;price_value,high,Ad-Fatigue im Body-Oil-Markt; Hype-Angst,50,whole_body,
C0534,Purchase criteria,Clean ingredients,Saubere Inhaltsstoffe,https://www.reddit.com/r/beauty/comments/1qfgegt/help_turning_50_overwhelmed_by_body_washoil/,https://www.reddit.com/r/beauty/comments/1qfgegt/help_turning_50_overwhelmed_by_body_washoil/,C083,r/beauty,OP 50 criteria list,new_clean_ingredients,high,Clean als Kriterium,50,whole_body,
C0535,Purchase criteria,Smells and feels luxurious,Duft und Gefühl luxuriös,https://www.reddit.com/r/beauty/comments/1qfgegt/help_turning_50_overwhelmed_by_body_washoil/,https://www.reddit.com/r/beauty/comments/1qfgegt/help_turning_50_overwhelmed_by_body_washoil/,C083,r/beauty,OP 50,scent_love;self_care_ritual,high,Luxus-Sensorik,50,whole_body,
C0536,Purchase criteria,Reasonably priced (doesn’t break the bank),Vernünftiger Preis,https://www.reddit.com/r/beauty/comments/1qfgegt/help_turning_50_overwhelmed_by_body_washoil/,https://www.reddit.com/r/beauty/comments/1qfgegt/help_turning_50_overwhelmed_by_body_washoil/,C083,r/beauty,OP 50,price_value,high,Preisrahmen moderat,50,whole_body,
C0537,Purchase criteria,Body oil that’s not super thin/watery,Öl nicht zu dünn/wässrig,https://www.reddit.com/r/beauty/comments/1qfgegt/help_turning_50_overwhelmed_by_body_washoil/,https://www.reddit.com/r/beauty/comments/1qfgegt/help_turning_50_overwhelmed_by_body_washoil/,C083,r/beauty,OP 50,new_oil_viscosity,high,"Gegenpol zu ""leicht"": Substanz gewünscht",50,whole_body,
C0538,Purchase criteria,Dries fast and doesn’t leave a sticky feeling,"Trocknet schnell, nicht klebrig",https://www.reddit.com/r/beauty/comments/1qfgegt/help_turning_50_overwhelmed_by_body_washoil/,https://www.reddit.com/r/beauty/comments/1qfgegt/help_turning_50_overwhelmed_by_body_washoil/,C083,r/beauty,OP 50,oil_absorbs_fast,high,Schnelles Einziehen,50,whole_body,
C0539,Desired outcomes,"Helps with crepey skin, especially around my knees and décolletage",Hilft bei Krepphaut an Knien und Dekolleté,https://www.reddit.com/r/beauty/comments/1qfgegt/help_turning_50_overwhelmed_by_body_washoil/,https://www.reddit.com/r/beauty/comments/1qfgegt/help_turning_50_overwhelmed_by_body_washoil/,C083,r/beauty,OP 50,crepey_knees;crepey_chest,high,Knie + Dekolleté als Zielzonen,50,knees,
C0540,Purchase criteria,Bonus: the scent lasts and I still smell good after,Bonus: Duft hält an,https://www.reddit.com/r/beauty/comments/1qfgegt/help_turning_50_overwhelmed_by_body_washoil/,https://www.reddit.com/r/beauty/comments/1qfgegt/help_turning_50_overwhelmed_by_body_washoil/,C083,r/beauty,OP 50,scent_love,high,Duftdauer als Bonus,50,whole_body,
C0541,Questions customers repeatedly ask,"I’d love your honest thoughts — what’s worth it, what’s not, and why.","Bittet um ehrliche Einschätzung, was sich lohnt",https://www.reddit.com/r/beauty/comments/1qfgegt/help_turning_50_overwhelmed_by_body_washoil/,https://www.reddit.com/r/beauty/comments/1qfgegt/help_turning_50_overwhelmed_by_body_washoil/,C083,r/beauty,OP 50,question_what_works;peer_proof,high,Peer-Ehrlichkeit als Entscheidungsgrundlage,50,whole_body,
C0542,Purchase criteria,recommend getting travel sizes on eBay before committing,Erst Reisegrößen testen,https://www.reddit.com/r/beauty/comments/1qfgegt/help_turning_50_overwhelmed_by_body_washoil/o04hmz4/,https://www.reddit.com/r/beauty/comments/1qfgegt/help_turning_50_overwhelmed_by_body_washoil/,C083,r/beauty,reply,new_sample_trial,medium,Probiergrößen vor Kauf,,whole_body,
C0543,Skepticism,"Unless you want fancy things, soap/water is just fine.",Seife und Wasser reichen,https://www.reddit.com/r/beauty/comments/1qfgegt/help_turning_50_overwhelmed_by_body_washoil/o04lw52/,https://www.reddit.com/r/beauty/comments/1qfgegt/help_turning_50_overwhelmed_by_body_washoil/,C083,r/beauty,reply,marketing_distrust,low,Minimalismus-Stimme,,whole_body,
C0544,Skepticism,"use Johnson's and Johnson's baby oil, cheap and no extra chemicals to make you use it more","Babyöl: billig, keine Zusatzchemie",https://www.reddit.com/r/beauty/comments/1qfgegt/help_turning_50_overwhelmed_by_body_washoil/o04qagq/,https://www.reddit.com/r/beauty/comments/1qfgegt/help_turning_50_overwhelmed_by_body_washoil/,C083,r/beauty,reply,cheap_oil_alternative;marketing_distrust,low,Babyöl als Preisanker,,whole_body,
C0545,Successful attempts,"After seeing that PM skin was indeed drying and lost a lot of elasticity, this brands really performs for me.",Postmenopausal trocken/unelastisch – Osea wirkt,https://www.reddit.com/r/beauty/comments/1qfgegt/help_turning_50_overwhelmed_by_body_washoil/o04wqmj/,https://www.reddit.com/r/beauty/comments/1qfgegt/help_turning_50_overwhelmed_by_body_washoil/,C083,r/beauty,reply; 50+,peer_proof,medium,Osea positiv bei 50+,,whole_body,
C0546,Failed attempts,Osea smells nice but does not last. I use it after the shower in the morning and by mid-afternoon I need to put lotion on my legs.,"Osea duftet, hält aber nicht – nachmittags Lotion nötig",https://www.reddit.com/r/beauty/comments/1qfgegt/help_turning_50_overwhelmed_by_body_washoil/olk9b6s/,https://www.reddit.com/r/beauty/comments/1qfgegt/help_turning_50_overwhelmed_by_body_washoil/,C083,r/beauty,reply,lotion_temporary;scent_love,high,Haltbarkeit über den Tag als Schwachpunkt des Premium-Wettbewerbers,,legs,
C0547,Skepticism,I do not see what the hype is on this stuff aside from its smells wonderful.,Versteht Hype nicht außer Duft,https://www.reddit.com/r/beauty/comments/1qfgegt/help_turning_50_overwhelmed_by_body_washoil/olk9b6s/,https://www.reddit.com/r/beauty/comments/1qfgegt/help_turning_50_overwhelmed_by_body_washoil/,C083,r/beauty,reply,marketing_distrust,high,Duft ≠ Wirkung,,legs,
C0548,Product / routine preferences,she told me that I should use a cream instead of a body lotion because it’ll work better with the appearance of my dry skin,Dermatologin rät Creme statt Lotion,https://www.reddit.com/r/AskWomenOver40/comments/1td3ff8/if_you_have_sensitive_skin_what_kind_of_body/,https://www.reddit.com/r/AskWomenOver40/comments/1td3ff8/if_you_have_sensitive_skin_what_kind_of_body/,C084,r/AskWomenOver40,OP 44F,derm_recommendation;oil_vs_lotion_confusion,high,Derm-Rat prägt Format-Wahl,44,whole_body,
C0549,Failed attempts,I’ve been using fragrance free Aveeno for a long time but it doesn’t help much.,Duftfreie Aveeno-Lotion hilft kaum,https://www.reddit.com/r/AskWomenOver40/comments/1td3ff8/if_you_have_sensitive_skin_what_kind_of_body/,https://www.reddit.com/r/AskWomenOver40/comments/1td3ff8/if_you_have_sensitive_skin_what_kind_of_body/,C084,r/AskWomenOver40,OP 44F,lotion_temporary,high,Lotion-Versagen,44,whole_body,
C0550,Objections,I mostly love how my skin is feeling but I have hives all over my arms and I do feel a little “greasy.”,"Hautgefühl gut, aber Nesselsucht an Armen und etwas fettig",https://www.reddit.com/r/AskWomenOver40/comments/1td3ff8/if_you_have_sensitive_skin_what_kind_of_body/,https://www.reddit.com/r/AskWomenOver40/comments/1td3ff8/if_you_have_sensitive_skin_what_kind_of_body/,C084,r/AskWomenOver40,OP 44F,fragrance_sensitivity;oil_greasy_staining,high,Reaktionen + Fettgefühl als doppelter Einwand,44,arms,
C0551,Purchase criteria,"I really do need something heavier than lotion, but my skin seems to dislike something in this cream.","Braucht Schwereres als Lotion, verträgt aber Inhaltsstoff nicht",https://www.reddit.com/r/AskWomenOver40/comments/1td3ff8/if_you_have_sensitive_skin_what_kind_of_body/,https://www.reddit.com/r/AskWomenOver40/comments/1td3ff8/if_you_have_sensitive_skin_what_kind_of_body/,C084,r/AskWomenOver40,OP 44F,fragrance_sensitivity,high,Reichhaltig + verträglich als Anforderung,44,whole_body,
C0552,Questions customers repeatedly ask,Has anyone with really sensitive or reactive skin found a body cream that actually helps dryness without causing irritation or hives?,Sucht reichhaltige Creme ohne Reizung,https://www.reddit.com/r/AskWomenOver40/comments/1td3ff8/if_you_have_sensitive_skin_what_kind_of_body/,https://www.reddit.com/r/AskWomenOver40/comments/1td3ff8/if_you_have_sensitive_skin_what_kind_of_body/,C084,r/AskWomenOver40,OP 44F,question_what_works;fragrance_sensitivity,high,Sensible-Haut-Segment,44,whole_body,
C0553,Ingredient / mechanism beliefs,I have the Yuka app (icon is a carrot). CeraVe consistently rates lower than Cetaphil as far as the safety of the ingredients.,Nutzt Yuka-App zur Inhaltsstoff-Bewertung,https://www.reddit.com/r/AskWomenOver40/comments/1td3ff8/if_you_have_sensitive_skin_what_kind_of_body/olw13l5/,https://www.reddit.com/r/AskWomenOver40/comments/1td3ff8/if_you_have_sensitive_skin_what_kind_of_body/,C084,r/AskWomenOver40,reply,new_clean_ingredients;new_ingredient_app,medium,Inhaltsstoff-Apps als Kaufwerkzeug,,whole_body,
C0554,Tactile descriptions,I HATE lotion and I can tolerate this. Only stuff that doesn’t cause me to scratch.,Hasst Lotion; Vanicream einziges ohne Kratzen,https://www.reddit.com/r/AskWomenOver40/comments/1td3ff8/if_you_have_sensitive_skin_what_kind_of_body/omyr92w/,https://www.reddit.com/r/AskWomenOver40/comments/1td3ff8/if_you_have_sensitive_skin_what_kind_of_body/,C084,r/AskWomenOver40,reply,fragrance_sensitivity;itch_flake,medium,Verträglichkeit als Hauptkriterium,,whole_body,
C0555,Purchase criteria,this is a good balance of light weight but still moisturizing … It's also affordable.,"Gute Balance leicht/feuchtigkeitsspendend, günstig",https://www.reddit.com/r/AskWomenOver40/comments/1td3ff8/if_you_have_sensitive_skin_what_kind_of_body/olucddi/,https://www.reddit.com/r/AskWomenOver40/comments/1td3ff8/if_you_have_sensitive_skin_what_kind_of_body/,C084,r/AskWomenOver40,reply,new_lightweight_texture;price_value,medium,Balance-Kriterium,,whole_body,
C0556,Routine friction,I feels like I’m gonna have to try a few things and see what works best,Muss wohl mehreres ausprobieren,https://www.reddit.com/r/AskWomenOver40/comments/1td3ff8/if_you_have_sensitive_skin_what_kind_of_body/olugajg/,https://www.reddit.com/r/AskWomenOver40/comments/1td3ff8/if_you_have_sensitive_skin_what_kind_of_body/,C084,r/AskWomenOver40,OP reply 44,new_sample_trial,medium,Trial-and-Error-Erwartung,44,whole_body,
C0557,Product / routine preferences,I have very sensitive skin and I use food-grade coconut oil,Sehr sensible Haut – Kokosöl in Lebensmittelqualität,https://www.reddit.com/r/AskWomenOver40/comments/1td3ff8/if_you_have_sensitive_skin_what_kind_of_body/olufkm3/,https://www.reddit.com/r/AskWomenOver40/comments/1td3ff8/if_you_have_sensitive_skin_what_kind_of_body/,C084,r/AskWomenOver40,reply,cheap_oil_alternative;fragrance_sensitivity,medium,Pures Öl als Sensibel-Lösung,,whole_body,
C0558,Successful attempts,plain sunflower oil works amazing,Einfaches Sonnenblumenöl wirkt toll,https://www.reddit.com/r/AskWomenOver40/comments/1td3ff8/if_you_have_sensitive_skin_what_kind_of_body/oluke88/,https://www.reddit.com/r/AskWomenOver40/comments/1td3ff8/if_you_have_sensitive_skin_what_kind_of_body/,C084,r/AskWomenOver40,reply; ex natural cosmetics,cheap_oil_alternative,medium,Küchenöl als Benchmark,,whole_body,
C0559,Product / routine preferences,i use cerave moisturizing lotion mixed with nuxe oil. it’s a dry oil so it’s not greasy.,"CeraVe + Nuxe Trockenöl gemischt, nicht fettig",https://www.reddit.com/r/AskWomenOver40/comments/1td3ff8/if_you_have_sensitive_skin_what_kind_of_body/olumm8d/,https://www.reddit.com/r/AskWomenOver40/comments/1td3ff8/if_you_have_sensitive_skin_what_kind_of_body/,C084,r/AskWomenOver40,reply,oil_vs_lotion_confusion;oil_absorbs_fast,medium,Trockenöl-Mischung,,whole_body,
C0560,Ingredient / mechanism beliefs,The tallow mimics your natural oils and almond oil locks it in.,"Talg imitiert Hautöle, Mandelöl schließt ein",https://www.reddit.com/r/AskWomenOver40/comments/1td3ff8/if_you_have_sensitive_skin_what_kind_of_body/oluqr80/,https://www.reddit.com/r/AskWomenOver40/comments/1td3ff8/if_you_have_sensitive_skin_what_kind_of_body/,C084,r/AskWomenOver40,reply,new_natural_oil_pref;oil_seals_not_hydrates,low,Natur-Okklusiv-Glaube,,whole_body,
C0561,Situational triggers,I suddenly had sensitive skin around three months ago I was just itchy after showers and some smells I’d been using a while gave me a headache.,"Plötzlich empfindlich: Juckreiz nach Dusche, Düfte verursachen Kopfweh",https://www.reddit.com/r/AskWomenOver40/comments/1td3ff8/if_you_have_sensitive_skin_what_kind_of_body/olva413/,https://www.reddit.com/r/AskWomenOver40/comments/1td3ff8/if_you_have_sensitive_skin_what_kind_of_body/,C084,r/AskWomenOver40,reply,fragrance_sensitivity;sudden_onset;itch_flake,high,Plötzliche Duft-Intoleranz (vgl. C075),,whole_body,
C0562,Purchase criteria,I was looking for something less expensive.,Suchte Günstigeres,https://www.reddit.com/r/AskWomenOver40/comments/1td3ff8/if_you_have_sensitive_skin_what_kind_of_body/olva413/,https://www.reddit.com/r/AskWomenOver40/comments/1td3ff8/if_you_have_sensitive_skin_what_kind_of_body/,C084,r/AskWomenOver40,reply,price_value,medium,Preis,,whole_body,
C0563,Ingredient / mechanism beliefs,When I don't do that I feel like it just sits on top of my skin instead of settling in and actually hydrating.,Auf trockener Haut bleibt Lotion obenauf statt zu hydratisieren,https://www.reddit.com/r/AskWomenOver40/comments/1td3ff8/if_you_have_sensitive_skin_what_kind_of_body/olvwk8q/,https://www.reddit.com/r/AskWomenOver40/comments/1td3ff8/if_you_have_sensitive_skin_what_kind_of_body/,C084,r/AskWomenOver40,reply,oil_on_damp_skin,medium,Feuchthaut-Glaube,,whole_body,
C0564,Problem descriptions,my arms and legs have been super dry for a while now,Arme und Beine seit längerem sehr trocken,https://www.reddit.com/r/AskWomenOver40/comments/1td3ff8/if_you_have_sensitive_skin_what_kind_of_body/olxgexl/,https://www.reddit.com/r/AskWomenOver40/comments/1td3ff8/if_you_have_sensitive_skin_what_kind_of_body/,C084,r/AskWomenOver40,OP reply 44,crepey_arms;crepey_legs,high,Kernzonen,44,arms,
C0565,Successful attempts,after using a body cream I can see that it wasn’t doing the trick,"Erst im Vergleich mit Creme sieht sie, dass Lotion nicht wirkte",https://www.reddit.com/r/AskWomenOver40/comments/1td3ff8/if_you_have_sensitive_skin_what_kind_of_body/olxgexl/,https://www.reddit.com/r/AskWomenOver40/comments/1td3ff8/if_you_have_sensitive_skin_what_kind_of_body/,C084,r/AskWomenOver40,OP reply 44,oil_vs_lotion_confusion,high,Vergleichserlebnis als Erkenntnismoment,44,whole_body,
C0566,Ingredient / mechanism beliefs,Extra dry and/or itchy skin can be a peri symptom and HRT can help.,Extrem trockene/juckende Haut kann Peri-Symptom sein,https://www.reddit.com/r/AskWomenOver40/comments/1td3ff8/if_you_have_sensitive_skin_what_kind_of_body/olyqako/,https://www.reddit.com/r/AskWomenOver40/comments/1td3ff8/if_you_have_sensitive_skin_what_kind_of_body/,C084,r/AskWomenOver40,reply,hrt_estrogen_skin,medium,Peri-Aufklärung im Thread,,whole_body,hrt_medical_context
C0567,Purchase criteria,If my skin gets dry during the day I can quickly reapply it and it absorbs vs other creams that feel like they sit on top of the skin.,"Schnell nachauftragbar, zieht ein statt obenauf zu sitzen",https://www.reddit.com/r/AskWomenOver40/comments/1td3ff8/if_you_have_sensitive_skin_what_kind_of_body/olwxdmx/,https://www.reddit.com/r/AskWomenOver40/comments/1td3ff8/if_you_have_sensitive_skin_what_kind_of_body/,C084,r/AskWomenOver40,reply,oil_absorbs_fast,medium,Reapplikation tagsüber,,whole_body,non_us_signal
C0568,Successful attempts,Bath and body work ultimate cream is the only thing that keeps my skin hydrated for a full day.,"Einzige Creme, die einen ganzen Tag hält",https://www.reddit.com/r/AskWomenOver40/comments/1td3ff8/if_you_have_sensitive_skin_what_kind_of_body/olue467/,https://www.reddit.com/r/AskWomenOver40/comments/1td3ff8/if_you_have_sensitive_skin_what_kind_of_body/,C084,r/AskWomenOver40,reply,lotion_temporary,medium,Ganztags-Feuchtigkeit als Maßstab,,whole_body,
C0569,Objections,I’m allergic to almost everything with fragrance.,Allergisch gegen fast alles mit Duft,https://www.reddit.com/r/AskWomenOver40/comments/1td3ff8/if_you_have_sensitive_skin_what_kind_of_body/olufbfy/,https://www.reddit.com/r/AskWomenOver40/comments/1td3ff8/if_you_have_sensitive_skin_what_kind_of_body/,C084,r/AskWomenOver40,OP reply 44,fragrance_sensitivity,high,Duftfrei-Pflicht für Teilsegment,44,whole_body,
C0570,Purchase criteria,I want one that is deeply hydrating and moisturizing . That can be applied on damp skin after a shower . That will not feel heavy or very greasy . That will n ot have any shimmer/glittery pieces .,"Erstes Körperöl: tief pflegend, auf feuchter Haut, nicht schwer/fettig, kein Glitzer",https://www.reddit.com/r/Ulta/comments/1t5ys67/help_me_choose_my_first_body_oil/,https://www.reddit.com/r/Ulta/comments/1t5ys67/help_me_choose_my_first_body_oil/,C085,r/Ulta,OP r/Ulta first body oil,oil_on_damp_skin;oil_greasy_staining,medium,Kriterienkatalog für Erstkäuferin Öl,,whole_body,
C0571,Purchase criteria,"that will have gender neutral spa-like scents . Think bergamot, herbs, woodsy, aquatic/sea salt. But I can't do anything remotely sweet.","Genderneutrale Spa-Düfte, nichts Süßes",https://www.reddit.com/r/Ulta/comments/1t5ys67/help_me_choose_my_first_body_oil/,https://www.reddit.com/r/Ulta/comments/1t5ys67/help_me_choose_my_first_body_oil/,C085,r/Ulta,OP,scent_love,medium,"Duftsegment ""Spa/neutral"" vs. Gourmand",,whole_body,
C0572,Emotional reactions,"I think I identified some of the best ones available, but I'm having decision paralysis.",Entscheidungslähmung bei Auswahl,https://www.reddit.com/r/Ulta/comments/1t5ys67/help_me_choose_my_first_body_oil/,https://www.reddit.com/r/Ulta/comments/1t5ys67/help_me_choose_my_first_body_oil/,C085,r/Ulta,OP,marketing_distrust,medium,Auswahl-Überforderung (vgl. C083),,whole_body,
C0573,Objections,But it is very pricey.,Osea sehr teuer,https://www.reddit.com/r/Ulta/comments/1t5ys67/help_me_choose_my_first_body_oil/okdvs25/,https://www.reddit.com/r/Ulta/comments/1t5ys67/help_me_choose_my_first_body_oil/,C085,r/Ulta,reply,price_value,medium,Preis-Einwand Premium-Wettbewerber,,whole_body,
C0574,Emotional reactions,then what if I end up loving it?,"""Was, wenn ich es dann liebe?"" – Angst vor teurer Gewohnheit",https://www.reddit.com/r/Ulta/comments/1t5ys67/help_me_choose_my_first_body_oil/okdw2ox/,https://www.reddit.com/r/Ulta/comments/1t5ys67/help_me_choose_my_first_body_oil/,C085,r/Ulta,OP,price_value,medium,Folgekosten-Angst bei Premium,,whole_body,
C0575,Purchase criteria,It absorbs so well. My skin just feels like it’s naturally very hydrated after I put it on.,"Zieht gut ein, Haut fühlt sich natürlich hydratisiert an",https://www.reddit.com/r/Ulta/comments/1t5ys67/help_me_choose_my_first_body_oil/okdydfj/,https://www.reddit.com/r/Ulta/comments/1t5ys67/help_me_choose_my_first_body_oil/,C085,r/Ulta,reply on Osea,oil_absorbs_fast,medium,"""Natürlich hydratisiert"" als Sensorikziel",,whole_body,
C0576,Objections,they feel like they absorb a little and mostly sit on the skin,"Andere Öle ziehen kaum ein, liegen auf der Haut",https://www.reddit.com/r/Ulta/comments/1t5ys67/help_me_choose_my_first_body_oil/okdydfj/,https://www.reddit.com/r/Ulta/comments/1t5ys67/help_me_choose_my_first_body_oil/,C085,r/Ulta,reply,oil_greasy_staining,medium,"""Sits on skin"" als Negativmerkmal",,whole_body,
C0577,Purchase criteria,I wish I could smell it before buying!,Möchte vor dem Kauf riechen können,https://www.reddit.com/r/Ulta/comments/1t5ys67/help_me_choose_my_first_body_oil/okdwavp/,https://www.reddit.com/r/Ulta/comments/1t5ys67/help_me_choose_my_first_body_oil/,C085,r/Ulta,OP,new_sample_trial;scent_love,medium,Duftproben als Kaufhürden-Senker,,whole_body,
C0578,Objections,this is so sickly sweet it made me nauseous,"L'Occitane so süßlich, dass ihr übel wurde",https://www.reddit.com/r/Ulta/comments/1t5ys67/help_me_choose_my_first_body_oil/okfqiym/,https://www.reddit.com/r/Ulta/comments/1t5ys67/help_me_choose_my_first_body_oil/,C085,r/Ulta,reply,fragrance_sensitivity,medium,Süße Düfte polarisieren stark,,whole_body,
C0579,Objections,It is pricey and I felt like I ran out pretty fast,Teuer und schnell aufgebraucht,https://www.reddit.com/r/Ulta/comments/1t5ys67/help_me_choose_my_first_body_oil/okfqiym/,https://www.reddit.com/r/Ulta/comments/1t5ys67/help_me_choose_my_first_body_oil/,C085,r/Ulta,reply on Osea,price_value,medium,Verbrauchsgeschwindigkeit vs. Preis,,whole_body,
C0580,Objections,the saltair scent isn’t long lasting,Saltair-Duft hält nicht lange,https://www.reddit.com/r/Ulta/comments/1t5ys67/help_me_choose_my_first_body_oil/okffznc/,https://www.reddit.com/r/Ulta/comments/1t5ys67/help_me_choose_my_first_body_oil/,C085,r/Ulta,reply,scent_love,medium,Duftdauer,,whole_body,
C0581,Successful attempts,"It's not sexy or trendy or fragranced, but it just works .","Arganöl: nicht sexy oder trendy, wirkt einfach",https://www.reddit.com/r/Ulta/comments/1t5ys67/help_me_choose_my_first_body_oil/oke1y1l/,https://www.reddit.com/r/Ulta/comments/1t5ys67/help_me_choose_my_first_body_oil/,C085,r/Ulta,reply,cheap_oil_alternative,medium,Pures Öl als funktionale Alternative,,whole_body,
C0582,Successful attempts,I am certain it helped me overcome KP bumps on my upper arms.,Saltair half gegen KP an Oberarmen,https://www.reddit.com/r/Ulta/comments/1t5ys67/help_me_choose_my_first_body_oil/oke1y1l/,https://www.reddit.com/r/Ulta/comments/1t5ys67/help_me_choose_my_first_body_oil/,C085,r/Ulta,reply,crepey_arms,medium,Saltair Wirkerfahrung,,arms,
C0583,Objections,"I don't like the texture it leaves on my skin, and it did not do for me what the Saltair oil did. The smell of the Osea is very unpleasant to me.",Osea-Textur und Geruch unangenehm,https://www.reddit.com/r/Ulta/comments/1t5ys67/help_me_choose_my_first_body_oil/oke1y1l/,https://www.reddit.com/r/Ulta/comments/1t5ys67/help_me_choose_my_first_body_oil/,C085,r/Ulta,reply,fragrance_sensitivity,medium,Polarisierender Premium-Duft,,whole_body,
C0584,Exact phrases / metaphors / repeated wording,It smells like a hybrid of calamine lotion and a mud bath.,Riecht wie Galmei-Lotion und Schlammbad,https://www.reddit.com/r/Ulta/comments/1t5ys67/help_me_choose_my_first_body_oil/okglefg/,https://www.reddit.com/r/Ulta/comments/1t5ys67/help_me_choose_my_first_body_oil/,C085,r/Ulta,reply on Osea scent,fragrance_sensitivity,medium,Bildhafte Duftkritik,,whole_body,
C0585,Successful attempts,My skin has never been softer - even my husband noticed.,Haut nie weicher – sogar Ehemann bemerkte es,https://www.reddit.com/r/Ulta/comments/1t5ys67/help_me_choose_my_first_body_oil/okf694s/,https://www.reddit.com/r/Ulta/comments/1t5ys67/help_me_choose_my_first_body_oil/,C085,r/Ulta,reply,soft_smooth_desire;new_partner_reaction,medium,Partner-Bestätigung als Erfolgsbeleg,,whole_body,
C0586,Routine friction,it’s a little difficult to spread on dry skin so out of the shower would be the perfect setting,Auf trockener Haut schwer verteilbar – besser nach der Dusche,https://www.reddit.com/r/Ulta/comments/1t5ys67/help_me_choose_my_first_body_oil/okf694s/,https://www.reddit.com/r/Ulta/comments/1t5ys67/help_me_choose_my_first_body_oil/,C085,r/Ulta,reply,oil_on_damp_skin,medium,Feuchte Haut für Verteilbarkeit,,whole_body,
C0587,Routine friction,It does take some work (in my opinion) to get it to fully absorb.,"Braucht Arbeit, bis Osea vollständig einzieht",https://www.reddit.com/r/Ulta/comments/1t5ys67/help_me_choose_my_first_body_oil/okdyuos/,https://www.reddit.com/r/Ulta/comments/1t5ys67/help_me_choose_my_first_body_oil/,C085,r/Ulta,reply,oil_absorbs_fast,medium,Einzieh-Aufwand Premium-Öl,,whole_body,
C0588,Purchase criteria,"although it’s expensive, it does last a long time","Teuer, aber ergiebig",https://www.reddit.com/r/Ulta/comments/1t5ys67/help_me_choose_my_first_body_oil/okdyuos/,https://www.reddit.com/r/Ulta/comments/1t5ys67/help_me_choose_my_first_body_oil/,C085,r/Ulta,reply,price_value,medium,Ergiebigkeit als Preisrechtfertigung,,whole_body,
C0589,Product / routine preferences,I primarily use Saltair oils to make my perfume scents last longer as opposed to ensuring I am as hydrated as possible.,Saltair eher als Duftbasis denn für Hydration,https://www.reddit.com/r/Ulta/comments/1t5ys67/help_me_choose_my_first_body_oil/okdyuos/,https://www.reddit.com/r/Ulta/comments/1t5ys67/help_me_choose_my_first_body_oil/,C085,r/Ulta,reply,scent_love,medium,Öl als Duft-Layering-Produkt (jüngeres Segment),,whole_body,
C0590,Failed attempts,Smelled too medicinal and my skin still felt dry afterwards.,"Osea roch medizinisch, Haut danach trocken",https://www.reddit.com/r/Ulta/comments/1t5ys67/help_me_choose_my_first_body_oil/okfrmgs/,https://www.reddit.com/r/Ulta/comments/1t5ys67/help_me_choose_my_first_body_oil/,C085,r/Ulta,reply,lotion_temporary,medium,Wirkungs- und Duftenttäuschung,,whole_body,
C0591,Product / routine preferences,cocktail the body oil with a moisturizer … Mine is 5 pumps of body moisturizer with 3 pumps of oil. Mix together and apply to extremity’s.,Öl und Lotion mischen (5:3) für Arme/Beine,https://www.reddit.com/r/Ulta/comments/1t5ys67/help_me_choose_my_first_body_oil/oke2gnh/,https://www.reddit.com/r/Ulta/comments/1t5ys67/help_me_choose_my_first_body_oil/,C085,r/Ulta,reply,oil_vs_lotion_confusion,medium,Mischverhältnis als Peer-Tipp,,arms,
C0592,Tactile descriptions,I love the thicker consistency - it’s very rich without being heavy!,"Dickere Konsistenz, reichhaltig ohne schwer",https://www.reddit.com/r/Ulta/comments/1t5ys67/help_me_choose_my_first_body_oil/okput1n/,https://www.reddit.com/r/Ulta/comments/1t5ys67/help_me_choose_my_first_body_oil/,C085,r/Ulta,reply,new_oil_viscosity,medium,Reichhaltig-aber-nicht-schwer als Ideal,,whole_body,
C0593,Product / routine preferences,"shower, lotion on damp skin, oil on damp/drier skin","Dusche, Lotion auf feuchte Haut, dann Öl",https://www.reddit.com/r/Ulta/comments/1t5ys67/help_me_choose_my_first_body_oil/okin5v3/,https://www.reddit.com/r/Ulta/comments/1t5ys67/help_me_choose_my_first_body_oil/,C085,r/Ulta,reply,question_order_of_application,medium,Reihenfolge Lotion → Öl,,whole_body,
C0594,Successful attempts,Recently I decided to use it on my crepey arms and the difference is incredible.,CeraVe-Creme auf kreppigen Armen – unglaublicher Unterschied,https://www.reddit.com/r/Ulta/comments/1r8m0yr/my_new_fave_for_crepey_skin/,https://www.reddit.com/r/Ulta/comments/1r8m0yr/my_new_fave_for_crepey_skin/,C086,r/Ulta,OP r/Ulta,crepey_arms,high,Basis-Creme statt Spezialprodukt als Erfolg,,arms,
C0595,Purchase criteria,It sinks in fast - doesn’t feel greasy.,"Zieht schnell ein, nicht fettig",https://www.reddit.com/r/Ulta/comments/1r8m0yr/my_new_fave_for_crepey_skin/,https://www.reddit.com/r/Ulta/comments/1r8m0yr/my_new_fave_for_crepey_skin/,C086,r/Ulta,OP,oil_absorbs_fast,high,Kernkriterien,,arms,
C0596,Tactile descriptions,"My arms are softer, smoother and look so much better than anything else I’ve tried!","Arme weicher, glatter, besser als alles andere",https://www.reddit.com/r/Ulta/comments/1r8m0yr/my_new_fave_for_crepey_skin/,https://www.reddit.com/r/Ulta/comments/1r8m0yr/my_new_fave_for_crepey_skin/,C086,r/Ulta,OP,soft_smooth_desire;crepey_arms,high,Weich+glatt als Erfolgsmaß,,arms,
C0597,Failed attempts,it was on my counter the whole time I was slathering on fancy creams and serums with special ingredients that did nothing!,Teure Cremes/Seren mit Spezialwirkstoffen brachten nichts,https://www.reddit.com/r/Ulta/comments/1r8m0yr/my_new_fave_for_crepey_skin/o660d4t/,https://www.reddit.com/r/Ulta/comments/1r8m0yr/my_new_fave_for_crepey_skin/,C086,r/Ulta,OP reply,marketing_distrust;price_value;nothing_works,high,"Spezialwirkstoff-Enttäuschung, Rückkehr zu Basics",,arms,
C0598,Questions customers repeatedly ask,How old are you and do you only see temporary results while applying the cream or long term results? How long have you been using it?,"Fragt nach Alter, temporär vs. dauerhaft, Anwendungsdauer",https://www.reddit.com/r/Ulta/comments/1r8m0yr/my_new_fave_for_crepey_skin/ocnh73n/,https://www.reddit.com/r/Ulta/comments/1r8m0yr/my_new_fave_for_crepey_skin/,C086,r/Ulta,reply,time_to_result;lotion_temporary,high,Kernfragen: Dauerhaftigkeit und Alter der Erfahrungsgeberin,,arms,
C0599,Time-to-result expectations,if I stopped using it I would lose many of the benefits - just like most products,Ohne Weiterverwendung gehen Vorteile verloren,https://www.reddit.com/r/Ulta/comments/1r8m0yr/my_new_fave_for_crepey_skin/ocntgmh/,https://www.reddit.com/r/Ulta/comments/1r8m0yr/my_new_fave_for_crepey_skin/,C086,r/Ulta,OP reply,lotion_temporary;consistency_effort,high,Erwartung kontinuierlicher Anwendung,,arms,
C0600,Successful attempts,those crepey little wrinkles that were there have been really truly minimized. It worked really fast too!,"Kleine Krepp-Fältchen wirklich minimiert, sehr schnell",https://www.reddit.com/r/Ulta/comments/1r8m0yr/my_new_fave_for_crepey_skin/ocntgmh/,https://www.reddit.com/r/Ulta/comments/1r8m0yr/my_new_fave_for_crepey_skin/,C086,r/Ulta,OP reply,crepey_arms;time_to_result,high,Wahrgenommene Krepp-Minderung mit Basispflege,,arms,
C0601,Tactile descriptions,The plumping and hydration is amazing.,Aufpolsterung und Feuchtigkeit erstaunlich,https://www.reddit.com/r/Ulta/comments/1r8m0yr/my_new_fave_for_crepey_skin/ocntgmh/,https://www.reddit.com/r/Ulta/comments/1r8m0yr/my_new_fave_for_crepey_skin/,C086,r/Ulta,OP reply,soft_smooth_desire,medium,"""Plumping"" als Sensorik-Ergebnis",,arms,
C0602,Exact phrases / metaphors / repeated wording,consistency over hype every time,Konsequenz statt Hype,https://www.reddit.com/r/Ulta/comments/1r8m0yr/my_new_fave_for_crepey_skin/o66v3q9/,https://www.reddit.com/r/Ulta/comments/1r8m0yr/my_new_fave_for_crepey_skin/,C086,r/Ulta,reply,consistency_effort;marketing_distrust,medium,Peer-Mantra,,whole_body,
C0603,Exact phrases / metaphors / repeated wording,This and the Osea body oil have kept me from looking and feeling like a reptile.,CeraVe + Osea-Öl verhindern Reptil-Look,https://www.reddit.com/r/Ulta/comments/1r8m0yr/my_new_fave_for_crepey_skin/o664smt/,https://www.reddit.com/r/Ulta/comments/1r8m0yr/my_new_fave_for_crepey_skin/,C086,r/Ulta,reply,new_reptile_metaphor,medium,Reptil-Metapher; Öl+Creme-Kombi,,whole_body,
C0604,Objections,I am not fond of oils and I have a lot of the Osea oil as it was a free diamond gift.,"Mag Öle nicht, hat Osea geschenkt bekommen",https://www.reddit.com/r/Ulta/comments/1r8m0yr/my_new_fave_for_crepey_skin/o667jy1/,https://www.reddit.com/r/Ulta/comments/1r8m0yr/my_new_fave_for_crepey_skin/,C086,r/Ulta,OP reply,oil_greasy_staining,medium,Öl-Aversion trotz Premium-Probe,,whole_body,
C0605,Product / routine preferences,I put on the oil first and let it set a minute and then the lotion.,"Erst Öl einwirken lassen, dann Lotion",https://www.reddit.com/r/Ulta/comments/1r8m0yr/my_new_fave_for_crepey_skin/o66gd8n/,https://www.reddit.com/r/Ulta/comments/1r8m0yr/my_new_fave_for_crepey_skin/,C086,r/Ulta,reply,question_order_of_application,medium,Reihenfolge Öl→Lotion,,whole_body,
C0606,Purchase criteria,"Great price, fragrance free, and never ending!","Guter Preis, duftfrei, ergiebig",https://www.reddit.com/r/Ulta/comments/1r8m0yr/my_new_fave_for_crepey_skin/o6680hl/,https://www.reddit.com/r/Ulta/comments/1r8m0yr/my_new_fave_for_crepey_skin/,C086,r/Ulta,reply; Midwest winter,price_value;fragrance_sensitivity;winter_dryness,medium,Kriterien-Trias Basispflege,,whole_body,
C0607,Tactile descriptions,Didn’t give me the same buttery soft skin. And didn’t like how it felt going on.,"AmLactin: nicht butterweich, unangenehmes Auftragen",https://www.reddit.com/r/Ulta/comments/1r8m0yr/my_new_fave_for_crepey_skin/o68g00y/,https://www.reddit.com/r/Ulta/comments/1r8m0yr/my_new_fave_for_crepey_skin/,C086,r/Ulta,OP reply,amlactin_lactic,medium,AmLactin-Sensorik-Nachteil,,arms,
C0608,Questions customers repeatedly ask,And do I still need to use lotion?,Braucht man zusätzlich Lotion?,https://www.reddit.com/r/Ulta/comments/1ukz2dt/saltair_body_oil_do_you_use_it_how_do_you_use_it/,https://www.reddit.com/r/Ulta/comments/1ukz2dt/saltair_body_oil_do_you_use_it_how_do_you_use_it/,C087,r/Ulta,OP Saltair body oil,question_oil_or_lotion,high,Kernfrage Öl vs. Lotion,,whole_body,
C0609,Successful attempts,My skin stays super soft for two days without needing additional lotion or anything.,Haut bleibt zwei Tage weich ohne Lotion,https://www.reddit.com/r/Ulta/comments/1ukz2dt/saltair_body_oil_do_you_use_it_how_do_you_use_it/ov01cpl/,https://www.reddit.com/r/Ulta/comments/1ukz2dt/saltair_body_oil_do_you_use_it_how_do_you_use_it/,C087,r/Ulta,reply,soft_smooth_desire;oil_vs_lotion_confusion,medium,Langzeitweichheit durch Öl allein,,whole_body,
C0610,Purchase criteria,"I think it's the best value oil out there. I have some Kopari, that is fine- but it was 2.5 times the price and no smell","Bestes Preis-Leistungs-Öl; Kopari 2,5x teurer ohne Duft",https://www.reddit.com/r/Ulta/comments/1ukz2dt/saltair_body_oil_do_you_use_it_how_do_you_use_it/ouzzh4c/,https://www.reddit.com/r/Ulta/comments/1ukz2dt/saltair_body_oil_do_you_use_it_how_do_you_use_it/,C087,r/Ulta,reply,price_value;scent_love,medium,Preis-Leistung + Duft,,chest,
C0611,Questions customers repeatedly ask,when you say straight out of the shower do you mean while you’re still wet or after drying off a little bit,Nass oder leicht abgetrocknet?,https://www.reddit.com/r/Ulta/comments/1ukz2dt/saltair_body_oil_do_you_use_it_how_do_you_use_it/ov12xww/,https://www.reddit.com/r/Ulta/comments/1ukz2dt/saltair_body_oil_do_you_use_it_how_do_you_use_it/,C087,r/Ulta,reply,question_order_of_application;oil_on_damp_skin,high,Wiederkehrende Anwendungsfrage,,whole_body,
C0612,Routine friction,I’m so lazy sometimes when it comes to moisturizing so I thought a body oil right out of the shower may help.,Zu faul zum Eincremen – Öl nach Dusche als Abkürzung,https://www.reddit.com/r/Ulta/comments/1ukz2dt/saltair_body_oil_do_you_use_it_how_do_you_use_it/ov12xww/,https://www.reddit.com/r/Ulta/comments/1ukz2dt/saltair_body_oil_do_you_use_it_how_do_you_use_it/,C087,r/Ulta,reply,routine_fatigue,high,Öl als Faulheits-Lösung wahrgenommen,,whole_body,
C0613,Purchase criteria,"Absorbs quickly, smells good (Exotic Pulp is my favorite), and makes my skin soft.","Zieht schnell ein, duftet, macht weich",https://www.reddit.com/r/Ulta/comments/1ukz2dt/saltair_body_oil_do_you_use_it_how_do_you_use_it/ouzzqd4/,https://www.reddit.com/r/Ulta/comments/1ukz2dt/saltair_body_oil_do_you_use_it_how_do_you_use_it/,C087,r/Ulta,reply,oil_absorbs_fast;scent_love;soft_smooth_desire,medium,Kriterien-Trias,,whole_body,
C0614,Objections,Unfortunately i learned i am very allergic to only this scent. Every once in a while i use it and enjoy it and just muster through the resulting 2-3 days of dermatitis.,"Allergisch gegen Duft, nutzt es trotzdem und erträgt Dermatitis",https://www.reddit.com/r/Ulta/comments/1ukz2dt/saltair_body_oil_do_you_use_it_how_do_you_use_it/ov24xk5/,https://www.reddit.com/r/Ulta/comments/1ukz2dt/saltair_body_oil_do_you_use_it_how_do_you_use_it/,C087,r/Ulta,reply,fragrance_sensitivity;scent_love,medium,Duft-Liebe trotz Reaktion – Duftbindung extrem stark,,whole_body,
C0615,Successful attempts,it gives my legs a nice glow,Gibt Beinen schönen Glanz,https://www.reddit.com/r/Ulta/comments/1ukz2dt/saltair_body_oil_do_you_use_it_how_do_you_use_it/ov50fss/,https://www.reddit.com/r/Ulta/comments/1ukz2dt/saltair_body_oil_do_you_use_it_how_do_you_use_it/,C087,r/Ulta,reply; Miami,glow_desire,medium,Glow an Beinen,,legs,
C0616,Objections,I feel like I'll be sticky with the lotion/oil combo.,Lotion+Öl-Kombi wäre klebrig (heißes Klima),https://www.reddit.com/r/Ulta/comments/1ukz2dt/saltair_body_oil_do_you_use_it_how_do_you_use_it/ov6ya28/,https://www.reddit.com/r/Ulta/comments/1ukz2dt/saltair_body_oil_do_you_use_it_how_do_you_use_it/,C087,r/Ulta,reply; Miami,summer_trigger;oil_greasy_staining,medium,Klimaabhängige Layering-Ablehnung,,whole_body,
C0617,Routine friction,applying lotion right now is hard!,Lotion auftragen bei Hitze schwierig,https://www.reddit.com/r/Ulta/comments/1ukz2dt/saltair_body_oil_do_you_use_it_how_do_you_use_it/ov6z2fy/,https://www.reddit.com/r/Ulta/comments/1ukz2dt/saltair_body_oil_do_you_use_it_how_do_you_use_it/,C087,r/Ulta,OP reply; hot humid climate,summer_trigger,medium,Hitze als Friktion,,whole_body,
C0618,Ingredient / mechanism beliefs,put on the body cream( this hydrates your skin/water) and then put the oil on top( acts as a shield and keeps moisture in),"Creme hydratisiert, Öl als Schutzschild obendrauf",https://www.reddit.com/r/Ulta/comments/1ukz2dt/saltair_body_oil_do_you_use_it_how_do_you_use_it/ov063kv/,https://www.reddit.com/r/Ulta/comments/1ukz2dt/saltair_body_oil_do_you_use_it_how_do_you_use_it/,C087,r/Ulta,reply,oil_seals_not_hydrates;question_order_of_application,medium,Schild-Metapher für Öl,,whole_body,
C0619,Skepticism,"then I saw Saltair’s own directions say to do the oil first, so I switched. For what it’s worth, I haven’t noticed a difference in moisturization either way",Saltair empfiehlt Öl zuerst; kein Unterschied bemerkt,https://www.reddit.com/r/Ulta/comments/1ukz2dt/saltair_body_oil_do_you_use_it_how_do_you_use_it/ov10y61/,https://www.reddit.com/r/Ulta/comments/1ukz2dt/saltair_body_oil_do_you_use_it_how_do_you_use_it/,C087,r/Ulta,reply,question_order_of_application,medium,Widersprüchliche Herstellerangaben verwirren,,whole_body,
C0620,Skepticism,maybe they aren’t entirely sure themselves,Hersteller selbst unsicher über Reihenfolge,https://www.reddit.com/r/Ulta/comments/1ukz2dt/saltair_body_oil_do_you_use_it_how_do_you_use_it/ov4dgli/,https://www.reddit.com/r/Ulta/comments/1ukz2dt/saltair_body_oil_do_you_use_it_how_do_you_use_it/,C087,r/Ulta,reply,question_order_of_application;marketing_distrust,medium,Inkonsistente Anleitung schadet Vertrauen,,whole_body,
C0621,Objections,I love this thing but it lasts me nothing,"Liebt es, aber Flasche hält nicht lange",https://www.reddit.com/r/Ulta/comments/1ukz2dt/saltair_body_oil_do_you_use_it_how_do_you_use_it/ov1n59l/,https://www.reddit.com/r/Ulta/comments/1ukz2dt/saltair_body_oil_do_you_use_it_how_do_you_use_it/,C087,r/Ulta,reply,price_value,medium,Verbrauch/Reichweite,,whole_body,
C0622,Objections,the oil smells a bit like cooking oil to me,Öl riecht etwas nach Speiseöl,https://www.reddit.com/r/Ulta/comments/1ukz2dt/saltair_body_oil_do_you_use_it_how_do_you_use_it/ov0u5pg/,https://www.reddit.com/r/Ulta/comments/1ukz2dt/saltair_body_oil_do_you_use_it_how_do_you_use_it/,C087,r/Ulta,reply,fragrance_sensitivity,medium,Basisöl-Eigengeruch als Einwand,,whole_body,
C0623,Tactile descriptions,"It managed to be moisturizing, but not greasy feeling, it had a wonderful smooth, effortless glide/slip and it left my skin feeling nourished all day.","Pflegend, nicht fettig, mühelose Gleitfähigkeit, ganztägig genährt",https://www.reddit.com/r/Ulta/comments/1ukz2dt/saltair_body_oil_do_you_use_it_how_do_you_use_it/ov2imwj/,https://www.reddit.com/r/Ulta/comments/1ukz2dt/saltair_body_oil_do_you_use_it_how_do_you_use_it/,C087,r/Ulta,reply,oil_absorbs_fast,medium,"Sensorik-Ideal: Glide, nicht fettig, ganztägig",,whole_body,
C0624,Objections,I cannot justify its insane price point.,Kann den wahnsinnigen Preis nicht rechtfertigen,https://www.reddit.com/r/Ulta/comments/1ukz2dt/saltair_body_oil_do_you_use_it_how_do_you_use_it/ov2imwj/,https://www.reddit.com/r/Ulta/comments/1ukz2dt/saltair_body_oil_do_you_use_it_how_do_you_use_it/,C087,r/Ulta,reply,price_value,medium,Preisgrenze,,whole_body,
C0625,Objections,I find the OSEA Body Oil a bit too tacky for my taste.,Osea etwas zu klebrig,https://www.reddit.com/r/Ulta/comments/1ukz2dt/saltair_body_oil_do_you_use_it_how_do_you_use_it/ov2imwj/,https://www.reddit.com/r/Ulta/comments/1ukz2dt/saltair_body_oil_do_you_use_it_how_do_you_use_it/,C087,r/Ulta,reply,oil_absorbs_fast,medium,Klebrigkeit beim Premium-Wettbewerber,,whole_body,
C0626,Ingredient / mechanism beliefs,Cyclopentasiloxane is a silicone which is before oil and I believe that’s what’s giving you that dry but soft feel.,"Silikon sorgt für trockenes, weiches Gefühl",https://www.reddit.com/r/Ulta/comments/1ukz2dt/saltair_body_oil_do_you_use_it_how_do_you_use_it/ov5haln/,https://www.reddit.com/r/Ulta/comments/1ukz2dt/saltair_body_oil_do_you_use_it_how_do_you_use_it/,C087,r/Ulta,reply,new_silicone_in_oil,medium,INCI-Lesekompetenz; Silikon-Füller-Skepsis,,whole_body,
C0627,Questions customers repeatedly ask,Can anyone say if it leaves a greasy residue or does it soak in?,Hinterlässt es fettigen Film oder zieht es ein?,https://www.reddit.com/r/Ulta/comments/1ukz2dt/saltair_body_oil_do_you_use_it_how_do_you_use_it/ov04ov4/,https://www.reddit.com/r/Ulta/comments/1ukz2dt/saltair_body_oil_do_you_use_it_how_do_you_use_it/,C087,r/Ulta,reply,oil_greasy_staining;question_oil_or_lotion,high,Kernfrage vor Ölkauf,,whole_body,
C0628,Product / routine preferences,I rub it in my hands until it gets warm then I put it on.,Öl in Händen anwärmen vor dem Auftragen,https://www.reddit.com/r/Ulta/comments/1ukz2dt/saltair_body_oil_do_you_use_it_how_do_you_use_it/ovau8rb/,https://www.reddit.com/r/Ulta/comments/1ukz2dt/saltair_body_oil_do_you_use_it_how_do_you_use_it/,C087,r/Ulta,reply,self_care_ritual,medium,Anwendungsritual,,whole_body,
C0629,Successful attempts,"what i love about the oil is it hydrates my dry skin and gives it a glow, its beautiful and makes me feel so good","Öl hydratisiert, gibt Glow, gutes Gefühl",https://www.reddit.com/r/Ulta/comments/1ukz2dt/saltair_body_oil_do_you_use_it_how_do_you_use_it/ovc5iqi/,https://www.reddit.com/r/Ulta/comments/1ukz2dt/saltair_body_oil_do_you_use_it_how_do_you_use_it/,C087,r/Ulta,"reply; ""mature skin"", menopausal",glow_desire;feel_like_myself,high,Emotionaler Mehrwert von Öl bei reifer Haut,,whole_body,
C0630,Situational triggers,"I use the serum AHA, which helps get rid of my menopausal BO. Hot flashes are the devil, especially in heat and humidity.","Menopausaler Körpergeruch, Hitzewallungen",https://www.reddit.com/r/Ulta/comments/1ukz2dt/saltair_body_oil_do_you_use_it_how_do_you_use_it/ovc5iqi/,https://www.reddit.com/r/Ulta/comments/1ukz2dt/saltair_body_oil_do_you_use_it_how_do_you_use_it/,C087,r/Ulta,reply; menopausal,new_night_sweats,medium,Menopause-Begleitsymptome beeinflussen Körperpflege,,whole_body,
C0631,Identity / social implications,"I am an accidental overconsumer, and ulta doesn't need anymore of my money.","""Versehentliche Überkonsumentin""",https://www.reddit.com/r/Ulta/comments/1ukz2dt/saltair_body_oil_do_you_use_it_how_do_you_use_it/ovcl6pm/,https://www.reddit.com/r/Ulta/comments/1ukz2dt/saltair_body_oil_do_you_use_it_how_do_you_use_it/,C087,r/Ulta,reply; mature skin,price_value,medium,Selbstbewusstsein über Konsum,,whole_body,
C0632,Objections,it smelled so rancid I thought it had gone bad,"Duft roch ranzig, als sei es verdorben",https://www.reddit.com/r/Ulta/comments/1ukz2dt/saltair_body_oil_do_you_use_it_how_do_you_use_it/ovfn6yz/,https://www.reddit.com/r/Ulta/comments/1ukz2dt/saltair_body_oil_do_you_use_it_how_do_you_use_it/,C087,r/Ulta,reply,fragrance_sensitivity,medium,Duftwahrnehmung stark individuell,,whole_body,
C0633,Skepticism,"of course I learned about it through a fucking commercial , telling me how much it needed to be fixed, and how unappealing it is","Von ""crepey skin"" erst durch Werbung erfahren, die es als Makel darstellt",https://www.reddit.com/r/TwoXChromosomes/comments/m540tj/so_tired_of_womens_insecurities_being_sold_to_us/,https://www.reddit.com/r/TwoXChromosomes/comments/m540tj/so_tired_of_womens_insecurities_being_sold_to_us/,C088,r/TwoXChromosomes,"OP mid-20s, TwoX",crepe_erase;marketing_distrust,low,Kategorie-Begriff wird als werbeerfunden wahrgenommen – Wording-Risiko,,arms,under_40_signal
C0634,Identity / social implications,she seemed deeply upset about the loose skin around her arms with this last round of weight loss,Schwiegermutter (~60) tief betroffen von schlaffer Armhaut nach Abnahme,https://www.reddit.com/r/TwoXChromosomes/comments/m540tj/so_tired_of_womens_insecurities_being_sold_to_us/,https://www.reddit.com/r/TwoXChromosomes/comments/m540tj/so_tired_of_womens_insecurities_being_sold_to_us/,C088,r/TwoXChromosomes,OP describing partner's mother ~60,crepey_arms;weight_loss_glp1,low,Zweithand-Bericht: Arme nach Gewichtsverlust,60,arms,under_40_signal
C0635,Skepticism,Companies WANT you to find and hate little things that no average person would give a shit about,"Firmen wollen, dass Frauen Kleinigkeiten an sich hassen",https://www.reddit.com/r/TwoXChromosomes/comments/m540tj/so_tired_of_womens_insecurities_being_sold_to_us/,https://www.reddit.com/r/TwoXChromosomes/comments/m540tj/so_tired_of_womens_insecurities_being_sold_to_us/,C088,r/TwoXChromosomes,OP,marketing_distrust,low,Gegenreaktion auf Insecurity-Marketing – Tonalitätsgrenze,,unspecified,under_40_signal
C0636,Identity / social implications,"I have crepey skin on my arms because I'm sixty three. I'm really self conscious about it, to the point where I wear long sleeves in the summer.","Mit 63 kreppige Arme, so unsicher, dass sie im Sommer lange Ärmel trägt",https://www.reddit.com/r/TwoXChromosomes/comments/m540tj/so_tired_of_womens_insecurities_being_sold_to_us/gqy6gfl/,https://www.reddit.com/r/TwoXChromosomes/comments/m540tj/so_tired_of_womens_insecurities_being_sold_to_us/,C088,r/TwoXChromosomes,reply; 63,crepey_arms;hiding_arms_sleeveless;summer_trigger,high,Kaschieren durch Kleidung als Verhaltensfolge,63,arms,
C0637,Emotional reactions,You've just made me feel a lot better!,Post hat ihr gut getan,https://www.reddit.com/r/TwoXChromosomes/comments/m540tj/so_tired_of_womens_insecurities_being_sold_to_us/gqy6gfl/,https://www.reddit.com/r/TwoXChromosomes/comments/m540tj/so_tired_of_womens_insecurities_being_sold_to_us/,C088,r/TwoXChromosomes,reply; 63,acceptance_aging,high,Entlastung durch Normalisierung,63,arms,
C0638,Exact phrases / metaphors / repeated wording,"I call it seersucker skin. AKA as getting old, which is immeasurably better than not getting old.","""Seersucker-Haut"" – Altern besser als nicht altern",https://www.reddit.com/r/TwoXChromosomes/comments/m540tj/so_tired_of_womens_insecurities_being_sold_to_us/gqydigd/,https://www.reddit.com/r/TwoXChromosomes/comments/m540tj/so_tired_of_womens_insecurities_being_sold_to_us/,C088,r/TwoXChromosomes,reply,acceptance_aging,medium,Alternative Metapher; Akzeptanzhaltung,,arms,
C0639,Skepticism,This practice of picking us apart and then pitching a product to “fix” the problem needs to just stop. It’s sickening,"Erst zerpflücken, dann Produkt verkaufen – widerlich",https://www.reddit.com/r/TwoXChromosomes/comments/m540tj/so_tired_of_womens_insecurities_being_sold_to_us/gqyhjia/,https://www.reddit.com/r/TwoXChromosomes/comments/m540tj/so_tired_of_womens_insecurities_being_sold_to_us/,C088,r/TwoXChromosomes,reply; lost 70 lbs,marketing_distrust;weight_loss_glp1,medium,Starke Ablehnung von Problem-Lösungs-Werbung,,arms,
C0640,Skepticism,"women ads: you have all these flaws, if you buy these products, maybe you can fix some of them.","Frauenwerbung: du hast Makel, kauf das",https://www.reddit.com/r/TwoXChromosomes/comments/m540tj/so_tired_of_womens_insecurities_being_sold_to_us/gqzfdh5/,https://www.reddit.com/r/TwoXChromosomes/comments/m540tj/so_tired_of_womens_insecurities_being_sold_to_us/,C088,r/TwoXChromosomes,reply,marketing_distrust,medium,Gender-Werbekritik,,unspecified,
C0641,Skepticism,they made up a fucking buzzword to fuck with people who never even thought anything about it before,"Erfundenes Buzzword, um Leute zu verunsichern",https://www.reddit.com/r/TwoXChromosomes/comments/m540tj/so_tired_of_womens_insecurities_being_sold_to_us/gr3nkvw/,https://www.reddit.com/r/TwoXChromosomes/comments/m540tj/so_tired_of_womens_insecurities_being_sold_to_us/,C088,r/TwoXChromosomes,reply,marketing_distrust;crepe_erase,medium,"""Crepey"" als Werbebegriff verdächtig – Begriffswahl prüfen",,arms,
C0642,Symptoms / visible texture descriptions,"for the past few days I have been itchy all over. I can't figure out why ,I have changed nothing to make this come on !",Seit Tagen am ganzen Körper Juckreiz ohne erkennbaren Grund,https://www.inspire.com/groups/red-hot-mamas-menopause/discussion/itchy-all-over-1/,https://www.inspire.com/groups/red-hot-mamas-menopause/discussion/itchy-all-over-1/,C089,Inspire - Red Hot Mamas Menopause,"OP lenglish24, menopause",itch_flake;sudden_onset,medium,Plötzlicher Ganzkörper-Juckreiz als Menopause-Symptom,,whole_body,hrt_medical_context
C0643,Emotional reactions,Anyone else experience this ? Losing it here !,"Verzweiflung – ""verliere den Verstand""",https://www.inspire.com/groups/red-hot-mamas-menopause/discussion/itchy-all-over-1/,https://www.inspire.com/groups/red-hot-mamas-menopause/discussion/itchy-all-over-1/,C089,Inspire - Red Hot Mamas Menopause,OP lenglish24,itch_flake,medium,Normalisierungsbedürfnis,,whole_body,
C0644,Product / routine preferences,For itchy skin I take oatmeal baths with warm water. Hot water makes the itching worse.,Haferbäder mit warmem Wasser; heißes Wasser verschlimmert,https://www.inspire.com/groups/red-hot-mamas-menopause/discussion/itchy-all-over-1/,https://www.inspire.com/groups/red-hot-mamas-menopause/discussion/itchy-all-over-1/,C089,Inspire - Red Hot Mamas Menopause,"reply Craftykay, 3 years post-meno",itch_flake;new_hot_shower,medium,Baderituale bei Juckreiz,,whole_body,
C0645,Problem descriptions,Sometimes I will use hydrocortisone on my elbows or knees where I get extremely dry skin.,Extrem trockene Ellbogen/Knie,https://www.inspire.com/groups/red-hot-mamas-menopause/discussion/itchy-all-over-1/,https://www.inspire.com/groups/red-hot-mamas-menopause/discussion/itchy-all-over-1/,C089,Inspire - Red Hot Mamas Menopause,reply Craftykay,crepey_knees,medium,Ellbogen/Knie als Trockenzonen,,knees,hrt_medical_context
C0646,Successful attempts,I use body oil by Neutrogena. It works wonders for the itchy skin. You can get it at most grocery stores.,Neutrogena Körperöl wirkt Wunder gegen Juckreiz; im Supermarkt erhältlich,https://www.inspire.com/groups/red-hot-mamas-menopause/discussion/itchy-all-over-1/,https://www.inspire.com/groups/red-hot-mamas-menopause/discussion/itchy-all-over-1/,C089,Inspire - Red Hot Mamas Menopause,reply Sandy32,oil_on_damp_skin,medium,Neutrogena Body Oil als langjähriger Referenzwettbewerber (2015),,whole_body,
C0647,Ingredient / mechanism beliefs,had no idea it was a menopausal issue,"Wusste nicht, dass es menopausal ist",https://www.inspire.com/groups/red-hot-mamas-menopause/discussion/itchy-all-over-1/,https://www.inspire.com/groups/red-hot-mamas-menopause/discussion/itchy-all-over-1/,C089,Inspire - Red Hot Mamas Menopause,reply gigi1125,hrt_estrogen_skin,medium,Aufklärungslücke,,whole_body,
C0648,Failed attempts,I've tried everything. All the best lotions there are! I used to have beautiful skin,"Alles versucht, beste Lotionen; früher schöne Haut",https://www.inspire.com/groups/red-hot-mamas-menopause/discussion/itchy-all-over-1/,https://www.inspire.com/groups/red-hot-mamas-menopause/discussion/itchy-all-over-1/,C089,Inspire - Red Hot Mamas Menopause,reply i-forgot,nothing_works;feel_like_myself,high,Verlust früher schöner Haut,,whole_body,
C0649,Symptoms / visible texture descriptions,I scratch so much that I have scars!,"Kratzt so viel, dass Narben bleiben",https://www.inspire.com/groups/red-hot-mamas-menopause/discussion/itchy-all-over-1/,https://www.inspire.com/groups/red-hot-mamas-menopause/discussion/itchy-all-over-1/,C089,Inspire - Red Hot Mamas Menopause,reply i-forgot,itch_flake,high,Extremer Leidensdruck,,whole_body,
C0650,Purchase criteria,"it's a sesame base, no odor and not sticky- love it!","Sesam-Basis, geruchlos, nicht klebrig",https://www.inspire.com/groups/red-hot-mamas-menopause/discussion/itchy-all-over-1/,https://www.inspire.com/groups/red-hot-mamas-menopause/discussion/itchy-all-over-1/,C089,Inspire - Red Hot Mamas Menopause,reply turnipc,oil_absorbs_fast;fragrance_sensitivity,medium,Kriterien geruchlos + nicht klebrig,,whole_body,
C0651,Objections,hubby was complaining that it made the floor slippery so this is a happy compromise,Ehemann beschwerte sich über rutschigen Boden,https://www.inspire.com/groups/red-hot-mamas-menopause/discussion/itchy-all-over-1/,https://www.inspire.com/groups/red-hot-mamas-menopause/discussion/itchy-all-over-1/,C089,Inspire - Red Hot Mamas Menopause,reply turnipc,new_slippery_shower;new_partner_reaction,medium,Rutschigkeit als Haushaltskonflikt,,whole_body,
C0652,Product / routine preferences,I apply right when I step out then towel off,"Öl direkt nach dem Aussteigen, dann abtrocknen",https://www.inspire.com/groups/red-hot-mamas-menopause/discussion/itchy-all-over-1/,https://www.inspire.com/groups/red-hot-mamas-menopause/discussion/itchy-all-over-1/,C089,Inspire - Red Hot Mamas Menopause,reply turnipc,oil_on_damp_skin;question_order_of_application,medium,Anwendungsmoment außerhalb der Dusche,,whole_body,
C0653,Objections,Everything irritates me! Even the sensitive skin stuff!,"Alles reizt, sogar Produkte für sensible Haut",https://www.inspire.com/groups/red-hot-mamas-menopause/discussion/itchy-all-over-1/,https://www.inspire.com/groups/red-hot-mamas-menopause/discussion/itchy-all-over-1/,C089,Inspire - Red Hot Mamas Menopause,reply i-forgot,fragrance_sensitivity,high,"""Sensitive""-Label nicht ausreichend",,whole_body,
C0654,Failed attempts,I have used prescription creams and lotions but the relief is temporary.,Rezeptcremes helfen nur vorübergehend,https://www.inspire.com/groups/red-hot-mamas-menopause/discussion/itchy-all-over-1/,https://www.inspire.com/groups/red-hot-mamas-menopause/discussion/itchy-all-over-1/,C089,Inspire - Red Hot Mamas Menopause,reply pk55,lotion_temporary,medium,Temporäre Linderung,,whole_body,hrt_medical_context
C0655,Identity / social implications,The women I know who are of menopausal age either claim to just breeze through it or they act like its a dirty little secret.,"Andere Frauen tun so, als sei es leicht oder ein schmutziges Geheimnis",https://www.inspire.com/groups/red-hot-mamas-menopause/discussion/itchy-all-over-1/,https://www.inspire.com/groups/red-hot-mamas-menopause/discussion/itchy-all-over-1/,C089,Inspire - Red Hot Mamas Menopause,reply pk55,new_unprepared,medium,Tabu/Schweigen als soziale Dimension,,unspecified,
C0656,Failed attempts,I have tried every lotion and steroid cream and antihistamine medication available. Nothing helps at all.,"Jede Lotion, Steroidcreme, Antihistaminikum – nichts hilft",https://www.inspire.com/groups/red-hot-mamas-menopause/discussion/itchy-all-over-1/,https://www.inspire.com/groups/red-hot-mamas-menopause/discussion/itchy-all-over-1/,C089,Inspire - Red Hot Mamas Menopause,reply EthelMertz,nothing_works,high,"Extreme Fälle – medizinisch, nicht Zielgruppe für Kosmetik",,whole_body,hrt_medical_context
C0657,Symptoms / visible texture descriptions,they look like they have been scratched with a million thorns,Rücken/Beine wie von tausend Dornen zerkratzt,https://www.inspire.com/groups/red-hot-mamas-menopause/discussion/itchy-all-over-1/,https://www.inspire.com/groups/red-hot-mamas-menopause/discussion/itchy-all-over-1/,C089,Inspire - Red Hot Mamas Menopause,reply EthelMertz,itch_flake,high,Bildhafte Leidensbeschreibung,,legs,hrt_medical_context
C0658,Product / routine preferences,I am still using Neutragena oil after showering and Lubriderm lotion.,Neutrogena-Öl nach Dusche + Lubriderm,https://www.inspire.com/groups/red-hot-mamas-menopause/discussion/itchy-all-over-1/,https://www.inspire.com/groups/red-hot-mamas-menopause/discussion/itchy-all-over-1/,C089,Inspire - Red Hot Mamas Menopause,reply turnipc,oil_vs_lotion_confusion,medium,Öl+Lotion-Layering,,whole_body,
C0659,Situational triggers,my skin has become very dry this past few months. Up until now my skin has been fine. It took a turn all of a sudden.,In den letzten Monaten plötzlich sehr trocken,https://www.inspire.com/groups/red-hot-mamas-menopause/discussion/itchy-all-over-1/,https://www.inspire.com/groups/red-hot-mamas-menopause/discussion/itchy-all-over-1/,C089,Inspire - Red Hot Mamas Menopause,reply Ellamoon,sudden_onset,medium,Plötzliche Wende,,whole_body,
C0660,Problem descriptions,"my skin no longer sticks to my body. It is super saggy, crepey and has almost no elasticity.","Haut ""haftet nicht mehr am Körper"": schlaff, kreppig, ohne Elastizität",https://www.inspire.com/groups/red-hot-mamas-menopause/discussion/skin-sagging-more-than-just-age-no-weight-gain-or-loss/,https://www.inspire.com/groups/red-hot-mamas-menopause/discussion/skin-sagging-more-than-just-age-no-weight-gain-or-loss/,C090,Inspire - Red Hot Mamas Menopause,"OP cleverwabbit, 54, post-menopausal on BHRT",crepey_arms;crepey_legs;sudden_onset,high,Tiefe Problembeschreibung Kernalter,54,whole_body,hrt_medical_context
C0661,Emotional reactions,I am horrified and it is taking a huge toll on my life.,"Entsetzt, große Belastung fürs Leben",https://www.inspire.com/groups/red-hot-mamas-menopause/discussion/skin-sagging-more-than-just-age-no-weight-gain-or-loss/,https://www.inspire.com/groups/red-hot-mamas-menopause/discussion/skin-sagging-more-than-just-age-no-weight-gain-or-loss/,C090,Inspire - Red Hot Mamas Menopause,OP 54,old_lady_identity,high,Lebensqualität betroffen,54,whole_body,hrt_medical_context
C0662,Identity / social implications,My arms and legs and neck look like a saggy crepey 70 year old.,"Arme, Beine, Hals wie von einer 70-Jährigen",https://www.inspire.com/groups/red-hot-mamas-menopause/discussion/skin-sagging-more-than-just-age-no-weight-gain-or-loss/,https://www.inspire.com/groups/red-hot-mamas-menopause/discussion/skin-sagging-more-than-just-age-no-weight-gain-or-loss/,C090,Inspire - Red Hot Mamas Menopause,OP 54,old_lady_identity;crepey_arms;crepey_legs,high,"""Älter aussehen als man ist"" als Kernschmerz",54,arms,hrt_medical_context
C0663,Tactile descriptions,I can feel it swishing around when I walk and it bunches up as it sways it looks horrifying,"Spürt Haut beim Gehen schwappen, sie wirft Falten",https://www.inspire.com/groups/red-hot-mamas-menopause/discussion/skin-sagging-more-than-just-age-no-weight-gain-or-loss/,https://www.inspire.com/groups/red-hot-mamas-menopause/discussion/skin-sagging-more-than-just-age-no-weight-gain-or-loss/,C090,Inspire - Red Hot Mamas Menopause,OP 54,crepey_legs,high,Taktile Wahrnehmung schlaffer Haut,54,legs,hrt_medical_context
C0664,Symptoms / visible texture descriptions,"My skin hangs over the inside of my elbows, and I have barely enough for bat wings but it sags crinkles down my arm.","Haut hängt über Ellenbeuge, knittert den Arm hinab",https://www.inspire.com/groups/red-hot-mamas-menopause/discussion/skin-sagging-more-than-just-age-no-weight-gain-or-loss/,https://www.inspire.com/groups/red-hot-mamas-menopause/discussion/skin-sagging-more-than-just-age-no-weight-gain-or-loss/,C090,Inspire - Red Hot Mamas Menopause,OP 54,crepey_arms,high,Visuelle Detailbeschreibung Arm-Krepp,54,arms,hrt_medical_context
C0665,Failed attempts,I work out and it does nothing.,Training bringt nichts,https://www.inspire.com/groups/red-hot-mamas-menopause/discussion/skin-sagging-more-than-just-age-no-weight-gain-or-loss/,https://www.inspire.com/groups/red-hot-mamas-menopause/discussion/skin-sagging-more-than-just-age-no-weight-gain-or-loss/,C090,Inspire - Red Hot Mamas Menopause,OP 54,nothing_works,high,Sport als gescheiterter Ansatz,54,arms,
C0666,Skepticism,They just said it was age. THIS ISN'T AGE This is too much for someone my age.,"Ärzte sagen ""Alter"" – sie widerspricht vehement",https://www.inspire.com/groups/red-hot-mamas-menopause/discussion/skin-sagging-more-than-just-age-no-weight-gain-or-loss/,https://www.inspire.com/groups/red-hot-mamas-menopause/discussion/skin-sagging-more-than-just-age-no-weight-gain-or-loss/,C090,Inspire - Red Hot Mamas Menopause,OP 54,new_dismissed_by_doctors,high,"Gefühl, nicht ernst genommen zu werden",54,whole_body,hrt_medical_context
C0667,Identity / social implications,"This isn't about trying to regain youth, I seriously feel like I look like an ugly monster, and it is unnerving.",Nicht Jugend zurück – fühlt sich wie hässliches Monster,https://www.inspire.com/groups/red-hot-mamas-menopause/discussion/skin-sagging-more-than-just-age-no-weight-gain-or-loss/,https://www.inspire.com/groups/red-hot-mamas-menopause/discussion/skin-sagging-more-than-just-age-no-weight-gain-or-loss/,C090,Inspire - Red Hot Mamas Menopause,OP 54,old_lady_identity;feel_like_myself,high,Würde statt Jugend als Motiv,54,whole_body,hrt_medical_context
C0668,Emotional reactions,If I see myself in the mirror I have panic attacks.,Panikattacken beim Blick in den Spiegel,https://www.inspire.com/groups/red-hot-mamas-menopause/discussion/skin-sagging-more-than-just-age-no-weight-gain-or-loss/,https://www.inspire.com/groups/red-hot-mamas-menopause/discussion/skin-sagging-more-than-just-age-no-weight-gain-or-loss/,C090,Inspire - Red Hot Mamas Menopause,OP 54,old_lady_identity,high,Extreme emotionale Reaktion – sensible Tonalität nötig,54,whole_body,hrt_medical_context
C0669,Emotional reactions,"I need help, I am falling apart mentally and physically.","Braucht Hilfe, zerfällt mental und körperlich",https://www.inspire.com/groups/red-hot-mamas-menopause/discussion/skin-sagging-more-than-just-age-no-weight-gain-or-loss/,https://www.inspire.com/groups/red-hot-mamas-menopause/discussion/skin-sagging-more-than-just-age-no-weight-gain-or-loss/,C090,Inspire - Red Hot Mamas Menopause,OP 54,nothing_works,high,Hoher Leidensdruck,54,whole_body,hrt_medical_context
C0670,Problem descriptions,"At the age of 51, almost overnight my skin tone changed, it went loose, and lost a lot of the right fat or volume!","Mit 51 fast über Nacht lockere Haut, Volumenverlust",https://www.inspire.com/groups/red-hot-mamas-menopause/discussion/skin-sagging-more-than-just-age-no-weight-gain-or-loss/,https://www.inspire.com/groups/red-hot-mamas-menopause/discussion/skin-sagging-more-than-just-age-no-weight-gain-or-loss/,C090,Inspire - Red Hot Mamas Menopause,"reply c-me, 54, post-menopausal",sudden_onset,high,Über-Nacht-Narrativ mit 51,54,whole_body,hrt_medical_context
C0671,Skepticism,"they do not cause, and cannot stop the progression of all time based changes. The celebs, also keep up with tucks, coolscuplting, ultherapy and fillers!",Hormone stoppen Alterung nicht; Promis nutzen Eingriffe,https://www.inspire.com/groups/red-hot-mamas-menopause/discussion/skin-sagging-more-than-just-age-no-weight-gain-or-loss/,https://www.inspire.com/groups/red-hot-mamas-menopause/discussion/skin-sagging-more-than-just-age-no-weight-gain-or-loss/,C090,Inspire - Red Hot Mamas Menopause,"reply c-me, 54",only_procedures_work;marketing_distrust,high,Skepsis gegen Promi-Versprechen,54,whole_body,hrt_medical_context
C0672,Identity / social implications,"it sucks when you have always been the same, and the changes just happen without warning, but keep eating right, keep active, and keep doing what you love",Veränderungen ohne Vorwarnung; trotzdem weitermachen,https://www.inspire.com/groups/red-hot-mamas-menopause/discussion/skin-sagging-more-than-just-age-no-weight-gain-or-loss/,https://www.inspire.com/groups/red-hot-mamas-menopause/discussion/skin-sagging-more-than-just-age-no-weight-gain-or-loss/,C090,Inspire - Red Hot Mamas Menopause,"reply c-me, 54",acceptance_aging;sudden_onset,high,Resiliente Akzeptanzhaltung,54,whole_body,
