VOC ID,Category,Exact short quote,Paraphrased meaning,Source URL,Thread URL,Corpus ID,Community,Context,Recurrence/pattern tag,Evidence strength,Potential research implication,Stated age,Body area,Flags
B0001,Situational triggers,seemingly overnight the fat on my arms changed to a crepey disaster,"Über Nacht wurden die Arme ""crepey"" – plötzlicher Beginn",https://www.reddit.com/r/45PlusSkincare/comments/1vr68n7/best_products_for_crepey_arms_and_neck_creams/,https://www.reddit.com/r/45PlusSkincare/comments/1vr68n7/best_products_for_crepey_arms_and_neck_creams/,C031,r/45PlusSkincare,OP 65 | thread: OP (65) asks what works for crepey arms after 5-6 failed creams,sudden_onset;crepey_arms,medium,Sudden-onset narrative is a key framing of the problem,65,arms,possible_seeding
B0002,Exact phrases / metaphors / repeated wording,crepey disaster,"Wortbild: ""Crepe-Katastrophe""",https://www.reddit.com/r/45PlusSkincare/comments/1vr68n7/best_products_for_crepey_arms_and_neck_creams/,https://www.reddit.com/r/45PlusSkincare/comments/1vr68n7/best_products_for_crepey_arms_and_neck_creams/,C031,r/45PlusSkincare,OP 65 | thread: OP (65) asks what works for crepey arms after 5-6 failed creams,crepey_arms,medium,Vivid problem wording used by target age,65,arms,possible_seeding
B0003,Failed attempts,"I've been through five or six creams. A couple of drugstore ones, a crepe corrector, one my daughter swore by, and an expensive one","Fünf bis sechs Cremes durchprobiert, Drogerie bis teuer",https://www.reddit.com/r/45PlusSkincare/comments/1vr68n7/best_products_for_crepey_arms_and_neck_creams/,https://www.reddit.com/r/45PlusSkincare/comments/1vr68n7/best_products_for_crepey_arms_and_neck_creams/,C031,r/45PlusSkincare,OP 65 | thread: OP (65) asks what works for crepey arms after 5-6 failed creams,nothing_works;crepe_erase,medium,Category fatigue: many prior failures across price tiers,65,arms,possible_seeding
B0004,Failed attempts,"I used each one properly, months at a time, not a week here and there.",Jede Creme monatelang korrekt verwendet,https://www.reddit.com/r/45PlusSkincare/comments/1vr68n7/best_products_for_crepey_arms_and_neck_creams/,https://www.reddit.com/r/45PlusSkincare/comments/1vr68n7/best_products_for_crepey_arms_and_neck_creams/,C031,r/45PlusSkincare,OP 65 | thread: OP (65) asks what works for crepey arms after 5-6 failed creams,consistency_effort;nothing_works,medium,Users stress they were consistent – failure not blamed on themselves,65,arms,possible_seeding
B0005,Identity / social implications,now I have to keep getting longer & longer sleeves to cover my ever increasing crepe creep on my arms,"Immer längere Ärmel, um die Arme zu verdecken",https://www.reddit.com/r/45PlusSkincare/comments/1vr68n7/best_products_for_crepey_arms_and_neck_creams/,https://www.reddit.com/r/45PlusSkincare/comments/1vr68n7/best_products_for_crepey_arms_and_neck_creams/,C031,r/45PlusSkincare,OP 65 | thread: OP (65) asks what works for crepey arms after 5-6 failed creams,hiding_arms_sleeveless,medium,Concealment via clothing is a core behaviour,65,arms,possible_seeding
B0006,Exact phrases / metaphors / repeated wording,crepe creep,"Wortspiel ""crepe creep"" (schleichende Crepe-Haut)",https://www.reddit.com/r/45PlusSkincare/comments/1vr68n7/best_products_for_crepey_arms_and_neck_creams/,https://www.reddit.com/r/45PlusSkincare/comments/1vr68n7/best_products_for_crepey_arms_and_neck_creams/,C031,r/45PlusSkincare,OP 65 | thread: OP (65) asks what works for crepey arms after 5-6 failed creams,crepey_arms,medium,Repeated colloquial term (also used by reply 39),65,arms,possible_seeding
B0007,Emotional reactions,Losing the battle for sure.,"Gefühl, den Kampf zu verlieren",https://www.reddit.com/r/45PlusSkincare/comments/1vr68n7/best_products_for_crepey_arms_and_neck_creams/,https://www.reddit.com/r/45PlusSkincare/comments/1vr68n7/best_products_for_crepey_arms_and_neck_creams/,C031,r/45PlusSkincare,OP 65 | thread: OP (65) asks what works for crepey arms after 5-6 failed creams,nothing_works,medium,Resignation/defeat emotion,65,arms,possible_seeding
B0008,Skepticism,"I'm not expecting a miracle at 65 ive accepted my age.. but before I give up on the whole category, has anything actually worked for you?","Erwartet kein Wunder, kurz davor, die ganze Kategorie aufzugeben",https://www.reddit.com/r/45PlusSkincare/comments/1vr68n7/best_products_for_crepey_arms_and_neck_creams/,https://www.reddit.com/r/45PlusSkincare/comments/1vr68n7/best_products_for_crepey_arms_and_neck_creams/,C031,r/45PlusSkincare,OP 65 | thread: OP (65) asks what works for crepey arms after 5-6 failed creams,acceptance_aging;question_what_works,medium,Category-level skepticism; tempered expectations,65,arms,possible_seeding
B0009,Product / routine preferences,glycolic acid followed by Amlactin. I only use the acid 3-4x per week and can lotion every day.,Glykolsäure 3-4x/Woche plus AmLactin täglich,https://www.reddit.com/r/45PlusSkincare/comments/1vr68n7/best_products_for_crepey_arms_and_neck_creams/p4b8275/,https://www.reddit.com/r/45PlusSkincare/comments/1vr68n7/best_products_for_crepey_arms_and_neck_creams/,C031,r/45PlusSkincare,Reply reply recommending acids | thread: OP (65) asks what works for crepey arms after 5-6 failed creams,amlactin_lactic;exfoliation_dry_brush,medium,Acid + lotion layering is a common recommended routine,,unspecified,
B0010,Product / routine preferences,"Dr. Dray on Youtube recommends it a lot and knows the cheap brand to get, which, as it turns out, outperforms the high end stuff","YouTube-Dermatologin empfiehlt günstige Marke, die teure übertrifft",https://www.reddit.com/r/45PlusSkincare/comments/1vr68n7/best_products_for_crepey_arms_and_neck_creams/p4d434a/,https://www.reddit.com/r/45PlusSkincare/comments/1vr68n7/best_products_for_crepey_arms_and_neck_creams/,C031,r/45PlusSkincare,Reply | thread: OP (65) asks what works for crepey arms after 5-6 failed creams,amlactin_lactic;derm_recommendation;price_value,medium,Derm YouTubers shape trust; cheap > expensive belief,,unspecified,
B0011,Skepticism,"None of it works. Neither do in-office procedures for the most part. Build muscle, watch your nutrition and move your body for the best results. Or surgery.","Nichts wirkt, auch keine Behandlungen – nur Muskeln, Ernährung, OP",https://www.reddit.com/r/45PlusSkincare/comments/1vr68n7/best_products_for_crepey_arms_and_neck_creams/p4b5zrm/,https://www.reddit.com/r/45PlusSkincare/comments/1vr68n7/best_products_for_crepey_arms_and_neck_creams/,C031,r/45PlusSkincare,Reply | thread: OP (65) asks what works for crepey arms after 5-6 failed creams,nothing_works;only_procedures_work,medium,Strong topical skepticism; exercise framed as real fix,,arms,
B0012,Failed attempts,"As someone who did 6 microneedling sessions, I didn’t find that helped my loose skin at all.",6 Microneedling-Sitzungen halfen nicht bei schlaffer Haut,https://www.reddit.com/r/45PlusSkincare/comments/1vr68n7/best_products_for_crepey_arms_and_neck_creams/p4d5f3a/,https://www.reddit.com/r/45PlusSkincare/comments/1vr68n7/best_products_for_crepey_arms_and_neck_creams/,C031,r/45PlusSkincare,Reply | thread: OP (65) asks what works for crepey arms after 5-6 failed creams,only_procedures_work,medium,Even procedures disappoint some,,unspecified,
B0013,Ingredient / mechanism beliefs,your elastin is very damage and you never get it back,Elastin ist geschädigt und kommt nie zurück,https://www.reddit.com/r/45PlusSkincare/comments/1vr68n7/best_products_for_crepey_arms_and_neck_creams/p4bkxbf/,https://www.reddit.com/r/45PlusSkincare/comments/1vr68n7/best_products_for_crepey_arms_and_neck_creams/,C031,r/45PlusSkincare,Reply | thread: OP (65) asks what works for crepey arms after 5-6 failed creams,nothing_works,low,Belief in irreversibility limits expectations,,arms,
B0014,Failed attempts,Exercise doesnt do it for me sadly. Lift heavy arms and legs plus cardio,Sport hilft bei ihr leider nicht,https://www.reddit.com/r/45PlusSkincare/comments/1vr68n7/best_products_for_crepey_arms_and_neck_creams/p4qd95y/,https://www.reddit.com/r/45PlusSkincare/comments/1vr68n7/best_products_for_crepey_arms_and_neck_creams/,C031,r/45PlusSkincare,Reply | thread: OP (65) asks what works for crepey arms after 5-6 failed creams,nothing_works,medium,Exercise does not fix the skin surface for some,,arms,
B0015,Ingredient / mechanism beliefs,You can hydrate and that temporarily plumps up the skin a bit but won’t make a noticeable difference on crepey skin.,Feuchtigkeit polstert nur vorübergehend auf,https://www.reddit.com/r/45PlusSkincare/comments/1vr68n7/best_products_for_crepey_arms_and_neck_creams/p4c1yd6/,https://www.reddit.com/r/45PlusSkincare/comments/1vr68n7/best_products_for_crepey_arms_and_neck_creams/,C031,r/45PlusSkincare,Reply | thread: OP (65) asks what works for crepey arms after 5-6 failed creams,lotion_temporary,medium,Belief that hydration = temporary effect only,,unspecified,
B0016,Successful attempts,I’m early 60s and the crepe looking arms are now gone.,"Anfang 60, nach Laserbehandlungen sind die Crepe-Arme weg",https://www.reddit.com/r/45PlusSkincare/comments/1vr68n7/best_products_for_crepey_arms_and_neck_creams/p4bsfoj/,https://www.reddit.com/r/45PlusSkincare/comments/1vr68n7/best_products_for_crepey_arms_and_neck_creams/,C031,r/45PlusSkincare,Reply reply; Halo/Moxi/BBL on arms | thread: OP (65) asks what works for crepey arms after 5-6 failed creams,only_procedures_work,medium,Procedure success stories set comparison benchmark,,arms,
B0017,Objections,Probs have to sell a kidney,"Behandlungen unbezahlbar teuer (""Niere verkaufen"")",https://www.reddit.com/r/45PlusSkincare/comments/1vr68n7/best_products_for_crepey_arms_and_neck_creams/p4bx2um/,https://www.reddit.com/r/45PlusSkincare/comments/1vr68n7/best_products_for_crepey_arms_and_neck_creams/,C031,r/45PlusSkincare,Reply | thread: OP (65) asks what works for crepey arms after 5-6 failed creams,price_value,medium,Procedure cost is prohibitive for many,,arms,
B0018,Successful attempts,"I mix a whole 45g tube of Tretinoin in a bottle of AmLactin, and slather it all over my body every time after getting out of the shower. No crepey skin now.","Tretinoin in AmLactin gemischt, nach dem Duschen am ganzen Körper – keine Crepe-Haut mehr",https://www.reddit.com/r/45PlusSkincare/comments/1vr68n7/best_products_for_crepey_arms_and_neck_creams/p4dfqh0/,https://www.reddit.com/r/45PlusSkincare/comments/1vr68n7/best_products_for_crepey_arms_and_neck_creams/,C031,r/45PlusSkincare,Reply | thread: OP (65) asks what works for crepey arms after 5-6 failed creams,retinol_body;amlactin_lactic,medium,DIY prescription hacks circulate; post-shower whole-body ritual,,whole_body,
B0019,Skepticism,"Once the tret comes out of the tube, it loses stability, and it’s really not recommended to mix it like this.",Mischen von Tretinoin wird als instabil kritisiert,https://www.reddit.com/r/45PlusSkincare/comments/1vr68n7/best_products_for_crepey_arms_and_neck_creams/p4jighp/,https://www.reddit.com/r/45PlusSkincare/comments/1vr68n7/best_products_for_crepey_arms_and_neck_creams/,C031,r/45PlusSkincare,Reply | thread: OP (65) asks what works for crepey arms after 5-6 failed creams,derm_recommendation,medium,Users police DIY mixing using derm YouTube,,whole_body,
B0020,Emotional reactions,At 65 I woke up to a sudden crepey skin thingy on my arms I was in shock. I had my grandma's arms. The wrinkles are so upsetting.,"Mit 65 plötzlich Crepe-Arme, Schock, ""Arme meiner Oma""",https://www.reddit.com/r/45PlusSkincare/comments/1vr68n7/best_products_for_crepey_arms_and_neck_creams/pdivd1j/,https://www.reddit.com/r/45PlusSkincare/comments/1vr68n7/best_products_for_crepey_arms_and_neck_creams/,C031,r/45PlusSkincare,Reply | thread: OP (65) asks what works for crepey arms after 5-6 failed creams,sudden_onset;mothers_skin;crepey_arms,high,Shock + grandmother comparison = identity loss,65,arms,
B0021,Identity / social implications,I had my grandma's arms.,Hatte plötzlich die Arme ihrer Oma,https://www.reddit.com/r/45PlusSkincare/comments/1vr68n7/best_products_for_crepey_arms_and_neck_creams/pdivd1j/,https://www.reddit.com/r/45PlusSkincare/comments/1vr68n7/best_products_for_crepey_arms_and_neck_creams/,C031,r/45PlusSkincare,Reply | thread: OP (65) asks what works for crepey arms after 5-6 failed creams,mothers_skin;old_lady_identity,high,Inherited/elder comparison is a recurring frame,65,arms,
B0022,Situational triggers,I am 48 and want to get ahead of the crepe creep. My elbow creases are driving me nuts.,Mit 48 vorbeugen; Ellenbeugen nerven,https://www.reddit.com/r/45PlusSkincare/comments/1vr68n7/best_products_for_crepey_arms_and_neck_creams/p4hki5q/,https://www.reddit.com/r/45PlusSkincare/comments/1vr68n7/best_products_for_crepey_arms_and_neck_creams/,C031,r/45PlusSkincare,Reply | thread: OP (65) asks what works for crepey arms after 5-6 failed creams,crepey_arms,high,"Core-age prevention mindset, elbow creases as onset site",48,arms,
B0023,Failed attempts,Use amlactin now and haven't seen much improvement other than short-term hydration.,AmLactin bringt nur kurzfristige Feuchtigkeit,https://www.reddit.com/r/45PlusSkincare/comments/1vr68n7/best_products_for_crepey_arms_and_neck_creams/p4hki5q/,https://www.reddit.com/r/45PlusSkincare/comments/1vr68n7/best_products_for_crepey_arms_and_neck_creams/,C031,r/45PlusSkincare,Reply | thread: OP (65) asks what works for crepey arms after 5-6 failed creams,amlactin_lactic;lotion_temporary,high,AmLactin = short-term only for some,48,arms,
B0024,Successful attempts,the best thing i have ever found was the Weleda Skin Food Body Butter. it is absolutely amazing!,Weleda Skin Food Body Butter als bestes Produkt,https://www.reddit.com/r/45PlusSkincare/comments/1vr68n7/best_products_for_crepey_arms_and_neck_creams/p4g78lz/,https://www.reddit.com/r/45PlusSkincare/comments/1vr68n7/best_products_for_crepey_arms_and_neck_creams/,C031,r/45PlusSkincare,Reply chronic illness poster | thread: OP (65) asks what works for crepey arms after 5-6 failed creams,lotion_temporary,medium,Rich butters valued for crepey skin,,unspecified,
B0025,Purchase criteria,regular lotions aren't thick enough to add the extreme moisture and held-in hydration like a quality body butter.,Normale Lotionen nicht reichhaltig genug,https://www.reddit.com/r/45PlusSkincare/comments/1vr68n7/best_products_for_crepey_arms_and_neck_creams/p4g78lz/,https://www.reddit.com/r/45PlusSkincare/comments/1vr68n7/best_products_for_crepey_arms_and_neck_creams/,C031,r/45PlusSkincare,Reply | thread: OP (65) asks what works for crepey arms after 5-6 failed creams,soft_smooth_desire,medium,Richness/occlusion as criterion,,unspecified,
B0026,Failed attempts,My biceps are firm from training at 65 and the crepeyness is still totally present it's such a drag.,Trotz fester Bizeps bleibt die Crepe-Haut,https://www.reddit.com/r/45PlusSkincare/comments/1vr68n7/best_products_for_crepey_arms_and_neck_creams/pdivmuu/,https://www.reddit.com/r/45PlusSkincare/comments/1vr68n7/best_products_for_crepey_arms_and_neck_creams/,C031,r/45PlusSkincare,Reply | thread: OP (65) asks what works for crepey arms after 5-6 failed creams,nothing_works;crepey_arms,high,Strength training does not remove surface crepiness,65,arms,
B0027,Successful attempts,My crepey legs look better when I use Naturium urea serum on them after I get out of the shower and then regular lotion on top of that.,Urea-Serum nach dem Duschen plus Lotion verbessert Beine,https://www.reddit.com/r/45PlusSkincare/comments/1vr68n7/best_products_for_crepey_arms_and_neck_creams/p4eqga8/,https://www.reddit.com/r/45PlusSkincare/comments/1vr68n7/best_products_for_crepey_arms_and_neck_creams/,C031,r/45PlusSkincare,Reply | thread: OP (65) asks what works for crepey arms after 5-6 failed creams,urea;crepey_legs,medium,Layering serum + lotion post-shower works for some,,legs,
B0028,Skepticism,"I wish there was a magic potion, but there's not.",Kein Zaubertrank,https://www.reddit.com/r/45PlusSkincare/comments/1vr68n7/best_products_for_crepey_arms_and_neck_creams/p4ckhba/,https://www.reddit.com/r/45PlusSkincare/comments/1vr68n7/best_products_for_crepey_arms_and_neck_creams/,C031,r/45PlusSkincare,Reply | thread: OP (65) asks what works for crepey arms after 5-6 failed creams,nothing_works,medium,"""Magic potion"" disbelief",,unspecified,
B0029,Ingredient / mechanism beliefs,they can only do so much on the surface.,Topische Mittel wirken nur an der Oberfläche,https://www.reddit.com/r/45PlusSkincare/comments/1vr68n7/best_products_for_crepey_arms_and_neck_creams/p4ckhba/,https://www.reddit.com/r/45PlusSkincare/comments/1vr68n7/best_products_for_crepey_arms_and_neck_creams/,C031,r/45PlusSkincare,Reply | thread: OP (65) asks what works for crepey arms after 5-6 failed creams,nothing_works,medium,Topical = surface-only belief,,unspecified,
B0030,Skepticism,creams unfortunately do not work for crepiness.,Cremes wirken nicht gegen Crepe-Haut,https://www.reddit.com/r/45PlusSkincare/comments/1vr68n7/best_products_for_crepey_arms_and_neck_creams/p4hir9c/,https://www.reddit.com/r/45PlusSkincare/comments/1vr68n7/best_products_for_crepey_arms_and_neck_creams/,C031,r/45PlusSkincare,Reply | thread: OP (65) asks what works for crepey arms after 5-6 failed creams,nothing_works;only_procedures_work,low,Creams dismissed vs. devices; poster promoting Sofwave,,neck,possible_seeding
B0031,Product / routine preferences,Wear long sleeves. Better for your skin anyway - no sun exposure.,Lange Ärmel tragen – auch Sonnenschutz,https://www.reddit.com/r/45PlusSkincare/comments/1vr68n7/best_products_for_crepey_arms_and_neck_creams/p4ctowr/,https://www.reddit.com/r/45PlusSkincare/comments/1vr68n7/best_products_for_crepey_arms_and_neck_creams/,C031,r/45PlusSkincare,Reply | thread: OP (65) asks what works for crepey arms after 5-6 failed creams,hiding_arms_sleeveless;sunscreen_sun_damage,medium,Concealment normalised as advice,,arms,
B0032,Skepticism,Save your money. I already spent mine and tried almost everything. Nothing works. Just wear long sleeves.,"Geld sparen, nichts wirkt, lange Ärmel tragen",https://www.reddit.com/r/45PlusSkincare/comments/1vr68n7/best_products_for_crepey_arms_and_neck_creams/p4dmnxa/,https://www.reddit.com/r/45PlusSkincare/comments/1vr68n7/best_products_for_crepey_arms_and_neck_creams/,C031,r/45PlusSkincare,Reply | thread: OP (65) asks what works for crepey arms after 5-6 failed creams,nothing_works;hiding_arms_sleeveless;price_value,high,Money-wasted resignation – strong barrier,,arms,
B0033,Emotional reactions,It sucks getting old.,Altwerden ist doof,https://www.reddit.com/r/45PlusSkincare/comments/1vr68n7/best_products_for_crepey_arms_and_neck_creams/p55m58f/,https://www.reddit.com/r/45PlusSkincare/comments/1vr68n7/best_products_for_crepey_arms_and_neck_creams/,C031,r/45PlusSkincare,Reply | thread: OP (65) asks what works for crepey arms after 5-6 failed creams,acceptance_aging,medium,Plain-spoken aging frustration,,arms,
B0034,Tactile descriptions,"I can’t say if it works as intended yet, but it does make my skin feel really nice.","Gold Bond fühlt sich gut an, Wirkung noch unklar",https://www.reddit.com/r/45PlusSkincare/comments/1vr68n7/best_products_for_crepey_arms_and_neck_creams/p4b4bvm/,https://www.reddit.com/r/45PlusSkincare/comments/1vr68n7/best_products_for_crepey_arms_and_neck_creams/,C031,r/45PlusSkincare,Reply | thread: OP (65) asks what works for crepey arms after 5-6 failed creams,gold_bond_crepe,medium,Sensory pleasure separate from efficacy,,unspecified,
B0035,Time-to-result expectations,I think it will take anywhere from 3 to 6 months though to see if it really helps.,Erwartet 3-6 Monate bis zum Ergebnis,https://www.reddit.com/r/45PlusSkincare/comments/1vr68n7/best_products_for_crepey_arms_and_neck_creams/p4b4bvm/,https://www.reddit.com/r/45PlusSkincare/comments/1vr68n7/best_products_for_crepey_arms_and_neck_creams/,C031,r/45PlusSkincare,Reply | thread: OP (65) asks what works for crepey arms after 5-6 failed creams,time_to_result;gold_bond_crepe,medium,Users anticipate 3-6 months,,unspecified,
B0036,Skepticism,It works great long enough to get through an event. Long run it's not going to make a difference.,Wirkt nur kurzfristig für ein Event,https://www.reddit.com/r/45PlusSkincare/comments/1vr68n7/best_products_for_crepey_arms_and_neck_creams/p4biivu/,https://www.reddit.com/r/45PlusSkincare/comments/1vr68n7/best_products_for_crepey_arms_and_neck_creams/,C031,r/45PlusSkincare,Reply | thread: OP (65) asks what works for crepey arms after 5-6 failed creams,lotion_temporary;gold_bond_crepe,medium,Temporary cosmetic effect acknowledged,,unspecified,
B0037,Successful attempts,I used Amlactin but didn’t really see improvement. But the Alpha 12% Has significantly reduced the wrinkly skin.,"AmLactin wirkungslos, 12% Glykol-Lotion deutlich besser",https://www.reddit.com/r/45PlusSkincare/comments/1vr68n7/best_products_for_crepey_arms_and_neck_creams/p4f9pte/,https://www.reddit.com/r/45PlusSkincare/comments/1vr68n7/best_products_for_crepey_arms_and_neck_creams/,C031,r/45PlusSkincare,Reply | thread: OP (65) asks what works for crepey arms after 5-6 failed creams,amlactin_lactic,medium,Switching among acid lotions is common,,unspecified,
B0038,Successful attempts,"I improved mine by about 60-70%, and I think they’re still improving (little by little).",60-70% Verbesserung durch Öl-Massage,https://www.reddit.com/r/45PlusSkincare/comments/1vr68n7/best_products_for_crepey_arms_and_neck_creams/p4ci68r/,https://www.reddit.com/r/45PlusSkincare/comments/1vr68n7/best_products_for_crepey_arms_and_neck_creams/,C031,r/45PlusSkincare,Reply oil-mix massage routine | thread: OP (65) asks what works for crepey arms after 5-6 failed creams,time_to_result,medium,Oil + friction massage reported to improve arms,,arms,
B0039,Purchase criteria,There was an oil on Facebook they were selling last Christmas for $70.00 for 16oz. Way too expensive,Facebook-Öl für 70$ zu teuer,https://www.reddit.com/r/45PlusSkincare/comments/1vr68n7/best_products_for_crepey_arms_and_neck_creams/p4ci68r/,https://www.reddit.com/r/45PlusSkincare/comments/1vr68n7/best_products_for_crepey_arms_and_neck_creams/,C031,r/45PlusSkincare,Reply | thread: OP (65) asks what works for crepey arms after 5-6 failed creams,price_value;cheap_oil_alternative,medium,Price ceiling; DIY oil substitution,,arms,
B0040,Product / routine preferences,"every single morning before I showered, I applied it heavily and *massaged, massaged, massaged it in over and over.",Jeden Morgen vor dem Duschen Öl intensiv einmassiert,https://www.reddit.com/r/45PlusSkincare/comments/1vr68n7/best_products_for_crepey_arms_and_neck_creams/p4ci68r/,https://www.reddit.com/r/45PlusSkincare/comments/1vr68n7/best_products_for_crepey_arms_and_neck_creams/,C031,r/45PlusSkincare,Reply | thread: OP (65) asks what works for crepey arms after 5-6 failed creams,consistency_effort,medium,Massage ritual as effort marker,,arms,
B0041,Ingredient / mechanism beliefs,"I have come to believe the secret is the massage*, not the oil, so just use olive oil from the kitchen","Das Geheimnis sei die Massage, nicht das Öl – Olivenöl reicht",https://www.reddit.com/r/45PlusSkincare/comments/1vr68n7/best_products_for_crepey_arms_and_neck_creams/p4ci68r/,https://www.reddit.com/r/45PlusSkincare/comments/1vr68n7/best_products_for_crepey_arms_and_neck_creams/,C031,r/45PlusSkincare,Reply | thread: OP (65) asks what works for crepey arms after 5-6 failed creams,cheap_oil_alternative,medium,Belief that oil type is secondary – commoditization risk,,arms,
B0042,Routine friction,"At night, same thing, but a white long sleeve T shirt so oil doesn’t get on my upholstery.","Nachts Langarmshirt, damit Öl nicht auf Möbel kommt",https://www.reddit.com/r/45PlusSkincare/comments/1vr68n7/best_products_for_crepey_arms_and_neck_creams/p4ci68r/,https://www.reddit.com/r/45PlusSkincare/comments/1vr68n7/best_products_for_crepey_arms_and_neck_creams/,C031,r/45PlusSkincare,Reply | thread: OP (65) asks what works for crepey arms after 5-6 failed creams,oil_greasy_staining,medium,Staining/furniture friction with oils,,arms,
B0043,Routine friction,It takes a while to get the exact amount of oil you can use and still live your life in clothes.,"Richtige Ölmenge finden, um noch Kleidung tragen zu können",https://www.reddit.com/r/45PlusSkincare/comments/1vr68n7/best_products_for_crepey_arms_and_neck_creams/p4ci68r/,https://www.reddit.com/r/45PlusSkincare/comments/1vr68n7/best_products_for_crepey_arms_and_neck_creams/,C031,r/45PlusSkincare,Reply | thread: OP (65) asks what works for crepey arms after 5-6 failed creams,oil_greasy_staining,medium,Dosage-vs-clothes friction,,arms,
B0044,Objections,after a while you get sick of it because it lingers,"Duft wird lästig, weil er haftet",https://www.reddit.com/r/45PlusSkincare/comments/1vr68n7/best_products_for_crepey_arms_and_neck_creams/p4ci68r/,https://www.reddit.com/r/45PlusSkincare/comments/1vr68n7/best_products_for_crepey_arms_and_neck_creams/,C031,r/45PlusSkincare,Reply | thread: OP (65) asks what works for crepey arms after 5-6 failed creams,fragrance_sensitivity,medium,Lingering scent fatigue,,arms,
B0045,Product / routine preferences,"I’m switching to Neutrogena Light Sesame Formula Body Oil. It’s VERY lightweight, but it smells really good. REALLY good.","Wechsel zu leichtem Neutrogena-Sesamöl, riecht sehr gut",https://www.reddit.com/r/45PlusSkincare/comments/1vr68n7/best_products_for_crepey_arms_and_neck_creams/p4ci68r/,https://www.reddit.com/r/45PlusSkincare/comments/1vr68n7/best_products_for_crepey_arms_and_neck_creams/,C031,r/45PlusSkincare,Reply | thread: OP (65) asks what works for crepey arms after 5-6 failed creams,scent_love,medium,Lightweight + pleasant scent appreciated,,arms,
B0046,Product / routine preferences,I do love that neutrogena oil. The fragrance is wonderfully subtle.,"Liebt Neutrogena-Öl, Duft dezent",https://www.reddit.com/r/45PlusSkincare/comments/1vr68n7/best_products_for_crepey_arms_and_neck_creams/p4cxkkv/,https://www.reddit.com/r/45PlusSkincare/comments/1vr68n7/best_products_for_crepey_arms_and_neck_creams/,C031,r/45PlusSkincare,Reply | thread: OP (65) asks what works for crepey arms after 5-6 failed creams,scent_love,medium,Subtle fragrance preferred,,unspecified,
B0047,Product / routine preferences,I use it and mix with my castor oil and put on after shower,Mischt mit Rizinusöl nach dem Duschen,https://www.reddit.com/r/45PlusSkincare/comments/1vr68n7/best_products_for_crepey_arms_and_neck_creams/p4i9axb/,https://www.reddit.com/r/45PlusSkincare/comments/1vr68n7/best_products_for_crepey_arms_and_neck_creams/,C031,r/45PlusSkincare,Reply | thread: OP (65) asks what works for crepey arms after 5-6 failed creams,oil_on_damp_skin,medium,Oil blending post-shower,,unspecified,
B0048,Product / routine preferences,slathering a mix of aveeno lotion and a few drops of sesame oil goes a long way on my 65 yo arms,Aveeno-Lotion mit Sesamöl auf 65-jährigen Armen,https://www.reddit.com/r/45PlusSkincare/comments/1vr68n7/best_products_for_crepey_arms_and_neck_creams/p4dp2br/,https://www.reddit.com/r/45PlusSkincare/comments/1vr68n7/best_products_for_crepey_arms_and_neck_creams/,C031,r/45PlusSkincare,Reply | thread: OP (65) asks what works for crepey arms after 5-6 failed creams,crepey_arms,high,Oil+lotion cocktail behaviour,65,arms,
B0049,Failed attempts,I've tried countless body care products without any visible changes.,Unzählige Körperprodukte ohne sichtbare Veränderung,https://www.reddit.com/r/45PlusSkincare/comments/1vr68n7/best_products_for_crepey_arms_and_neck_creams/p4gpr6w/,https://www.reddit.com/r/45PlusSkincare/comments/1vr68n7/best_products_for_crepey_arms_and_neck_creams/,C031,r/45PlusSkincare,Reply | thread: OP (65) asks what works for crepey arms after 5-6 failed creams,nothing_works,medium,Category fatigue,,unspecified,
B0050,Skepticism,"I believe it’s the drop in estrogen that causes this, I would be sceptical of any product that claims to reverse it since it comes from the inside","Skeptisch bei Produkten, da Ursache Östrogenmangel (von innen)",https://www.reddit.com/r/45PlusSkincare/comments/1vr68n7/best_products_for_crepey_arms_and_neck_creams/p4tscga/,https://www.reddit.com/r/45PlusSkincare/comments/1vr68n7/best_products_for_crepey_arms_and_neck_creams/,C031,r/45PlusSkincare,Reply | thread: OP (65) asks what works for crepey arms after 5-6 failed creams,hrt_estrogen_skin;marketing_distrust,medium,"""Reverse"" claims trigger distrust",,unspecified,hrt_medical_context
B0051,Ingredient / mechanism beliefs,Creams will never work cause the the substances that work on skin and fat have poor shelf life.,"Cremes wirken nie, da wirksame Stoffe nicht haltbar",https://www.reddit.com/r/45PlusSkincare/comments/1vr68n7/best_products_for_crepey_arms_and_neck_creams/p4d7nk1/,https://www.reddit.com/r/45PlusSkincare/comments/1vr68n7/best_products_for_crepey_arms_and_neck_creams/,C031,r/45PlusSkincare,Reply | thread: OP (65) asks what works for crepey arms after 5-6 failed creams,nothing_works,low,"Vague insider claim, possible peptide promotion",,unspecified,possible_seeding
B0052,Problem descriptions,skin (legs and arms) that is starting to look creepy - or should I say creeeeepy. Sigh.,"Haut an Beinen/Armen beginnt ""creepy"" auszusehen",https://www.reddit.com/r/45PlusSkincare/comments/1bsuuc2/iso_suggestions_for_a_body_moisturizer_or_dry_oil/,https://www.reddit.com/r/45PlusSkincare/comments/1bsuuc2/iso_suggestions_for_a_body_moisturizer_or_dry_oil/,C032,r/45PlusSkincare,"OP | thread: OP (menopausal, Canada) seeks body moisturizer/dry oil for crepey legs and arms",crepey_arms;crepey_legs,medium,"Onset language; misspelling ""creepy"" recurring",,arms,non_us_signal;hrt_medical_context
B0053,Exact phrases / metaphors / repeated wording,creepy - or should I say creeeeepy,Wortspiel creepy/crepey,https://www.reddit.com/r/45PlusSkincare/comments/1bsuuc2/iso_suggestions_for_a_body_moisturizer_or_dry_oil/,https://www.reddit.com/r/45PlusSkincare/comments/1bsuuc2/iso_suggestions_for_a_body_moisturizer_or_dry_oil/,C032,r/45PlusSkincare,"OP | thread: OP (menopausal, Canada) seeks body moisturizer/dry oil for crepey legs and arms",crepey_arms,medium,"""creepy"" spelling is a frequent search variant",,arms,non_us_signal
B0054,Situational triggers,Menopause has brought many new things to learn about!,Menopause bringt viele neue Dinge,https://www.reddit.com/r/45PlusSkincare/comments/1bsuuc2/iso_suggestions_for_a_body_moisturizer_or_dry_oil/,https://www.reddit.com/r/45PlusSkincare/comments/1bsuuc2/iso_suggestions_for_a_body_moisturizer_or_dry_oil/,C032,r/45PlusSkincare,"OP | thread: OP (menopausal, Canada) seeks body moisturizer/dry oil for crepey legs and arms",hrt_estrogen_skin,medium,Menopause as onset context only,,unspecified,non_us_signal
B0055,Successful attempts,Gold Bond crepe corrector is AMAZING. And cheap.,Gold Bond Crepe Corrector toll und billig,https://www.reddit.com/r/45PlusSkincare/comments/1bsuuc2/iso_suggestions_for_a_body_moisturizer_or_dry_oil/kxirigr/,https://www.reddit.com/r/45PlusSkincare/comments/1bsuuc2/iso_suggestions_for_a_body_moisturizer_or_dry_oil/,C032,r/45PlusSkincare,"Reply | thread: OP (menopausal, Canada) seeks body moisturizer/dry oil for crepey legs and arms",gold_bond_crepe;price_value,medium,Drugstore benchmark praised on value,,unspecified,
B0056,Tactile descriptions,My skin feels amazing since I started using it!,Haut fühlt sich toll an seit Gold Bond Retinol-Lotion,https://www.reddit.com/r/45PlusSkincare/comments/1bsuuc2/iso_suggestions_for_a_body_moisturizer_or_dry_oil/kxke7b4/,https://www.reddit.com/r/45PlusSkincare/comments/1bsuuc2/iso_suggestions_for_a_body_moisturizer_or_dry_oil/,C032,r/45PlusSkincare,"Reply | thread: OP (menopausal, Canada) seeks body moisturizer/dry oil for crepey legs and arms",gold_bond_crepe;retinol_body,medium,Feel-good as first proof point,,unspecified,
B0057,Failed attempts,"I used two bottles of this crepe corrector, slathered it on every night and morning. Did absolutely nothing, I’m still crepey.","Zwei Flaschen Crepe Corrector, keinerlei Wirkung",https://www.reddit.com/r/45PlusSkincare/comments/1bsuuc2/iso_suggestions_for_a_body_moisturizer_or_dry_oil/kxlfuf0/,https://www.reddit.com/r/45PlusSkincare/comments/1bsuuc2/iso_suggestions_for_a_body_moisturizer_or_dry_oil/,C032,r/45PlusSkincare,"Reply | thread: OP (menopausal, Canada) seeks body moisturizer/dry oil for crepey legs and arms",gold_bond_crepe;nothing_works;consistency_effort,medium,Consistent use with zero result = strong disappointment,,unspecified,
B0058,Successful attempts,"I’m still crepey, but it’s significantly better when I moisturize","Noch crepey, aber mit Feuchtigkeit deutlich besser",https://www.reddit.com/r/45PlusSkincare/comments/1bsuuc2/iso_suggestions_for_a_body_moisturizer_or_dry_oil/kxlzfx8/,https://www.reddit.com/r/45PlusSkincare/comments/1bsuuc2/iso_suggestions_for_a_body_moisturizer_or_dry_oil/,C032,r/45PlusSkincare,"Reply | thread: OP (menopausal, Canada) seeks body moisturizer/dry oil for crepey legs and arms",gold_bond_crepe;lotion_temporary,medium,"Improvement = ""better"", not gone",,unspecified,
B0059,Product / routine preferences,If you want a great body oil the sinks in get Palmers cocoa butter dry oil! I dry brush a few times a week and apply this with the lotion after my shower every day,Palmer's Trockenöl zieht ein; Trockenbürsten + Öl mit Lotion nach Dusche,https://www.reddit.com/r/45PlusSkincare/comments/1bsuuc2/iso_suggestions_for_a_body_moisturizer_or_dry_oil/kxirz12/,https://www.reddit.com/r/45PlusSkincare/comments/1bsuuc2/iso_suggestions_for_a_body_moisturizer_or_dry_oil/,C032,r/45PlusSkincare,"Reply | thread: OP (menopausal, Canada) seeks body moisturizer/dry oil for crepey legs and arms",oil_absorbs_fast;exfoliation_dry_brush,medium,"Absorption (""sinks in"") key; oil layered with lotion",,unspecified,
B0060,Ingredient / mechanism beliefs,Anything that addresses crepiness other than a moisturizer will make your skin more prone to sun damage without sunscreen,Alles außer Feuchtigkeitscreme erhöht Sonnenempfindlichkeit,https://www.reddit.com/r/45PlusSkincare/comments/1bsuuc2/iso_suggestions_for_a_body_moisturizer_or_dry_oil/kxj0w9u/,https://www.reddit.com/r/45PlusSkincare/comments/1bsuuc2/iso_suggestions_for_a_body_moisturizer_or_dry_oil/,C032,r/45PlusSkincare,"Reply | thread: OP (menopausal, Canada) seeks body moisturizer/dry oil for crepey legs and arms",sunscreen_sun_damage,medium,Actives come with sun caveats – moisturizing-only products avoid this,,unspecified,
B0061,Product / routine preferences,I spend all winter using them and in summer limit where I use them.,"Säuren/Urea nur im Winter, im Sommer eingeschränkt",https://www.reddit.com/r/45PlusSkincare/comments/1bsuuc2/iso_suggestions_for_a_body_moisturizer_or_dry_oil/kxj0w9u/,https://www.reddit.com/r/45PlusSkincare/comments/1bsuuc2/iso_suggestions_for_a_body_moisturizer_or_dry_oil/,C032,r/45PlusSkincare,"Reply | thread: OP (menopausal, Canada) seeks body moisturizer/dry oil for crepey legs and arms",winter_dryness;summer_trigger,medium,Seasonal routine switching,,unspecified,
B0062,Purchase criteria,No smell absorbs great!,"Kein Geruch, zieht toll ein",https://www.reddit.com/r/45PlusSkincare/comments/1bsuuc2/iso_suggestions_for_a_body_moisturizer_or_dry_oil/kxo59fy/,https://www.reddit.com/r/45PlusSkincare/comments/1bsuuc2/iso_suggestions_for_a_body_moisturizer_or_dry_oil/,C032,r/45PlusSkincare,"Reply | thread: OP (menopausal, Canada) seeks body moisturizer/dry oil for crepey legs and arms",oil_absorbs_fast;fragrance_sensitivity,medium,No-smell + absorption as twin criteria,,unspecified,
B0063,Objections,I was loving the Amlactin before but I got one too many smelly ones and I had to shift.,AmLactin-Geruch führte zum Wechsel,https://www.reddit.com/r/45PlusSkincare/comments/1bsuuc2/iso_suggestions_for_a_body_moisturizer_or_dry_oil/kxydfal/,https://www.reddit.com/r/45PlusSkincare/comments/1bsuuc2/iso_suggestions_for_a_body_moisturizer_or_dry_oil/,C032,r/45PlusSkincare,"Reply | thread: OP (menopausal, Canada) seeks body moisturizer/dry oil for crepey legs and arms",amlactin_lactic;fragrance_sensitivity,medium,AmLactin odor is a switching trigger,,unspecified,
B0064,Product / routine preferences,"I’ve seen the best results with this, slugging CeraVe healing ointment over the extra dry parts and using the Osea algae body oil as a base.","Beste Ergebnisse mit Lotion, Slugging, Osea-Öl als Basis",https://www.reddit.com/r/45PlusSkincare/comments/1bsuuc2/iso_suggestions_for_a_body_moisturizer_or_dry_oil/kxydycn/,https://www.reddit.com/r/45PlusSkincare/comments/1bsuuc2/iso_suggestions_for_a_body_moisturizer_or_dry_oil/,C032,r/45PlusSkincare,"Reply post-menopausal SoCal poster | thread: OP (menopausal, Canada) seeks body moisturizer/dry oil for crepey legs and arms",oil_seals_not_hydrates,medium,Multi-layer routines; body oil as base layer,,whole_body,
B0065,Purchase criteria,Osea is very expensive so this has become my holy grail.,"Osea sehr teuer, daher anderes Produkt",https://www.reddit.com/r/45PlusSkincare/comments/1bsuuc2/iso_suggestions_for_a_body_moisturizer_or_dry_oil/kxydycn/,https://www.reddit.com/r/45PlusSkincare/comments/1bsuuc2/iso_suggestions_for_a_body_moisturizer_or_dry_oil/,C032,r/45PlusSkincare,"Reply | thread: OP (menopausal, Canada) seeks body moisturizer/dry oil for crepey legs and arms",price_value,medium,Premium oil price pushes to alternatives,,unspecified,
B0066,Questions customers repeatedly ask,Any thoughts on how much fragrance it has? … I’m wondering about it smelling or overpowering if perfume is worn.,Wie stark duftet es? Konflikt mit Parfüm?,https://www.reddit.com/r/45PlusSkincare/comments/1bsuuc2/iso_suggestions_for_a_body_moisturizer_or_dry_oil/l9z9949/,https://www.reddit.com/r/45PlusSkincare/comments/1bsuuc2/iso_suggestions_for_a_body_moisturizer_or_dry_oil/,C032,r/45PlusSkincare,"Reply | thread: OP (menopausal, Canada) seeks body moisturizer/dry oil for crepey legs and arms",question_what_works;fragrance_sensitivity,medium,Fragrance strength vs perfume is a pre-purchase question,,unspecified,non_us_signal
B0067,Tactile descriptions,I think it smells amazing. But it seems to fade and I don’t notice it.,"Riecht toll, verfliegt aber",https://www.reddit.com/r/45PlusSkincare/comments/1bsuuc2/iso_suggestions_for_a_body_moisturizer_or_dry_oil/l9zg63n/,https://www.reddit.com/r/45PlusSkincare/comments/1bsuuc2/iso_suggestions_for_a_body_moisturizer_or_dry_oil/,C032,r/45PlusSkincare,"Reply | thread: OP (menopausal, Canada) seeks body moisturizer/dry oil for crepey legs and arms",scent_love,medium,Fading scent valued,,unspecified,
B0068,Situational triggers,In the dead of winter cold and forced heat dry - Alpha Keri body oil.,Im Winter bei Heizungsluft Körperöl,https://www.reddit.com/r/45PlusSkincare/comments/1bsuuc2/iso_suggestions_for_a_body_moisturizer_or_dry_oil/kxixqw3/,https://www.reddit.com/r/45PlusSkincare/comments/1bsuuc2/iso_suggestions_for_a_body_moisturizer_or_dry_oil/,C032,r/45PlusSkincare,"Reply | thread: OP (menopausal, Canada) seeks body moisturizer/dry oil for crepey legs and arms",winter_dryness,medium,Winter/heating as trigger for switching to oil,,unspecified,
B0069,Successful attempts,"My legs and arms no longer have that dry, creepy look or feel.",Beine/Arme sehen nicht mehr trocken-crepey aus,https://www.reddit.com/r/45PlusSkincare/comments/1bsuuc2/iso_suggestions_for_a_body_moisturizer_or_dry_oil/kxj7q8h/,https://www.reddit.com/r/45PlusSkincare/comments/1bsuuc2/iso_suggestions_for_a_body_moisturizer_or_dry_oil/,C032,r/45PlusSkincare,"Reply | thread: OP (menopausal, Canada) seeks body moisturizer/dry oil for crepey legs and arms",soft_smooth_desire,medium,Plain unscented lotion can deliver look/feel change,,arms,
B0070,Purchase criteria,It goes on well and absorbs well. It stays with you all day.,"Lässt sich gut auftragen, zieht ein, hält den ganzen Tag",https://www.reddit.com/r/45PlusSkincare/comments/1bsuuc2/iso_suggestions_for_a_body_moisturizer_or_dry_oil/kxj7q8h/,https://www.reddit.com/r/45PlusSkincare/comments/1bsuuc2/iso_suggestions_for_a_body_moisturizer_or_dry_oil/,C032,r/45PlusSkincare,"Reply | thread: OP (menopausal, Canada) seeks body moisturizer/dry oil for crepey legs and arms",oil_absorbs_fast,medium,Absorb + all-day-lasting criteria,,arms,
B0071,Tactile descriptions,Not dry per se but you’re not an oil slick.,"Nicht ganz trocken, aber kein Ölfilm",https://www.reddit.com/r/45PlusSkincare/comments/1bsuuc2/iso_suggestions_for_a_body_moisturizer_or_dry_oil/kxjmiip/,https://www.reddit.com/r/45PlusSkincare/comments/1bsuuc2/iso_suggestions_for_a_body_moisturizer_or_dry_oil/,C032,r/45PlusSkincare,"Reply | thread: OP (menopausal, Canada) seeks body moisturizer/dry oil for crepey legs and arms",oil_greasy_staining,medium,"""oil slick"" fear; middle ground acceptable",,unspecified,
B0072,Objections,I go with inscented bc the scent d smells like barf.,"Unparfümiert, da Duft nach Erbrochenem riecht",https://www.reddit.com/r/45PlusSkincare/comments/1bsuuc2/iso_suggestions_for_a_body_moisturizer_or_dry_oil/kxjmiip/,https://www.reddit.com/r/45PlusSkincare/comments/1bsuuc2/iso_suggestions_for_a_body_moisturizer_or_dry_oil/,C032,r/45PlusSkincare,"Reply | thread: OP (menopausal, Canada) seeks body moisturizer/dry oil for crepey legs and arms",fragrance_sensitivity,medium,Scent can be a deal breaker,,unspecified,
B0073,Product / routine preferences,"Exfoliate I shower or dry brush, lotion than a layer of the oil.","Peeling/Bürsten, Lotion, dann Öl-Schicht",https://www.reddit.com/r/45PlusSkincare/comments/1bsuuc2/iso_suggestions_for_a_body_moisturizer_or_dry_oil/kxjmiip/,https://www.reddit.com/r/45PlusSkincare/comments/1bsuuc2/iso_suggestions_for_a_body_moisturizer_or_dry_oil/,C032,r/45PlusSkincare,"Reply | thread: OP (menopausal, Canada) seeks body moisturizer/dry oil for crepey legs and arms",exfoliation_dry_brush;question_order_of_application,medium,Order: exfoliate→lotion→oil,,unspecified,
B0074,Successful attempts,It's gotten rid of that super dry old lady ankle area plus plumped up the skin on my calves.,"Eucerin-Urea beseitigte trockene ""Alte-Dame-Knöchel"", Waden praller",https://www.reddit.com/r/45PlusSkincare/comments/1bsuuc2/iso_suggestions_for_a_body_moisturizer_or_dry_oil/kxkr97m/,https://www.reddit.com/r/45PlusSkincare/comments/1bsuuc2/iso_suggestions_for_a_body_moisturizer_or_dry_oil/,C032,r/45PlusSkincare,"Reply | thread: OP (menopausal, Canada) seeks body moisturizer/dry oil for crepey legs and arms",urea;old_lady_identity;crepey_legs,medium,"""old lady"" descriptor of body part",,legs,
B0075,Successful attempts,Vegetable glycerin applied to wet skin in the shower. Game changer.,Glyzerin auf nasser Haut – Game Changer,https://www.reddit.com/r/45PlusSkincare/comments/1bsuuc2/iso_suggestions_for_a_body_moisturizer_or_dry_oil/kxkrggn/,https://www.reddit.com/r/45PlusSkincare/comments/1bsuuc2/iso_suggestions_for_a_body_moisturizer_or_dry_oil/,C032,r/45PlusSkincare,"Reply | thread: OP (menopausal, Canada) seeks body moisturizer/dry oil for crepey legs and arms",oil_on_damp_skin,medium,Wet-skin application as hack,,unspecified,
B0076,Ingredient / mechanism beliefs,"Glycerin is a humectant, meaning it draws water into the skin.",Glyzerin zieht Wasser in die Haut,https://www.reddit.com/r/45PlusSkincare/comments/1bsuuc2/iso_suggestions_for_a_body_moisturizer_or_dry_oil/kxoib1s/,https://www.reddit.com/r/45PlusSkincare/comments/1bsuuc2/iso_suggestions_for_a_body_moisturizer_or_dry_oil/,C032,r/45PlusSkincare,"Reply | thread: OP (menopausal, Canada) seeks body moisturizer/dry oil for crepey legs and arms",oil_seals_not_hydrates,medium,Humectant literacy among users,,unspecified,
B0077,Tactile descriptions,"If it feels sticky after, use a little less or add more water.",Bei Klebrigkeit weniger nehmen,https://www.reddit.com/r/45PlusSkincare/comments/1bsuuc2/iso_suggestions_for_a_body_moisturizer_or_dry_oil/kxoib1s/,https://www.reddit.com/r/45PlusSkincare/comments/1bsuuc2/iso_suggestions_for_a_body_moisturizer_or_dry_oil/,C032,r/45PlusSkincare,"Reply | thread: OP (menopausal, Canada) seeks body moisturizer/dry oil for crepey legs and arms",routine_fatigue,medium,Stickiness managed by dosage,,unspecified,
B0078,Routine friction,I’ve gone from 2-3 times a day to 1-2.,Von 2-3x täglich eincremen auf 1-2x,https://www.reddit.com/r/45PlusSkincare/comments/1bsuuc2/iso_suggestions_for_a_body_moisturizer_or_dry_oil/kxoib1s/,https://www.reddit.com/r/45PlusSkincare/comments/1bsuuc2/iso_suggestions_for_a_body_moisturizer_or_dry_oil/,C032,r/45PlusSkincare,"Reply | thread: OP (menopausal, Canada) seeks body moisturizer/dry oil for crepey legs and arms",routine_fatigue,medium,Frequency reduction as success metric,,unspecified,
B0079,Questions customers repeatedly ask,Not to sound dumb but what is dry brushing and how do you do it?,Was ist Trockenbürsten?,https://www.reddit.com/r/45PlusSkincare/comments/1bsuuc2/iso_suggestions_for_a_body_moisturizer_or_dry_oil/kxjrxmv/,https://www.reddit.com/r/45PlusSkincare/comments/1bsuuc2/iso_suggestions_for_a_body_moisturizer_or_dry_oil/,C032,r/45PlusSkincare,"Reply | thread: OP (menopausal, Canada) seeks body moisturizer/dry oil for crepey legs and arms",exfoliation_dry_brush,medium,Basic technique questions persist,,unspecified,
B0080,Objections,"I have very sensitive skin, thats rosacea prone. Even my body gets red and stays angry looking if scratched or rubbed too much.","Empfindliche Haut, Reiben macht Körper rot",https://www.reddit.com/r/45PlusSkincare/comments/1bsuuc2/iso_suggestions_for_a_body_moisturizer_or_dry_oil/kxkj0tg/,https://www.reddit.com/r/45PlusSkincare/comments/1bsuuc2/iso_suggestions_for_a_body_moisturizer_or_dry_oil/,C032,r/45PlusSkincare,"Reply | thread: OP (menopausal, Canada) seeks body moisturizer/dry oil for crepey legs and arms",fragrance_sensitivity,medium,Sensitivity excludes mechanical exfoliation,,whole_body,
B0081,Questions customers repeatedly ask,"Is it a dry oil or do you have to wait for it to absorb? Also, is there a fragrance?",Trockenöl oder muss man warten? Duft?,https://www.reddit.com/r/45PlusSkincare/comments/1bsuuc2/iso_suggestions_for_a_body_moisturizer_or_dry_oil/kxngk4u/,https://www.reddit.com/r/45PlusSkincare/comments/1bsuuc2/iso_suggestions_for_a_body_moisturizer_or_dry_oil/,C032,r/45PlusSkincare,"Reply | thread: OP (menopausal, Canada) seeks body moisturizer/dry oil for crepey legs and arms",oil_absorbs_fast;fragrance_sensitivity,medium,Absorption wait + fragrance are top oil questions,,unspecified,non_us_signal
B0082,Purchase criteria,It absorbs quickly and has a very mild lemon and almond scent. I’m very scent sensitive so I can’t do anything that’s heavily perfumed.,"Zieht schnell ein, milder Duft; keine starken Parfüms",https://www.reddit.com/r/45PlusSkincare/comments/1bsuuc2/iso_suggestions_for_a_body_moisturizer_or_dry_oil/kxnl374/,https://www.reddit.com/r/45PlusSkincare/comments/1bsuuc2/iso_suggestions_for_a_body_moisturizer_or_dry_oil/,C032,r/45PlusSkincare,"Reply | thread: OP (menopausal, Canada) seeks body moisturizer/dry oil for crepey legs and arms",oil_absorbs_fast;fragrance_sensitivity,medium,Mild scent acceptable for scent-sensitive,,unspecified,
B0083,Successful attempts,"Lotion in the morning and oil at night. Hands down, the best I’ve ever used.","Morgens Lotion, abends Öl – das Beste",https://www.reddit.com/r/45PlusSkincare/comments/1bsuuc2/iso_suggestions_for_a_body_moisturizer_or_dry_oil/kxoh6uv/,https://www.reddit.com/r/45PlusSkincare/comments/1bsuuc2/iso_suggestions_for_a_body_moisturizer_or_dry_oil/,C032,r/45PlusSkincare,"Reply | thread: OP (menopausal, Canada) seeks body moisturizer/dry oil for crepey legs and arms",scent_love,medium,AM lotion / PM oil split routine,,unspecified,
B0084,Successful attempts,It definitely changes the way your skin looks. It absorbs quick.,"Öl verändert sichtbar die Haut, zieht schnell ein",https://www.reddit.com/r/45PlusSkincare/comments/1bsuuc2/iso_suggestions_for_a_body_moisturizer_or_dry_oil/kxljiq6/,https://www.reddit.com/r/45PlusSkincare/comments/1bsuuc2/iso_suggestions_for_a_body_moisturizer_or_dry_oil/,C032,r/45PlusSkincare,"Reply | thread: OP (menopausal, Canada) seeks body moisturizer/dry oil for crepey legs and arms",oil_absorbs_fast;glow_desire,medium,Visible change + fast absorption for oil,,unspecified,
B0085,Purchase criteria,I would like to smell it for myself before buying since it’s a bit more than most.,"Möchte vor Kauf riechen, da teurer",https://www.reddit.com/r/45PlusSkincare/comments/1bsuuc2/iso_suggestions_for_a_body_moisturizer_or_dry_oil/kxnfzkb/,https://www.reddit.com/r/45PlusSkincare/comments/1bsuuc2/iso_suggestions_for_a_body_moisturizer_or_dry_oil/,C032,r/45PlusSkincare,"Reply | thread: OP (menopausal, Canada) seeks body moisturizer/dry oil for crepey legs and arms",price_value;fragrance_sensitivity,medium,Scent risk higher at premium price,,unspecified,non_us_signal
B0086,Skepticism,I have been the queen of creams my entire life. But at age 67 there is nothing to stop it. Nothing.,"Lebenslang Cremes, mit 67 hält nichts es auf",https://www.reddit.com/r/45PlusSkincare/comments/1bsuuc2/iso_suggestions_for_a_body_moisturizer_or_dry_oil/kyi2vzi/,https://www.reddit.com/r/45PlusSkincare/comments/1bsuuc2/iso_suggestions_for_a_body_moisturizer_or_dry_oil/,C032,r/45PlusSkincare,"Reply | thread: OP (menopausal, Canada) seeks body moisturizer/dry oil for crepey legs and arms",nothing_works;acceptance_aging,high,Long-time cream users feel defeated at older ages,67,whole_body,
B0087,Routine friction,"Then I put on the terrycloth robe for a half hour before getting dressed so it can absorb into my skin (and the robe, lols).","Halbe Stunde Bademantel, bis es einzieht",https://www.reddit.com/r/45PlusSkincare/comments/1bsuuc2/iso_suggestions_for_a_body_moisturizer_or_dry_oil/kyi2vzi/,https://www.reddit.com/r/45PlusSkincare/comments/1bsuuc2/iso_suggestions_for_a_body_moisturizer_or_dry_oil/,C032,r/45PlusSkincare,"Reply | thread: OP (menopausal, Canada) seeks body moisturizer/dry oil for crepey legs and arms",routine_fatigue;oil_greasy_staining,high,Waiting time before dressing is real friction,67,whole_body,
B0088,Failed attempts,"If I take a shower at night and put it on, my skin is dried out by morning.","Abends eingecremt, morgens wieder trocken",https://www.reddit.com/r/45PlusSkincare/comments/1bsuuc2/iso_suggestions_for_a_body_moisturizer_or_dry_oil/kyi2vzi/,https://www.reddit.com/r/45PlusSkincare/comments/1bsuuc2/iso_suggestions_for_a_body_moisturizer_or_dry_oil/,C032,r/45PlusSkincare,"Reply | thread: OP (menopausal, Canada) seeks body moisturizer/dry oil for crepey legs and arms",lotion_temporary,high,Moisture doesn't last overnight,67,whole_body,
B0089,Identity / social implications,I only wear long sleeves now...I wonder if I'll get over that.,Trägt nur noch lange Ärmel,https://www.reddit.com/r/45PlusSkincare/comments/1bsuuc2/iso_suggestions_for_a_body_moisturizer_or_dry_oil/kyi2vzi/,https://www.reddit.com/r/45PlusSkincare/comments/1bsuuc2/iso_suggestions_for_a_body_moisturizer_or_dry_oil/,C032,r/45PlusSkincare,"Reply | thread: OP (menopausal, Canada) seeks body moisturizer/dry oil for crepey legs and arms",hiding_arms_sleeveless,high,Concealment as ongoing identity issue,67,arms,
B0090,Emotional reactions,"Gotta embrace growing old with grace, wisdom and appreciation of health",Altern mit Würde annehmen,https://www.reddit.com/r/45PlusSkincare/comments/1bsuuc2/iso_suggestions_for_a_body_moisturizer_or_dry_oil/l9z8qqv/,https://www.reddit.com/r/45PlusSkincare/comments/1bsuuc2/iso_suggestions_for_a_body_moisturizer_or_dry_oil/,C032,r/45PlusSkincare,"Reply | thread: OP (menopausal, Canada) seeks body moisturizer/dry oil for crepey legs and arms",acceptance_aging,medium,Acceptance coping,,unspecified,non_us_signal
B0091,Successful attempts,Jojoba oil leaves a residue only if you use too much. It has transformed my dry skin.,Jojobaöl hat trockene Haut verwandelt,https://www.reddit.com/r/45PlusSkincare/comments/1bsuuc2/iso_suggestions_for_a_body_moisturizer_or_dry_oil/ky2jdj7/,https://www.reddit.com/r/45PlusSkincare/comments/1bsuuc2/iso_suggestions_for_a_body_moisturizer_or_dry_oil/,C032,r/45PlusSkincare,"Reply | thread: OP (menopausal, Canada) seeks body moisturizer/dry oil for crepey legs and arms",oil_greasy_staining,medium,Residue tied to amount used,,unspecified,
B0092,Problem descriptions,I am 56 and my arms are very crepey.,Mit 56 sehr crepige Arme,https://www.reddit.com/r/45PlusSkincare/comments/1iyuher/crepey_arms/,https://www.reddit.com/r/45PlusSkincare/comments/1iyuher/crepey_arms/,C033,r/45PlusSkincare,"OP 56 | thread: OP (56) crepey arms, Miami MD failed, asks for solution",crepey_arms,high,Core-age arms problem statement,56,arms,
B0093,Failed attempts,I used Miami MD crepey crème but hasn’t worked.,Miami MD Crepe-Creme hat nicht gewirkt,https://www.reddit.com/r/45PlusSkincare/comments/1iyuher/crepey_arms/,https://www.reddit.com/r/45PlusSkincare/comments/1iyuher/crepey_arms/,C033,r/45PlusSkincare,"OP 56 | thread: OP (56) crepey arms, Miami MD failed, asks for solution",nothing_works,high,DTC crepe creams named as failures,56,arms,
B0094,Identity / social implications,I hate wearing short sleeve shorts with arms like this. Help!,Hasst kurze Ärmel mit solchen Armen,https://www.reddit.com/r/45PlusSkincare/comments/1iyuher/crepey_arms/,https://www.reddit.com/r/45PlusSkincare/comments/1iyuher/crepey_arms/,C033,r/45PlusSkincare,"OP 56 | thread: OP (56) crepey arms, Miami MD failed, asks for solution",hiding_arms_sleeveless;shorts_dresses_avoidance,high,Clothing avoidance is the emotional core,56,arms,
B0095,Successful attempts,worked miracles on my hands and forearms!,Phytoöstrogen-Serum wirkte Wunder an Händen/Unterarmen,https://www.reddit.com/r/45PlusSkincare/comments/1iyuher/crepey_arms/meyb7e3/,https://www.reddit.com/r/45PlusSkincare/comments/1iyuher/crepey_arms/,C033,r/45PlusSkincare,"Reply | thread: OP (56) crepey arms, Miami MD failed, asks for solution",crepey_hands,medium,Serums with hormone-adjacent claims attract interest,,hands,
B0096,Purchase criteria,"I will cry when I have to buy it at full price, but I WILL continue to pay for it. It worked that well","Würde vollen Preis widerwillig zahlen, weil es wirkt",https://www.reddit.com/r/45PlusSkincare/comments/1iyuher/crepey_arms/meyb7e3/,https://www.reddit.com/r/45PlusSkincare/comments/1iyuher/crepey_arms/,C033,r/45PlusSkincare,"Reply | thread: OP (56) crepey arms, Miami MD failed, asks for solution",price_value,medium,Willingness to pay contingent on visible results,,hands,
B0097,Objections,I thought ok $55 I'll give it a try I have some areas of creepy skin. I didn't know it was TINY,"55$ ausgegeben, Flasche winzig",https://www.reddit.com/r/45PlusSkincare/comments/1iyuher/crepey_arms/mf7hn61/,https://www.reddit.com/r/45PlusSkincare/comments/1iyuher/crepey_arms/,C033,r/45PlusSkincare,"Reply | thread: OP (56) crepey arms, Miami MD failed, asks for solution",price_value,medium,Size-vs-price disappointment for body use,,unspecified,
B0098,Questions customers repeatedly ask,I wonder if this would work for loose skin on the upper arms?,Wirkt das auch an Oberarmen?,https://www.reddit.com/r/45PlusSkincare/comments/1iyuher/crepey_arms/mflu286/,https://www.reddit.com/r/45PlusSkincare/comments/1iyuher/crepey_arms/,C033,r/45PlusSkincare,"Reply | thread: OP (56) crepey arms, Miami MD failed, asks for solution",question_what_works;crepey_arms,medium,Arms as the question area,,arms,
B0099,Failed attempts,I agree Miami MD was a waste.,Miami MD war Verschwendung,https://www.reddit.com/r/45PlusSkincare/comments/1iyuher/crepey_arms/mf0jmsf/,https://www.reddit.com/r/45PlusSkincare/comments/1iyuher/crepey_arms/,C033,r/45PlusSkincare,"Reply | thread: OP (56) crepey arms, Miami MD failed, asks for solution",nothing_works,medium,Second confirmation of DTC failure,,arms,
B0100,Desired outcomes,It takes effort but I’m not ready to give up my sleeveless dresses!,Will ärmellose Kleider nicht aufgeben,https://www.reddit.com/r/45PlusSkincare/comments/1iyuher/crepey_arms/mf0jmsf/,https://www.reddit.com/r/45PlusSkincare/comments/1iyuher/crepey_arms/,C033,r/45PlusSkincare,"Reply | thread: OP (56) crepey arms, Miami MD failed, asks for solution",shorts_dresses_avoidance;confidence_desire,medium,Desire to keep wearing sleeveless,,arms,
B0101,Skepticism,"None of the suggestions made here worked for me, but I’m 72 so it’s probably too late for me.","Nichts hat gewirkt, mit 72 wohl zu spät",https://www.reddit.com/r/45PlusSkincare/comments/1iyuher/crepey_arms/mfb1kna/,https://www.reddit.com/r/45PlusSkincare/comments/1iyuher/crepey_arms/,C033,r/45PlusSkincare,"Reply | thread: OP (56) crepey arms, Miami MD failed, asks for solution",nothing_works;acceptance_aging,medium,"""Too late"" belief at older age",72,arms,
B0102,Ingredient / mechanism beliefs,I think the crepey skin is due more to genetics and past sun damage than anything else.,Crepe-Haut eher Genetik und Sonnenschäden,https://www.reddit.com/r/45PlusSkincare/comments/1iyuher/crepey_arms/mfb1kna/,https://www.reddit.com/r/45PlusSkincare/comments/1iyuher/crepey_arms/,C033,r/45PlusSkincare,"Reply | thread: OP (56) crepey arms, Miami MD failed, asks for solution",sunscreen_sun_damage,medium,Causal beliefs: genetics + sun,72,arms,
B0103,Purchase criteria,at least you’re not out a lot of money if it doesn’t work.,"Wenig Geldverlust, falls es nicht wirkt",https://www.reddit.com/r/45PlusSkincare/comments/1iyuher/crepey_arms/mexsoio/,https://www.reddit.com/r/45PlusSkincare/comments/1iyuher/crepey_arms/,C033,r/45PlusSkincare,"Reply | thread: OP (56) crepey arms, Miami MD failed, asks for solution",price_value;gold_bond_crepe,medium,Low-cost = low-risk trial logic,,chest,
B0104,Successful attempts,I'm mostly using it on my forearms and backs of my hands and I see improvement.,Gold Bond an Unterarmen/Handrücken zeigt Verbesserung,https://www.reddit.com/r/45PlusSkincare/comments/1iyuher/crepey_arms/mezd4pq/,https://www.reddit.com/r/45PlusSkincare/comments/1iyuher/crepey_arms/,C033,r/45PlusSkincare,"Reply | thread: OP (56) crepey arms, Miami MD failed, asks for solution",gold_bond_crepe;crepey_hands,medium,Gold Bond is the recurring drugstore success,,hands,
B0105,Failed attempts,I am 76 and building muscle unfortunately does not help crepey arms in my experience,Mit 76 hilft Muskelaufbau nicht,https://www.reddit.com/r/45PlusSkincare/comments/1iyuher/crepey_arms/mqb12hj/,https://www.reddit.com/r/45PlusSkincare/comments/1iyuher/crepey_arms/,C033,r/45PlusSkincare,"Reply | thread: OP (56) crepey arms, Miami MD failed, asks for solution",nothing_works;crepey_arms,medium,Exercise ≠ skin fix (older),76,arms,
B0106,Product / routine preferences,Gotta do it all unfortunately.,Man muss alles gleichzeitig machen,https://www.reddit.com/r/45PlusSkincare/comments/1iyuher/crepey_arms/mf4kpzk/,https://www.reddit.com/r/45PlusSkincare/comments/1iyuher/crepey_arms/,C033,r/45PlusSkincare,"Reply | thread: OP (56) crepey arms, Miami MD failed, asks for solution",consistency_effort;routine_fatigue,medium,Multi-pronged burden,,arms,
B0107,Objections,I couldn’t stand smell of Amlactin though you do get used to it.,"AmLactin-Geruch unerträglich, man gewöhnt sich",https://www.reddit.com/r/45PlusSkincare/comments/1iyuher/crepey_arms/mf9xt7t/,https://www.reddit.com/r/45PlusSkincare/comments/1iyuher/crepey_arms/,C033,r/45PlusSkincare,"Reply | thread: OP (56) crepey arms, Miami MD failed, asks for solution",amlactin_lactic;fragrance_sensitivity,medium,AmLactin odor objection recurs,,unspecified,
B0108,Exact phrases / metaphors / repeated wording,Plumped my crepes right up!,"Hat meine ""Crepes"" aufgepolstert",https://www.reddit.com/r/45PlusSkincare/comments/1iyuher/crepey_arms/mfiefrv/,https://www.reddit.com/r/45PlusSkincare/comments/1iyuher/crepey_arms/,C033,r/45PlusSkincare,"Reply | thread: OP (56) crepey arms, Miami MD failed, asks for solution",soft_smooth_desire,medium,"""plump"" as outcome word",,unspecified,
B0109,Situational triggers,I also put it on my arms which are creepy from some weight loss.,Arme crepey durch Gewichtsverlust,https://www.reddit.com/r/45PlusSkincare/comments/1iyuher/crepey_arms/mfagn6n/,https://www.reddit.com/r/45PlusSkincare/comments/1iyuher/crepey_arms/,C033,r/45PlusSkincare,"Reply | thread: OP (56) crepey arms, Miami MD failed, asks for solution",weight_loss_glp1;gold_bond_crepe,medium,Weight loss as trigger,,arms,
B0110,Situational triggers,"I've lost a fair bit of weight and developed loose, crepey skin on my arms, legs, and stomach as well.","Nach Gewichtsverlust lose, crepige Haut",https://www.reddit.com/r/45PlusSkincare/comments/1iyuher/crepey_arms/mfnjd5y/,https://www.reddit.com/r/45PlusSkincare/comments/1iyuher/crepey_arms/,C033,r/45PlusSkincare,"Reply 57F | thread: OP (56) crepey arms, Miami MD failed, asks for solution",weight_loss_glp1,low,Weight-loss trigger; Canadian,57,whole_body,non_us_signal
B0111,Tactile descriptions,"It absorbs in seconds, makes skin baby smooth, and my skin glows.","Zieht in Sekunden ein, babyglatt, Glow",https://www.reddit.com/r/45PlusSkincare/comments/1iyuher/crepey_arms/mfnjd5y/,https://www.reddit.com/r/45PlusSkincare/comments/1iyuher/crepey_arms/,C033,r/45PlusSkincare,"Reply 57F DIY concoction | thread: OP (56) crepey arms, Miami MD failed, asks for solution",oil_absorbs_fast;soft_smooth_desire;glow_desire,low,"Desired sensory triad: absorb, smooth, glow (DIY mix)",57,whole_body,non_us_signal
B0112,Identity / social implications,I now supply all of my daughters with the moisturizer. It's considered a family treasure.,Versorgt Töchter mit Creme – Familienschatz,https://www.reddit.com/r/45PlusSkincare/comments/1iyuher/crepey_arms/mfnjd5y/,https://www.reddit.com/r/45PlusSkincare/comments/1iyuher/crepey_arms/,C033,r/45PlusSkincare,"Reply | thread: OP (56) crepey arms, Miami MD failed, asks for solution",peer_proof,low,Intergenerational sharing,57,whole_body,non_us_signal
B0113,Product / routine preferences,It's a problem that you have to attack from multiple angles in order to see a difference!,Problem muss von mehreren Seiten angegangen werden,https://www.reddit.com/r/45PlusSkincare/comments/1iyuher/crepey_arms/meznlpq/,https://www.reddit.com/r/45PlusSkincare/comments/1iyuher/crepey_arms/,C033,r/45PlusSkincare,"Reply | thread: OP (56) crepey arms, Miami MD failed, asks for solution",consistency_effort,medium,Multi-angle belief,,arms,
B0114,Questions customers repeatedly ask,idk what most of the ingredients are,Kennt Inhaltsstoffe nicht,https://www.reddit.com/r/45PlusSkincare/comments/1iyuher/crepey_arms/mfoemtn/,https://www.reddit.com/r/45PlusSkincare/comments/1iyuher/crepey_arms/,C033,r/45PlusSkincare,"Reply | thread: OP (56) crepey arms, Miami MD failed, asks for solution",marketing_distrust,medium,Ingredient-literacy gap,,unspecified,
B0115,Questions customers repeatedly ask,"What are we using on the rest of our skin? Body wash, moisturizers, etc?",Was nutzen wir für den Rest des Körpers?,https://www.reddit.com/r/45PlusSkincare/comments/1l6fyeh/what_are_we_doing_for_the_rest_of_our_bodies/,https://www.reddit.com/r/45PlusSkincare/comments/1l6fyeh/what_are_we_doing_for_the_rest_of_our_bodies/,C034,r/45PlusSkincare,OP | thread: OP (55) asks what 45+ women use on rest of body after extending face routine to décolletage,question_what_works,medium,Body routine curiosity in 45+ sub,,whole_body,
B0116,Product / routine preferences,"I’m using whatever product I don’t like for my face on my feet - serums, exfoliants, anything.",Nicht gemochte Gesichtsprodukte an den Füßen,https://www.reddit.com/r/45PlusSkincare/comments/1l6fyeh/what_are_we_doing_for_the_rest_of_our_bodies/mwofx9v/,https://www.reddit.com/r/45PlusSkincare/comments/1l6fyeh/what_are_we_doing_for_the_rest_of_our_bodies/,C034,r/45PlusSkincare,Reply | thread: OP (55) asks what 45+ women use on rest of body after extending face routine to décolletage,new_face_product_transfer,medium,Face-product repurposing to body,,unspecified,
B0117,Product / routine preferences,"Whenever I don’t love a product for my face (or find a product I prefer over it), I gift that product to my arms/legs.",Aussortierte Gesichtsprodukte an Arme/Beine,https://www.reddit.com/r/45PlusSkincare/comments/1l6fyeh/what_are_we_doing_for_the_rest_of_our_bodies/mwqxe07/,https://www.reddit.com/r/45PlusSkincare/comments/1l6fyeh/what_are_we_doing_for_the_rest_of_our_bodies/,C034,r/45PlusSkincare,Reply | thread: OP (55) asks what 45+ women use on rest of body after extending face routine to décolletage,new_face_product_transfer,medium,Body = second-tier recipient,,arms,
B0118,Symptoms / visible texture descriptions,Ignoring it entirely and then wondering why I'm so itchy and flaky,"Körper ignoriert, dann juckend und schuppig",https://www.reddit.com/r/45PlusSkincare/comments/1l6fyeh/what_are_we_doing_for_the_rest_of_our_bodies/mwof8od/,https://www.reddit.com/r/45PlusSkincare/comments/1l6fyeh/what_are_we_doing_for_the_rest_of_our_bodies/,C034,r/45PlusSkincare,Reply | thread: OP (55) asks what 45+ women use on rest of body after extending face routine to décolletage,itch_flake,medium,Neglect → itch/flake,,whole_body,
B0119,Product / routine preferences,I do like after-shower body oil. Any random brand I find.,"Mag Körperöl nach der Dusche, egal welche Marke",https://www.reddit.com/r/45PlusSkincare/comments/1l6fyeh/what_are_we_doing_for_the_rest_of_our_bodies/mwofetm/,https://www.reddit.com/r/45PlusSkincare/comments/1l6fyeh/what_are_we_doing_for_the_rest_of_our_bodies/,C034,r/45PlusSkincare,Reply | thread: OP (55) asks what 45+ women use on rest of body after extending face routine to décolletage,oil_on_damp_skin;cheap_oil_alternative,medium,Brand-agnostic oil use – low loyalty,,whole_body,
B0120,Ingredient / mechanism beliefs,"For me, skin care starts on the inside out.",Hautpflege beginnt von innen,https://www.reddit.com/r/45PlusSkincare/comments/1l6fyeh/what_are_we_doing_for_the_rest_of_our_bodies/mwooscb/,https://www.reddit.com/r/45PlusSkincare/comments/1l6fyeh/what_are_we_doing_for_the_rest_of_our_bodies/,C034,r/45PlusSkincare,Reply | thread: OP (55) asks what 45+ women use on rest of body after extending face routine to décolletage,collagen_supplement,medium,Inside-out belief,,unspecified,
B0121,Problem descriptions,I have actinic keratosis on my legs and arms and my dermatologist suggested tretinoin to treat it.,Aktinische Keratosen; Derm empfahl Tretinoin,https://www.reddit.com/r/45PlusSkincare/comments/1l6fyeh/what_are_we_doing_for_the_rest_of_our_bodies/mwoycsk/,https://www.reddit.com/r/45PlusSkincare/comments/1l6fyeh/what_are_we_doing_for_the_rest_of_our_bodies/,C034,r/45PlusSkincare,Reply 64yo detailed routine | thread: OP (55) asks what 45+ women use on rest of body after extending face routine to décolletage,derm_recommendation;retinol_body,medium,Medical entry point to body care,64,arms,hrt_medical_context
B0122,Purchase criteria,as it glides on much easier and is very effective.,Gleitet leichter auf,https://www.reddit.com/r/45PlusSkincare/comments/1l6fyeh/what_are_we_doing_for_the_rest_of_our_bodies/mwoycsk/,https://www.reddit.com/r/45PlusSkincare/comments/1l6fyeh/what_are_we_doing_for_the_rest_of_our_bodies/,C034,r/45PlusSkincare,Reply | thread: OP (55) asks what 45+ women use on rest of body after extending face routine to décolletage,soft_smooth_desire,medium,Glide/spreadability valued,64,arms,
B0123,Successful attempts,My creepy skin has also greatly improved.,Crepe-Haut stark verbessert,https://www.reddit.com/r/45PlusSkincare/comments/1l6fyeh/what_are_we_doing_for_the_rest_of_our_bodies/mwoycsk/,https://www.reddit.com/r/45PlusSkincare/comments/1l6fyeh/what_are_we_doing_for_the_rest_of_our_bodies/,C034,r/45PlusSkincare,Reply | thread: OP (55) asks what 45+ women use on rest of body after extending face routine to décolletage,soft_smooth_desire,high,Layered routine delivered improvement,64,whole_body,
B0124,Identity / social implications,I feel confident wearing my shorts and skirts.,Fühlt sich sicher in Shorts und Röcken,https://www.reddit.com/r/45PlusSkincare/comments/1l6fyeh/what_are_we_doing_for_the_rest_of_our_bodies/mwoycsk/,https://www.reddit.com/r/45PlusSkincare/comments/1l6fyeh/what_are_we_doing_for_the_rest_of_our_bodies/,C034,r/45PlusSkincare,Reply | thread: OP (55) asks what 45+ women use on rest of body after extending face routine to décolletage,shorts_dresses_avoidance;confidence_desire,high,Clothing confidence as success marker,64,legs,
B0125,Desired outcomes,"At 64, my skin not only looks better but it feels so much better- soft and supple and for that I’m grateful.",Mit 64 sieht und fühlt sich Haut besser an – weich und geschmeidig,https://www.reddit.com/r/45PlusSkincare/comments/1l6fyeh/what_are_we_doing_for_the_rest_of_our_bodies/mwoycsk/,https://www.reddit.com/r/45PlusSkincare/comments/1l6fyeh/what_are_we_doing_for_the_rest_of_our_bodies/,C034,r/45PlusSkincare,Reply | thread: OP (55) asks what 45+ women use on rest of body after extending face routine to décolletage,soft_smooth_desire,high,"""soft and supple"" outcome language",64,whole_body,
B0126,Purchase criteria,I’ve basically tried to find products that deliver on ingredients while being reasonably priced.,Produkte mit guten Inhaltsstoffen zu vernünftigem Preis,https://www.reddit.com/r/45PlusSkincare/comments/1l6fyeh/what_are_we_doing_for_the_rest_of_our_bodies/mwoycsk/,https://www.reddit.com/r/45PlusSkincare/comments/1l6fyeh/what_are_we_doing_for_the_rest_of_our_bodies/,C034,r/45PlusSkincare,Reply | thread: OP (55) asks what 45+ women use on rest of body after extending face routine to décolletage,price_value,high,Ingredient + price criterion,64,whole_body,
B0127,Routine friction,It’s seems excessive but the toners and serums go on quickly.,"Wirkt übertrieben, geht aber schnell",https://www.reddit.com/r/45PlusSkincare/comments/1l6fyeh/what_are_we_doing_for_the_rest_of_our_bodies/mwoycsk/,https://www.reddit.com/r/45PlusSkincare/comments/1l6fyeh/what_are_we_doing_for_the_rest_of_our_bodies/,C034,r/45PlusSkincare,Reply | thread: OP (55) asks what 45+ women use on rest of body after extending face routine to décolletage,routine_fatigue,high,Speed offsets many-step routine,64,whole_body,
B0128,Situational triggers,"I have recently lost 35 pounds and am still losing, so I'm using that to try and make the loose skin not as bad.","35 Pfund abgenommen, Retinol-Lotion gegen lose Haut",https://www.reddit.com/r/45PlusSkincare/comments/1l6fyeh/what_are_we_doing_for_the_rest_of_our_bodies/mwok1h4/,https://www.reddit.com/r/45PlusSkincare/comments/1l6fyeh/what_are_we_doing_for_the_rest_of_our_bodies/,C034,r/45PlusSkincare,Reply | thread: OP (55) asks what 45+ women use on rest of body after extending face routine to décolletage,weight_loss_glp1;retinol_body,medium,Weight loss trigger for body care,,whole_body,
B0129,Product / routine preferences,Also using body oil in the shower and just moisturizing daily,"Körperöl unter der Dusche, täglich eincremen",https://www.reddit.com/r/45PlusSkincare/comments/1l6fyeh/what_are_we_doing_for_the_rest_of_our_bodies/mwok1h4/,https://www.reddit.com/r/45PlusSkincare/comments/1l6fyeh/what_are_we_doing_for_the_rest_of_our_bodies/,C034,r/45PlusSkincare,Reply | thread: OP (55) asks what 45+ women use on rest of body after extending face routine to décolletage,oil_on_damp_skin,medium,In-shower oil use,,whole_body,
B0130,Tactile descriptions,I haven’t been using it long enough to see what it’s really doing but if nothing else my skin feels softer.,"Noch zu kurz, aber Haut fühlt sich weicher an",https://www.reddit.com/r/45PlusSkincare/comments/1l6fyeh/what_are_we_doing_for_the_rest_of_our_bodies/mwon2aq/,https://www.reddit.com/r/45PlusSkincare/comments/1l6fyeh/what_are_we_doing_for_the_rest_of_our_bodies/,C034,r/45PlusSkincare,Reply | thread: OP (55) asks what 45+ women use on rest of body after extending face routine to décolletage,retinol_body;soft_smooth_desire,medium,Softness as early signal,,unspecified,
B0131,Successful attempts,I can tell a difference in my 'wing span' on my arms - it doesn't dimple as much when my arms are down by my side.,"Unterschied an den ""Flügeln"" der Arme",https://www.reddit.com/r/45PlusSkincare/comments/1l6fyeh/what_are_we_doing_for_the_rest_of_our_bodies/mwoolji/,https://www.reddit.com/r/45PlusSkincare/comments/1l6fyeh/what_are_we_doing_for_the_rest_of_our_bodies/,C034,r/45PlusSkincare,Reply | thread: OP (55) asks what 45+ women use on rest of body after extending face routine to décolletage,crepey_arms,medium,"""wing span"" body-image term",,arms,
B0132,Objections,I don't like the way it smells so I put a few drops of scented body lotion with it,"Mag Geruch nicht, mischt duftende Lotion bei",https://www.reddit.com/r/45PlusSkincare/comments/1l6fyeh/what_are_we_doing_for_the_rest_of_our_bodies/mwoolji/,https://www.reddit.com/r/45PlusSkincare/comments/1l6fyeh/what_are_we_doing_for_the_rest_of_our_bodies/,C034,r/45PlusSkincare,Reply | thread: OP (55) asks what 45+ women use on rest of body after extending face routine to décolletage,fragrance_sensitivity;retinol_body,medium,Retinol body product smell objection,,arms,
B0133,Purchase criteria,ordered this! right in my budget!,Bestellt – im Budget,https://www.reddit.com/r/45PlusSkincare/comments/1l6fyeh/what_are_we_doing_for_the_rest_of_our_bodies/mx0f5ma/,https://www.reddit.com/r/45PlusSkincare/comments/1l6fyeh/what_are_we_doing_for_the_rest_of_our_bodies/,C034,r/45PlusSkincare,OP | thread: OP (55) asks what 45+ women use on rest of body after extending face routine to décolletage,price_value;gold_bond_crepe,medium,Budget fit drives purchase,,unspecified,
B0134,Emotional reactions,This post speaks to me! I have just come the realization that at 55 I need to be doing for my body as I do for my face.,Mit 55 erkannt: Körper braucht Pflege wie Gesicht,https://www.reddit.com/r/45PlusSkincare/comments/1l6fyeh/what_are_we_doing_for_the_rest_of_our_bodies/mwpcfky/,https://www.reddit.com/r/45PlusSkincare/comments/1l6fyeh/what_are_we_doing_for_the_rest_of_our_bodies/,C034,r/45PlusSkincare,Reply | thread: OP (55) asks what 45+ women use on rest of body after extending face routine to décolletage,question_what_works,high,Realisation moment at 55,55,whole_body,
B0135,Symptoms / visible texture descriptions,"My body skin is saggy, crepey and covered in age spots","Körperhaut schlaff, crepig, Altersflecken",https://www.reddit.com/r/45PlusSkincare/comments/1l6fyeh/what_are_we_doing_for_the_rest_of_our_bodies/mwpcfky/,https://www.reddit.com/r/45PlusSkincare/comments/1l6fyeh/what_are_we_doing_for_the_rest_of_our_bodies/,C034,r/45PlusSkincare,Reply | thread: OP (55) asks what 45+ women use on rest of body after extending face routine to décolletage,crepey_arms,high,Triad of saggy/crepey/spots,55,whole_body,
B0136,Failed attempts,"My routine of Aveeno dry skin body wash, gold bond crepe corrector lotion followed by jojoba oil Just isn’t cutting it anymore","Aveeno, Gold Bond, Jojobaöl reichen nicht mehr",https://www.reddit.com/r/45PlusSkincare/comments/1l6fyeh/what_are_we_doing_for_the_rest_of_our_bodies/mwpcfky/,https://www.reddit.com/r/45PlusSkincare/comments/1l6fyeh/what_are_we_doing_for_the_rest_of_our_bodies/,C034,r/45PlusSkincare,Reply | thread: OP (55) asks what 45+ women use on rest of body after extending face routine to décolletage,gold_bond_crepe;nothing_works,high,Even layered oil routine plateaus,55,whole_body,
B0137,Successful attempts,This routine alone has taken my skin from old dry and creepy to soft and lovely.,Routine machte Haut von alt-trocken-crepig zu weich und schön,https://www.reddit.com/r/45PlusSkincare/comments/1l6fyeh/what_are_we_doing_for_the_rest_of_our_bodies/mwozvce/,https://www.reddit.com/r/45PlusSkincare/comments/1l6fyeh/what_are_we_doing_for_the_rest_of_our_bodies/,C034,r/45PlusSkincare,Reply | thread: OP (55) asks what 45+ women use on rest of body after extending face routine to décolletage,soft_smooth_desire;exfoliation_dry_brush,medium,"Before/after language ""old dry and creepy"" → ""soft and lovely""",,whole_body,
B0138,Identity / social implications,"after my husband mentioned that my face looked great, but you could still see the age on my hands!","Ehemann: Gesicht toll, aber Alter an Händen sichtbar",https://www.reddit.com/r/45PlusSkincare/comments/1l6fyeh/what_are_we_doing_for_the_rest_of_our_bodies/mwozvce/,https://www.reddit.com/r/45PlusSkincare/comments/1l6fyeh/what_are_we_doing_for_the_rest_of_our_bodies/,C034,r/45PlusSkincare,Reply | thread: OP (55) asks what 45+ women use on rest of body after extending face routine to décolletage,crepey_hands,medium,Partner comment as social trigger,,hands,
B0139,Skepticism,"Nothing special, it’s prob not doing anything but placebo effect",Wahrscheinlich nur Placebo,https://www.reddit.com/r/45PlusSkincare/comments/1l6fyeh/what_are_we_doing_for_the_rest_of_our_bodies/mwr02h2/,https://www.reddit.com/r/45PlusSkincare/comments/1l6fyeh/what_are_we_doing_for_the_rest_of_our_bodies/,C034,r/45PlusSkincare,Reply | thread: OP (55) asks what 45+ women use on rest of body after extending face routine to décolletage,marketing_distrust;retinol_body,medium,Self-aware placebo skepticism,,legs,
B0140,Situational triggers,"I’m on a GLP1 and though I’m focusing on slow loss, I’m worried about laxity.","Auf GLP-1, Sorge um schlaffe Haut",https://www.reddit.com/r/45PlusSkincare/comments/1l6fyeh/what_are_we_doing_for_the_rest_of_our_bodies/mwr02h2/,https://www.reddit.com/r/45PlusSkincare/comments/1l6fyeh/what_are_we_doing_for_the_rest_of_our_bodies/,C034,r/45PlusSkincare,Reply | thread: OP (55) asks what 45+ women use on rest of body after extending face routine to décolletage,weight_loss_glp1,medium,GLP-1 laxity worries,,whole_body,
B0141,Product / routine preferences,"body oil on damp skin, let that dry while applying my facial skin care, then a really good lotion.","Öl auf feuchter Haut, einziehen lassen, dann Lotion",https://www.reddit.com/r/45PlusSkincare/comments/1l6fyeh/what_are_we_doing_for_the_rest_of_our_bodies/mwpgb3d/,https://www.reddit.com/r/45PlusSkincare/comments/1l6fyeh/what_are_we_doing_for_the_rest_of_our_bodies/,C034,r/45PlusSkincare,Reply | thread: OP (55) asks what 45+ women use on rest of body after extending face routine to décolletage,oil_on_damp_skin;question_order_of_application,medium,Oil-then-lotion order with wait time filled by face routine,,whole_body,
B0142,Tactile descriptions,Makes me so soft and smooth.,Macht so weich und glatt,https://www.reddit.com/r/45PlusSkincare/comments/1l6fyeh/what_are_we_doing_for_the_rest_of_our_bodies/mwoh5kp/,https://www.reddit.com/r/45PlusSkincare/comments/1l6fyeh/what_are_we_doing_for_the_rest_of_our_bodies/,C034,r/45PlusSkincare,Reply | thread: OP (55) asks what 45+ women use on rest of body after extending face routine to décolletage,soft_smooth_desire,medium,soft/smooth outcome,,whole_body,
B0143,Failed attempts,I used a whole big bottle of the retinol gold bond and didn't love it.,"Ganze Flasche Gold Bond Retinol, nicht überzeugt",https://www.reddit.com/r/45PlusSkincare/comments/1l6fyeh/what_are_we_doing_for_the_rest_of_our_bodies/mwoh5kp/,https://www.reddit.com/r/45PlusSkincare/comments/1l6fyeh/what_are_we_doing_for_the_rest_of_our_bodies/,C034,r/45PlusSkincare,Reply | thread: OP (55) asks what 45+ women use on rest of body after extending face routine to décolletage,gold_bond_crepe;retinol_body,medium,Gold Bond retinol mixed,,whole_body,
B0144,Situational triggers,My best friend is in her mid fifties and dealing with crepiness on arms and legs. So I'm looking to prevent some of that,Freundin Mitte 50 hat Crepe-Haut – will vorbeugen,https://www.reddit.com/r/45PlusSkincare/comments/1l6fyeh/what_are_we_doing_for_the_rest_of_our_bodies/mwoh5kp/,https://www.reddit.com/r/45PlusSkincare/comments/1l6fyeh/what_are_we_doing_for_the_rest_of_our_bodies/,C034,r/45PlusSkincare,Reply | thread: OP (55) asks what 45+ women use on rest of body after extending face routine to décolletage,peer_proof;crepey_arms,low,Peer observation drives prevention,,arms,
B0145,Purchase criteria,make sure it's Certified Clean. Using anything with chemicals that aren't clean is going to affect your entire body,"Nur ""Clean""-zertifiziert",https://www.reddit.com/r/45PlusSkincare/comments/1l6fyeh/what_are_we_doing_for_the_rest_of_our_bodies/mwp34c1/,https://www.reddit.com/r/45PlusSkincare/comments/1l6fyeh/what_are_we_doing_for_the_rest_of_our_bodies/,C034,r/45PlusSkincare,Reply | thread: OP (55) asks what 45+ women use on rest of body after extending face routine to décolletage,marketing_distrust,low,Clean-beauty criterion; lists brands,,whole_body,possible_seeding
B0146,Emotional reactions,wishing I hadn't liked to tan my forearms so much in my 30's and 40's.,Bereut Bräunen der Unterarme,https://www.reddit.com/r/45PlusSkincare/comments/1l6fyeh/what_are_we_doing_for_the_rest_of_our_bodies/mwq1x54/,https://www.reddit.com/r/45PlusSkincare/comments/1l6fyeh/what_are_we_doing_for_the_rest_of_our_bodies/,C034,r/45PlusSkincare,Reply | thread: OP (55) asks what 45+ women use on rest of body after extending face routine to décolletage,sunscreen_sun_damage,medium,Regret about sun,,arms,
B0147,Product / routine preferences,when I take a relaxing bath I add body oil to it.,Körperöl ins entspannende Bad,https://www.reddit.com/r/45PlusSkincare/comments/1l6fyeh/what_are_we_doing_for_the_rest_of_our_bodies/mx0rm7q/,https://www.reddit.com/r/45PlusSkincare/comments/1l6fyeh/what_are_we_doing_for_the_rest_of_our_bodies/,C034,r/45PlusSkincare,Reply | thread: OP (55) asks what 45+ women use on rest of body after extending face routine to décolletage,self_care_ritual,medium,Oil in relaxation ritual,,whole_body,
B0148,Questions customers repeatedly ask,Any one use red light therapy for body?,Rotlicht für den Körper?,https://www.reddit.com/r/45PlusSkincare/comments/1l6fyeh/what_are_we_doing_for_the_rest_of_our_bodies/mxk02b1/,https://www.reddit.com/r/45PlusSkincare/comments/1l6fyeh/what_are_we_doing_for_the_rest_of_our_bodies/,C034,r/45PlusSkincare,Reply | thread: OP (55) asks what 45+ women use on rest of body after extending face routine to décolletage,question_what_works,medium,Device transfer from face,,whole_body,
B0149,Purchase criteria,Bonus points if it's unscented or just a light non-perfume scent cream.,"Am liebsten unparfümiert oder leichter, nicht parfümiger Duft",https://www.reddit.com/r/45PlusSkincare/comments/1om0w2h/boobs_and_butt_are_extremely_dry_what_is_you/,https://www.reddit.com/r/45PlusSkincare/comments/1om0w2h/boobs_and_butt_are_extremely_dry_what_is_you/,C035,r/45PlusSkincare,"OP | thread: OP asks for favorite moisturizer for extremely dry breasts/butt, prefers unscented",fragrance_sensitivity,medium,Unscented/light scent is a pre-stated criterion,,chest,
B0150,Tactile descriptions,I'm tired of my skin feeling dry and uncomfortable.,"Müde von trockener, unangenehmer Haut",https://www.reddit.com/r/45PlusSkincare/comments/1om0w2h/boobs_and_butt_are_extremely_dry_what_is_you/,https://www.reddit.com/r/45PlusSkincare/comments/1om0w2h/boobs_and_butt_are_extremely_dry_what_is_you/,C035,r/45PlusSkincare,"OP | thread: OP asks for favorite moisturizer for extremely dry breasts/butt, prefers unscented",itch_flake,medium,Discomfort (feel) as driver,,chest,
B0151,Product / routine preferences,apply immediately after getting out of the shower,Direkt nach dem Duschen auftragen,https://www.reddit.com/r/45PlusSkincare/comments/1om0w2h/boobs_and_butt_are_extremely_dry_what_is_you/nmm0yim/,https://www.reddit.com/r/45PlusSkincare/comments/1om0w2h/boobs_and_butt_are_extremely_dry_what_is_you/,C035,r/45PlusSkincare,"Reply | thread: OP asks for favorite moisturizer for extremely dry breasts/butt, prefers unscented",oil_on_damp_skin,medium,Post-shower timing is default advice,,whole_body,
B0152,Purchase criteria,it is really thick and makes such a difference.,"Sehr dick, macht großen Unterschied",https://www.reddit.com/r/45PlusSkincare/comments/1om0w2h/boobs_and_butt_are_extremely_dry_what_is_you/nmly316/,https://www.reddit.com/r/45PlusSkincare/comments/1om0w2h/boobs_and_butt_are_extremely_dry_what_is_you/,C035,r/45PlusSkincare,"Reply | thread: OP asks for favorite moisturizer for extremely dry breasts/butt, prefers unscented",soft_smooth_desire,medium,Thickness signals efficacy,,whole_body,
B0153,Objections,"I've read mixed reviews about buying skin care, beauty products and perfumes from them because of ""bootleg"" items",Sorge vor gefälschten Produkten auf Amazon,https://www.reddit.com/r/45PlusSkincare/comments/1om0w2h/boobs_and_butt_are_extremely_dry_what_is_you/nmoa0go/,https://www.reddit.com/r/45PlusSkincare/comments/1om0w2h/boobs_and_butt_are_extremely_dry_what_is_you/,C035,r/45PlusSkincare,"Reply | thread: OP asks for favorite moisturizer for extremely dry breasts/butt, prefers unscented",marketing_distrust,medium,Channel trust concerns (Amazon counterfeits),,unspecified,
B0154,Purchase criteria,"I’ve gotten it at Target, Walmart and Amazon.","Bei Target, Walmart, Amazon gekauft",https://www.reddit.com/r/45PlusSkincare/comments/1om0w2h/boobs_and_butt_are_extremely_dry_what_is_you/nmprqdv/,https://www.reddit.com/r/45PlusSkincare/comments/1om0w2h/boobs_and_butt_are_extremely_dry_what_is_you/,C035,r/45PlusSkincare,"Reply | thread: OP asks for favorite moisturizer for extremely dry breasts/butt, prefers unscented",price_value,medium,U.S. mass retail availability,,unspecified,
B0155,Exact phrases / metaphors / repeated wording,when I dried up like a raisin and nothing else was helping,Ausgetrocknet wie eine Rosine,https://www.reddit.com/r/45PlusSkincare/comments/1om0w2h/boobs_and_butt_are_extremely_dry_what_is_you/nmmvnbw/,https://www.reddit.com/r/45PlusSkincare/comments/1om0w2h/boobs_and_butt_are_extremely_dry_what_is_you/,C035,r/45PlusSkincare,"Reply | thread: OP asks for favorite moisturizer for extremely dry breasts/butt, prefers unscented",winter_dryness,medium,"""dried up like a raisin"" metaphor",,whole_body,
B0156,Ingredient / mechanism beliefs,"Don’t forget to exfoliate the dry skin every few days, or else the moisturizer won’t penetrate past the dead skin buildup on the surface","Peeling nötig, sonst dringt Feuchtigkeitscreme nicht durch",https://www.reddit.com/r/45PlusSkincare/comments/1om0w2h/boobs_and_butt_are_extremely_dry_what_is_you/nmm0gmg/,https://www.reddit.com/r/45PlusSkincare/comments/1om0w2h/boobs_and_butt_are_extremely_dry_what_is_you/,C035,r/45PlusSkincare,"Reply | thread: OP asks for favorite moisturizer for extremely dry breasts/butt, prefers unscented",exfoliation_dry_brush,medium,Belief: exfoliation enables absorption,,whole_body,
B0157,Tactile descriptions,My skin feels wrong when I haven't used it now.,Haut fühlt sich ohne das Produkt falsch an,https://www.reddit.com/r/45PlusSkincare/comments/1om0w2h/boobs_and_butt_are_extremely_dry_what_is_you/nmm1ao5/,https://www.reddit.com/r/45PlusSkincare/comments/1om0w2h/boobs_and_butt_are_extremely_dry_what_is_you/,C035,r/45PlusSkincare,"Reply | thread: OP asks for favorite moisturizer for extremely dry breasts/butt, prefers unscented",consistency_effort,medium,Habit dependency / feel,,whole_body,
B0158,Purchase criteria,it has a very mild neutral scent.,"Sehr milder, neutraler Duft",https://www.reddit.com/r/45PlusSkincare/comments/1om0w2h/boobs_and_butt_are_extremely_dry_what_is_you/nmm1uuh/,https://www.reddit.com/r/45PlusSkincare/comments/1om0w2h/boobs_and_butt_are_extremely_dry_what_is_you/,C035,r/45PlusSkincare,"Reply | thread: OP asks for favorite moisturizer for extremely dry breasts/butt, prefers unscented",fragrance_sensitivity,medium,Mild neutral scent acceptable,,whole_body,
B0159,Successful attempts,"Getting on estradiol patches really helped my dry skin, which had gotten REALLY uncomfortable.",Estradiol-Pflaster halfen gegen trockene Haut,https://www.reddit.com/r/45PlusSkincare/comments/1om0w2h/boobs_and_butt_are_extremely_dry_what_is_you/nmmes97/,https://www.reddit.com/r/45PlusSkincare/comments/1om0w2h/boobs_and_butt_are_extremely_dry_what_is_you/,C035,r/45PlusSkincare,"Reply | thread: OP asks for favorite moisturizer for extremely dry breasts/butt, prefers unscented",hrt_estrogen_skin,medium,HRT as parallel solution,,whole_body,hrt_medical_context
B0160,Failed attempts,"None of my crepey skin has been erased, yet! Feels the same as healing version.",Crepe-Haut noch nicht weg; fühlt sich wie Standardversion an,https://www.reddit.com/r/45PlusSkincare/comments/1om0w2h/boobs_and_butt_are_extremely_dry_what_is_you/nmmdnzt/,https://www.reddit.com/r/45PlusSkincare/comments/1om0w2h/boobs_and_butt_are_extremely_dry_what_is_you/,C035,r/45PlusSkincare,"Reply | thread: OP asks for favorite moisturizer for extremely dry breasts/butt, prefers unscented",gold_bond_crepe,medium,"Claim (""erase"") vs reality gap",,unspecified,
B0161,Product / routine preferences,"I switched to loccetain shower oil instead of body wash, then I apply loccetain lotion while Im still damp.","Duschöl statt Duschgel, Lotion auf feuchter Haut",https://www.reddit.com/r/45PlusSkincare/comments/1om0w2h/boobs_and_butt_are_extremely_dry_what_is_you/nmmj6zv/,https://www.reddit.com/r/45PlusSkincare/comments/1om0w2h/boobs_and_butt_are_extremely_dry_what_is_you/,C035,r/45PlusSkincare,"Reply | thread: OP asks for favorite moisturizer for extremely dry breasts/butt, prefers unscented",oil_on_damp_skin,medium,Shower-oil + damp-skin lotion routine,,whole_body,
B0162,Purchase criteria,Unscented! Nice and hydrating!,Unparfümiert und feuchtigkeitsspendend,https://www.reddit.com/r/45PlusSkincare/comments/1om0w2h/boobs_and_butt_are_extremely_dry_what_is_you/nmn2f95/,https://www.reddit.com/r/45PlusSkincare/comments/1om0w2h/boobs_and_butt_are_extremely_dry_what_is_you/,C035,r/45PlusSkincare,"Reply | thread: OP asks for favorite moisturizer for extremely dry breasts/butt, prefers unscented",fragrance_sensitivity,medium,Unscented as top-line praise,,whole_body,
B0163,Purchase criteria,If you want very luxe…L’Occitane Almond Milk Concentrate in the glass jar. But it will cost you $60 for 7oz.,Luxusoption 60$ für 7oz,https://www.reddit.com/r/45PlusSkincare/comments/1om0w2h/boobs_and_butt_are_extremely_dry_what_is_you/nmnqmmv/,https://www.reddit.com/r/45PlusSkincare/comments/1om0w2h/boobs_and_butt_are_extremely_dry_what_is_you/,C035,r/45PlusSkincare,"Reply | thread: OP asks for favorite moisturizer for extremely dry breasts/butt, prefers unscented",price_value,medium,Price anchors for luxe body products,,whole_body,
B0164,Symptoms / visible texture descriptions,My skin flakes off everywhere (especially my legs) if I'm not very diligent which can be mortifying.,"Haut schuppt überall, besonders Beine – beschämend",https://www.reddit.com/r/45PlusSkincare/comments/1om0w2h/boobs_and_butt_are_extremely_dry_what_is_you/nmsup4l/,https://www.reddit.com/r/45PlusSkincare/comments/1om0w2h/boobs_and_butt_are_extremely_dry_what_is_you/,C035,r/45PlusSkincare,"Reply | thread: OP asks for favorite moisturizer for extremely dry breasts/butt, prefers unscented",itch_flake,medium,Flaking = embarrassment (ichthyosis poster),,legs,hrt_medical_context
B0165,Tactile descriptions,The oil is scented but not strong and doesn't linger.,"Öl duftet, aber nicht stark und nicht anhaltend",https://www.reddit.com/r/45PlusSkincare/comments/1om0w2h/boobs_and_butt_are_extremely_dry_what_is_you/nmsup4l/,https://www.reddit.com/r/45PlusSkincare/comments/1om0w2h/boobs_and_butt_are_extremely_dry_what_is_you/,C035,r/45PlusSkincare,"Reply | thread: OP asks for favorite moisturizer for extremely dry breasts/butt, prefers unscented",scent_love,medium,Non-lingering scent accepted,,whole_body,
B0166,Purchase criteria,"I know it seems like an ordeal (and Osea isn't cheap) but my skin has never been this ""normal"" in my life. It's worth it.","Aufwendig und teuer, aber es lohnt sich",https://www.reddit.com/r/45PlusSkincare/comments/1om0w2h/boobs_and_butt_are_extremely_dry_what_is_you/nmsup4l/,https://www.reddit.com/r/45PlusSkincare/comments/1om0w2h/boobs_and_butt_are_extremely_dry_what_is_you/,C035,r/45PlusSkincare,"Reply | thread: OP asks for favorite moisturizer for extremely dry breasts/butt, prefers unscented",price_value;routine_fatigue,medium,Effort/price justified by result,,whole_body,
B0167,Product / routine preferences,The serum helps immensely with the rough texture but it's not enough on its own to feel as moisturized as I want it. The combo is great.,"Serum gegen raue Textur, aber erst Kombi mit Öl reicht",https://www.reddit.com/r/45PlusSkincare/comments/1om0w2h/boobs_and_butt_are_extremely_dry_what_is_you/nmsup4l/,https://www.reddit.com/r/45PlusSkincare/comments/1om0w2h/boobs_and_butt_are_extremely_dry_what_is_you/,C035,r/45PlusSkincare,"Reply | thread: OP asks for favorite moisturizer for extremely dry breasts/butt, prefers unscented",oil_seals_not_hydrates,medium,Oil as complementary layer,,whole_body,
B0168,Product / routine preferences,I apply to damp skin right out of the shower to lock in moisture.,"Auf feuchte Haut direkt nach Dusche, um Feuchtigkeit einzuschließen",https://www.reddit.com/r/45PlusSkincare/comments/1om0w2h/boobs_and_butt_are_extremely_dry_what_is_you/nmmhjkm/,https://www.reddit.com/r/45PlusSkincare/comments/1om0w2h/boobs_and_butt_are_extremely_dry_what_is_you/,C035,r/45PlusSkincare,"Reply | thread: OP asks for favorite moisturizer for extremely dry breasts/butt, prefers unscented",oil_on_damp_skin,medium,"""lock in moisture"" phrase",,whole_body,
B0169,Tactile descriptions,It sinks right in and immediately hydrates and moisturizes even severely dry skin.,"Zieht sofort ein, spendet sofort Feuchtigkeit",https://www.reddit.com/r/45PlusSkincare/comments/1om0w2h/boobs_and_butt_are_extremely_dry_what_is_you/nmmmmr6/,https://www.reddit.com/r/45PlusSkincare/comments/1om0w2h/boobs_and_butt_are_extremely_dry_what_is_you/,C035,r/45PlusSkincare,"Reply | thread: OP asks for favorite moisturizer for extremely dry breasts/butt, prefers unscented",oil_absorbs_fast;urea,medium,"""sinks right in"" phrase",,whole_body,
B0170,Symptoms / visible texture descriptions,Haven’t been itchy or dry/crocodile scaly ever since.,Nicht mehr juckend oder krokodilschuppig,https://www.reddit.com/r/45PlusSkincare/comments/1om0w2h/boobs_and_butt_are_extremely_dry_what_is_you/nmmqroz/,https://www.reddit.com/r/45PlusSkincare/comments/1om0w2h/boobs_and_butt_are_extremely_dry_what_is_you/,C035,r/45PlusSkincare,"Reply | thread: OP asks for favorite moisturizer for extremely dry breasts/butt, prefers unscented",itch_flake,medium,"""crocodile scaly"" metaphor",,whole_body,
B0171,Routine friction,Just becareful with your feet cause water and oil dont mix and the tub can get slick real fast.,"Vorsicht, Wanne wird rutschig durch Öl",https://www.reddit.com/r/45PlusSkincare/comments/1om0w2h/boobs_and_butt_are_extremely_dry_what_is_you/nmpaa59/,https://www.reddit.com/r/45PlusSkincare/comments/1om0w2h/boobs_and_butt_are_extremely_dry_what_is_you/,C035,r/45PlusSkincare,"Reply | thread: OP asks for favorite moisturizer for extremely dry breasts/butt, prefers unscented",oil_greasy_staining,medium,Slip hazard with in-shower oil,,whole_body,
B0172,Emotional reactions,My skin is so dry.,Haut ist so trocken,https://www.reddit.com/r/45PlusSkincare/comments/1om0w2h/boobs_and_butt_are_extremely_dry_what_is_you/nmpywez/,https://www.reddit.com/r/45PlusSkincare/comments/1om0w2h/boobs_and_butt_are_extremely_dry_what_is_you/,C035,r/45PlusSkincare,"Reply | thread: OP asks for favorite moisturizer for extremely dry breasts/butt, prefers unscented",winter_dryness,medium,Plain dryness complaint,,whole_body,
B0173,Product / routine preferences,Baby oil while skin is still damp from the shower. Then dry off.,"Babyöl auf feuchte Haut, dann abtrocknen",https://www.reddit.com/r/45PlusSkincare/comments/1om0w2h/boobs_and_butt_are_extremely_dry_what_is_you/nmpywez/,https://www.reddit.com/r/45PlusSkincare/comments/1om0w2h/boobs_and_butt_are_extremely_dry_what_is_you/,C035,r/45PlusSkincare,"Reply | thread: OP asks for favorite moisturizer for extremely dry breasts/butt, prefers unscented",oil_on_damp_skin;cheap_oil_alternative,medium,Cheap baby oil as staple,,whole_body,
B0174,Successful attempts,It locks in the moisture and helps give my skin a nice glow.,"Schließt Feuchtigkeit ein, schöner Glow",https://www.reddit.com/r/45PlusSkincare/comments/1om0w2h/boobs_and_butt_are_extremely_dry_what_is_you/nmxrlxl/,https://www.reddit.com/r/45PlusSkincare/comments/1om0w2h/boobs_and_butt_are_extremely_dry_what_is_you/,C035,r/45PlusSkincare,"Reply | thread: OP asks for favorite moisturizer for extremely dry breasts/butt, prefers unscented",glow_desire;oil_seals_not_hydrates,medium,Oil = lock-in + glow,,whole_body,
B0175,Purchase criteria,I also order it for my 70 year old mother who has sensitivities to a lot of smells and chemicals.,Kauft für 70-jährige Mutter mit Geruchsempfindlichkeit,https://www.reddit.com/r/45PlusSkincare/comments/1om0w2h/boobs_and_butt_are_extremely_dry_what_is_you/nn8m9zm/,https://www.reddit.com/r/45PlusSkincare/comments/1om0w2h/boobs_and_butt_are_extremely_dry_what_is_you/,C035,r/45PlusSkincare,"Reply | thread: OP asks for favorite moisturizer for extremely dry breasts/butt, prefers unscented",fragrance_sensitivity,medium,Sensitivity among older women,,whole_body,
B0176,Product / routine preferences,moisturize like crazy then don’t look at it and just act like it’s not happening.,Viel eincremen und einfach nicht hinsehen,https://www.reddit.com/r/45PlusSkincare/comments/1ra27x6/is_this_normal_skin_aging_for_a_45yearold_woman/o6guh08/,https://www.reddit.com/r/45PlusSkincare/comments/1ra27x6/is_this_normal_skin_aging_for_a_45yearold_woman/,C036,r/45PlusSkincare,"Reply poster 50 | thread: OP (45, image-only post) asks if crepey wrinkly skin (arms per replies) is normal at 45",acceptance_aging,medium,Avoidance/humour coping,50,unspecified,
B0177,Emotional reactions,I never look at the back of my legs!!!,Schaue nie auf die Rückseite meiner Beine,https://www.reddit.com/r/45PlusSkincare/comments/1ra27x6/is_this_normal_skin_aging_for_a_45yearold_woman/o6jm2l1/,https://www.reddit.com/r/45PlusSkincare/comments/1ra27x6/is_this_normal_skin_aging_for_a_45yearold_woman/,C036,r/45PlusSkincare,"Reply | thread: OP (45, image-only post) asks if crepey wrinkly skin (arms per replies) is normal at 45",crepey_legs,medium,Avoidance of looking,,legs,
B0178,Symptoms / visible texture descriptions,Or that skin above my knees!,Haut über den Knien,https://www.reddit.com/r/45PlusSkincare/comments/1ra27x6/is_this_normal_skin_aging_for_a_45yearold_woman/o6ql6lf/,https://www.reddit.com/r/45PlusSkincare/comments/1ra27x6/is_this_normal_skin_aging_for_a_45yearold_woman/,C036,r/45PlusSkincare,"Reply | thread: OP (45, image-only post) asks if crepey wrinkly skin (arms per replies) is normal at 45",crepey_knees,medium,Above-knee skin as concern zone,,knees,
B0179,Problem descriptions,"I showed my arms to my doctor at 40, “they’re so crepey” she just chuckled.",Mit 40 Arme der Ärztin gezeigt – sie lachte,https://www.reddit.com/r/45PlusSkincare/comments/1ra27x6/is_this_normal_skin_aging_for_a_45yearold_woman/o6h57up/,https://www.reddit.com/r/45PlusSkincare/comments/1ra27x6/is_this_normal_skin_aging_for_a_45yearold_woman/,C036,r/45PlusSkincare,"Reply | thread: OP (45, image-only post) asks if crepey wrinkly skin (arms per replies) is normal at 45",crepey_arms;derm_recommendation,medium,Concern dismissed by doctors,40,arms,
B0180,Emotional reactions,whatever you do DO NOT TAKE A PHOTO OF YOUR HANDS.,Niemals Hände fotografieren,https://www.reddit.com/r/45PlusSkincare/comments/1ra27x6/is_this_normal_skin_aging_for_a_45yearold_woman/o6jppiu/,https://www.reddit.com/r/45PlusSkincare/comments/1ra27x6/is_this_normal_skin_aging_for_a_45yearold_woman/,C036,r/45PlusSkincare,"Reply | thread: OP (45, image-only post) asks if crepey wrinkly skin (arms per replies) is normal at 45",crepey_hands,medium,Photo shock as trigger,,hands,
B0181,Exact phrases / metaphors / repeated wording,My hands look human when I look at them with my eyeballs. In photos it’s like they belong to Nosferatu.,In Fotos sehen Hände aus wie von Nosferatu,https://www.reddit.com/r/45PlusSkincare/comments/1ra27x6/is_this_normal_skin_aging_for_a_45yearold_woman/o6k1l72/,https://www.reddit.com/r/45PlusSkincare/comments/1ra27x6/is_this_normal_skin_aging_for_a_45yearold_woman/,C036,r/45PlusSkincare,"Reply | thread: OP (45, image-only post) asks if crepey wrinkly skin (arms per replies) is normal at 45",crepey_hands;old_lady_identity,medium,Photo-vs-mirror gap; vivid metaphor,,hands,
B0182,Exact phrases / metaphors / repeated wording,Where and how do I opt out of this update?,"Wie kann man dieses ""Update"" abwählen?",https://www.reddit.com/r/45PlusSkincare/comments/1ra27x6/is_this_normal_skin_aging_for_a_45yearold_woman/o6i3u3p/,https://www.reddit.com/r/45PlusSkincare/comments/1ra27x6/is_this_normal_skin_aging_for_a_45yearold_woman/,C036,r/45PlusSkincare,"Reply | thread: OP (45, image-only post) asks if crepey wrinkly skin (arms per replies) is normal at 45",sudden_onset,low,Aging as unwanted software update (forehead),42,face_transfer,face_only_transferable
B0183,Situational triggers,after a quick 40 lbs weight loss (6 months) I realized time had finally caught up to me.,Nach schnellem Abnehmen hat die Zeit sie eingeholt,https://www.reddit.com/r/45PlusSkincare/comments/1ra27x6/is_this_normal_skin_aging_for_a_45yearold_woman/o6i1o2u/,https://www.reddit.com/r/45PlusSkincare/comments/1ra27x6/is_this_normal_skin_aging_for_a_45yearold_woman/,C036,r/45PlusSkincare,"Reply almost 50 | thread: OP (45, image-only post) asks if crepey wrinkly skin (arms per replies) is normal at 45",weight_loss_glp1,medium,Weight loss reveals aging,50,whole_body,
B0184,Emotional reactions,Too much of social media treats aging like a disease and something to fight against which I think is weird.,Social Media behandelt Altern wie Krankheit,https://www.reddit.com/r/45PlusSkincare/comments/1ra27x6/is_this_normal_skin_aging_for_a_45yearold_woman/o6jobat/,https://www.reddit.com/r/45PlusSkincare/comments/1ra27x6/is_this_normal_skin_aging_for_a_45yearold_woman/,C036,r/45PlusSkincare,"Reply | thread: OP (45, image-only post) asks if crepey wrinkly skin (arms per replies) is normal at 45",acceptance_aging;marketing_distrust,medium,"Anti-""fight aging"" sentiment – tone risk",,unspecified,
B0185,Situational triggers,I moisturize like crazy but one day I just woke up with less elastic skin.,Trotz Eincremen eines Tages weniger elastische Haut,https://www.reddit.com/r/45PlusSkincare/comments/1ra27x6/is_this_normal_skin_aging_for_a_45yearold_woman/o6got4w/,https://www.reddit.com/r/45PlusSkincare/comments/1ra27x6/is_this_normal_skin_aging_for_a_45yearold_woman/,C036,r/45PlusSkincare,"Reply | thread: OP (45, image-only post) asks if crepey wrinkly skin (arms per replies) is normal at 45",sudden_onset;lotion_temporary,high,Sudden-onset despite moisturizing,47,arms,
B0186,Emotional reactions,"I wish I had appreciated my arm skin being less lax in the past, that’s for sure.",Hätte straffere Armhaut früher schätzen sollen,https://www.reddit.com/r/45PlusSkincare/comments/1ra27x6/is_this_normal_skin_aging_for_a_45yearold_woman/o6got4w/,https://www.reddit.com/r/45PlusSkincare/comments/1ra27x6/is_this_normal_skin_aging_for_a_45yearold_woman/,C036,r/45PlusSkincare,"Reply | thread: OP (45, image-only post) asks if crepey wrinkly skin (arms per replies) is normal at 45",crepey_arms,high,Nostalgia/regret,47,arms,
B0187,Identity / social implications,I finally took a gander at my naked body after losing 40 lbs and realized that I am middle aged!,Nach Abnehmen nackten Körper angeschaut – mittelalt,https://www.reddit.com/r/45PlusSkincare/comments/1ra27x6/is_this_normal_skin_aging_for_a_45yearold_woman/o6i2otr/,https://www.reddit.com/r/45PlusSkincare/comments/1ra27x6/is_this_normal_skin_aging_for_a_45yearold_woman/,C036,r/45PlusSkincare,"Reply | thread: OP (45, image-only post) asks if crepey wrinkly skin (arms per replies) is normal at 45",weight_loss_glp1;old_lady_identity,medium,Identity shock post weight loss,49,whole_body,
B0188,Exact phrases / metaphors / repeated wording,"wondering when my neck had been replaced with a pile of crumpled tissue paper. Like, overnight.","Hals wie ein Haufen zerknülltes Seidenpapier, über Nacht",https://www.reddit.com/r/45PlusSkincare/comments/1ra27x6/is_this_normal_skin_aging_for_a_45yearold_woman/o6gxku1/,https://www.reddit.com/r/45PlusSkincare/comments/1ra27x6/is_this_normal_skin_aging_for_a_45yearold_woman/,C036,r/45PlusSkincare,"Reply | thread: OP (45, image-only post) asks if crepey wrinkly skin (arms per replies) is normal at 45",sudden_onset,medium,"""crumpled tissue paper"" metaphor; video-call trigger",43,neck,
B0189,Situational triggers,"I was on a video call one day, looking at my picture",Bei Videocall eigenes Bild gesehen,https://www.reddit.com/r/45PlusSkincare/comments/1ra27x6/is_this_normal_skin_aging_for_a_45yearold_woman/o6gxku1/,https://www.reddit.com/r/45PlusSkincare/comments/1ra27x6/is_this_normal_skin_aging_for_a_45yearold_woman/,C036,r/45PlusSkincare,"Reply | thread: OP (45, image-only post) asks if crepey wrinkly skin (arms per replies) is normal at 45",sudden_onset,medium,Video calls as discovery trigger,43,neck,
B0190,Emotional reactions,My neck is a disaster! I have a stupidly long neck and it was the first thing to betray me.,"Hals hat sie zuerst ""verraten""",https://www.reddit.com/r/45PlusSkincare/comments/1ra27x6/is_this_normal_skin_aging_for_a_45yearold_woman/o6grheb/,https://www.reddit.com/r/45PlusSkincare/comments/1ra27x6/is_this_normal_skin_aging_for_a_45yearold_woman/,C036,r/45PlusSkincare,"Reply | thread: OP (45, image-only post) asks if crepey wrinkly skin (arms per replies) is normal at 45",sudden_onset,medium,"Body ""betrayal"" language",47,neck,
B0191,Emotional reactions,"This just hit me this year at 47 as well. Damn Ya'll, I'm so sad.","Mit 47 getroffen, so traurig",https://www.reddit.com/r/45PlusSkincare/comments/1ra27x6/is_this_normal_skin_aging_for_a_45yearold_woman/o6hp4ys/,https://www.reddit.com/r/45PlusSkincare/comments/1ra27x6/is_this_normal_skin_aging_for_a_45yearold_woman/,C036,r/45PlusSkincare,"Reply | thread: OP (45, image-only post) asks if crepey wrinkly skin (arms per replies) is normal at 45",sudden_onset,medium,Sadness at onset,47,unspecified,
B0192,Emotional reactions,I’m 37 and my arms look like that.,Mit 37 sehen Arme so aus,https://www.reddit.com/r/45PlusSkincare/comments/1ra27x6/is_this_normal_skin_aging_for_a_45yearold_woman/o6gn1bz/,https://www.reddit.com/r/45PlusSkincare/comments/1ra27x6/is_this_normal_skin_aging_for_a_45yearold_woman/,C036,r/45PlusSkincare,"Reply | thread: OP (45, image-only post) asks if crepey wrinkly skin (arms per replies) is normal at 45",crepey_arms,low,Under-40 also affected,37,arms,under_40_signal
B0193,Emotional reactions,We are just getting older and we have to be grateful that we made this far :) that's what I tell myself anyway,"Dankbar sein, so weit gekommen zu sein – sagt sie sich",https://www.reddit.com/r/45PlusSkincare/comments/1ra27x6/is_this_normal_skin_aging_for_a_45yearold_woman/o6go0tj/,https://www.reddit.com/r/45PlusSkincare/comments/1ra27x6/is_this_normal_skin_aging_for_a_45yearold_woman/,C036,r/45PlusSkincare,"Reply | thread: OP (45, image-only post) asks if crepey wrinkly skin (arms per replies) is normal at 45",acceptance_aging,medium,Self-talk gratitude coping,45,unspecified,
B0194,Product / routine preferences,I moistorize 2x a day...,Cremt 2x täglich,https://www.reddit.com/r/45PlusSkincare/comments/1ra27x6/is_this_normal_skin_aging_for_a_45yearold_woman/o6go0tj/,https://www.reddit.com/r/45PlusSkincare/comments/1ra27x6/is_this_normal_skin_aging_for_a_45yearold_woman/,C036,r/45PlusSkincare,"Reply | thread: OP (45, image-only post) asks if crepey wrinkly skin (arms per replies) is normal at 45",consistency_effort,medium,Twice-daily frequency,45,unspecified,
B0195,Ingredient / mechanism beliefs,It gets worse/starts sooner during/after menopause and especially if you’ve lost weight after menopause.,"Verschlechtert sich in/nach Menopause, v.a. nach Abnehmen",https://www.reddit.com/r/45PlusSkincare/comments/1ra27x6/is_this_normal_skin_aging_for_a_45yearold_woman/o6i1dkd/,https://www.reddit.com/r/45PlusSkincare/comments/1ra27x6/is_this_normal_skin_aging_for_a_45yearold_woman/,C036,r/45PlusSkincare,"Reply | thread: OP (45, image-only post) asks if crepey wrinkly skin (arms per replies) is normal at 45",hrt_estrogen_skin;weight_loss_glp1,medium,Menopause + weight loss belief,,arms,hrt_medical_context
B0196,Symptoms / visible texture descriptions,I'm 58 and my arms are WAY worse than yours but it happened between 56 and 57. Just... BOOM... overnight. I was astonished.,Mit 56-57 über Nacht viel schlimmer,https://www.reddit.com/r/45PlusSkincare/comments/1ra27x6/is_this_normal_skin_aging_for_a_45yearold_woman/o6hma9r/,https://www.reddit.com/r/45PlusSkincare/comments/1ra27x6/is_this_normal_skin_aging_for_a_45yearold_woman/,C036,r/45PlusSkincare,"Reply | thread: OP (45, image-only post) asks if crepey wrinkly skin (arms per replies) is normal at 45",sudden_onset;crepey_arms,high,"Core-age sudden onset ""BOOM""",58,arms,
B0197,Successful attempts,"Next, I apply Amlactin crepe moisturizer liberally all over. Next, I apply a thin slug of Vaseline over all to lock it in. I've been VERY pleased with the results.",AmLactin + dünne Vaseline-Schicht zum Einschließen – sehr zufrieden,https://www.reddit.com/r/45PlusSkincare/comments/1ra27x6/is_this_normal_skin_aging_for_a_45yearold_woman/o6hma9r/,https://www.reddit.com/r/45PlusSkincare/comments/1ra27x6/is_this_normal_skin_aging_for_a_45yearold_woman/,C036,r/45PlusSkincare,"Reply | thread: OP (45, image-only post) asks if crepey wrinkly skin (arms per replies) is normal at 45",amlactin_lactic;oil_seals_not_hydrates,high,Occlusive top layer belief,58,arms,
B0198,Emotional reactions,You'll be okay.,Du wirst okay sein,https://www.reddit.com/r/45PlusSkincare/comments/1ra27x6/is_this_normal_skin_aging_for_a_45yearold_woman/o6hma9r/,https://www.reddit.com/r/45PlusSkincare/comments/1ra27x6/is_this_normal_skin_aging_for_a_45yearold_woman/,C036,r/45PlusSkincare,"Reply | thread: OP (45, image-only post) asks if crepey wrinkly skin (arms per replies) is normal at 45",peer_proof,medium,Peer reassurance,58,arms,
B0199,Emotional reactions,Im sorry. It just gets worse.,Es wird nur schlimmer,https://www.reddit.com/r/45PlusSkincare/comments/1ra27x6/is_this_normal_skin_aging_for_a_45yearold_woman/o6gtpj8/,https://www.reddit.com/r/45PlusSkincare/comments/1ra27x6/is_this_normal_skin_aging_for_a_45yearold_woman/,C036,r/45PlusSkincare,"Reply | thread: OP (45, image-only post) asks if crepey wrinkly skin (arms per replies) is normal at 45",acceptance_aging,medium,Fatalism,,unspecified,
B0200,Successful attempts,"I find using a glycolic acid lotion by Alpha Skincare on my arms every night if I notice crepey skin, it helps a ton.",Glykol-Lotion jeden Abend hilft sehr,https://www.reddit.com/r/45PlusSkincare/comments/1ra27x6/is_this_normal_skin_aging_for_a_45yearold_woman/o6h2qqi/,https://www.reddit.com/r/45PlusSkincare/comments/1ra27x6/is_this_normal_skin_aging_for_a_45yearold_woman/,C036,r/45PlusSkincare,"Reply | thread: OP (45, image-only post) asks if crepey wrinkly skin (arms per replies) is normal at 45",crepey_arms,medium,AHA lotion success,47,arms,
B0201,Successful attempts,"I take this with me everywhere I travel, it works that well.","Gold Bond überall mit hin, wirkt so gut",https://www.reddit.com/r/45PlusSkincare/comments/1ra27x6/is_this_normal_skin_aging_for_a_45yearold_woman/o6gm85r/,https://www.reddit.com/r/45PlusSkincare/comments/1ra27x6/is_this_normal_skin_aging_for_a_45yearold_woman/,C036,r/45PlusSkincare,"Reply | thread: OP (45, image-only post) asks if crepey wrinkly skin (arms per replies) is normal at 45",gold_bond_crepe,medium,Travel loyalty,,unspecified,
B0202,Objections,Beware if you are sensitive to caffeine because crepe erase has caffeine in it.,Achtung Koffein in Crepe Erase,https://www.reddit.com/r/45PlusSkincare/comments/1ra27x6/is_this_normal_skin_aging_for_a_45yearold_woman/o6gqx0d/,https://www.reddit.com/r/45PlusSkincare/comments/1ra27x6/is_this_normal_skin_aging_for_a_45yearold_woman/,C036,r/45PlusSkincare,"Reply | thread: OP (45, image-only post) asks if crepey wrinkly skin (arms per replies) is normal at 45",crepe_erase,low,Ingredient scare (later corrected),,unspecified,
B0203,Successful attempts,HRT helped me.,HRT hat geholfen,https://www.reddit.com/r/45PlusSkincare/comments/1ra27x6/is_this_normal_skin_aging_for_a_45yearold_woman/o6hbkas/,https://www.reddit.com/r/45PlusSkincare/comments/1ra27x6/is_this_normal_skin_aging_for_a_45yearold_woman/,C036,r/45PlusSkincare,"Reply | thread: OP (45, image-only post) asks if crepey wrinkly skin (arms per replies) is normal at 45",hrt_estrogen_skin,medium,HRT as key lever,50,whole_body,hrt_medical_context
B0204,Product / routine preferences,"amlactin lotion 3-4 times a week at night, slugging with Vaseline while slightly damp, and palmers cocoa shea butter for day time.","AmLactin nachts, Vaseline auf feuchter Haut, Kakaobutter tagsüber",https://www.reddit.com/r/45PlusSkincare/comments/1ra27x6/is_this_normal_skin_aging_for_a_45yearold_woman/o6hbkas/,https://www.reddit.com/r/45PlusSkincare/comments/1ra27x6/is_this_normal_skin_aging_for_a_45yearold_woman/,C036,r/45PlusSkincare,"Reply | thread: OP (45, image-only post) asks if crepey wrinkly skin (arms per replies) is normal at 45",amlactin_lactic;oil_on_damp_skin,medium,Day/night split routine,50,whole_body,hrt_medical_context
B0205,Ingredient / mechanism beliefs,The above is 40% but hrt has been the most helpful for me at 50.,"Topisch 40%, HRT am hilfreichsten",https://www.reddit.com/r/45PlusSkincare/comments/1ra27x6/is_this_normal_skin_aging_for_a_45yearold_woman/o6hbkas/,https://www.reddit.com/r/45PlusSkincare/comments/1ra27x6/is_this_normal_skin_aging_for_a_45yearold_woman/,C036,r/45PlusSkincare,"Reply | thread: OP (45, image-only post) asks if crepey wrinkly skin (arms per replies) is normal at 45",hrt_estrogen_skin,medium,Topicals ranked below HRT,50,whole_body,hrt_medical_context
B0206,Emotional reactions,I think I thought I would never get old:(.,"Dachte, sie würde nie alt",https://www.reddit.com/r/45PlusSkincare/comments/1ra27x6/is_this_normal_skin_aging_for_a_45yearold_woman/o6ie5en/,https://www.reddit.com/r/45PlusSkincare/comments/1ra27x6/is_this_normal_skin_aging_for_a_45yearold_woman/,C036,r/45PlusSkincare,"Reply | thread: OP (45, image-only post) asks if crepey wrinkly skin (arms per replies) is normal at 45",acceptance_aging,medium,Disbelief at aging,,unspecified,
B0207,Purchase criteria,its always good to check the ingredients on these things because a lot of these type of products do have caffeine.,Immer Inhaltsstoffe prüfen,https://www.reddit.com/r/45PlusSkincare/comments/1ra27x6/is_this_normal_skin_aging_for_a_45yearold_woman/o6h376p/,https://www.reddit.com/r/45PlusSkincare/comments/1ra27x6/is_this_normal_skin_aging_for_a_45yearold_woman/,C036,r/45PlusSkincare,"Reply | thread: OP (45, image-only post) asks if crepey wrinkly skin (arms per replies) is normal at 45",marketing_distrust,medium,Ingredient-checking behaviour,,unspecified,
B0208,Successful attempts,The collagen really helped my crepey skin after losing a lot of weight.,Kollagen half nach Gewichtsverlust,https://www.reddit.com/r/45PlusSkincare/comments/1ra27x6/is_this_normal_skin_aging_for_a_45yearold_woman/o6gykbr/,https://www.reddit.com/r/45PlusSkincare/comments/1ra27x6/is_this_normal_skin_aging_for_a_45yearold_woman/,C036,r/45PlusSkincare,"Reply | thread: OP (45, image-only post) asks if crepey wrinkly skin (arms per replies) is normal at 45",collagen_supplement;weight_loss_glp1,medium,Collagen supplement belief,,unspecified,
B0209,Successful attempts,"Since ingesting collagen daily, I have much stronger nails, more youthful glowy skin","Kollagen täglich: stärkere Nägel, jugendlichere glowige Haut",https://www.reddit.com/r/45PlusSkincare/comments/1ra27x6/is_this_normal_skin_aging_for_a_45yearold_woman/o6kvwav/,https://www.reddit.com/r/45PlusSkincare/comments/1ra27x6/is_this_normal_skin_aging_for_a_45yearold_woman/,C036,r/45PlusSkincare,"Reply | thread: OP (45, image-only post) asks if crepey wrinkly skin (arms per replies) is normal at 45",collagen_supplement;glow_desire,medium,"""youthful glowy"" outcome wording",,unspecified,
B0210,Symptoms / visible texture descriptions,those creases from the bags stayed all day,Abdrücke von Taschen blieben den ganzen Tag,https://www.reddit.com/r/45PlusSkincare/comments/1ra27x6/is_this_normal_skin_aging_for_a_45yearold_woman/o6hvd8y/,https://www.reddit.com/r/45PlusSkincare/comments/1ra27x6/is_this_normal_skin_aging_for_a_45yearold_woman/,C036,r/45PlusSkincare,"Reply | thread: OP (45, image-only post) asks if crepey wrinkly skin (arms per replies) is normal at 45",thin_skin_bruising,medium,Loss of elasticity shown by lingering creases,,arms,
B0211,Identity / social implications,48 with grandma hands. I think its normal. Just love yourself.,"Mit 48 ""Oma-Hände"", normal, sich selbst lieben",https://www.reddit.com/r/45PlusSkincare/comments/1ra27x6/is_this_normal_skin_aging_for_a_45yearold_woman/o6im4xd/,https://www.reddit.com/r/45PlusSkincare/comments/1ra27x6/is_this_normal_skin_aging_for_a_45yearold_woman/,C036,r/45PlusSkincare,"Reply | thread: OP (45, image-only post) asks if crepey wrinkly skin (arms per replies) is normal at 45",crepey_hands;old_lady_identity;acceptance_aging,high,Grandma framing + self-love,48,hands,
B0212,Successful attempts,I started HRT in January and they’re already so much softer and look so much better.,Seit HRT Arme weicher und besser,https://www.reddit.com/r/45PlusSkincare/comments/1ra27x6/is_this_normal_skin_aging_for_a_45yearold_woman/o6gsl7d/,https://www.reddit.com/r/45PlusSkincare/comments/1ra27x6/is_this_normal_skin_aging_for_a_45yearold_woman/,C036,r/45PlusSkincare,"Reply | thread: OP (45, image-only post) asks if crepey wrinkly skin (arms per replies) is normal at 45",hrt_estrogen_skin;soft_smooth_desire,high,HRT credited for arm softness,47,arms,hrt_medical_context
B0213,Questions customers repeatedly ask,How do you get a doctor to take this request seriously/actually write you a subscription for HRT rather than them dismissing it as cosmetic?,"Wie bringt man Ärzte dazu, es ernst zu nehmen statt als kosmetisch abzutun?",https://www.reddit.com/r/45PlusSkincare/comments/1ra27x6/is_this_normal_skin_aging_for_a_45yearold_woman/o6gtiyk/,https://www.reddit.com/r/45PlusSkincare/comments/1ra27x6/is_this_normal_skin_aging_for_a_45yearold_woman/,C036,r/45PlusSkincare,"Reply | thread: OP (45, image-only post) asks if crepey wrinkly skin (arms per replies) is normal at 45",hrt_estrogen_skin,medium,"Feeling dismissed as ""cosmetic""",,unspecified,hrt_medical_context
B0214,Time-to-result expectations,it works when you Do take it all the time. When I take a break for 2 months my whole body looks like that,Wirkt nur bei ständiger Einnahme; nach Pause wieder schlechter,https://www.reddit.com/r/45PlusSkincare/comments/1ra27x6/is_this_normal_skin_aging_for_a_45yearold_woman/o6h7sop/,https://www.reddit.com/r/45PlusSkincare/comments/1ra27x6/is_this_normal_skin_aging_for_a_45yearold_woman/,C036,r/45PlusSkincare,"Reply | thread: OP (45, image-only post) asks if crepey wrinkly skin (arms per replies) is normal at 45",collagen_supplement;consistency_effort,medium,Consistency belief; regression after stopping,42,whole_body,
B0215,Emotional reactions,the less we know the better we feel,"Je weniger wir wissen, desto besser fühlen wir uns",https://www.reddit.com/r/45PlusSkincare/comments/1ra27x6/is_this_normal_skin_aging_for_a_45yearold_woman/o6h7sop/,https://www.reddit.com/r/45PlusSkincare/comments/1ra27x6/is_this_normal_skin_aging_for_a_45yearold_woman/,C036,r/45PlusSkincare,"Reply | thread: OP (45, image-only post) asks if crepey wrinkly skin (arms per replies) is normal at 45",acceptance_aging,medium,Avoidance coping,42,whole_body,
B0216,Successful attempts,"My skin went from what you have, to baby skin, in a year. I’m 68",Mit 68 in einem Jahr zu Babyhaut,https://www.reddit.com/r/45PlusSkincare/comments/1ra27x6/is_this_normal_skin_aging_for_a_45yearold_woman/o6hgv41/,https://www.reddit.com/r/45PlusSkincare/comments/1ra27x6/is_this_normal_skin_aging_for_a_45yearold_woman/,C036,r/45PlusSkincare,"Reply | thread: OP (45, image-only post) asks if crepey wrinkly skin (arms per replies) is normal at 45",amlactin_lactic;time_to_result;soft_smooth_desire,high,"One-year timeline; ""baby skin"" outcome",68,arms,
B0217,Product / routine preferences,I apply to my damp skin.,Aufgetragen auf feuchte Haut,https://www.reddit.com/r/45PlusSkincare/comments/1ra27x6/is_this_normal_skin_aging_for_a_45yearold_woman/o6hgv41/,https://www.reddit.com/r/45PlusSkincare/comments/1ra27x6/is_this_normal_skin_aging_for_a_45yearold_woman/,C036,r/45PlusSkincare,"Reply | thread: OP (45, image-only post) asks if crepey wrinkly skin (arms per replies) is normal at 45",oil_on_damp_skin,high,Damp-skin application,68,arms,
B0218,Emotional reactions,know that in 5 years you’ll miss how great they looked!!,In 5 Jahren wirst du sie vermissen,https://www.reddit.com/r/45PlusSkincare/comments/1ra27x6/is_this_normal_skin_aging_for_a_45yearold_woman/o6kigci/,https://www.reddit.com/r/45PlusSkincare/comments/1ra27x6/is_this_normal_skin_aging_for_a_45yearold_woman/,C036,r/45PlusSkincare,"Reply | thread: OP (45, image-only post) asks if crepey wrinkly skin (arms per replies) is normal at 45",acceptance_aging,medium,Perspective coping,,arms,
B0219,Emotional reactions,It’s normal. Don’t pay too much attention to it. The alternative to aging is death.,Normal; Alternative zum Altern ist der Tod,https://www.reddit.com/r/45PlusSkincare/comments/1ra27x6/is_this_normal_skin_aging_for_a_45yearold_woman/o6h83lp/,https://www.reddit.com/r/45PlusSkincare/comments/1ra27x6/is_this_normal_skin_aging_for_a_45yearold_woman/,C036,r/45PlusSkincare,"Reply | thread: OP (45, image-only post) asks if crepey wrinkly skin (arms per replies) is normal at 45",acceptance_aging,medium,Acceptance counter-voice,,arms,
B0220,Product / routine preferences,"Gold Bond Retinol body lotion at night, Gold Bond Collagen Plumping in the morning. Cheap and effective.",Gold Bond nachts/morgens – billig und wirksam,https://www.reddit.com/r/45PlusSkincare/comments/1ra27x6/is_this_normal_skin_aging_for_a_45yearold_woman/o6hl4dc/,https://www.reddit.com/r/45PlusSkincare/comments/1ra27x6/is_this_normal_skin_aging_for_a_45yearold_woman/,C036,r/45PlusSkincare,"Reply | thread: OP (45, image-only post) asks if crepey wrinkly skin (arms per replies) is normal at 45",gold_bond_crepe;retinol_body;price_value,medium,Drugstore AM/PM routine,,unspecified,
B0221,Situational triggers,In the last few weeks my upper arms have totally changed and are suddenly flabby and crepey old lady arms.,"In wenigen Wochen plötzlich schlaffe, crepige ""Alte-Dame-Arme""",https://www.reddit.com/r/45PlusSkincare/comments/1t3bujh/crepey_flabby_arms/,https://www.reddit.com/r/45PlusSkincare/comments/1t3bujh/crepey_flabby_arms/,C037,r/45PlusSkincare,"OP 60 | thread: OP (60, post-menopause, on HRT) upper arms suddenly flabby/crepey, asks for OTC fixes before short-sleeve season",sudden_onset;crepey_arms;old_lady_identity,high,"Sudden onset + ""old lady arms"" identity wording",60,arms,hrt_medical_context
B0222,Exact phrases / metaphors / repeated wording,crepey old lady arms,"""crepige Alte-Dame-Arme""",https://www.reddit.com/r/45PlusSkincare/comments/1t3bujh/crepey_flabby_arms/,https://www.reddit.com/r/45PlusSkincare/comments/1t3bujh/crepey_flabby_arms/,C037,r/45PlusSkincare,"OP 60 | thread: OP (60, post-menopause, on HRT) upper arms suddenly flabby/crepey, asks for OTC fixes before short-sleeve season",old_lady_identity,high,Recurring identity phrase,60,arms,
B0223,Identity / social implications,I just want to hide them but short sleeve weather is coming. Help.,"Will sie verstecken, aber Kurzarm-Saison kommt",https://www.reddit.com/r/45PlusSkincare/comments/1t3bujh/crepey_flabby_arms/,https://www.reddit.com/r/45PlusSkincare/comments/1t3bujh/crepey_flabby_arms/,C037,r/45PlusSkincare,"OP 60 | thread: OP (60, post-menopause, on HRT) upper arms suddenly flabby/crepey, asks for OTC fixes before short-sleeve season",hiding_arms_sleeveless;summer_trigger,high,Seasonal deadline drives urgency,60,arms,
B0224,Product / routine preferences,Wearing 3/4 sleeves lol That’s my go-to,3/4-Ärmel als Standardlösung,https://www.reddit.com/r/45PlusSkincare/comments/1t3bujh/crepey_flabby_arms/ojvwyji/,https://www.reddit.com/r/45PlusSkincare/comments/1t3bujh/crepey_flabby_arms/,C037,r/45PlusSkincare,"Reply | thread: OP (60, post-menopause, on HRT) upper arms suddenly flabby/crepey, asks for OTC fixes before short-sleeve season",hiding_arms_sleeveless,medium,Clothing workaround normalised,,arms,
B0225,Skepticism,Nothing helps against loose skin.,Nichts hilft gegen lose Haut,https://www.reddit.com/r/45PlusSkincare/comments/1t3bujh/crepey_flabby_arms/ojtyfdl/,https://www.reddit.com/r/45PlusSkincare/comments/1t3bujh/crepey_flabby_arms/,C037,r/45PlusSkincare,"Reply | thread: OP (60, post-menopause, on HRT) upper arms suddenly flabby/crepey, asks for OTC fixes before short-sleeve season",nothing_works,medium,Laxity seen as untreatable,,arms,
B0226,Ingredient / mechanism beliefs,"Hydrated skin always looks better than dull, dehydrated skin.",Hydrierte Haut sieht immer besser aus als stumpfe,https://www.reddit.com/r/45PlusSkincare/comments/1t3bujh/crepey_flabby_arms/ojtyfdl/,https://www.reddit.com/r/45PlusSkincare/comments/1t3bujh/crepey_flabby_arms/,C037,r/45PlusSkincare,"Reply | thread: OP (60, post-menopause, on HRT) upper arms suddenly flabby/crepey, asks for OTC fixes before short-sleeve season",glow_desire,medium,Hydration improves appearance even if not structure,,arms,
B0227,Identity / social implications,"My mother always loudly refused wearing sleeveless tops, and I never understood it. Now I have the “chicken wings” and I totally get it!",Mutter verweigerte ärmellose Tops – jetzt versteht sie es,https://www.reddit.com/r/45PlusSkincare/comments/1t3bujh/crepey_flabby_arms/ojvm174/,https://www.reddit.com/r/45PlusSkincare/comments/1t3bujh/crepey_flabby_arms/,C037,r/45PlusSkincare,"Reply | thread: OP (60, post-menopause, on HRT) upper arms suddenly flabby/crepey, asks for OTC fixes before short-sleeve season",mothers_skin;hiding_arms_sleeveless,medium,Mother-daughter mirror moment,,arms,
B0228,Exact phrases / metaphors / repeated wording,chicken wings,"""Hühnerflügel"" für Oberarme",https://www.reddit.com/r/45PlusSkincare/comments/1t3bujh/crepey_flabby_arms/ojvm174/,https://www.reddit.com/r/45PlusSkincare/comments/1t3bujh/crepey_flabby_arms/,C037,r/45PlusSkincare,"Reply | thread: OP (60, post-menopause, on HRT) upper arms suddenly flabby/crepey, asks for OTC fixes before short-sleeve season",crepey_arms,medium,Slang for upper arms,,arms,
B0229,Exact phrases / metaphors / repeated wording,it’s bloody awful bat wings now,"""Fledermausflügel""",https://www.reddit.com/r/45PlusSkincare/comments/1t3bujh/crepey_flabby_arms/ojwjsgi/,https://www.reddit.com/r/45PlusSkincare/comments/1t3bujh/crepey_flabby_arms/,C037,r/45PlusSkincare,"Reply | thread: OP (60, post-menopause, on HRT) upper arms suddenly flabby/crepey, asks for OTC fixes before short-sleeve season",crepey_arms,low,"""bat wings"" slang",,arms,non_us_signal
B0230,Identity / social implications,Wore sleeves for years to cover my batwings and finally broke down and had an arm lift.,"Jahrelang Ärmel getragen, dann Armstraffung",https://www.reddit.com/r/45PlusSkincare/comments/1t3bujh/crepey_flabby_arms/ojwb2io/,https://www.reddit.com/r/45PlusSkincare/comments/1t3bujh/crepey_flabby_arms/,C037,r/45PlusSkincare,"Reply | thread: OP (60, post-menopause, on HRT) upper arms suddenly flabby/crepey, asks for OTC fixes before short-sleeve season",hiding_arms_sleeveless;only_procedures_work,medium,Years of concealment before surgery,,arms,
B0231,Situational triggers,I live in a very hot and humid climate and was sick of wearing 3/4 sleeves.,"Heißes Klima, satt von 3/4-Ärmeln",https://www.reddit.com/r/45PlusSkincare/comments/1t3bujh/crepey_flabby_arms/ojx00iu/,https://www.reddit.com/r/45PlusSkincare/comments/1t3bujh/crepey_flabby_arms/,C037,r/45PlusSkincare,"Reply | thread: OP (60, post-menopause, on HRT) upper arms suddenly flabby/crepey, asks for OTC fixes before short-sleeve season",summer_trigger;hiding_arms_sleeveless,medium,Heat makes concealment unbearable,,arms,
B0232,Successful attempts,The amlactin is already worked so well I feel it improved the bumps of cellulite from daily wear it’s helped,AmLactin hat Cellulite-Unebenheiten verbessert,https://www.reddit.com/r/45PlusSkincare/comments/1t3bujh/crepey_flabby_arms/ok1rauf/,https://www.reddit.com/r/45PlusSkincare/comments/1t3bujh/crepey_flabby_arms/,C037,r/45PlusSkincare,"Reply | thread: OP (60, post-menopause, on HRT) upper arms suddenly flabby/crepey, asks for OTC fixes before short-sleeve season",amlactin_lactic,low,Daily AmLactin credited,,arms,non_us_signal
B0233,Time-to-result expectations,I started amlactin 15% and I’m seeing something subtle already,Mit AmLactin 15% bereits leichte Veränderung,https://www.reddit.com/r/45PlusSkincare/comments/1t3bujh/crepey_flabby_arms/ojwjmkf/,https://www.reddit.com/r/45PlusSkincare/comments/1t3bujh/crepey_flabby_arms/,C037,r/45PlusSkincare,"Reply | thread: OP (60, post-menopause, on HRT) upper arms suddenly flabby/crepey, asks for OTC fixes before short-sleeve season",amlactin_lactic;time_to_result,low,Early subtle results,,arms,non_us_signal
B0234,Routine friction,You need to use 3x a week and it is time consuming. Each handle requires 15 minutes per area so about 45 minutes per arm or leg.,"3x pro Woche, 45 Min pro Arm/Bein",https://www.reddit.com/r/45PlusSkincare/comments/1t3bujh/crepey_flabby_arms/ojz9i7q/,https://www.reddit.com/r/45PlusSkincare/comments/1t3bujh/crepey_flabby_arms/,C037,r/45PlusSkincare,"Reply device link poster | thread: OP (60, post-menopause, on HRT) upper arms suddenly flabby/crepey, asks for OTC fixes before short-sleeve season",routine_fatigue,low,Device routines very time-heavy,,legs,possible_seeding
B0235,Failed attempts,I am very fit and have arm muscles but crepey skin does not really care.,"Fit mit Armmuskeln, Crepe-Haut ist das egal",https://www.reddit.com/r/45PlusSkincare/comments/1t3bujh/crepey_flabby_arms/ojy487r/,https://www.reddit.com/r/45PlusSkincare/comments/1t3bujh/crepey_flabby_arms/,C037,r/45PlusSkincare,"Reply | thread: OP (60, post-menopause, on HRT) upper arms suddenly flabby/crepey, asks for OTC fixes before short-sleeve season",nothing_works;crepey_arms,medium,Exercise ≠ surface fix,,arms,
B0236,Exact phrases / metaphors / repeated wording,"I gave my tube to a friend after I last tried it and it didn’t work and she informed me I’d given her a tube a year earlier, saying it didn’t work.","Tube weiterverschenkt, weil sie wieder nicht wirkte",https://www.reddit.com/r/45PlusSkincare/comments/1t3bujh/crepey_flabby_arms/ojy487r/,https://www.reddit.com/r/45PlusSkincare/comments/1t3bujh/crepey_flabby_arms/,C037,r/45PlusSkincare,"Reply | thread: OP (60, post-menopause, on HRT) upper arms suddenly flabby/crepey, asks for OTC fixes before short-sleeve season",gold_bond_crepe;nothing_works,medium,Repeat-trial failures with Gold Bond,,arms,
B0237,Skepticism,Nothing that is permanent. Lotions are just bandaids.,"Nichts dauerhaft, Lotionen sind nur Pflaster",https://www.reddit.com/r/45PlusSkincare/comments/1t3bujh/crepey_flabby_arms/ojymvt1/,https://www.reddit.com/r/45PlusSkincare/comments/1t3bujh/crepey_flabby_arms/,C037,r/45PlusSkincare,"Reply | thread: OP (60, post-menopause, on HRT) upper arms suddenly flabby/crepey, asks for OTC fixes before short-sleeve season",lotion_temporary,medium,"""bandaids"" metaphor",,arms,
B0238,Ingredient / mechanism beliefs,Moisturising like crazy can help improve the appearance without repairing the damage,"Eincremen verbessert Aussehen, repariert aber nicht",https://www.reddit.com/r/45PlusSkincare/comments/1t3bujh/crepey_flabby_arms/ok3uvnt/,https://www.reddit.com/r/45PlusSkincare/comments/1t3bujh/crepey_flabby_arms/,C037,r/45PlusSkincare,"Reply | thread: OP (60, post-menopause, on HRT) upper arms suddenly flabby/crepey, asks for OTC fixes before short-sleeve season",lotion_temporary;oil_seals_not_hydrates,medium,Appearance vs repair distinction,,arms,hrt_medical_context
B0239,Exact phrases / metaphors / repeated wording,fighting the good fight against crepey skin.,Den guten Kampf gegen Crepe-Haut führen,https://www.reddit.com/r/45PlusSkincare/comments/1t3bujh/crepey_flabby_arms/ok3uvnt/,https://www.reddit.com/r/45PlusSkincare/comments/1t3bujh/crepey_flabby_arms/,C037,r/45PlusSkincare,"Reply post-menopausal poster | thread: OP (60, post-menopause, on HRT) upper arms suddenly flabby/crepey, asks for OTC fixes before short-sleeve season",consistency_effort,medium,Battle framing,,arms,hrt_medical_context
B0240,Emotional reactions,this crepey arm skin really caught me by surprise. Not loving it.,Crepe-Haut an Armen hat sie überrascht,https://www.reddit.com/r/45PlusSkincare/comments/1t3bujh/crepey_flabby_arms/ok5obtw/,https://www.reddit.com/r/45PlusSkincare/comments/1t3bujh/crepey_flabby_arms/,C037,r/45PlusSkincare,"OP 60 | thread: OP (60, post-menopause, on HRT) upper arms suddenly flabby/crepey, asks for OTC fixes before short-sleeve season",sudden_onset,high,Surprise because face still fine,60,arms,hrt_medical_context
B0241,Skepticism,If there were any real solutions Donatella Versace would not look like that.,"Gäbe es echte Lösungen, sähe Donatella Versace nicht so aus",https://www.reddit.com/r/45PlusSkincare/comments/1t3bujh/crepey_flabby_arms/okjzpr7/,https://www.reddit.com/r/45PlusSkincare/comments/1t3bujh/crepey_flabby_arms/,C037,r/45PlusSkincare,"Reply | thread: OP (60, post-menopause, on HRT) upper arms suddenly flabby/crepey, asks for OTC fixes before short-sleeve season",nothing_works,medium,Celebrity proof of no solution,,arms,
B0242,Situational triggers,I’m noticing the skin on my suddenly looks crepey and textured.,Haut sieht plötzlich crepig und uneben aus,https://www.reddit.com/r/45PlusSkincare/comments/1uug4wz/retinol_body_lotion_or_serum/,https://www.reddit.com/r/45PlusSkincare/comments/1uug4wz/retinol_body_lotion_or_serum/,C038,r/45PlusSkincare,OP | thread: OP (Canada) asks which retinol body lotion/serum gives noticeable results for sudden crepey texture,sudden_onset,medium,Sudden texture onset,,unspecified,non_us_signal
B0243,Purchase criteria,Some of these retinol body products are quite pricey so would be great to know which ones actually show great results.,Retinol-Körperprodukte teuer – welche wirken wirklich?,https://www.reddit.com/r/45PlusSkincare/comments/1uug4wz/retinol_body_lotion_or_serum/,https://www.reddit.com/r/45PlusSkincare/comments/1uug4wz/retinol_body_lotion_or_serum/,C038,r/45PlusSkincare,OP | thread: OP (Canada) asks which retinol body lotion/serum gives noticeable results for sudden crepey texture,price_value;retinol_body;question_what_works,medium,Price-vs-proof criterion,,unspecified,non_us_signal
B0244,Successful attempts,Amlactin 15%.....that changed everything for me.,AmLactin 15% hat alles verändert,https://www.reddit.com/r/45PlusSkincare/comments/1uug4wz/retinol_body_lotion_or_serum/ox3tabl/,https://www.reddit.com/r/45PlusSkincare/comments/1uug4wz/retinol_body_lotion_or_serum/,C038,r/45PlusSkincare,Reply | thread: OP (Canada) asks which retinol body lotion/serum gives noticeable results for sudden crepey texture,amlactin_lactic,medium,AmLactin as game changer,,unspecified,
B0245,Objections,I tried the Amlactin but had to wash it off almost immediately. The odor (similar to urine) and stickiness—I just couldn’t bear it.,"AmLactin sofort abgewaschen – Geruch wie Urin, klebrig",https://www.reddit.com/r/45PlusSkincare/comments/1uug4wz/retinol_body_lotion_or_serum/ox97d6u/,https://www.reddit.com/r/45PlusSkincare/comments/1uug4wz/retinol_body_lotion_or_serum/,C038,r/45PlusSkincare,Reply | thread: OP (Canada) asks which retinol body lotion/serum gives noticeable results for sudden crepey texture,amlactin_lactic;fragrance_sensitivity,medium,Odor + stickiness = top AmLactin objection,,unspecified,
B0246,Tactile descriptions,I like amlactin because it dries down and does not stay tacky.,"AmLactin trocknet ab, bleibt nicht klebrig",https://www.reddit.com/r/45PlusSkincare/comments/1uug4wz/retinol_body_lotion_or_serum/oxbhgy3/,https://www.reddit.com/r/45PlusSkincare/comments/1uug4wz/retinol_body_lotion_or_serum/,C038,r/45PlusSkincare,Reply | thread: OP (Canada) asks which retinol body lotion/serum gives noticeable results for sudden crepey texture,amlactin_lactic,medium,Contradictory texture experiences,,unspecified,
B0247,Tactile descriptions,I find the blue one to be sticky and smelly. The green one is lighter and barely (IMHO) scented.,"Blaue Version klebrig/riechend, grüne leichter",https://www.reddit.com/r/45PlusSkincare/comments/1uug4wz/retinol_body_lotion_or_serum/oxd3s9c/,https://www.reddit.com/r/45PlusSkincare/comments/1uug4wz/retinol_body_lotion_or_serum/,C038,r/45PlusSkincare,Reply | thread: OP (Canada) asks which retinol body lotion/serum gives noticeable results for sudden crepey texture,amlactin_lactic,medium,Variant-level sensory differences,,unspecified,
B0248,Successful attempts,Totally wiped out the crepeys!,Crepe-Haut komplett beseitigt (Tret+AmLactin),https://www.reddit.com/r/45PlusSkincare/comments/1uug4wz/retinol_body_lotion_or_serum/oxggakm/,https://www.reddit.com/r/45PlusSkincare/comments/1uug4wz/retinol_body_lotion_or_serum/,C038,r/45PlusSkincare,Reply | thread: OP (Canada) asks which retinol body lotion/serum gives noticeable results for sudden crepey texture,retinol_body;amlactin_lactic,medium,DIY tret mix again,,whole_body,
B0249,Skepticism,It was 2 dermatologist told me this. I believe them.,Zwei Dermatologen sagten das – sie glaubt ihnen,https://www.reddit.com/r/45PlusSkincare/comments/1uug4wz/retinol_body_lotion_or_serum/pc8jtry/,https://www.reddit.com/r/45PlusSkincare/comments/1uug4wz/retinol_body_lotion_or_serum/,C038,r/45PlusSkincare,Reply | thread: OP (Canada) asks which retinol body lotion/serum gives noticeable results for sudden crepey texture,derm_recommendation,medium,Derm authority as arbiter,,unspecified,
B0250,Successful attempts,"Sun damage, crepey skin, thick lines. So much smoother!","Sonnenschaden, Crepe, Linien – viel glatter",https://www.reddit.com/r/45PlusSkincare/comments/1uug4wz/retinol_body_lotion_or_serum/ox610me/,https://www.reddit.com/r/45PlusSkincare/comments/1uug4wz/retinol_body_lotion_or_serum/,C038,r/45PlusSkincare,Reply | thread: OP (Canada) asks which retinol body lotion/serum gives noticeable results for sudden crepey texture,soft_smooth_desire,medium,"""smoother"" outcome",,unspecified,
B0251,Product / routine preferences,Happy with results just be sure to use sunscreen too.,"Zufrieden, aber Sonnenschutz",https://www.reddit.com/r/45PlusSkincare/comments/1uug4wz/retinol_body_lotion_or_serum/ox5pm3u/,https://www.reddit.com/r/45PlusSkincare/comments/1uug4wz/retinol_body_lotion_or_serum/,C038,r/45PlusSkincare,Reply | thread: OP (Canada) asks which retinol body lotion/serum gives noticeable results for sudden crepey texture,sunscreen_sun_damage,medium,Sunscreen caveat repeated,,unspecified,
B0252,Desired outcomes,You will be soft as a baby’s butt and crepe free.,Weich wie ein Babypo und crepe-frei,https://www.reddit.com/r/45PlusSkincare/comments/1uug4wz/retinol_body_lotion_or_serum/ox3hexw/,https://www.reddit.com/r/45PlusSkincare/comments/1uug4wz/retinol_body_lotion_or_serum/,C038,r/45PlusSkincare,Reply poster 54 | thread: OP (Canada) asks which retinol body lotion/serum gives noticeable results for sudden crepey texture,soft_smooth_desire,high,"""soft as a baby's butt"" phrase",54,whole_body,
B0253,Product / routine preferences,occasionally a thick layer of Vanicream with some baby oil in it (love this after I shave),Vanicream mit Babyöl nach dem Rasieren,https://www.reddit.com/r/45PlusSkincare/comments/1uug4wz/retinol_body_lotion_or_serum/ox3hexw/,https://www.reddit.com/r/45PlusSkincare/comments/1uug4wz/retinol_body_lotion_or_serum/,C038,r/45PlusSkincare,Reply | thread: OP (Canada) asks which retinol body lotion/serum gives noticeable results for sudden crepey texture,cheap_oil_alternative,high,Oil mixed into cream post-shave,54,legs,
B0254,Ingredient / mechanism beliefs,I get a much better result from using both- it's diversifying treatment ingredients.,Bessere Ergebnisse durch Kombination,https://www.reddit.com/r/45PlusSkincare/comments/1uug4wz/retinol_body_lotion_or_serum/ox4asha/,https://www.reddit.com/r/45PlusSkincare/comments/1uug4wz/retinol_body_lotion_or_serum/,C038,r/45PlusSkincare,Reply | thread: OP (Canada) asks which retinol body lotion/serum gives noticeable results for sudden crepey texture,amlactin_lactic;gold_bond_crepe,medium,Rotation/stacking belief,,unspecified,
B0255,Purchase criteria,I used to buy crepe corrector for like $12 and now can’t find it for any less than $45 and it’s on Amazon which can be sketchy.,"Früher 12$, jetzt 45$ und Amazon unseriös",https://www.reddit.com/r/45PlusSkincare/comments/1uug4wz/retinol_body_lotion_or_serum/ox3ibrb/,https://www.reddit.com/r/45PlusSkincare/comments/1uug4wz/retinol_body_lotion_or_serum/,C038,r/45PlusSkincare,Reply | thread: OP (Canada) asks which retinol body lotion/serum gives noticeable results for sudden crepey texture,price_value;marketing_distrust,medium,Price + seller trust; Canada availability,,unspecified,non_us_signal
B0256,Ingredient / mechanism beliefs,"I address texture, increase cell turnover and boost hydration (which makes skin look and feel less crepey and dehydrated).","Textur, Zellerneuerung, Feuchtigkeit gegen Crepe",https://www.reddit.com/r/45PlusSkincare/comments/1uug4wz/retinol_body_lotion_or_serum/ox3nn45/,https://www.reddit.com/r/45PlusSkincare/comments/1uug4wz/retinol_body_lotion_or_serum/,C038,r/45PlusSkincare,Reply | thread: OP (Canada) asks which retinol body lotion/serum gives noticeable results for sudden crepey texture,retinol_body,high,Multi-mechanism belief,54,whole_body,
B0257,Successful attempts,I’m 54 and have no crepey skin on my body.,Mit 54 keine Crepe-Haut am Körper,https://www.reddit.com/r/45PlusSkincare/comments/1uug4wz/retinol_body_lotion_or_serum/ox3nn45/,https://www.reddit.com/r/45PlusSkincare/comments/1uug4wz/retinol_body_lotion_or_serum/,C038,r/45PlusSkincare,Reply | thread: OP (Canada) asks which retinol body lotion/serum gives noticeable results for sudden crepey texture,peer_proof,high,Core-age success claim,54,whole_body,
B0258,Purchase criteria,I’d say find the most cost effective retinol body cream you can.,Kostengünstigste Retinol-Creme suchen,https://www.reddit.com/r/45PlusSkincare/comments/1uug4wz/retinol_body_lotion_or_serum/ox3nn45/,https://www.reddit.com/r/45PlusSkincare/comments/1uug4wz/retinol_body_lotion_or_serum/,C038,r/45PlusSkincare,Reply | thread: OP (Canada) asks which retinol body lotion/serum gives noticeable results for sudden crepey texture,price_value;retinol_body,high,Value orientation,54,whole_body,
B0259,Identity / social implications,My mom and I both use and like the Advanced Clinicals Retinol Body Lotion.,Mutter und sie nutzen dieselbe Retinol-Lotion,https://www.reddit.com/r/45PlusSkincare/comments/1uug4wz/retinol_body_lotion_or_serum/ox33z7x/,https://www.reddit.com/r/45PlusSkincare/comments/1uug4wz/retinol_body_lotion_or_serum/,C038,r/45PlusSkincare,Reply | thread: OP (Canada) asks which retinol body lotion/serum gives noticeable results for sudden crepey texture,mothers_skin;peer_proof,medium,Mother-daughter shared use,,unspecified,
B0260,Ingredient / mechanism beliefs,She told me to just mix some in with my regular moisturizer because that’s basically what you’re paying the big bucks for.,Wirkstoff in normale Creme mischen – dafür zahlt man sonst viel,https://www.reddit.com/r/45PlusSkincare/comments/1uug4wz/retinol_body_lotion_or_serum/ox3btwo/,https://www.reddit.com/r/45PlusSkincare/comments/1uug4wz/retinol_body_lotion_or_serum/,C038,r/45PlusSkincare,Reply | thread: OP (Canada) asks which retinol body lotion/serum gives noticeable results for sudden crepey texture,marketing_distrust;price_value,low,Belief premium products are just actives in base,50,unspecified,non_us_signal
B0261,Skepticism,You're moisturizing it. Skin loves that. But you're not getting the benefits of Tretinoin.,"Nur Feuchtigkeit, nicht Tretinoin-Wirkung",https://www.reddit.com/r/45PlusSkincare/comments/1uug4wz/retinol_body_lotion_or_serum/ox65ahb/,https://www.reddit.com/r/45PlusSkincare/comments/1uug4wz/retinol_body_lotion_or_serum/,C038,r/45PlusSkincare,Reply | thread: OP (Canada) asks which retinol body lotion/serum gives noticeable results for sudden crepey texture,lotion_temporary,medium,Moisture vs active debate,,unspecified,
B0262,Purchase criteria,Absorbs quickly and fragrance free.,"Zieht schnell ein, duftfrei",https://www.reddit.com/r/45PlusSkincare/comments/1uug4wz/retinol_body_lotion_or_serum/ox36c5e/,https://www.reddit.com/r/45PlusSkincare/comments/1uug4wz/retinol_body_lotion_or_serum/,C038,r/45PlusSkincare,Reply | thread: OP (Canada) asks which retinol body lotion/serum gives noticeable results for sudden crepey texture,oil_absorbs_fast;fragrance_sensitivity,medium,Twin criteria again,,unspecified,
B0263,Successful attempts,Its really helped keep my skin smooth during weight loss.,Hält Haut glatt beim Abnehmen,https://www.reddit.com/r/45PlusSkincare/comments/1uug4wz/retinol_body_lotion_or_serum/ox36c5e/,https://www.reddit.com/r/45PlusSkincare/comments/1uug4wz/retinol_body_lotion_or_serum/,C038,r/45PlusSkincare,Reply | thread: OP (Canada) asks which retinol body lotion/serum gives noticeable results for sudden crepey texture,weight_loss_glp1;soft_smooth_desire,medium,Weight-loss context,,unspecified,
B0264,Questions customers repeatedly ask,Do you feel like it’s worth the price?,Ist es den Preis wert?,https://www.reddit.com/r/45PlusSkincare/comments/1uug4wz/retinol_body_lotion_or_serum/ox3aygi/,https://www.reddit.com/r/45PlusSkincare/comments/1uug4wz/retinol_body_lotion_or_serum/,C038,r/45PlusSkincare,Reply | thread: OP (Canada) asks which retinol body lotion/serum gives noticeable results for sudden crepey texture,price_value,medium,Value question,,unspecified,non_us_signal
B0265,Questions customers repeatedly ask,"Do you have to put sunblock all over your body (or the exposed parts like arms, legs etc.) every day when you're using retinol body lotion?",Täglich Sonnenschutz am Körper bei Retinol?,https://www.reddit.com/r/45PlusSkincare/comments/1uug4wz/retinol_body_lotion_or_serum/ox3uhyp/,https://www.reddit.com/r/45PlusSkincare/comments/1uug4wz/retinol_body_lotion_or_serum/,C038,r/45PlusSkincare,Reply | thread: OP (Canada) asks which retinol body lotion/serum gives noticeable results for sudden crepey texture,sunscreen_sun_damage;retinol_body,medium,Retinol-body friction: sunscreen burden,,whole_body,
B0266,Objections,I like the feel of this one but the smell makes me want to 🤢 so had to stop using it!,"Gefühl gut, Geruch ekelig – abgesetzt",https://www.reddit.com/r/45PlusSkincare/comments/1uug4wz/retinol_body_lotion_or_serum/oxik9ah/,https://www.reddit.com/r/45PlusSkincare/comments/1uug4wz/retinol_body_lotion_or_serum/,C038,r/45PlusSkincare,Reply | thread: OP (Canada) asks which retinol body lotion/serum gives noticeable results for sudden crepey texture,fragrance_sensitivity,medium,Smell causes discontinuation,,unspecified,
B0267,Objections,"This lotion was too sticky for me, as well as too pricey.",Zu klebrig und zu teuer,https://www.reddit.com/r/45PlusSkincare/comments/1uug4wz/retinol_body_lotion_or_serum/ox4e6h3/,https://www.reddit.com/r/45PlusSkincare/comments/1uug4wz/retinol_body_lotion_or_serum/,C038,r/45PlusSkincare,Reply | thread: OP (Canada) asks which retinol body lotion/serum gives noticeable results for sudden crepey texture,price_value,medium,Sticky + price objections,,unspecified,
B0268,Tactile descriptions,I can’t sleep if my legs are sticky,Kann nicht schlafen mit klebrigen Beinen,https://www.reddit.com/r/45PlusSkincare/comments/1uug4wz/retinol_body_lotion_or_serum/ox96com/,https://www.reddit.com/r/45PlusSkincare/comments/1uug4wz/retinol_body_lotion_or_serum/,C038,r/45PlusSkincare,Reply | thread: OP (Canada) asks which retinol body lotion/serum gives noticeable results for sudden crepey texture,routine_fatigue,medium,Bedtime stickiness is intolerable,,legs,
B0269,Routine friction,working daily in an office environment makes it tough. The flakey skin isn’t cool!!,"Im Büro schwierig, Schuppen nicht cool",https://www.reddit.com/r/45PlusSkincare/comments/1uug4wz/retinol_body_lotion_or_serum/oxcwl6s/,https://www.reddit.com/r/45PlusSkincare/comments/1uug4wz/retinol_body_lotion_or_serum/,C038,r/45PlusSkincare,Reply | thread: OP (Canada) asks which retinol body lotion/serum gives noticeable results for sudden crepey texture,itch_flake,low,Peeling downtime friction,,unspecified,
B0270,Failed attempts,Unfortunately urea does nothing for my body,Urea bringt nichts,https://www.reddit.com/r/45PlusSkincare/comments/1uug4wz/retinol_body_lotion_or_serum/ox39p97/,https://www.reddit.com/r/45PlusSkincare/comments/1uug4wz/retinol_body_lotion_or_serum/,C038,r/45PlusSkincare,Reply | thread: OP (Canada) asks which retinol body lotion/serum gives noticeable results for sudden crepey texture,urea;nothing_works,medium,Urea failure,,unspecified,non_us_signal
B0271,Purchase criteria,The cost might add up though.,Kosten summieren sich,https://www.reddit.com/r/45PlusSkincare/comments/1uug4wz/retinol_body_lotion_or_serum/ox59wfr/,https://www.reddit.com/r/45PlusSkincare/comments/1uug4wz/retinol_body_lotion_or_serum/,C038,r/45PlusSkincare,Reply | thread: OP (Canada) asks which retinol body lotion/serum gives noticeable results for sudden crepey texture,price_value,medium,Whole-body volume cost,,unspecified,non_us_signal
B0272,Failed attempts,Gold bond did nothing for me. Just started using amlactin so we shall see!,"Gold Bond wirkungslos, jetzt AmLactin",https://www.reddit.com/r/45PlusSkincare/comments/1uug4wz/retinol_body_lotion_or_serum/ox6k6b4/,https://www.reddit.com/r/45PlusSkincare/comments/1uug4wz/retinol_body_lotion_or_serum/,C038,r/45PlusSkincare,Reply | thread: OP (Canada) asks which retinol body lotion/serum gives noticeable results for sudden crepey texture,gold_bond_crepe;amlactin_lactic,medium,Serial switching,,unspecified,
B0273,Product / routine preferences,I never consider my chest because I’m so covered all the time but I have great results on my hands!,"Brust nie beachtet, weil bedeckt",https://www.reddit.com/r/45PlusSkincare/comments/1uug4wz/retinol_body_lotion_or_serum/oxcueqo/,https://www.reddit.com/r/45PlusSkincare/comments/1uug4wz/retinol_body_lotion_or_serum/,C038,r/45PlusSkincare,Reply | thread: OP (Canada) asks which retinol body lotion/serum gives noticeable results for sudden crepey texture,crepey_hands,medium,Covered areas neglected,,chest,non_us_signal
B0274,Purchase criteria,"I’m weird about lotion, can’t be too thick, heavy, slick or greasy. This stuff is perfect!","Darf nicht zu dick, schwer, glitschig oder fettig sein",https://www.reddit.com/r/45PlusSkincare/comments/1uug4wz/retinol_body_lotion_or_serum/oxb4uyz/,https://www.reddit.com/r/45PlusSkincare/comments/1uug4wz/retinol_body_lotion_or_serum/,C038,r/45PlusSkincare,Reply | thread: OP (Canada) asks which retinol body lotion/serum gives noticeable results for sudden crepey texture,oil_greasy_staining,medium,Texture negatives list,,unspecified,
B0275,Time-to-result expectations,I was surprised how fast this softened and smoothed my skin,"Überrascht, wie schnell Haut weicher und glatter wurde",https://www.reddit.com/r/45PlusSkincare/comments/1uug4wz/retinol_body_lotion_or_serum/oxqdbxb/,https://www.reddit.com/r/45PlusSkincare/comments/1uug4wz/retinol_body_lotion_or_serum/,C038,r/45PlusSkincare,Reply | thread: OP (Canada) asks which retinol body lotion/serum gives noticeable results for sudden crepey texture,time_to_result;soft_smooth_desire,medium,Fast softening as delight,,unspecified,
B0276,Questions customers repeatedly ask,This question is asked like once a week.,Diese Frage kommt wöchentlich,https://www.reddit.com/r/45PlusSkincare/comments/1uug4wz/retinol_body_lotion_or_serum/ox39nln/,https://www.reddit.com/r/45PlusSkincare/comments/1uug4wz/retinol_body_lotion_or_serum/,C038,r/45PlusSkincare,Reply | thread: OP (Canada) asks which retinol body lotion/serum gives noticeable results for sudden crepey texture,question_what_works,medium,Evidence the retinol-body question recurs,,unspecified,
B0277,Emotional reactions,"am super bummed by my body turning to saggy mush. Especially thighs, stomach, booty.","Frustriert, dass Körper zu schlaffem Brei wird",https://www.reddit.com/r/45PlusSkincare/comments/1o6x48x/body_firming/,https://www.reddit.com/r/45PlusSkincare/comments/1o6x48x/body_firming/,C039,r/45PlusSkincare,"OP | thread: OP seeks body firming for thighs/stomach/booty (collagen bounce, not muscle)",new_body_firmness,medium,"""saggy mush"" emotional framing",,abdomen,
B0278,Exact phrases / metaphors / repeated wording,saggy mush,"""schlaffer Brei""",https://www.reddit.com/r/45PlusSkincare/comments/1o6x48x/body_firming/,https://www.reddit.com/r/45PlusSkincare/comments/1o6x48x/body_firming/,C039,r/45PlusSkincare,"OP | thread: OP seeks body firming for thighs/stomach/booty (collagen bounce, not muscle)",new_body_firmness,medium,Vivid body-texture term,,abdomen,
B0279,Desired outcomes,The issue is more like the collagen 'bounce' and firmness of the skin.,"Wunsch nach Kollagen-""Spannkraft"" und Festigkeit",https://www.reddit.com/r/45PlusSkincare/comments/1o6x48x/body_firming/,https://www.reddit.com/r/45PlusSkincare/comments/1o6x48x/body_firming/,C039,r/45PlusSkincare,"OP | thread: OP seeks body firming for thighs/stomach/booty (collagen bounce, not muscle)",new_body_firmness;collagen_supplement,medium,"Desired outcome is skin bounce, not muscle",,legs,
B0280,Successful attempts,"It‘s firm to the touch, smooth, even in tone, no „season change“ itchiness so far and I don‘t need a bodylotion.","Fest, glatt, ebenmäßig, kein Jucken",https://www.reddit.com/r/45PlusSkincare/comments/1o6x48x/body_firming/njlmzpd/,https://www.reddit.com/r/45PlusSkincare/comments/1o6x48x/body_firming/,C039,r/45PlusSkincare,"Reply 49F rebounding+collagen | thread: OP seeks body firming for thighs/stomach/booty (collagen bounce, not muscle)",soft_smooth_desire;collagen_supplement,medium,Tactile outcome list,49,whole_body,non_us_signal
B0281,Skepticism,while I accept that there is not enough evidence and it might be the placebo effect I believe my skin feels different,"Evidenz unklar, vielleicht Placebo, aber fühlt Unterschied",https://www.reddit.com/r/45PlusSkincare/comments/1o6x48x/body_firming/njlmzpd/,https://www.reddit.com/r/45PlusSkincare/comments/1o6x48x/body_firming/,C039,r/45PlusSkincare,"Reply | thread: OP seeks body firming for thighs/stomach/booty (collagen bounce, not muscle)",collagen_supplement,medium,Placebo-aware belief,49,whole_body,non_us_signal
B0282,Skepticism,There is no other way except plastic surgery.,Kein anderer Weg als Chirurgie,https://www.reddit.com/r/45PlusSkincare/comments/1o6x48x/body_firming/njw22tw/,https://www.reddit.com/r/45PlusSkincare/comments/1o6x48x/body_firming/,C039,r/45PlusSkincare,"Reply | thread: OP seeks body firming for thighs/stomach/booty (collagen bounce, not muscle)",only_procedures_work,medium,Topicals dismissed,,whole_body,
B0283,Successful attempts,"I wake up the next morning looking smooth n radiant. Believe me, that is not my skin's status quo.",Wacht glatt und strahlend auf,https://www.reddit.com/r/45PlusSkincare/comments/1o6x48x/body_firming/njx6r7c/,https://www.reddit.com/r/45PlusSkincare/comments/1o6x48x/body_firming/,C039,r/45PlusSkincare,"Reply | thread: OP seeks body firming for thighs/stomach/booty (collagen bounce, not muscle)",glow_desire;oil_on_damp_skin,low,"""smooth n radiant"" outcome; promo tone",,whole_body,possible_seeding
B0284,Failed attempts,"Don’t waste your money on Coolsculpting, it didn’t do anything for me.",Coolsculpting Geldverschwendung,https://www.reddit.com/r/45PlusSkincare/comments/1o6x48x/body_firming/njrncb1/,https://www.reddit.com/r/45PlusSkincare/comments/1o6x48x/body_firming/,C039,r/45PlusSkincare,"Reply | thread: OP seeks body firming for thighs/stomach/booty (collagen bounce, not muscle)",only_procedures_work,medium,Procedure failure,,abdomen,
B0285,Desired outcomes,just tighten and improve skin tone/firmness/youthfulness.,"Nur straffen, Hautton/Festigkeit/Jugendlichkeit verbessern",https://www.reddit.com/r/45PlusSkincare/comments/1o6x48x/body_firming/njro3c8/,https://www.reddit.com/r/45PlusSkincare/comments/1o6x48x/body_firming/,C039,r/45PlusSkincare,"OP | thread: OP seeks body firming for thighs/stomach/booty (collagen bounce, not muscle)",new_body_firmness,medium,Desired outcome list,,whole_body,
B0286,Purchase criteria,Sign up for their emails since they often have specials (which is nice since their products can be expensive but worth it).,"Newsletter für Rabatte, da teuer",https://www.reddit.com/r/45PlusSkincare/comments/1o6x48x/body_firming/njrohl5/,https://www.reddit.com/r/45PlusSkincare/comments/1o6x48x/body_firming/,C039,r/45PlusSkincare,"Reply | thread: OP seeks body firming for thighs/stomach/booty (collagen bounce, not muscle)",price_value,medium,Discount-seeking for premium,,whole_body,
B0287,Symptoms / visible texture descriptions,"It's getting crepey and wrinkly. The areas on my tummy, side boobs, feet.","Bauch, seitliche Brust, Füße werden crepig und faltig",https://www.reddit.com/r/30PlusSkinCare/comments/otvj5z/over_40s_gang_who_neglected_the_skin_on_your/,https://www.reddit.com/r/30PlusSkinCare/comments/otvj5z/over_40s_gang_who_neglected_the_skin_on_your/,C040,r/30PlusSkinCare,"OP | thread: OP (over 40) crepey/wrinkly tummy, side boobs, feet; asks what works; self-conscious",new_crepey_abdomen,medium,Abdomen/side-breast as crepe zones,,abdomen,
B0288,Emotional reactions,Feeling a bit self conscious about it now.,Fühlt sich etwas befangen,https://www.reddit.com/r/30PlusSkinCare/comments/otvj5z/over_40s_gang_who_neglected_the_skin_on_your/,https://www.reddit.com/r/30PlusSkinCare/comments/otvj5z/over_40s_gang_who_neglected_the_skin_on_your/,C040,r/30PlusSkinCare,"OP | thread: OP (over 40) crepey/wrinkly tummy, side boobs, feet; asks what works; self-conscious",confidence_desire,medium,Self-consciousness,,abdomen,
B0289,Purchase criteria,I've started using glycolic acid (the Ordinary as it's cheap) on my body,"Glykolsäure von The Ordinary, weil billig",https://www.reddit.com/r/30PlusSkinCare/comments/otvj5z/over_40s_gang_who_neglected_the_skin_on_your/,https://www.reddit.com/r/30PlusSkinCare/comments/otvj5z/over_40s_gang_who_neglected_the_skin_on_your/,C040,r/30PlusSkinCare,"OP | thread: OP (over 40) crepey/wrinkly tummy, side boobs, feet; asks what works; self-conscious",price_value,medium,Cheap actives for large body area,,abdomen,
B0290,Skepticism,"some of that aging shit cannot be avoided short of fillers, resurfacing treatments, and actual surgery.",Manches Altern nur mit Eingriffen vermeidbar,https://www.reddit.com/r/30PlusSkinCare/comments/otvj5z/over_40s_gang_who_neglected_the_skin_on_your/h6yk2pz/,https://www.reddit.com/r/30PlusSkinCare/comments/otvj5z/over_40s_gang_who_neglected_the_skin_on_your/,C040,r/30PlusSkinCare,"Reply over 40 | thread: OP (over 40) crepey/wrinkly tummy, side boobs, feet; asks what works; self-conscious",only_procedures_work,medium,Procedures as only real fix,,neck,
B0291,Identity / social implications,I’m starting to just be a pale jowly middle aged woman with crepey neck skin.,"Werde eine blasse, hängebackige Frau mittleren Alters",https://www.reddit.com/r/30PlusSkinCare/comments/otvj5z/over_40s_gang_who_neglected_the_skin_on_your/h6yk2pz/,https://www.reddit.com/r/30PlusSkinCare/comments/otvj5z/over_40s_gang_who_neglected_the_skin_on_your/,C040,r/30PlusSkinCare,"Reply | thread: OP (over 40) crepey/wrinkly tummy, side boobs, feet; asks what works; self-conscious",old_lady_identity;mothers_skin,medium,Genetic family destiny,,neck,
B0292,Ingredient / mechanism beliefs,"the thing that makes the biggest visible difference in my skin texture and appearance, is staying hydrated.",Trinken macht den größten sichtbaren Unterschied,https://www.reddit.com/r/30PlusSkinCare/comments/otvj5z/over_40s_gang_who_neglected_the_skin_on_your/h6yk2pz/,https://www.reddit.com/r/30PlusSkinCare/comments/otvj5z/over_40s_gang_who_neglected_the_skin_on_your/,C040,r/30PlusSkinCare,"Reply | thread: OP (over 40) crepey/wrinkly tummy, side boobs, feet; asks what works; self-conscious",new_hydration_water,medium,Drinking water belief,,hands,
B0293,Exact phrases / metaphors / repeated wording,Any less water than that and I start to shrivel up again.,Weniger Wasser – sie schrumpelt wieder,https://www.reddit.com/r/30PlusSkinCare/comments/otvj5z/over_40s_gang_who_neglected_the_skin_on_your/h6yk2pz/,https://www.reddit.com/r/30PlusSkinCare/comments/otvj5z/over_40s_gang_who_neglected_the_skin_on_your/,C040,r/30PlusSkinCare,"Reply | thread: OP (over 40) crepey/wrinkly tummy, side boobs, feet; asks what works; self-conscious",new_hydration_water,medium,"""shrivel up"" wording",,hands,
B0294,Ingredient / mechanism beliefs,I concluded that its mostly genetics,Hauptsächlich Genetik,https://www.reddit.com/r/30PlusSkinCare/comments/otvj5z/over_40s_gang_who_neglected_the_skin_on_your/h70fodc/,https://www.reddit.com/r/30PlusSkinCare/comments/otvj5z/over_40s_gang_who_neglected_the_skin_on_your/,C040,r/30PlusSkinCare,"Reply | thread: OP (over 40) crepey/wrinkly tummy, side boobs, feet; asks what works; self-conscious",acceptance_aging,low,Nursing-home observation,,unspecified,
B0295,Identity / social implications,"Now that I'm 40, of I start to get too skinny I look TERRIBLE.",Mit 40 zu dünn = schrecklich,https://www.reddit.com/r/30PlusSkinCare/comments/otvj5z/over_40s_gang_who_neglected_the_skin_on_your/h71rsrd/,https://www.reddit.com/r/30PlusSkinCare/comments/otvj5z/over_40s_gang_who_neglected_the_skin_on_your/,C040,r/30PlusSkinCare,"Reply | thread: OP (over 40) crepey/wrinkly tummy, side boobs, feet; asks what works; self-conscious",weight_loss_glp1,medium,Weight loss ages look,40,unspecified,
B0296,Product / routine preferences,I make a really cheap body oil from TO products.,Sehr günstiges DIY-Körperöl,https://www.reddit.com/r/30PlusSkinCare/comments/otvj5z/over_40s_gang_who_neglected_the_skin_on_your/h6y6d4k/,https://www.reddit.com/r/30PlusSkinCare/comments/otvj5z/over_40s_gang_who_neglected_the_skin_on_your/,C040,r/30PlusSkinCare,"Reply | thread: OP (over 40) crepey/wrinkly tummy, side boobs, feet; asks what works; self-conscious",cheap_oil_alternative,medium,DIY oil blends as cheap alternative,,whole_body,
B0297,Product / routine preferences,I apply daily to almost wet skin immediately after showering.,Täglich auf fast nasse Haut direkt nach Dusche,https://www.reddit.com/r/30PlusSkinCare/comments/otvj5z/over_40s_gang_who_neglected_the_skin_on_your/h6y6d4k/,https://www.reddit.com/r/30PlusSkinCare/comments/otvj5z/over_40s_gang_who_neglected_the_skin_on_your/,C040,r/30PlusSkinCare,"Reply | thread: OP (over 40) crepey/wrinkly tummy, side boobs, feet; asks what works; self-conscious",oil_on_damp_skin,medium,Wet-skin oil habit,,whole_body,
B0298,Objections,"I’ve tried retinol body lotions in the past, but they always seemed to irritate my skin too much",Retinol-Lotionen reizten zu sehr,https://www.reddit.com/r/30PlusSkinCare/comments/otvj5z/over_40s_gang_who_neglected_the_skin_on_your/h6yur71/,https://www.reddit.com/r/30PlusSkinCare/comments/otvj5z/over_40s_gang_who_neglected_the_skin_on_your/,C040,r/30PlusSkinCare,"Reply | thread: OP (over 40) crepey/wrinkly tummy, side boobs, feet; asks what works; self-conscious",retinol_body;fragrance_sensitivity,medium,Retinol irritation objection → oil interest,,whole_body,
B0299,Questions customers repeatedly ask,Are you sure it’s ageing and not just dry?,Altern oder nur Trockenheit?,https://www.reddit.com/r/30PlusSkinCare/comments/otvj5z/over_40s_gang_who_neglected_the_skin_on_your/h6y4752/,https://www.reddit.com/r/30PlusSkinCare/comments/otvj5z/over_40s_gang_who_neglected_the_skin_on_your/,C040,r/30PlusSkinCare,"Reply | thread: OP (over 40) crepey/wrinkly tummy, side boobs, feet; asks what works; self-conscious",oil_vs_lotion_confusion,medium,Dry vs aging confusion,,unspecified,
B0300,Ingredient / mechanism beliefs,Estrogen stimulates collagen production and oil production in the skin.,Östrogen fördert Kollagen und Talg,https://www.reddit.com/r/30PlusSkinCare/comments/otvj5z/over_40s_gang_who_neglected_the_skin_on_your/h6yojn8/,https://www.reddit.com/r/30PlusSkinCare/comments/otvj5z/over_40s_gang_who_neglected_the_skin_on_your/,C040,r/30PlusSkinCare,"Reply | thread: OP (over 40) crepey/wrinkly tummy, side boobs, feet; asks what works; self-conscious",hrt_estrogen_skin,medium,Hormone mechanism belief,,unspecified,hrt_medical_context
B0301,Exact phrases / metaphors / repeated wording,I tell my niece I have turtle skin,"""Schildkrötenhaut""",https://www.reddit.com/r/30PlusSkinCare/comments/otvj5z/over_40s_gang_who_neglected_the_skin_on_your/h6zrjj8/,https://www.reddit.com/r/30PlusSkinCare/comments/otvj5z/over_40s_gang_who_neglected_the_skin_on_your/,C040,r/30PlusSkinCare,"Reply Vegas desert | thread: OP (over 40) crepey/wrinkly tummy, side boobs, feet; asks what works; self-conscious",winter_dryness,medium,"""turtle skin"" metaphor; desert climate",,whole_body,
B0302,Exact phrases / metaphors / repeated wording,then menopause hit and crocodile skin hit,Mit Menopause kam Krokodilhaut,https://www.reddit.com/r/30PlusSkinCare/comments/otvj5z/over_40s_gang_who_neglected_the_skin_on_your/h70iw23/,https://www.reddit.com/r/30PlusSkinCare/comments/otvj5z/over_40s_gang_who_neglected_the_skin_on_your/,C040,r/30PlusSkinCare,"Reply | thread: OP (over 40) crepey/wrinkly tummy, side boobs, feet; asks what works; self-conscious",hrt_estrogen_skin,low,"""crocodile skin"" metaphor",,whole_body,non_us_signal
B0303,Product / routine preferences,I always use sweet almond oil with a couple drops of essential oil in it to moisturize right after I shower but before I towel off. My aunt taught me that,Mandelöl vor dem Abtrocknen – von Tante gelernt,https://www.reddit.com/r/30PlusSkinCare/comments/otvj5z/over_40s_gang_who_neglected_the_skin_on_your/h6yjk6p/,https://www.reddit.com/r/30PlusSkinCare/comments/otvj5z/over_40s_gang_who_neglected_the_skin_on_your/,C040,r/30PlusSkinCare,"Reply | thread: OP (over 40) crepey/wrinkly tummy, side boobs, feet; asks what works; self-conscious",oil_on_damp_skin;mothers_skin,low,Intergenerational oil ritual,30,whole_body,under_40_signal
B0304,Failed attempts,But even then I can still sometimes tend to be crepey and dry. It’s just my genetic skin type.,Trotzdem crepig und trocken – Genetik,https://www.reddit.com/r/30PlusSkinCare/comments/otvj5z/over_40s_gang_who_neglected_the_skin_on_your/h72fuk6/,https://www.reddit.com/r/30PlusSkinCare/comments/otvj5z/over_40s_gang_who_neglected_the_skin_on_your/,C040,r/30PlusSkinCare,"Reply | thread: OP (over 40) crepey/wrinkly tummy, side boobs, feet; asks what works; self-conscious",nothing_works,medium,Persistence despite routine,,unspecified,
B0305,Routine friction,How do you keep the sunscreen from getting everywhere?,"Wie verhindert man, dass Sonnencreme überall ist?",https://www.reddit.com/r/30PlusSkinCare/comments/otvj5z/over_40s_gang_who_neglected_the_skin_on_your/h6yluze/,https://www.reddit.com/r/30PlusSkinCare/comments/otvj5z/over_40s_gang_who_neglected_the_skin_on_your/,C040,r/30PlusSkinCare,"Reply | thread: OP (over 40) crepey/wrinkly tummy, side boobs, feet; asks what works; self-conscious",sunscreen_sun_damage,medium,Body sunscreen mess friction,,arms,
B0306,Situational triggers,I’m in a hot climate and I struggle with this..wear long sleeved shirts and sweat but cover arms,Heißes Klima: Langarm und schwitzen,https://www.reddit.com/r/30PlusSkinCare/comments/otvj5z/over_40s_gang_who_neglected_the_skin_on_your/h6zo6rl/,https://www.reddit.com/r/30PlusSkinCare/comments/otvj5z/over_40s_gang_who_neglected_the_skin_on_your/,C040,r/30PlusSkinCare,"Reply | thread: OP (over 40) crepey/wrinkly tummy, side boobs, feet; asks what works; self-conscious",summer_trigger;hiding_arms_sleeveless,medium,Heat vs coverage dilemma,,arms,
B0307,Successful attempts,I never dreamed I could get my dry skin areas to plump up and look young again.,"Nie gedacht, dass trockene Stellen wieder prall und jung aussehen",https://www.reddit.com/r/30PlusSkinCare/comments/otvj5z/over_40s_gang_who_neglected_the_skin_on_your/h6yfso5/,https://www.reddit.com/r/30PlusSkinCare/comments/otvj5z/over_40s_gang_who_neglected_the_skin_on_your/,C040,r/30PlusSkinCare,"Reply almost 60, CeraVe SA + rose oil | thread: OP (over 40) crepey/wrinkly tummy, side boobs, feet; asks what works; self-conscious",soft_smooth_desire,high,"""plump up and look young again"" outcome",59,unspecified,
B0308,Product / routine preferences,Cerave SA lotion with a few drops of skin oil.,CeraVe SA mit ein paar Tropfen Öl,https://www.reddit.com/r/30PlusSkinCare/comments/otvj5z/over_40s_gang_who_neglected_the_skin_on_your/h6yfso5/,https://www.reddit.com/r/30PlusSkinCare/comments/otvj5z/over_40s_gang_who_neglected_the_skin_on_your/,C040,r/30PlusSkinCare,"Reply | thread: OP (over 40) crepey/wrinkly tummy, side boobs, feet; asks what works; self-conscious",oil_vs_lotion_confusion,high,Oil drops in lotion cocktail,59,unspecified,
B0309,Emotional reactions,We are lucky to be alive and getting to experience this process of change. It’s not easy and I still have days I wish I didn’t have the lines I’ve developed,"Glücklich zu leben, aber manche Tage schwer",https://www.reddit.com/r/30PlusSkinCare/comments/otvj5z/over_40s_gang_who_neglected_the_skin_on_your/h6y15du/,https://www.reddit.com/r/30PlusSkinCare/comments/otvj5z/over_40s_gang_who_neglected_the_skin_on_your/,C040,r/30PlusSkinCare,"Reply | thread: OP (over 40) crepey/wrinkly tummy, side boobs, feet; asks what works; self-conscious",acceptance_aging,medium,Ambivalent acceptance,,unspecified,
B0310,Situational triggers,am going on holiday tomorrow which is making me even more self conscious.,Urlaub morgen verstärkt Unsicherheit,https://www.reddit.com/r/30PlusSkinCare/comments/otvj5z/over_40s_gang_who_neglected_the_skin_on_your/h6y9vpi/,https://www.reddit.com/r/30PlusSkinCare/comments/otvj5z/over_40s_gang_who_neglected_the_skin_on_your/,C040,r/30PlusSkinCare,"OP | thread: OP (over 40) crepey/wrinkly tummy, side boobs, feet; asks what works; self-conscious",summer_trigger,medium,Vacation/swimwear trigger,,abdomen,
B0311,Emotional reactions,"SUNBLOCK. Consistent sunblock trumps every thing you can do for yourself. Don't be like me, please.",Sonnenschutz über alles – sei nicht wie ich,https://www.reddit.com/r/30PlusSkinCare/comments/otvj5z/over_40s_gang_who_neglected_the_skin_on_your/h6yjq1c/,https://www.reddit.com/r/30PlusSkinCare/comments/otvj5z/over_40s_gang_who_neglected_the_skin_on_your/,C040,r/30PlusSkinCare,"Reply 50/51 | thread: OP (over 40) crepey/wrinkly tummy, side boobs, feet; asks what works; self-conscious",sunscreen_sun_damage,high,Regret-based advice,51,unspecified,
B0312,Identity / social implications,I just want to get out of the transition stage. Skip right over to being a full on old lady.,Will Übergangsphase überspringen und gleich alte Dame sein,https://www.reddit.com/r/30PlusSkinCare/comments/otvj5z/over_40s_gang_who_neglected_the_skin_on_your/h6ztvb5/,https://www.reddit.com/r/30PlusSkinCare/comments/otvj5z/over_40s_gang_who_neglected_the_skin_on_your/,C040,r/30PlusSkinCare,"Reply | thread: OP (over 40) crepey/wrinkly tummy, side boobs, feet; asks what works; self-conscious",old_lady_identity,medium,In-between identity discomfort,,unspecified,
B0313,Tactile descriptions,It felt so luxurious!,Fühlte sich so luxuriös an,https://www.reddit.com/r/30PlusSkinCare/comments/otvj5z/over_40s_gang_who_neglected_the_skin_on_your/h6ygywk/,https://www.reddit.com/r/30PlusSkinCare/comments/otvj5z/over_40s_gang_who_neglected_the_skin_on_your/,C040,r/30PlusSkinCare,"Reply pregnancy memory | thread: OP (over 40) crepey/wrinkly tummy, side boobs, feet; asks what works; self-conscious",self_care_ritual,low,Luxury feel of oils,,abdomen,
B0314,Identity / social implications,"when I was a kid I would watch my mom scrub her body with a big rock … Here I am 40 years later following her example. I get it now, mom.",Macht es jetzt wie Mutter – versteht sie jetzt,https://www.reddit.com/r/30PlusSkinCare/comments/otvj5z/over_40s_gang_who_neglected_the_skin_on_your/h70172t/,https://www.reddit.com/r/30PlusSkinCare/comments/otvj5z/over_40s_gang_who_neglected_the_skin_on_your/,C040,r/30PlusSkinCare,"Reply | thread: OP (over 40) crepey/wrinkly tummy, side boobs, feet; asks what works; self-conscious",mothers_skin,medium,Becoming one's mother in routines,,whole_body,
B0315,Purchase criteria,"I like it a lot, it smells like old school Dewberry oil from the body shop. And its not super greasy.","Riecht nostalgisch, nicht zu fettig",https://www.reddit.com/r/30PlusSkinCare/comments/otvj5z/over_40s_gang_who_neglected_the_skin_on_your/h70ebn3/,https://www.reddit.com/r/30PlusSkinCare/comments/otvj5z/over_40s_gang_who_neglected_the_skin_on_your/,C040,r/30PlusSkinCare,"Reply | thread: OP (over 40) crepey/wrinkly tummy, side boobs, feet; asks what works; self-conscious",scent_love;oil_greasy_staining,medium,Nostalgic scent + non-greasy,,whole_body,
B0316,Time-to-result expectations,"I’m not seeing immediate differences, but it will be effective for long-term care.","Keine sofortigen Unterschiede, aber langfristig wirksam",https://www.reddit.com/r/30PlusSkinCare/comments/otvj5z/over_40s_gang_who_neglected_the_skin_on_your/h718xki/,https://www.reddit.com/r/30PlusSkinCare/comments/otvj5z/over_40s_gang_who_neglected_the_skin_on_your/,C040,r/30PlusSkinCare,"Reply | thread: OP (over 40) crepey/wrinkly tummy, side boobs, feet; asks what works; self-conscious",time_to_result,medium,Long-term expectation for oil,,whole_body,
B0317,Emotional reactions,There is definitely hope for us over 40's ladies.,Es gibt Hoffnung für über 40-Jährige,https://www.reddit.com/r/30PlusSkinCare/comments/otvj5z/over_40s_gang_who_neglected_the_skin_on_your/h70ge5c/,https://www.reddit.com/r/30PlusSkinCare/comments/otvj5z/over_40s_gang_who_neglected_the_skin_on_your/,C040,r/30PlusSkinCare,"Reply | thread: OP (over 40) crepey/wrinkly tummy, side boobs, feet; asks what works; self-conscious",confidence_desire,low,Hopeful framing; YouTuber self-promo,,unspecified,possible_seeding
B0318,Product / routine preferences,"I use a very strong exfoliating scrubby on my body, then drench myself in coconut oil after.","Starkes Peeling, dann in Kokosöl baden",https://www.reddit.com/r/30PlusSkinCare/comments/otvj5z/over_40s_gang_who_neglected_the_skin_on_your/h6z2q5a/,https://www.reddit.com/r/30PlusSkinCare/comments/otvj5z/over_40s_gang_who_neglected_the_skin_on_your/,C040,r/30PlusSkinCare,"Reply | thread: OP (over 40) crepey/wrinkly tummy, side boobs, feet; asks what works; self-conscious",exfoliation_dry_brush;cheap_oil_alternative,medium,Exfoliate then oil,,whole_body,
B0319,Identity / social implications,When I'm feeling really not great about my lower half I use a self tanner.,"Selbstbräuner, wenn unzufrieden mit Unterkörper",https://www.reddit.com/r/30PlusSkinCare/comments/otvj5z/over_40s_gang_who_neglected_the_skin_on_your/h6z2q5a/,https://www.reddit.com/r/30PlusSkinCare/comments/otvj5z/over_40s_gang_who_neglected_the_skin_on_your/,C040,r/30PlusSkinCare,"Reply | thread: OP (over 40) crepey/wrinkly tummy, side boobs, feet; asks what works; self-conscious",new_self_tanner_camouflage,medium,Self-tanner as camouflage,,legs,
B0320,Ingredient / mechanism beliefs,In my mind I’ll be moisturizing and taking care of my body wrinkles at the same time,Gleichzeitig pflegen und Falten behandeln,https://www.reddit.com/r/30PlusSkinCare/comments/otvj5z/over_40s_gang_who_neglected_the_skin_on_your/h6zsy3z/,https://www.reddit.com/r/30PlusSkinCare/comments/otvj5z/over_40s_gang_who_neglected_the_skin_on_your/,C040,r/30PlusSkinCare,"Reply | thread: OP (over 40) crepey/wrinkly tummy, side boobs, feet; asks what works; self-conscious",routine_fatigue,medium,Desire for 2-in-1 simplicity,,whole_body,
B0321,Ingredient / mechanism beliefs,"Biggest lesson I learned is just because we had oily skin in our youth or even now, that we still need to continuously moisturize our skin.",Auch ölige Haut braucht ständige Pflege,https://www.reddit.com/r/30PlusSkinCare/comments/otvj5z/over_40s_gang_who_neglected_the_skin_on_your/h7015zs/,https://www.reddit.com/r/30PlusSkinCare/comments/otvj5z/over_40s_gang_who_neglected_the_skin_on_your/,C040,r/30PlusSkinCare,"Reply | thread: OP (over 40) crepey/wrinkly tummy, side boobs, feet; asks what works; self-conscious",consistency_effort,medium,Continuous moisturizing belief,,whole_body,
B0322,Emotional reactions,my stomach has a 6 pack but the skin is starting to loosen and crinkle. It’s freaking me out.,Trotz Sixpack wird Bauchhaut locker und knittrig – macht Angst,https://www.reddit.com/r/30PlusSkinCare/comments/otvj5z/over_40s_gang_who_neglected_the_skin_on_your/h71kufq/,https://www.reddit.com/r/30PlusSkinCare/comments/otvj5z/over_40s_gang_who_neglected_the_skin_on_your/,C040,r/30PlusSkinCare,"Reply | thread: OP (over 40) crepey/wrinkly tummy, side boobs, feet; asks what works; self-conscious",new_crepey_abdomen,medium,Fear even when fit,,abdomen,
B0323,Skepticism,let’s hope to god some magic serum is invented (or introduced at an affordable cost to mass markets). I suppose we’re told to embrace it because there’s nothing we can do.,Hoffen auf bezahlbares Wunderserum; sonst nichts zu machen,https://www.reddit.com/r/30PlusSkinCare/comments/otvj5z/over_40s_gang_who_neglected_the_skin_on_your/h71kufq/,https://www.reddit.com/r/30PlusSkinCare/comments/otvj5z/over_40s_gang_who_neglected_the_skin_on_your/,C040,r/30PlusSkinCare,"Reply | thread: OP (over 40) crepey/wrinkly tummy, side boobs, feet; asks what works; self-conscious",nothing_works;price_value,medium,Wish for affordable magic serum,,abdomen,
B0324,Symptoms / visible texture descriptions,when my skin gets very dehydrated it looks like crepe paper for a bit and an extra bit of body lotion sorts it out.,"Dehydriert wie Krepppapier, Lotion behebt es",https://www.reddit.com/r/30PlusSkinCare/comments/otvj5z/over_40s_gang_who_neglected_the_skin_on_your/h71t4iv/,https://www.reddit.com/r/30PlusSkinCare/comments/otvj5z/over_40s_gang_who_neglected_the_skin_on_your/,C040,r/30PlusSkinCare,"Reply | thread: OP (over 40) crepey/wrinkly tummy, side boobs, feet; asks what works; self-conscious",lotion_temporary,medium,Crepe-paper look as dehydration,,unspecified,
B0325,Successful attempts,"Your skin will be plump and glowy for hours. Temporary but a great fix for events, outings and sexy dress times.","Stundenlang prall und glowy – temporär, gut für Events",https://www.reddit.com/r/30PlusSkinCare/comments/otvj5z/over_40s_gang_who_neglected_the_skin_on_your/h6yi6b0/,https://www.reddit.com/r/30PlusSkinCare/comments/otvj5z/over_40s_gang_who_neglected_the_skin_on_your/,C040,r/30PlusSkinCare,"Reply | thread: OP (over 40) crepey/wrinkly tummy, side boobs, feet; asks what works; self-conscious",glow_desire;lotion_temporary,medium,Event-based temporary glow use case,,whole_body,
B0326,Product / routine preferences,"After you are completely dry, drop a few drops of your fav skin oil in your palms. Rub your hands together to get it warm and pat on your skin.",Öl in Handflächen wärmen und auftupfen,https://www.reddit.com/r/30PlusSkinCare/comments/otvj5z/over_40s_gang_who_neglected_the_skin_on_your/h6yi6b0/,https://www.reddit.com/r/30PlusSkinCare/comments/otvj5z/over_40s_gang_who_neglected_the_skin_on_your/,C040,r/30PlusSkinCare,"Reply | thread: OP (over 40) crepey/wrinkly tummy, side boobs, feet; asks what works; self-conscious",question_order_of_application,medium,Oil as final layer technique,,whole_body,
B0327,Successful attempts,"Exfoliate, clean off the yuck it leaves and always always moisturize. I’m 50 and just figured this out. It makes a difference day to day when you do this",Mit 50 gelernt: peelen und immer eincremen,https://www.reddit.com/r/30PlusSkinCare/comments/1220dq7/how_to_get_rid_of_crepey_skin_on_hands/jdoa4gu/,https://www.reddit.com/r/30PlusSkinCare/comments/1220dq7/how_to_get_rid_of_crepey_skin_on_hands/,C041,r/30PlusSkinCare,"Reply poster 50 | thread: OP (44, Texas, image post) asks how to get rid of crepey skin on hands",exfoliation_dry_brush;consistency_effort,high,Exfoliate + moisturize as day-to-day visible difference,50,hands,
B0328,Tactile descriptions,Coconut oil and brown sugar is divine.,Kokosöl + brauner Zucker göttlich,https://www.reddit.com/r/30PlusSkinCare/comments/1220dq7/how_to_get_rid_of_crepey_skin_on_hands/jdp0ghu/,https://www.reddit.com/r/30PlusSkinCare/comments/1220dq7/how_to_get_rid_of_crepey_skin_on_hands/,C041,r/30PlusSkinCare,"Reply | thread: OP (44, Texas, image post) asks how to get rid of crepey skin on hands",cheap_oil_alternative,medium,Kitchen DIY scrubs,,hands,
B0329,Purchase criteria,"Finally, ingredients I already have!","Endlich Zutaten, die man schon hat",https://www.reddit.com/r/30PlusSkinCare/comments/1220dq7/how_to_get_rid_of_crepey_skin_on_hands/jdrp4n3/,https://www.reddit.com/r/30PlusSkinCare/comments/1220dq7/how_to_get_rid_of_crepey_skin_on_hands/,C041,r/30PlusSkinCare,"Reply | thread: OP (44, Texas, image post) asks how to get rid of crepey skin on hands",cheap_oil_alternative;price_value,medium,Appeal of pantry ingredients,,hands,
B0330,Tactile descriptions,The guys tease me for using the dirty mechanic's sink but my hands are so soft!,Hände so weich,https://www.reddit.com/r/30PlusSkinCare/comments/1220dq7/how_to_get_rid_of_crepey_skin_on_hands/jdqsiqw/,https://www.reddit.com/r/30PlusSkinCare/comments/1220dq7/how_to_get_rid_of_crepey_skin_on_hands/,C041,r/30PlusSkinCare,"Reply | thread: OP (44, Texas, image post) asks how to get rid of crepey skin on hands",soft_smooth_desire,medium,Softness as reward,,hands,
B0331,Purchase criteria,"Now I'm in the US, and they're so expensive",In den USA so teuer,https://www.reddit.com/r/30PlusSkinCare/comments/1220dq7/how_to_get_rid_of_crepey_skin_on_hands/jdpge8y/,https://www.reddit.com/r/30PlusSkinCare/comments/1220dq7/how_to_get_rid_of_crepey_skin_on_hands/,C041,r/30PlusSkinCare,"Reply | thread: OP (44, Texas, image post) asks how to get rid of crepey skin on hands",price_value,low,Price barrier for premium brand,,hands,
B0332,Successful attempts,"putting lotion on my hands at night, then a layer of vasoline on top, and then put on gloves to keep it all in while i sleep has made a huge difference in the appearance of my hands.","Nachts Lotion, Vaseline, Handschuhe – großer Unterschied",https://www.reddit.com/r/30PlusSkinCare/comments/1220dq7/how_to_get_rid_of_crepey_skin_on_hands/jdocx2f/,https://www.reddit.com/r/30PlusSkinCare/comments/1220dq7/how_to_get_rid_of_crepey_skin_on_hands/,C041,r/30PlusSkinCare,"Reply | thread: OP (44, Texas, image post) asks how to get rid of crepey skin on hands",crepey_hands;oil_seals_not_hydrates,medium,Overnight occlusion ritual,,hands,
B0333,Time-to-result expectations,"but you have to keep it up, it’s not like a magical cure that you only do a few times","Muss dranbleiben, kein Wundermittel",https://www.reddit.com/r/30PlusSkinCare/comments/1220dq7/how_to_get_rid_of_crepey_skin_on_hands/jdocx2f/,https://www.reddit.com/r/30PlusSkinCare/comments/1220dq7/how_to_get_rid_of_crepey_skin_on_hands/,C041,r/30PlusSkinCare,"Reply | thread: OP (44, Texas, image post) asks how to get rid of crepey skin on hands",consistency_effort;time_to_result,medium,Consistency expectation,,hands,
B0334,Routine friction,"stopped doing it because the gloves got really heavy with lotion and gross, but don’t want to throw into the wash with my clothes due to being too oily","Aufgehört – Handschuhe eklig fettig, nicht mit Wäsche waschbar",https://www.reddit.com/r/30PlusSkinCare/comments/1220dq7/how_to_get_rid_of_crepey_skin_on_hands/jdorb2o/,https://www.reddit.com/r/30PlusSkinCare/comments/1220dq7/how_to_get_rid_of_crepey_skin_on_hands/,C041,r/30PlusSkinCare,"Reply | thread: OP (44, Texas, image post) asks how to get rid of crepey skin on hands",oil_greasy_staining;routine_fatigue,medium,Greasy residue logistics cause dropout,,hands,
B0335,Identity / social implications,I'm a lifer with old man hands ... I just use my damn hands too much to keep lotion on them,"Schon immer ""Altmännerhände"", Lotion hält nicht",https://www.reddit.com/r/30PlusSkinCare/comments/1220dq7/how_to_get_rid_of_crepey_skin_on_hands/jdoul2w/,https://www.reddit.com/r/30PlusSkinCare/comments/1220dq7/how_to_get_rid_of_crepey_skin_on_hands/,C041,r/30PlusSkinCare,"Reply | thread: OP (44, Texas, image post) asks how to get rid of crepey skin on hands",lotion_temporary;old_lady_identity,low,Lotion wears off with use,,hands,
B0336,Failed attempts,Weeks of moisturizer and vaseline on them at night have only helped extreme dryness.,Wochenlang Creme/Vaseline half nur gegen extreme Trockenheit,https://www.reddit.com/r/30PlusSkinCare/comments/1220dq7/how_to_get_rid_of_crepey_skin_on_hands/jdonhs0/,https://www.reddit.com/r/30PlusSkinCare/comments/1220dq7/how_to_get_rid_of_crepey_skin_on_hands/,C041,r/30PlusSkinCare,"Reply | thread: OP (44, Texas, image post) asks how to get rid of crepey skin on hands",lotion_temporary,low,Moisture fixes dryness not crepe,,hands,under_40_signal
B0337,Situational triggers,I blame years of sanitizer from washing glasses as a bartender and Midwestern winters.,Desinfektionsmittel und Winter im Mittleren Westen,https://www.reddit.com/r/30PlusSkinCare/comments/1220dq7/how_to_get_rid_of_crepey_skin_on_hands/jdonhs0/,https://www.reddit.com/r/30PlusSkinCare/comments/1220dq7/how_to_get_rid_of_crepey_skin_on_hands/,C041,r/30PlusSkinCare,"Reply | thread: OP (44, Texas, image post) asks how to get rid of crepey skin on hands",winter_dryness,low,Winter/handwashing trigger,,hands,under_40_signal
B0338,Identity / social implications,But turns out this isn’t fairly normal and I really do have old lady hands?,"Hat tatsächlich ""Alte-Dame-Hände""?",https://www.reddit.com/r/30PlusSkinCare/comments/1220dq7/how_to_get_rid_of_crepey_skin_on_hands/jdpmkbm/,https://www.reddit.com/r/30PlusSkinCare/comments/1220dq7/how_to_get_rid_of_crepey_skin_on_hands/,C041,r/30PlusSkinCare,"Reply | thread: OP (44, Texas, image post) asks how to get rid of crepey skin on hands",old_lady_identity;crepey_hands,low,Identity label realization,,hands,
B0339,Identity / social implications,I've had old lady hands for as long as I can remember too. I remember getting teased for it in elementary school,"Schon immer Alte-Dame-Hände, in der Schule gehänselt",https://www.reddit.com/r/30PlusSkinCare/comments/1220dq7/how_to_get_rid_of_crepey_skin_on_hands/jdpn3ze/,https://www.reddit.com/r/30PlusSkinCare/comments/1220dq7/how_to_get_rid_of_crepey_skin_on_hands/,C041,r/30PlusSkinCare,"Reply | thread: OP (44, Texas, image post) asks how to get rid of crepey skin on hands",old_lady_identity,low,Social teasing,,hands,under_40_signal
B0340,Product / routine preferences,"Whatever you're doing on your face, do to your hands.","Was fürs Gesicht, auch für die Hände",https://www.reddit.com/r/30PlusSkinCare/comments/1220dq7/how_to_get_rid_of_crepey_skin_on_hands/jdops54/,https://www.reddit.com/r/30PlusSkinCare/comments/1220dq7/how_to_get_rid_of_crepey_skin_on_hands/,C041,r/30PlusSkinCare,"Reply | thread: OP (44, Texas, image post) asks how to get rid of crepey skin on hands",new_face_product_transfer,medium,Face routine extension rule,,hands,
B0341,Questions customers repeatedly ask,Silly question but does it smell like roses?,Riecht es nach Rosen?,https://www.reddit.com/r/30PlusSkinCare/comments/1220dq7/how_to_get_rid_of_crepey_skin_on_hands/jdoxe5c/,https://www.reddit.com/r/30PlusSkinCare/comments/1220dq7/how_to_get_rid_of_crepey_skin_on_hands/,C041,r/30PlusSkinCare,"Reply | thread: OP (44, Texas, image post) asks how to get rid of crepey skin on hands",fragrance_sensitivity,medium,Scent question for oils,,hands,
B0342,Tactile descriptions,It has a very slight roselike scent but it’s mostly unnoticeable.,"Sehr leichter Rosenduft, kaum wahrnehmbar",https://www.reddit.com/r/30PlusSkinCare/comments/1220dq7/how_to_get_rid_of_crepey_skin_on_hands/jdoy57d/,https://www.reddit.com/r/30PlusSkinCare/comments/1220dq7/how_to_get_rid_of_crepey_skin_on_hands/,C041,r/30PlusSkinCare,"Reply | thread: OP (44, Texas, image post) asks how to get rid of crepey skin on hands",scent_love,medium,Barely-noticeable scent,,hands,
B0343,Questions customers repeatedly ask,And was it worth the hype?,War es den Hype wert?,https://www.reddit.com/r/30PlusSkinCare/comments/1220dq7/how_to_get_rid_of_crepey_skin_on_hands/jdpprby/,https://www.reddit.com/r/30PlusSkinCare/comments/1220dq7/how_to_get_rid_of_crepey_skin_on_hands/,C041,r/30PlusSkinCare,"Reply | thread: OP (44, Texas, image post) asks how to get rid of crepey skin on hands",marketing_distrust;question_what_works,medium,Hype check question,,hands,
B0344,Successful attempts,Ive been using it for about a yr on my hands and neck. I have ZERO crepeiness now,Ein Jahr Gold Bond an Händen/Hals – null Crepe,https://www.reddit.com/r/30PlusSkinCare/comments/1220dq7/how_to_get_rid_of_crepey_skin_on_hands/jdowin6/,https://www.reddit.com/r/30PlusSkinCare/comments/1220dq7/how_to_get_rid_of_crepey_skin_on_hands/,C041,r/30PlusSkinCare,"Reply | thread: OP (44, Texas, image post) asks how to get rid of crepey skin on hands",gold_bond_crepe;time_to_result,medium,1-year timeline success,,hands,
B0345,Time-to-result expectations,I’ve seen significant results in just a few months.,Deutliche Ergebnisse in wenigen Monaten,https://www.reddit.com/r/30PlusSkinCare/comments/1220dq7/how_to_get_rid_of_crepey_skin_on_hands/jdooq8o/,https://www.reddit.com/r/30PlusSkinCare/comments/1220dq7/how_to_get_rid_of_crepey_skin_on_hands/,C041,r/30PlusSkinCare,"Reply | thread: OP (44, Texas, image post) asks how to get rid of crepey skin on hands",time_to_result;retinol_body,medium,Few-months timeline,,hands,
B0346,Product / routine preferences,I wear them sometimes around the house to lock in hydration.,"Handschuhe zu Hause, um Feuchtigkeit einzuschließen",https://www.reddit.com/r/30PlusSkinCare/comments/1220dq7/how_to_get_rid_of_crepey_skin_on_hands/jdoqd50/,https://www.reddit.com/r/30PlusSkinCare/comments/1220dq7/how_to_get_rid_of_crepey_skin_on_hands/,C041,r/30PlusSkinCare,"Reply | thread: OP (44, Texas, image post) asks how to get rid of crepey skin on hands",oil_seals_not_hydrates,medium,"""lock in hydration""",,hands,
B0347,Ingredient / mechanism beliefs,It has ceramides and acts like an occlusive to keep the moisture in your skin to repair the skin barrier.,"Okklusiv, hält Feuchtigkeit, repariert Barriere",https://www.reddit.com/r/30PlusSkinCare/comments/1220dq7/how_to_get_rid_of_crepey_skin_on_hands/jdpatn3/,https://www.reddit.com/r/30PlusSkinCare/comments/1220dq7/how_to_get_rid_of_crepey_skin_on_hands/,C041,r/30PlusSkinCare,"Reply | thread: OP (44, Texas, image post) asks how to get rid of crepey skin on hands",oil_seals_not_hydrates,medium,Occlusive/barrier literacy,,hands,
B0348,Objections,I found the oil a little too greasy to use during the day.,Öl tagsüber zu fettig,https://www.reddit.com/r/30PlusSkinCare/comments/1220dq7/how_to_get_rid_of_crepey_skin_on_hands/jdomm8m/,https://www.reddit.com/r/30PlusSkinCare/comments/1220dq7/how_to_get_rid_of_crepey_skin_on_hands/,C041,r/30PlusSkinCare,"Reply | thread: OP (44, Texas, image post) asks how to get rid of crepey skin on hands",oil_greasy_staining,medium,Oil greasy → night-only,,hands,
B0349,Product / routine preferences,"Right before bed, I put some hand lotion in one hand then add a few drops of the oil and rub everything in before putting on gloves.","Abends Lotion + Öltropfen, dann Handschuhe",https://www.reddit.com/r/30PlusSkinCare/comments/1220dq7/how_to_get_rid_of_crepey_skin_on_hands/jdomm8m/,https://www.reddit.com/r/30PlusSkinCare/comments/1220dq7/how_to_get_rid_of_crepey_skin_on_hands/,C041,r/30PlusSkinCare,"Reply | thread: OP (44, Texas, image post) asks how to get rid of crepey skin on hands",question_order_of_application,medium,Oil mixed into lotion at night,,hands,
B0350,Failed attempts,I have very dry hands and I've tried countless creams and lotions.,Unzählige Cremes probiert,https://www.reddit.com/r/30PlusSkinCare/comments/1220dq7/how_to_get_rid_of_crepey_skin_on_hands/jdoqo9b/,https://www.reddit.com/r/30PlusSkinCare/comments/1220dq7/how_to_get_rid_of_crepey_skin_on_hands/,C041,r/30PlusSkinCare,"Reply | thread: OP (44, Texas, image post) asks how to get rid of crepey skin on hands",nothing_works,medium,Countless failures,,hands,
B0351,Successful attempts,My hands stayed moisturized for most of the day even after a few handwashings.,Vaseline hielt fast den ganzen Tag,https://www.reddit.com/r/30PlusSkinCare/comments/1220dq7/how_to_get_rid_of_crepey_skin_on_hands/jdoqo9b/,https://www.reddit.com/r/30PlusSkinCare/comments/1220dq7/how_to_get_rid_of_crepey_skin_on_hands/,C041,r/30PlusSkinCare,"Reply | thread: OP (44, Texas, image post) asks how to get rid of crepey skin on hands",oil_seals_not_hydrates,medium,Longevity as benefit,,hands,
B0352,Time-to-result expectations,Makes this weird crepey skin go away almost instantly!,Lässt Crepe-Haut fast sofort verschwinden,https://www.reddit.com/r/30PlusSkinCare/comments/1220dq7/how_to_get_rid_of_crepey_skin_on_hands/jdow7r3/,https://www.reddit.com/r/30PlusSkinCare/comments/1220dq7/how_to_get_rid_of_crepey_skin_on_hands/,C041,r/30PlusSkinCare,"Reply | thread: OP (44, Texas, image post) asks how to get rid of crepey skin on hands",time_to_result,medium,Instant cosmetic effect,,hands,
B0353,Exact phrases / metaphors / repeated wording,I feel like there are beauty secrets which are not really secret.,"Schönheitsgeheimnisse, die keine sind",https://www.reddit.com/r/30PlusSkinCare/comments/1220dq7/how_to_get_rid_of_crepey_skin_on_hands/jdoyqxv/,https://www.reddit.com/r/30PlusSkinCare/comments/1220dq7/how_to_get_rid_of_crepey_skin_on_hands/,C041,r/30PlusSkinCare,"Reply | thread: OP (44, Texas, image post) asks how to get rid of crepey skin on hands",urea;peer_proof,medium,"Peer-revealed ""secrets""",,hands,
B0354,Successful attempts,In my experience scrubs help but they are nothing like a urea lotion.,"Peelings helfen, aber nichts gegen Urea",https://www.reddit.com/r/30PlusSkinCare/comments/1220dq7/how_to_get_rid_of_crepey_skin_on_hands/jdoyqxv/,https://www.reddit.com/r/30PlusSkinCare/comments/1220dq7/how_to_get_rid_of_crepey_skin_on_hands/,C041,r/30PlusSkinCare,"Reply | thread: OP (44, Texas, image post) asks how to get rid of crepey skin on hands",urea,medium,Urea > scrubs,,hands,
B0355,Failed attempts,Literally no amount of any normal lotions work on my dry skin and I couldn’t figure out why.,Normale Lotionen wirken nicht,https://www.reddit.com/r/30PlusSkinCare/comments/1220dq7/how_to_get_rid_of_crepey_skin_on_hands/jdp8o5a/,https://www.reddit.com/r/30PlusSkinCare/comments/1220dq7/how_to_get_rid_of_crepey_skin_on_hands/,C041,r/30PlusSkinCare,"Reply | thread: OP (44, Texas, image post) asks how to get rid of crepey skin on hands",nothing_works;amlactin_lactic,low,Ichthyosis-related; lactic acid only fix,33,whole_body,under_40_signal;hrt_medical_context
B0356,Symptoms / visible texture descriptions,even with reapplying moisturizer constantly (including Vaseline over moisturizer at night) they are still ~moist yet crepey~~.,"Trotz ständigem Eincremen ""feucht, aber crepig""",https://www.reddit.com/r/30PlusSkinCare/comments/1220dq7/how_to_get_rid_of_crepey_skin_on_hands/jdox59a/,https://www.reddit.com/r/30PlusSkinCare/comments/1220dq7/how_to_get_rid_of_crepey_skin_on_hands/,C041,r/30PlusSkinCare,"Reply poster 57 | thread: OP (44, Texas, image post) asks how to get rid of crepey skin on hands",crepey_hands;lotion_temporary,high,Moist ≠ non-crepey distinction,57,hands,
B0357,Ingredient / mechanism beliefs,Some of it is just pure genetics.,Teilweise reine Genetik,https://www.reddit.com/r/30PlusSkinCare/comments/1220dq7/how_to_get_rid_of_crepey_skin_on_hands/jdox59a/,https://www.reddit.com/r/30PlusSkinCare/comments/1220dq7/how_to_get_rid_of_crepey_skin_on_hands/,C041,r/30PlusSkinCare,"Reply | thread: OP (44, Texas, image post) asks how to get rid of crepey skin on hands",acceptance_aging,high,Genetics belief,57,hands,
B0358,Situational triggers,I'm 44 and not even in menopause yet. This started just three months ago.,"Mit 44, vor Menopause, seit 3 Monaten",https://www.reddit.com/r/30PlusSkinCare/comments/1220dq7/how_to_get_rid_of_crepey_skin_on_hands/jdo72o9/,https://www.reddit.com/r/30PlusSkinCare/comments/1220dq7/how_to_get_rid_of_crepey_skin_on_hands/,C041,r/30PlusSkinCare,"OP 44 | thread: OP (44, Texas, image post) asks how to get rid of crepey skin on hands",sudden_onset;crepey_hands,high,Recent sudden onset pre-menopause,44,hands,
B0359,Questions customers repeatedly ask,Is there something else topical I could try before I look into more invasive treatments?,Gibt es noch etwas Topisches vor invasiven Behandlungen?,https://www.reddit.com/r/30PlusSkinCare/comments/1220dq7/how_to_get_rid_of_crepey_skin_on_hands/jdo72o9/,https://www.reddit.com/r/30PlusSkinCare/comments/1220dq7/how_to_get_rid_of_crepey_skin_on_hands/,C041,r/30PlusSkinCare,"OP 44 | thread: OP (44, Texas, image post) asks how to get rid of crepey skin on hands",question_what_works;only_procedures_work,high,Topical-before-procedure question,44,hands,
B0360,Failed attempts,"It was very moisturizing, but it didn't deal with the texture.","Sehr feuchtigkeitsspendend, aber Textur blieb",https://www.reddit.com/r/30PlusSkinCare/comments/1220dq7/how_to_get_rid_of_crepey_skin_on_hands/jdoi4ye/,https://www.reddit.com/r/30PlusSkinCare/comments/1220dq7/how_to_get_rid_of_crepey_skin_on_hands/,C041,r/30PlusSkinCare,"OP 44 | thread: OP (44, Texas, image post) asks how to get rid of crepey skin on hands",gold_bond_crepe;lotion_temporary,high,Moisture vs texture gap,44,hands,
B0361,Questions customers repeatedly ask,Real question: does anyone actually have soft hands during the winter?,Hat irgendwer im Winter weiche Hände?,https://www.reddit.com/r/30PlusSkinCare/comments/1220dq7/how_to_get_rid_of_crepey_skin_on_hands/jdowmah/,https://www.reddit.com/r/30PlusSkinCare/comments/1220dq7/how_to_get_rid_of_crepey_skin_on_hands/,C041,r/30PlusSkinCare,"Reply | thread: OP (44, Texas, image post) asks how to get rid of crepey skin on hands",winter_dryness;soft_smooth_desire,medium,Winter softness question,,hands,
B0362,Questions customers repeatedly ask,Or what do you do to your overall skin apart from using a moisturizer? I moisturize but I’d like to know how I could step up my body care regimen!,Was außer Feuchtigkeitscreme? Wie Körperpflege steigern?,https://www.reddit.com/r/30PlusSkinCare/comments/1buobyb/what_are_we_doing_for_body_antiaging/,https://www.reddit.com/r/30PlusSkinCare/comments/1buobyb/what_are_we_doing_for_body_antiaging/,C042,r/30PlusSkinCare,"OP | thread: OP (r/30PlusSkinCare, age not stated) asks how to step up body anti-aging beyond moisturizer",question_what_works,medium,"""Step up"" desire beyond basic moisturizer",,whole_body,
B0363,Successful attempts,I recently started using a body oil after the shower and WOW. It's amazing.,Körperöl nach dem Duschen – WOW,https://www.reddit.com/r/30PlusSkinCare/comments/1buobyb/what_are_we_doing_for_body_antiaging/kxu91e1/,https://www.reddit.com/r/30PlusSkinCare/comments/1buobyb/what_are_we_doing_for_body_antiaging/,C042,r/30PlusSkinCare,"Reply poster 38 | thread: OP (r/30PlusSkinCare, age not stated) asks how to step up body anti-aging beyond moisturizer",oil_on_damp_skin,low,First-person oil delight,38,whole_body,under_40_signal
B0364,Identity / social implications,never in my life have I felt truly hot or sexy until now.,Fühlt sich erstmals heiß und sexy,https://www.reddit.com/r/30PlusSkinCare/comments/1buobyb/what_are_we_doing_for_body_antiaging/kxub9p4/,https://www.reddit.com/r/30PlusSkinCare/comments/1buobyb/what_are_we_doing_for_body_antiaging/,C042,r/30PlusSkinCare,"Reply | thread: OP (r/30PlusSkinCare, age not stated) asks how to step up body anti-aging beyond moisturizer",confidence_desire,low,Body confidence via fitness,38,whole_body,under_40_signal
B0365,Questions customers repeatedly ask,Which body oil are you using??,Welches Körperöl?,https://www.reddit.com/r/30PlusSkinCare/comments/1buobyb/what_are_we_doing_for_body_antiaging/kxucd0z/,https://www.reddit.com/r/30PlusSkinCare/comments/1buobyb/what_are_we_doing_for_body_antiaging/,C042,r/30PlusSkinCare,"Reply | thread: OP (r/30PlusSkinCare, age not stated) asks how to step up body anti-aging beyond moisturizer",question_what_works,medium,Brand question follows oil praise,,whole_body,
B0366,Failed attempts,starting with the Neutrogena sesame formula which I was not thrilled with.,Neutrogena Sesamöl enttäuschend,https://www.reddit.com/r/30PlusSkinCare/comments/1buobyb/what_are_we_doing_for_body_antiaging/kxut0tg/,https://www.reddit.com/r/30PlusSkinCare/comments/1buobyb/what_are_we_doing_for_body_antiaging/,C042,r/30PlusSkinCare,"Reply | thread: OP (r/30PlusSkinCare, age not stated) asks how to step up body anti-aging beyond moisturizer",nothing_works,low,Mass oil disappointment,38,whole_body,under_40_signal
B0367,Routine friction,I’m still figuring out the proper amount to use on how wet of skin lol,Richtige Menge auf wie nasser Haut noch unklar,https://www.reddit.com/r/30PlusSkinCare/comments/1buobyb/what_are_we_doing_for_body_antiaging/kxut0tg/,https://www.reddit.com/r/30PlusSkinCare/comments/1buobyb/what_are_we_doing_for_body_antiaging/,C042,r/30PlusSkinCare,"Reply | thread: OP (r/30PlusSkinCare, age not stated) asks how to step up body anti-aging beyond moisturizer",oil_on_damp_skin;question_order_of_application,low,Dosage/wetness uncertainty with oil,38,whole_body,under_40_signal
B0368,Product / routine preferences,"Basically the nights I put retinol on my face, I also put it on my body and the same goes for the nights I put an AHA on my face I put an AHA on my body.",Gesichtsroutine nachts auf Körper gespiegelt,https://www.reddit.com/r/30PlusSkinCare/comments/1buobyb/what_are_we_doing_for_body_antiaging/kxtxnk4/,https://www.reddit.com/r/30PlusSkinCare/comments/1buobyb/what_are_we_doing_for_body_antiaging/,C042,r/30PlusSkinCare,"Reply | thread: OP (r/30PlusSkinCare, age not stated) asks how to step up body anti-aging beyond moisturizer",new_face_product_transfer;retinol_body,medium,Face-mirroring logic,,whole_body,
B0369,Routine friction,Do you sunscreen your whole body everyday before you go out? That is the only thing that would keep me from doing this.,Täglich Ganzkörper-Sonnenschutz wäre Hürde,https://www.reddit.com/r/30PlusSkinCare/comments/1buobyb/what_are_we_doing_for_body_antiaging/kxwpoko/,https://www.reddit.com/r/30PlusSkinCare/comments/1buobyb/what_are_we_doing_for_body_antiaging/,C042,r/30PlusSkinCare,"Reply | thread: OP (r/30PlusSkinCare, age not stated) asks how to step up body anti-aging beyond moisturizer",sunscreen_sun_damage;routine_fatigue,medium,Sunscreen requirement deters retinol/AHA use,,whole_body,
B0370,Successful attempts,AmLactin keeps my skin smooth and exfoliated.,AmLactin hält Haut glatt,https://www.reddit.com/r/30PlusSkinCare/comments/1buobyb/what_are_we_doing_for_body_antiaging/kxudm5y/,https://www.reddit.com/r/30PlusSkinCare/comments/1buobyb/what_are_we_doing_for_body_antiaging/,C042,r/30PlusSkinCare,"Reply | thread: OP (r/30PlusSkinCare, age not stated) asks how to step up body anti-aging beyond moisturizer",amlactin_lactic;soft_smooth_desire,medium,Smoothness from lactic,,whole_body,
B0371,Routine friction,"my car has all kinds of sunscreen stains, which are so difficult to get out.",Sonnencreme-Flecken im Auto,https://www.reddit.com/r/30PlusSkinCare/comments/1buobyb/what_are_we_doing_for_body_antiaging/kxualxu/,https://www.reddit.com/r/30PlusSkinCare/comments/1buobyb/what_are_we_doing_for_body_antiaging/,C042,r/30PlusSkinCare,"OP | thread: OP (r/30PlusSkinCare, age not stated) asks how to step up body anti-aging beyond moisturizer",oil_greasy_staining,medium,Staining friction,,whole_body,non_us_signal
B0372,Questions customers repeatedly ask,Does the Vaseline body lotion leave a greasy feel on the skin? That’s my biggest issue I have with products,Fettiges Gefühl ist größtes Problem,https://www.reddit.com/r/30PlusSkinCare/comments/1buobyb/what_are_we_doing_for_body_antiaging/kxw7cwh/,https://www.reddit.com/r/30PlusSkinCare/comments/1buobyb/what_are_we_doing_for_body_antiaging/,C042,r/30PlusSkinCare,"Reply | thread: OP (r/30PlusSkinCare, age not stated) asks how to step up body anti-aging beyond moisturizer",oil_greasy_staining,medium,Greasy feel = top objection,,whole_body,
B0373,Product / routine preferences,"I take long baths three times a week. These are my nights off of tretinoin, and I’ll do a full routine.",Dreimal pro Woche lange Bäder mit voller Routine,https://www.reddit.com/r/30PlusSkinCare/comments/1buobyb/what_are_we_doing_for_body_antiaging/kxuqqto/,https://www.reddit.com/r/30PlusSkinCare/comments/1buobyb/what_are_we_doing_for_body_antiaging/,C042,r/30PlusSkinCare,"Reply | thread: OP (r/30PlusSkinCare, age not stated) asks how to step up body anti-aging beyond moisturizer",self_care_ritual,medium,Body care as ritual night,,whole_body,
B0374,Routine friction,I use the socks and gloves in the winter to keep my sheets dry.,"Socken/Handschuhe, damit Laken trocken bleiben",https://www.reddit.com/r/30PlusSkinCare/comments/1buobyb/what_are_we_doing_for_body_antiaging/kxuqqto/,https://www.reddit.com/r/30PlusSkinCare/comments/1buobyb/what_are_we_doing_for_body_antiaging/,C042,r/30PlusSkinCare,"Reply | thread: OP (r/30PlusSkinCare, age not stated) asks how to step up body anti-aging beyond moisturizer",oil_greasy_staining;winter_dryness,medium,Bedding protection,,hands,
B0375,Objections,I have found the vast majority of lotions for KP are very sticky and kind of stinky,Die meisten KP-Lotionen klebrig und riechen,https://www.reddit.com/r/30PlusSkinCare/comments/1buobyb/what_are_we_doing_for_body_antiaging/kxwa47w/,https://www.reddit.com/r/30PlusSkinCare/comments/1buobyb/what_are_we_doing_for_body_antiaging/,C042,r/30PlusSkinCare,"Reply | thread: OP (r/30PlusSkinCare, age not stated) asks how to step up body anti-aging beyond moisturizer",fragrance_sensitivity,medium,Sticky/stinky acid lotions,,arms,
B0376,Time-to-result expectations,I think I see improvement on day 5.,Sieht Verbesserung an Tag 5,https://www.reddit.com/r/30PlusSkinCare/comments/1buobyb/what_are_we_doing_for_body_antiaging/kxudqtt/,https://www.reddit.com/r/30PlusSkinCare/comments/1buobyb/what_are_we_doing_for_body_antiaging/,C042,r/30PlusSkinCare,"Reply | thread: OP (r/30PlusSkinCare, age not stated) asks how to step up body anti-aging beyond moisturizer",time_to_result;retinol_body,medium,Very early perceived result,,legs,
B0377,Objections,I hate the feeling of lotions on my skin so I want to switch to shower oil for day moisturizer (if that’s enough moisturizer ?),"Hasst Lotion-Gefühl, will Duschöl – reicht das?",https://www.reddit.com/r/30PlusSkinCare/comments/1buobyb/what_are_we_doing_for_body_antiaging/kxudqtt/,https://www.reddit.com/r/30PlusSkinCare/comments/1buobyb/what_are_we_doing_for_body_antiaging/,C042,r/30PlusSkinCare,"Reply | thread: OP (r/30PlusSkinCare, age not stated) asks how to step up body anti-aging beyond moisturizer",oil_vs_lotion_confusion;question_oil_or_lotion,medium,Lotion-aversion drives oil interest; sufficiency doubt,,legs,
B0378,Situational triggers,because I heard it will help with crepey legs. And it’s $18 and easy to get at target.,"Hilft angeblich bei crepey Beinen; 18$, bei Target",https://www.reddit.com/r/30PlusSkinCare/comments/1buobyb/what_are_we_doing_for_body_antiaging/kxudqtt/,https://www.reddit.com/r/30PlusSkinCare/comments/1buobyb/what_are_we_doing_for_body_antiaging/,C042,r/30PlusSkinCare,"Reply | thread: OP (r/30PlusSkinCare, age not stated) asks how to step up body anti-aging beyond moisturizer",crepey_legs;price_value,medium,Price + availability,,legs,
B0379,Routine friction,"factor 50 spf everyday on my arms and chest , should probably start wearing on my legs as well but I’m lazy",SPF auf Beinen – zu faul,https://www.reddit.com/r/30PlusSkinCare/comments/1buobyb/what_are_we_doing_for_body_antiaging/kxvexqh/,https://www.reddit.com/r/30PlusSkinCare/comments/1buobyb/what_are_we_doing_for_body_antiaging/,C042,r/30PlusSkinCare,"Reply | thread: OP (r/30PlusSkinCare, age not stated) asks how to step up body anti-aging beyond moisturizer",sunscreen_sun_damage;routine_fatigue,low,Admitted laziness,,legs,non_us_signal
B0380,Time-to-result expectations,I noticed a difference after like 2 or 3 weeks.,Unterschied nach 2-3 Wochen,https://www.reddit.com/r/30PlusSkinCare/comments/1buobyb/what_are_we_doing_for_body_antiaging/kxzcix8/,https://www.reddit.com/r/30PlusSkinCare/comments/1buobyb/what_are_we_doing_for_body_antiaging/,C042,r/30PlusSkinCare,"Reply | thread: OP (r/30PlusSkinCare, age not stated) asks how to step up body anti-aging beyond moisturizer",time_to_result,medium,2-3 week softness timeline,,whole_body,
B0381,Successful attempts,It's made a big difference in the softness of my skin,Großer Unterschied bei der Weichheit,https://www.reddit.com/r/30PlusSkinCare/comments/1buobyb/what_are_we_doing_for_body_antiaging/kxzcix8/,https://www.reddit.com/r/30PlusSkinCare/comments/1buobyb/what_are_we_doing_for_body_antiaging/,C042,r/30PlusSkinCare,"Reply | thread: OP (r/30PlusSkinCare, age not stated) asks how to step up body anti-aging beyond moisturizer",soft_smooth_desire,medium,Softness as outcome,,whole_body,
B0382,Routine friction,Then I put some music on and dance in the bathroom/seduce my reflection until the oil is absorbed enough to put on pajamas,"Tanzt im Bad, bis Öl genug eingezogen ist für Pyjama",https://www.reddit.com/r/30PlusSkinCare/comments/1buobyb/what_are_we_doing_for_body_antiaging/kxx6q0u/,https://www.reddit.com/r/30PlusSkinCare/comments/1buobyb/what_are_we_doing_for_body_antiaging/,C042,r/30PlusSkinCare,"Reply | thread: OP (r/30PlusSkinCare, age not stated) asks how to step up body anti-aging beyond moisturizer",oil_absorbs_fast;self_care_ritual,medium,Wait-for-absorption reframed as playful ritual,,whole_body,
B0383,Exact phrases / metaphors / repeated wording,Once a week I oil my entire body up like a slug,Einmal pro Woche ganzen Körper wie eine Schnecke einölen,https://www.reddit.com/r/30PlusSkinCare/comments/1buobyb/what_are_we_doing_for_body_antiaging/kxx6q0u/,https://www.reddit.com/r/30PlusSkinCare/comments/1buobyb/what_are_we_doing_for_body_antiaging/,C042,r/30PlusSkinCare,"Reply | thread: OP (r/30PlusSkinCare, age not stated) asks how to step up body anti-aging beyond moisturizer",oil_seals_not_hydrates,medium,"""like a slug"" wording",,whole_body,
B0384,Routine friction,I try to apply every week but sometimes it is more like every fortnight as I run out of time.,"Eigentlich wöchentlich, oft nur alle zwei Wochen",https://www.reddit.com/r/30PlusSkinCare/comments/1buobyb/what_are_we_doing_for_body_antiaging/kxwbimw/,https://www.reddit.com/r/30PlusSkinCare/comments/1buobyb/what_are_we_doing_for_body_antiaging/,C042,r/30PlusSkinCare,"Reply | thread: OP (r/30PlusSkinCare, age not stated) asks how to step up body anti-aging beyond moisturizer",routine_fatigue,low,Time scarcity,,whole_body,non_us_signal
B0385,Failed attempts,Sadly nothing :(,Leider nichts,https://www.reddit.com/r/30PlusSkinCare/comments/1buobyb/what_are_we_doing_for_body_antiaging/kxw0bbw/,https://www.reddit.com/r/30PlusSkinCare/comments/1buobyb/what_are_we_doing_for_body_antiaging/,C042,r/30PlusSkinCare,"Reply | thread: OP (r/30PlusSkinCare, age not stated) asks how to step up body anti-aging beyond moisturizer",nothing_works,low,Non-routine,,whole_body,
B0386,Tactile descriptions,Baby soft.,Babyweich,https://www.reddit.com/r/30PlusSkinCare/comments/1buobyb/what_are_we_doing_for_body_antiaging/kxvn8dm/,https://www.reddit.com/r/30PlusSkinCare/comments/1buobyb/what_are_we_doing_for_body_antiaging/,C042,r/30PlusSkinCare,"Reply | thread: OP (r/30PlusSkinCare, age not stated) asks how to step up body anti-aging beyond moisturizer",soft_smooth_desire,medium,Tallow thick coat 30-40 min,,whole_body,
B0387,Routine friction,after the shower I coat my whole body really thick and let it soak in for like 30-40 min.,"Dick auftragen, 30-40 Min einziehen lassen",https://www.reddit.com/r/30PlusSkinCare/comments/1buobyb/what_are_we_doing_for_body_antiaging/kxvn8dm/,https://www.reddit.com/r/30PlusSkinCare/comments/1buobyb/what_are_we_doing_for_body_antiaging/,C042,r/30PlusSkinCare,"Reply | thread: OP (r/30PlusSkinCare, age not stated) asks how to step up body anti-aging beyond moisturizer",routine_fatigue,medium,Long soak time,,whole_body,
B0388,Tactile descriptions,not only smell luxurious but also make my skin feel like I just came out of a spa treatment.,"Riecht luxuriös, Haut wie nach Spa",https://www.reddit.com/r/30PlusSkinCare/comments/1buobyb/what_are_we_doing_for_body_antiaging/kxuvw31/,https://www.reddit.com/r/30PlusSkinCare/comments/1buobyb/what_are_we_doing_for_body_antiaging/,C042,r/30PlusSkinCare,"Reply | thread: OP (r/30PlusSkinCare, age not stated) asks how to step up body anti-aging beyond moisturizer",scent_love;self_care_ritual,low,Spa-feel desire; luxury brand,,whole_body,possible_seeding
B0389,Skepticism,all the skin care products we buy maybe just be wasting our money if we don't have the foundations in place!,Produkte evtl. Geldverschwendung ohne Basis,https://www.reddit.com/r/30PlusSkinCare/comments/1buobyb/what_are_we_doing_for_body_antiaging/kxxpuot/,https://www.reddit.com/r/30PlusSkinCare/comments/1buobyb/what_are_we_doing_for_body_antiaging/,C042,r/30PlusSkinCare,"Reply | thread: OP (r/30PlusSkinCare, age not stated) asks how to step up body anti-aging beyond moisturizer",nothing_works,low,Lifestyle-first skepticism,,whole_body,
B0390,Situational triggers,"I turned 40 last year and seemingly overnight, the skin on the back of my hands has gone all crepey and wrinkled and yuck.","Mit 40 über Nacht Handrücken crepig, faltig, eklig",https://www.reddit.com/r/30PlusSkinCare/comments/1trzqv3/crepe_paper_hands/,https://www.reddit.com/r/30PlusSkinCare/comments/1trzqv3/crepe_paper_hands/,C043,r/30PlusSkinCare,OP 40 | thread: OP (40) back-of-hands suddenly crepey; asks for ideas,sudden_onset;crepey_hands,high,Overnight onset at 40,40,hands,
B0391,Exact phrases / metaphors / repeated wording,gone all crepey and wrinkled and yuck,"""crepig, faltig und igitt""",https://www.reddit.com/r/30PlusSkinCare/comments/1trzqv3/crepe_paper_hands/,https://www.reddit.com/r/30PlusSkinCare/comments/1trzqv3/crepe_paper_hands/,C043,r/30PlusSkinCare,OP 40 | thread: OP (40) back-of-hands suddenly crepey; asks for ideas,crepey_hands,high,Disgust wording,40,hands,
B0392,Questions customers repeatedly ask,Help me please! Does anyone have any ideas?,Hilfe! Hat jemand Ideen?,https://www.reddit.com/r/30PlusSkinCare/comments/1trzqv3/crepe_paper_hands/,https://www.reddit.com/r/30PlusSkinCare/comments/1trzqv3/crepe_paper_hands/,C043,r/30PlusSkinCare,OP 40 | thread: OP (40) back-of-hands suddenly crepey; asks for ideas,question_what_works,high,Urgent help plea,40,hands,
B0393,Product / routine preferences,"Keep moisturizer at your work, keep moisturizer in your car, keep a little thing of moisturizer in your purse.",Feuchtigkeitscreme überall deponieren,https://www.reddit.com/r/30PlusSkinCare/comments/1trzqv3/crepe_paper_hands/oorhwbc/,https://www.reddit.com/r/30PlusSkinCare/comments/1trzqv3/crepe_paper_hands/,C043,r/30PlusSkinCare,Reply | thread: OP (40) back-of-hands suddenly crepey; asks for ideas,consistency_effort,medium,Ubiquitous-access strategy,,hands,
B0394,Routine friction,Just the thought of wearing gloves when it is 100+ seems horrible.,Handschuhe bei 38°C+ schrecklich,https://www.reddit.com/r/30PlusSkinCare/comments/1trzqv3/crepe_paper_hands/oox3dzn/,https://www.reddit.com/r/30PlusSkinCare/comments/1trzqv3/crepe_paper_hands/,C043,r/30PlusSkinCare,Reply | thread: OP (40) back-of-hands suddenly crepey; asks for ideas,summer_trigger;routine_fatigue,medium,Heat friction for sun protection,,hands,
B0395,Tactile descriptions,Most lotions I can't keep on my hands because it feels tacky,Die meisten Lotionen fühlen sich klebrig an,https://www.reddit.com/r/30PlusSkinCare/comments/1trzqv3/crepe_paper_hands/ooxknye/,https://www.reddit.com/r/30PlusSkinCare/comments/1trzqv3/crepe_paper_hands/,C043,r/30PlusSkinCare,Reply | thread: OP (40) back-of-hands suddenly crepey; asks for ideas,routine_fatigue,medium,Tackiness intolerance,,hands,
B0396,Objections,"the one lotion (cliniderm) I had no problem using, they changed something and now it doesn't work very well.","Rezeptur geändert, wirkt nicht mehr",https://www.reddit.com/r/30PlusSkinCare/comments/1trzqv3/crepe_paper_hands/ooxknye/,https://www.reddit.com/r/30PlusSkinCare/comments/1trzqv3/crepe_paper_hands/,C043,r/30PlusSkinCare,Reply | thread: OP (40) back-of-hands suddenly crepey; asks for ideas,marketing_distrust,medium,Reformulation distrust,,hands,
B0397,Tactile descriptions,I cannot stand the slippery feeling on the bottles either.,Kann glitschige Flaschen nicht ausstehen,https://www.reddit.com/r/30PlusSkinCare/comments/1trzqv3/crepe_paper_hands/oors9we/,https://www.reddit.com/r/30PlusSkinCare/comments/1trzqv3/crepe_paper_hands/,C043,r/30PlusSkinCare,Reply | thread: OP (40) back-of-hands suddenly crepey; asks for ideas,oil_greasy_staining,medium,Slippery packaging friction (oil relevance),,hands,
B0398,Situational triggers,Same here - turned 40 and my skin started noticeably getting crepey.,Mit 40 merklich crepig,https://www.reddit.com/r/30PlusSkinCare/comments/1trzqv3/crepe_paper_hands/oorc9ea/,https://www.reddit.com/r/30PlusSkinCare/comments/1trzqv3/crepe_paper_hands/,C043,r/30PlusSkinCare,Reply | thread: OP (40) back-of-hands suddenly crepey; asks for ideas,sudden_onset,medium,40 as onset age,40,hands,
B0399,Successful attempts,For me the gold bond crepe corrector lotion has helped.,Gold Bond Crepe Corrector hat geholfen,https://www.reddit.com/r/30PlusSkinCare/comments/1trzqv3/crepe_paper_hands/oorc9ea/,https://www.reddit.com/r/30PlusSkinCare/comments/1trzqv3/crepe_paper_hands/,C043,r/30PlusSkinCare,Reply | thread: OP (40) back-of-hands suddenly crepey; asks for ideas,gold_bond_crepe,medium,Gold Bond recurring,40,hands,
B0400,Identity / social implications,I guess everything I’ve done has prevented it when I look at my moms hands at the same age,Vergleich mit Händen der Mutter im gleichen Alter,https://www.reddit.com/r/30PlusSkinCare/comments/1trzqv3/crepe_paper_hands/oorbflb/,https://www.reddit.com/r/30PlusSkinCare/comments/1trzqv3/crepe_paper_hands/,C043,r/30PlusSkinCare,Reply | thread: OP (40) back-of-hands suddenly crepey; asks for ideas,mothers_skin,medium,Mother as comparison benchmark,,hands,
B0401,Tactile descriptions,"I have a heavy handcream every night and put socks over them, I wake up with babyskin every morning.",Nachts dicke Creme + Socken – morgens Babyhaut,https://www.reddit.com/r/30PlusSkinCare/comments/1trzqv3/crepe_paper_hands/oorbflb/,https://www.reddit.com/r/30PlusSkinCare/comments/1trzqv3/crepe_paper_hands/,C043,r/30PlusSkinCare,Reply | thread: OP (40) back-of-hands suddenly crepey; asks for ideas,soft_smooth_desire;oil_seals_not_hydrates,medium,"Overnight occlusion → ""babyskin""",,hands,
B0402,Routine friction,"Consistency is key here, it’s a hassle sometimes but it really does pay off.","Konsequenz ist Schlüssel, manchmal lästig",https://www.reddit.com/r/30PlusSkinCare/comments/1trzqv3/crepe_paper_hands/oorbflb/,https://www.reddit.com/r/30PlusSkinCare/comments/1trzqv3/crepe_paper_hands/,C043,r/30PlusSkinCare,Reply | thread: OP (40) back-of-hands suddenly crepey; asks for ideas,consistency_effort;routine_fatigue,medium,Hassle acknowledged,,hands,
B0403,Identity / social implications,it was spreading to my arms and my arm flaps my children lovingly call “wings.”,"Kinder nennen ihre Armlappen ""Flügel""",https://www.reddit.com/r/30PlusSkinCare/comments/1trzqv3/crepe_paper_hands/oorqs2d/,https://www.reddit.com/r/30PlusSkinCare/comments/1trzqv3/crepe_paper_hands/,C043,r/30PlusSkinCare,Reply poster 46 | thread: OP (40) back-of-hands suddenly crepey; asks for ideas,crepey_arms;old_lady_identity,high,Family teasing about arms,46,arms,
B0404,Successful attempts,Within a month my hands and arms started looking better and now they’re back to what they were in my 30s.,"Innerhalb eines Monats besser, wie in 30ern",https://www.reddit.com/r/30PlusSkinCare/comments/1trzqv3/crepe_paper_hands/oorqs2d/,https://www.reddit.com/r/30PlusSkinCare/comments/1trzqv3/crepe_paper_hands/,C043,r/30PlusSkinCare,Reply | thread: OP (40) back-of-hands suddenly crepey; asks for ideas,new_hydration_water;time_to_result,high,"Hydration credited, one-month timeline",46,hands,
B0405,Exact phrases / metaphors / repeated wording,these tired old milk bags,"""müde alte Milchbeutel""",https://www.reddit.com/r/30PlusSkinCare/comments/1trzqv3/crepe_paper_hands/oorqs2d/,https://www.reddit.com/r/30PlusSkinCare/comments/1trzqv3/crepe_paper_hands/,C043,r/30PlusSkinCare,Reply | thread: OP (40) back-of-hands suddenly crepey; asks for ideas,old_lady_identity,high,Self-deprecating body wording,46,chest,
B0406,Skepticism,There’s not enough moisturizer in all the land that will fix crepey skin when it’s caused by hormonal imbalance.,Keine Feuchtigkeitscreme der Welt hilft bei Hormonmangel,https://www.reddit.com/r/30PlusSkinCare/comments/1trzqv3/crepe_paper_hands/oornyl8/,https://www.reddit.com/r/30PlusSkinCare/comments/1trzqv3/crepe_paper_hands/,C043,r/30PlusSkinCare,Reply | thread: OP (40) back-of-hands suddenly crepey; asks for ideas,hrt_estrogen_skin;nothing_works,medium,Topicals vs hormones belief,,hands,hrt_medical_context
B0407,Ingredient / mechanism beliefs,It’s happening from the inside out and it’s 100% because of hormone decline which causes a decrease in collagen,"Von innen heraus, wegen Hormonabfall – weniger Kollagen",https://www.reddit.com/r/30PlusSkinCare/comments/1trzqv3/crepe_paper_hands/oornyl8/,https://www.reddit.com/r/30PlusSkinCare/comments/1trzqv3/crepe_paper_hands/,C043,r/30PlusSkinCare,Reply | thread: OP (40) back-of-hands suddenly crepey; asks for ideas,hrt_estrogen_skin,medium,Strong hormone causation belief,,hands,hrt_medical_context
B0408,Questions customers repeatedly ask,Can you fix it? I know taking estrogen is also supposed to be bad for you and increase cancer risk? Or I thought?,Kann man das beheben? Östrogen erhöht Krebsrisiko?,https://www.reddit.com/r/30PlusSkinCare/comments/1trzqv3/crepe_paper_hands/p2jvo0b/,https://www.reddit.com/r/30PlusSkinCare/comments/1trzqv3/crepe_paper_hands/,C043,r/30PlusSkinCare,Reply | thread: OP (40) back-of-hands suddenly crepey; asks for ideas,hrt_estrogen_skin,medium,HRT-safety question,,unspecified,hrt_medical_context
B0409,Successful attempts,Hands were crepey and PEELING. This stuff fixed them in 48 hrs.,Hände crepig und schälend – in 48 h behoben,https://www.reddit.com/r/30PlusSkinCare/comments/1trzqv3/crepe_paper_hands/oos6g59/,https://www.reddit.com/r/30PlusSkinCare/comments/1trzqv3/crepe_paper_hands/,C043,r/30PlusSkinCare,Reply desert | thread: OP (40) back-of-hands suddenly crepey; asks for ideas,urea;time_to_result,medium,48h fix claim,,hands,
B0410,Product / routine preferences,I use it on my body after a shower and put a thicker moisturizer on top.,"Nach Dusche Urea, dann dickere Creme drüber",https://www.reddit.com/r/30PlusSkinCare/comments/1trzqv3/crepe_paper_hands/oos6g59/,https://www.reddit.com/r/30PlusSkinCare/comments/1trzqv3/crepe_paper_hands/,C043,r/30PlusSkinCare,Reply | thread: OP (40) back-of-hands suddenly crepey; asks for ideas,question_order_of_application,medium,Serum then thicker layer,,whole_body,
B0411,Questions customers repeatedly ask,My boob are starting to get like this too! What is safe to moisturize them with?,Brüste werden auch so – was ist sicher?,https://www.reddit.com/r/30PlusSkinCare/comments/1trzqv3/crepe_paper_hands/oori9j2/,https://www.reddit.com/r/30PlusSkinCare/comments/1trzqv3/crepe_paper_hands/,C043,r/30PlusSkinCare,Reply | thread: OP (40) back-of-hands suddenly crepey; asks for ideas,question_what_works,medium,Breast/chest skin question,,chest,
B0412,Exact phrases / metaphors / repeated wording,This moisturizer changed my life. I put it everywhere.,Hat mein Leben verändert – überall aufgetragen,https://www.reddit.com/r/30PlusSkinCare/comments/1trzqv3/crepe_paper_hands/oorsxe7/,https://www.reddit.com/r/30PlusSkinCare/comments/1trzqv3/crepe_paper_hands/,C043,r/30PlusSkinCare,Reply | thread: OP (40) back-of-hands suddenly crepey; asks for ideas,gold_bond_crepe,medium,Hyperbolic loyalty,,whole_body,
B0413,Successful attempts,They’re smoother and look way more hydrated,Glatter und viel hydrierter,https://www.reddit.com/r/30PlusSkinCare/comments/1trzqv3/crepe_paper_hands/oorprcq/,https://www.reddit.com/r/30PlusSkinCare/comments/1trzqv3/crepe_paper_hands/,C043,r/30PlusSkinCare,Reply | thread: OP (40) back-of-hands suddenly crepey; asks for ideas,amlactin_lactic;soft_smooth_desire,medium,3-4 weeks AmLactin,,hands,
B0414,Time-to-result expectations,I’ve been using it I guess about 3-4 weeks now (I’m down to the bottom of the first tub) and it’s so good.,"Seit 3-4 Wochen, erste Dose leer",https://www.reddit.com/r/30PlusSkinCare/comments/1trzqv3/crepe_paper_hands/oorprcq/,https://www.reddit.com/r/30PlusSkinCare/comments/1trzqv3/crepe_paper_hands/,C043,r/30PlusSkinCare,Reply | thread: OP (40) back-of-hands suddenly crepey; asks for ideas,time_to_result,medium,3-4 week window,,hands,
B0415,Failed attempts,I have used my expensive face creams down my neck with no visible results.,Teure Gesichtscremes am Hals ohne Wirkung,https://www.reddit.com/r/30PlusSkinCare/comments/1trzqv3/crepe_paper_hands/oouhsey/,https://www.reddit.com/r/30PlusSkinCare/comments/1trzqv3/crepe_paper_hands/,C043,r/30PlusSkinCare,Reply | thread: OP (40) back-of-hands suddenly crepey; asks for ideas,price_value;nothing_works,medium,Expensive ≠ effective,,neck,
B0416,Successful attempts,Used gold bond 2x daily and can see visible results.,Gold Bond 2x täglich – sichtbar,https://www.reddit.com/r/30PlusSkinCare/comments/1trzqv3/crepe_paper_hands/oouhsey/,https://www.reddit.com/r/30PlusSkinCare/comments/1trzqv3/crepe_paper_hands/,C043,r/30PlusSkinCare,Reply | thread: OP (40) back-of-hands suddenly crepey; asks for ideas,gold_bond_crepe,medium,Drugstore beats expensive,,neck,
B0417,Identity / social implications,"I had a man comment on the wrinkles on my hands and he was 58, while I was 42.",Ein Mann kommentierte ihre Handfalten,https://www.reddit.com/r/30PlusSkinCare/comments/1trzqv3/crepe_paper_hands/oore8d6/,https://www.reddit.com/r/30PlusSkinCare/comments/1trzqv3/crepe_paper_hands/,C043,r/30PlusSkinCare,Reply | thread: OP (40) back-of-hands suddenly crepey; asks for ideas,crepey_hands,high,Social comment trigger,42,hands,
B0418,Purchase criteria,"Cream, not lotion.","Creme, nicht Lotion",https://www.reddit.com/r/30PlusSkinCare/comments/1trzqv3/crepe_paper_hands/oorv0iw/,https://www.reddit.com/r/30PlusSkinCare/comments/1trzqv3/crepe_paper_hands/,C043,r/30PlusSkinCare,Reply | thread: OP (40) back-of-hands suddenly crepey; asks for ideas,oil_vs_lotion_confusion,low,Texture-tier belief,,hands,under_40_signal
B0419,Ingredient / mechanism beliefs,Lotion can't replace water.,Lotion ersetzt kein Wasser,https://www.reddit.com/r/30PlusSkinCare/comments/1trzqv3/crepe_paper_hands/oorvb5n/,https://www.reddit.com/r/30PlusSkinCare/comments/1trzqv3/crepe_paper_hands/,C043,r/30PlusSkinCare,Reply | thread: OP (40) back-of-hands suddenly crepey; asks for ideas,new_hydration_water,medium,Internal hydration belief,,hands,
B0420,Product / routine preferences,any heavy duty oil to protect the skin barrier when it's struggling is helpful!,Jedes kräftige Öl schützt die Barriere,https://www.reddit.com/r/30PlusSkinCare/comments/1trzqv3/crepe_paper_hands/oorrya8/,https://www.reddit.com/r/30PlusSkinCare/comments/1trzqv3/crepe_paper_hands/,C043,r/30PlusSkinCare,Reply | thread: OP (40) back-of-hands suddenly crepey; asks for ideas,oil_seals_not_hydrates,low,Oil as barrier protector,30,neck,under_40_signal
B0421,Emotional reactions,that almost overnight crepe neck was freaking me out!,Fast über Nacht Crepe-Hals – beängstigend,https://www.reddit.com/r/30PlusSkinCare/comments/1trzqv3/crepe_paper_hands/oorrya8/,https://www.reddit.com/r/30PlusSkinCare/comments/1trzqv3/crepe_paper_hands/,C043,r/30PlusSkinCare,Reply | thread: OP (40) back-of-hands suddenly crepey; asks for ideas,sudden_onset,low,Fear at sudden onset,30,neck,under_40_signal
B0422,Symptoms / visible texture descriptions,Post shower I am so itchy I can barely stand it. My face is fine but my arms and legs are very very itchy.,Nach Dusche unerträglich juckende Arme/Beine,https://www.reddit.com/r/30PlusSkinCare/comments/okek8z/what_is_everyone_usingon_the_rest_of_their_skin/,https://www.reddit.com/r/30PlusSkinCare/comments/okek8z/what_is_everyone_usingon_the_rest_of_their_skin/,C044,r/30PlusSkinCare,OP | thread: OP (age not stated) itchy dry arms/legs post-shower; asks what people use on body,itch_flake,medium,Post-shower itch as trigger,,arms,
B0423,Emotional reactions,I have always had dry skin and this is just the worst. Starting to alter diet and products because there has to be a solution.,Schlimmster Zustand – es muss eine Lösung geben,https://www.reddit.com/r/30PlusSkinCare/comments/okek8z/what_is_everyone_usingon_the_rest_of_their_skin/,https://www.reddit.com/r/30PlusSkinCare/comments/okek8z/what_is_everyone_usingon_the_rest_of_their_skin/,C044,r/30PlusSkinCare,OP | thread: OP (age not stated) itchy dry arms/legs post-shower; asks what people use on body,itch_flake;question_what_works,medium,Desperation for a fix,,whole_body,
B0424,Product / routine preferences,follow up with jojoba and cerave from my neck to my toes.,Jojoba und CeraVe von Hals bis Zeh,https://www.reddit.com/r/30PlusSkinCare/comments/okek8z/what_is_everyone_usingon_the_rest_of_their_skin/h57e0gc/,https://www.reddit.com/r/30PlusSkinCare/comments/okek8z/what_is_everyone_usingon_the_rest_of_their_skin/,C044,r/30PlusSkinCare,Reply psoriasis | thread: OP (age not stated) itchy dry arms/legs post-shower; asks what people use on body,oil_vs_lotion_confusion,medium,Oil + cream layering,,whole_body,hrt_medical_context
B0425,Desired outcomes,to keep my skin healthy and soft.,Haut gesund und weich halten,https://www.reddit.com/r/30PlusSkinCare/comments/okek8z/what_is_everyone_usingon_the_rest_of_their_skin/h57e0gc/,https://www.reddit.com/r/30PlusSkinCare/comments/okek8z/what_is_everyone_usingon_the_rest_of_their_skin/,C044,r/30PlusSkinCare,Reply | thread: OP (age not stated) itchy dry arms/legs post-shower; asks what people use on body,soft_smooth_desire,medium,Soft/healthy goal,,whole_body,
B0426,Emotional reactions,I may be falling apart basically.,Fällt quasi auseinander,https://www.reddit.com/r/30PlusSkinCare/comments/okek8z/what_is_everyone_usingon_the_rest_of_their_skin/h587qxw/,https://www.reddit.com/r/30PlusSkinCare/comments/okek8z/what_is_everyone_usingon_the_rest_of_their_skin/,C044,r/30PlusSkinCare,OP | thread: OP (age not stated) itchy dry arms/legs post-shower; asks what people use on body,itch_flake,medium,Body-falling-apart feeling,,whole_body,
B0427,Product / routine preferences,"I used to just use the dove bar and some garnier lotion and my skin was RADIANT, lol.",Früher nur Seife+Lotion – Haut strahlend,https://www.reddit.com/r/30PlusSkinCare/comments/okek8z/what_is_everyone_usingon_the_rest_of_their_skin/h57ipis/,https://www.reddit.com/r/30PlusSkinCare/comments/okek8z/what_is_everyone_usingon_the_rest_of_their_skin/,C044,r/30PlusSkinCare,Reply | thread: OP (age not stated) itchy dry arms/legs post-shower; asks what people use on body,glow_desire,low,Simplicity nostalgia,,whole_body,
B0428,Successful attempts,"I used to literally scratch my legs raw, and I haven’t had any itchy skin problem since using those two regularly.","Früher Beine wundgekratzt, jetzt kein Juckreiz",https://www.reddit.com/r/30PlusSkinCare/comments/okek8z/what_is_everyone_usingon_the_rest_of_their_skin/h58zavh/,https://www.reddit.com/r/30PlusSkinCare/comments/okek8z/what_is_everyone_usingon_the_rest_of_their_skin/,C044,r/30PlusSkinCare,Reply | thread: OP (age not stated) itchy dry arms/legs post-shower; asks what people use on body,itch_flake,medium,Oil body wash + cream success,,legs,
B0429,Product / routine preferences,"After my shower after a quick towel dry but before I’m completely dry, I use CeraVe Daily Moisturizing lotion all over","Nach kurzem Abtrocknen, noch feucht, Lotion",https://www.reddit.com/r/30PlusSkinCare/comments/okek8z/what_is_everyone_usingon_the_rest_of_their_skin/h57jlwk/,https://www.reddit.com/r/30PlusSkinCare/comments/okek8z/what_is_everyone_usingon_the_rest_of_their_skin/,C044,r/30PlusSkinCare,Reply Florida | thread: OP (age not stated) itchy dry arms/legs post-shower; asks what people use on body,oil_on_damp_skin,medium,Damp timing,,whole_body,
B0430,Failed attempts,"Creams, lotions, oils, water filters (hard water) would help but nothing actually got rid of it.","Cremes, Lotionen, Öle, Filter halfen, beseitigten es nicht",https://www.reddit.com/r/30PlusSkinCare/comments/okek8z/what_is_everyone_usingon_the_rest_of_their_skin/h58qrv2/,https://www.reddit.com/r/30PlusSkinCare/comments/okek8z/what_is_everyone_usingon_the_rest_of_their_skin/,C044,r/30PlusSkinCare,Reply | thread: OP (age not stated) itchy dry arms/legs post-shower; asks what people use on body,lotion_temporary,medium,Products as partial help,,legs,
B0431,Tactile descriptions,the lotion feels thick somedays,Lotion fühlt sich manchmal dick an,https://www.reddit.com/r/30PlusSkinCare/comments/okek8z/what_is_everyone_usingon_the_rest_of_their_skin/h57fhcd/,https://www.reddit.com/r/30PlusSkinCare/comments/okek8z/what_is_everyone_usingon_the_rest_of_their_skin/,C044,r/30PlusSkinCare,Reply desert | thread: OP (age not stated) itchy dry arms/legs post-shower; asks what people use on body,routine_fatigue,low,Heaviness in heat,,whole_body,
B0432,Objections,"I hate the feeling of heavy lotions on my skin, so during the day I use the Trader Joe's Hyaluronic Gel Lotion.",Hasst schwere Lotionen tagsüber,https://www.reddit.com/r/30PlusSkinCare/comments/okek8z/what_is_everyone_usingon_the_rest_of_their_skin/h57o9k1/,https://www.reddit.com/r/30PlusSkinCare/comments/okek8z/what_is_everyone_usingon_the_rest_of_their_skin/,C044,r/30PlusSkinCare,Reply | thread: OP (age not stated) itchy dry arms/legs post-shower; asks what people use on body,routine_fatigue,medium,Day vs night texture split,,whole_body,
B0433,Successful attempts,Using Bioderma Atoderm Shower Oil has made a difference for my dry skin.,Duschöl hat Unterschied gemacht,https://www.reddit.com/r/30PlusSkinCare/comments/okek8z/what_is_everyone_usingon_the_rest_of_their_skin/h57o9k1/,https://www.reddit.com/r/30PlusSkinCare/comments/okek8z/what_is_everyone_usingon_the_rest_of_their_skin/,C044,r/30PlusSkinCare,Reply | thread: OP (age not stated) itchy dry arms/legs post-shower; asks what people use on body,oil_on_damp_skin,medium,Shower oil format,,whole_body,non_us_signal
B0434,Tactile descriptions,Both help my skin feel nourished and soft till the next shower.,Haut fühlt sich genährt und weich bis zur nächsten Dusche,https://www.reddit.com/r/30PlusSkinCare/comments/okek8z/what_is_everyone_usingon_the_rest_of_their_skin/h5aarpw/,https://www.reddit.com/r/30PlusSkinCare/comments/okek8z/what_is_everyone_usingon_the_rest_of_their_skin/,C044,r/30PlusSkinCare,Reply | thread: OP (age not stated) itchy dry arms/legs post-shower; asks what people use on body,soft_smooth_desire,medium,"""nourished and soft"" lasting till next shower",,whole_body,
B0435,Skepticism,I’m not sure it’s working….,"Unsicher, ob es wirkt",https://www.reddit.com/r/30PlusSkinCare/comments/okek8z/what_is_everyone_usingon_the_rest_of_their_skin/h57ihiq/,https://www.reddit.com/r/30PlusSkinCare/comments/okek8z/what_is_everyone_usingon_the_rest_of_their_skin/,C044,r/30PlusSkinCare,Reply | thread: OP (age not stated) itchy dry arms/legs post-shower; asks what people use on body,nothing_works,low,Uncertainty with actives,,arms,
B0436,Product / routine preferences,"then I coat my skin in coconut oil, and finally I add aquaphor or Vaseline to extra dry bits.","Mit Kokosöl einhüllen, Vaseline an trockenen Stellen",https://www.reddit.com/r/30PlusSkinCare/comments/okek8z/what_is_everyone_usingon_the_rest_of_their_skin/h5963ql/,https://www.reddit.com/r/30PlusSkinCare/comments/okek8z/what_is_everyone_usingon_the_rest_of_their_skin/,C044,r/30PlusSkinCare,Reply | thread: OP (age not stated) itchy dry arms/legs post-shower; asks what people use on body,cheap_oil_alternative,medium,Coconut oil as body staple,,whole_body,
B0437,Routine friction,"My skin's pretty decent as long as I keep up on moisturizers daily, if I skip a day I get ashy fast.","Gut nur bei täglicher Pflege, sonst schnell aschig",https://www.reddit.com/r/30PlusSkinCare/comments/okek8z/what_is_everyone_usingon_the_rest_of_their_skin/h5aainq/,https://www.reddit.com/r/30PlusSkinCare/comments/okek8z/what_is_everyone_usingon_the_rest_of_their_skin/,C044,r/30PlusSkinCare,Reply | thread: OP (age not stated) itchy dry arms/legs post-shower; asks what people use on body,consistency_effort;lotion_temporary,medium,"""ashy"" skip-day consequence",,whole_body,hrt_medical_context
B0438,Purchase criteria,"I'm not picky about brands for body lotion, Dermasil from Dollar Tree works as well as Olay for me.","Marke egal, Dollar-Tree wirkt wie Olay",https://www.reddit.com/r/30PlusSkinCare/comments/okek8z/what_is_everyone_usingon_the_rest_of_their_skin/h5aainq/,https://www.reddit.com/r/30PlusSkinCare/comments/okek8z/what_is_everyone_usingon_the_rest_of_their_skin/,C044,r/30PlusSkinCare,Reply | thread: OP (age not stated) itchy dry arms/legs post-shower; asks what people use on body,price_value,medium,Brand indifference for body,,whole_body,
B0439,Product / routine preferences,"Lol I have officially complicated it but I kinda like it, it’s extra self care","Kompliziert gemacht, aber gefällt – extra Selfcare",https://www.reddit.com/r/30PlusSkinCare/comments/okek8z/what_is_everyone_usingon_the_rest_of_their_skin/h5actpv/,https://www.reddit.com/r/30PlusSkinCare/comments/okek8z/what_is_everyone_usingon_the_rest_of_their_skin/,C044,r/30PlusSkinCare,Reply | thread: OP (age not stated) itchy dry arms/legs post-shower; asks what people use on body,self_care_ritual,medium,Complex routine as self-care,,whole_body,
B0440,Successful attempts,It's literally the only thing that has stopped the nasty scaly dry skin on my lower legs.,Einzige Lösung gegen schuppige Unterschenkel (Shea+Jojoba),https://www.reddit.com/r/30PlusSkinCare/comments/okek8z/what_is_everyone_usingon_the_rest_of_their_skin/h57tr5y/,https://www.reddit.com/r/30PlusSkinCare/comments/okek8z/what_is_everyone_usingon_the_rest_of_their_skin/,C044,r/30PlusSkinCare,Reply | thread: OP (age not stated) itchy dry arms/legs post-shower; asks what people use on body,crepey_legs;cheap_oil_alternative,medium,DIY shea+jojoba success,,legs,
B0441,Tactile descriptions,it somewhat waterproofs the skin until you wash it off,Macht Haut quasi wasserdicht,https://www.reddit.com/r/30PlusSkinCare/comments/okek8z/what_is_everyone_usingon_the_rest_of_their_skin/h57tr5y/,https://www.reddit.com/r/30PlusSkinCare/comments/okek8z/what_is_everyone_usingon_the_rest_of_their_skin/,C044,r/30PlusSkinCare,Reply | thread: OP (age not stated) itchy dry arms/legs post-shower; asks what people use on body,oil_seals_not_hydrates,medium,Occlusive feel,,legs,
B0442,Ingredient / mechanism beliefs,the high vitamin e content and fatty acids plus hardcore occlusive properties have basically banished TEWL,"Vitamin E, Fettsäuren, Okklusion verhindern Wasserverlust",https://www.reddit.com/r/30PlusSkinCare/comments/okek8z/what_is_everyone_usingon_the_rest_of_their_skin/h57tr5y/,https://www.reddit.com/r/30PlusSkinCare/comments/okek8z/what_is_everyone_usingon_the_rest_of_their_skin/,C044,r/30PlusSkinCare,Reply | thread: OP (age not stated) itchy dry arms/legs post-shower; asks what people use on body,oil_seals_not_hydrates,medium,Oil mechanism literacy (TEWL),,legs,
B0443,Desired outcomes,I notice no difference from the Vaseline one and would like a little more radiance.,"Kein Unterschied, wünscht mehr Strahlkraft",https://www.reddit.com/r/30PlusSkinCare/comments/okek8z/what_is_everyone_usingon_the_rest_of_their_skin/h57rwoh/,https://www.reddit.com/r/30PlusSkinCare/comments/okek8z/what_is_everyone_usingon_the_rest_of_their_skin/,C044,r/30PlusSkinCare,Reply | thread: OP (age not stated) itchy dry arms/legs post-shower; asks what people use on body,glow_desire,medium,Radiance desire,,whole_body,
B0444,Tactile descriptions,I can't stand when my skin feels dry.,Erträgt trockenes Gefühl nicht,https://www.reddit.com/r/30PlusSkinCare/comments/okek8z/what_is_everyone_usingon_the_rest_of_their_skin/h57hkv5/,https://www.reddit.com/r/30PlusSkinCare/comments/okek8z/what_is_everyone_usingon_the_rest_of_their_skin/,C044,r/30PlusSkinCare,Reply | thread: OP (age not stated) itchy dry arms/legs post-shower; asks what people use on body,soft_smooth_desire,medium,Dry feel intolerance,,arms,
B0445,Product / routine preferences,"Unlike facial skin care, I don’t overthink my body stuff.",Körperpflege wird nicht überdacht,https://www.reddit.com/r/30PlusSkinCare/comments/okek8z/what_is_everyone_usingon_the_rest_of_their_skin/h57hu0x/,https://www.reddit.com/r/30PlusSkinCare/comments/okek8z/what_is_everyone_usingon_the_rest_of_their_skin/,C044,r/30PlusSkinCare,Reply | thread: OP (age not stated) itchy dry arms/legs post-shower; asks what people use on body,routine_fatigue,medium,Low involvement in body category,,whole_body,
B0446,Objections,other times I’ve used the aveeno bar soap but it smells awful,Aveeno-Seife riecht furchtbar,https://www.reddit.com/r/30PlusSkinCare/comments/okek8z/what_is_everyone_usingon_the_rest_of_their_skin/h57jprc/,https://www.reddit.com/r/30PlusSkinCare/comments/okek8z/what_is_everyone_usingon_the_rest_of_their_skin/,C044,r/30PlusSkinCare,Reply | thread: OP (age not stated) itchy dry arms/legs post-shower; asks what people use on body,fragrance_sensitivity,medium,Scent objection,,whole_body,
B0447,Purchase criteria,Simple. Basic. Not fragranced.,"Einfach, basic, unparfümiert",https://www.reddit.com/r/30PlusSkinCare/comments/okek8z/what_is_everyone_usingon_the_rest_of_their_skin/h57nsq0/,https://www.reddit.com/r/30PlusSkinCare/comments/okek8z/what_is_everyone_usingon_the_rest_of_their_skin/,C044,r/30PlusSkinCare,Reply | thread: OP (age not stated) itchy dry arms/legs post-shower; asks what people use on body,fragrance_sensitivity,medium,Simplicity + unscented,,whole_body,
B0448,Skepticism,I use a Nivea body lotion that has Vitamin C but I doubt it does fuck all.,"Bezweifelt, dass Vitamin-C-Lotion etwas bringt",https://www.reddit.com/r/30PlusSkinCare/comments/okek8z/what_is_everyone_usingon_the_rest_of_their_skin/h57pa4l/,https://www.reddit.com/r/30PlusSkinCare/comments/okek8z/what_is_everyone_usingon_the_rest_of_their_skin/,C044,r/30PlusSkinCare,Reply | thread: OP (age not stated) itchy dry arms/legs post-shower; asks what people use on body,marketing_distrust,medium,Active-claim skepticism,,whole_body,
B0449,Failed attempts,I was using Eucerin complete repair lotion but that isn’t working as well for me as it did before,Eucerin wirkt nicht mehr so gut wie früher,https://www.reddit.com/r/30PlusSkinCare/comments/okek8z/what_is_everyone_usingon_the_rest_of_their_skin/h57qhuh/,https://www.reddit.com/r/30PlusSkinCare/comments/okek8z/what_is_everyone_usingon_the_rest_of_their_skin/,C044,r/30PlusSkinCare,Reply | thread: OP (age not stated) itchy dry arms/legs post-shower; asks what people use on body,lotion_temporary,medium,Diminishing returns,,whole_body,
B0450,Purchase criteria,"Big bottle, low price, has squalane, has natural BHA, and available at Target.","Große Flasche, niedriger Preis, Target",https://www.reddit.com/r/30PlusSkinCare/comments/okek8z/what_is_everyone_usingon_the_rest_of_their_skin/h57w487/,https://www.reddit.com/r/30PlusSkinCare/comments/okek8z/what_is_everyone_usingon_the_rest_of_their_skin/,C044,r/30PlusSkinCare,Reply | thread: OP (age not stated) itchy dry arms/legs post-shower; asks what people use on body,price_value,medium,Value + availability,,whole_body,
B0451,Tactile descriptions,this stuff absorbs beautifully.,Zieht wunderbar ein,https://www.reddit.com/r/30PlusSkinCare/comments/okek8z/what_is_everyone_usingon_the_rest_of_their_skin/h57w487/,https://www.reddit.com/r/30PlusSkinCare/comments/okek8z/what_is_everyone_usingon_the_rest_of_their_skin/,C044,r/30PlusSkinCare,Reply | thread: OP (age not stated) itchy dry arms/legs post-shower; asks what people use on body,oil_absorbs_fast,medium,Absorption praise,,whole_body,
B0452,Product / routine preferences,in cooler weather top it with a small amount of Bio-Oil,Bei kühlem Wetter etwas Bio-Oil darüber,https://www.reddit.com/r/30PlusSkinCare/comments/okek8z/what_is_everyone_usingon_the_rest_of_their_skin/h57wl7n/,https://www.reddit.com/r/30PlusSkinCare/comments/okek8z/what_is_everyone_usingon_the_rest_of_their_skin/,C044,r/30PlusSkinCare,Reply | thread: OP (age not stated) itchy dry arms/legs post-shower; asks what people use on body,winter_dryness;question_order_of_application,medium,Oil as seasonal top layer,,whole_body,
B0453,Successful attempts,I swear it keeps them soft for the next 2-3 days,Hält Hände 2-3 Tage weich,https://www.reddit.com/r/30PlusSkinCare/comments/okek8z/what_is_everyone_usingon_the_rest_of_their_skin/h57xgah/,https://www.reddit.com/r/30PlusSkinCare/comments/okek8z/what_is_everyone_usingon_the_rest_of_their_skin/,C044,r/30PlusSkinCare,Reply | thread: OP (age not stated) itchy dry arms/legs post-shower; asks what people use on body,soft_smooth_desire,medium,Longevity of softness,,hands,
B0454,Purchase criteria,"It's pricey, but for me, it's worth it. I haven't found anything else with such a nice texture","Teuer, aber Textur unvergleichlich",https://www.reddit.com/r/30PlusSkinCare/comments/okek8z/what_is_everyone_usingon_the_rest_of_their_skin/h587ya2/,https://www.reddit.com/r/30PlusSkinCare/comments/okek8z/what_is_everyone_usingon_the_rest_of_their_skin/,C044,r/30PlusSkinCare,Reply | thread: OP (age not stated) itchy dry arms/legs post-shower; asks what people use on body,price_value,medium,Texture justifies price,,legs,
B0455,Tactile descriptions,It absorbs quickly but moisturizes well & lasts a long time.,"Zieht schnell ein, pflegt gut, hält lange",https://www.reddit.com/r/30PlusSkinCare/comments/okek8z/what_is_everyone_usingon_the_rest_of_their_skin/h58css7/,https://www.reddit.com/r/30PlusSkinCare/comments/okek8z/what_is_everyone_usingon_the_rest_of_their_skin/,C044,r/30PlusSkinCare,Reply | thread: OP (age not stated) itchy dry arms/legs post-shower; asks what people use on body,oil_absorbs_fast,medium,Oil absorb + longevity combo,,whole_body,
B0456,Tactile descriptions,Use it after shower but before you dry off. No greasy feel. So wonderful.,"Vor dem Abtrocknen, kein fettiges Gefühl",https://www.reddit.com/r/30PlusSkinCare/comments/okek8z/what_is_everyone_usingon_the_rest_of_their_skin/h58hsof/,https://www.reddit.com/r/30PlusSkinCare/comments/okek8z/what_is_everyone_usingon_the_rest_of_their_skin/,C044,r/30PlusSkinCare,Reply | thread: OP (age not stated) itchy dry arms/legs post-shower; asks what people use on body,oil_on_damp_skin;oil_greasy_staining,medium,No-greasy feel is decisive,,whole_body,
B0457,Product / routine preferences,I mix a lotion I like the scent of (I like Coconut Skin Trip) with a few drops on Vitamin E Oil,Duftende Lotion mit Vitamin-E-Öl gemischt,https://www.reddit.com/r/30PlusSkinCare/comments/okek8z/what_is_everyone_usingon_the_rest_of_their_skin/h58k6hp/,https://www.reddit.com/r/30PlusSkinCare/comments/okek8z/what_is_everyone_usingon_the_rest_of_their_skin/,C044,r/30PlusSkinCare,Reply | thread: OP (age not stated) itchy dry arms/legs post-shower; asks what people use on body,scent_love,low,Lotion+oil mix by scent,,whole_body,under_40_signal
B0458,Product / routine preferences,I apply Neutrogena's body oil onto my legs just before I step out,Neutrogena-Öl auf Beine vor Verlassen der Dusche,https://www.reddit.com/r/30PlusSkinCare/comments/okek8z/what_is_everyone_usingon_the_rest_of_their_skin/h58qqsd/,https://www.reddit.com/r/30PlusSkinCare/comments/okek8z/what_is_everyone_usingon_the_rest_of_their_skin/,C044,r/30PlusSkinCare,Reply | thread: OP (age not stated) itchy dry arms/legs post-shower; asks what people use on body,oil_on_damp_skin,medium,In-shower oil,,legs,
B0459,Tactile descriptions,It soaks right in leaving your skin really soft and hydrated!,"Zieht ein, Haut weich und hydriert",https://www.reddit.com/r/30PlusSkinCare/comments/okek8z/what_is_everyone_usingon_the_rest_of_their_skin/h58qqsd/,https://www.reddit.com/r/30PlusSkinCare/comments/okek8z/what_is_everyone_usingon_the_rest_of_their_skin/,C044,r/30PlusSkinCare,Reply | thread: OP (age not stated) itchy dry arms/legs post-shower; asks what people use on body,oil_absorbs_fast;soft_smooth_desire,medium,soft+hydrated,,whole_body,
B0460,Product / routine preferences,"Then I use a moisturizing body wash, and follow up with a body oil, and lotion.","Duschgel, dann Körperöl, dann Lotion",https://www.reddit.com/r/30PlusSkinCare/comments/okek8z/what_is_everyone_usingon_the_rest_of_their_skin/h590188/,https://www.reddit.com/r/30PlusSkinCare/comments/okek8z/what_is_everyone_usingon_the_rest_of_their_skin/,C044,r/30PlusSkinCare,Reply | thread: OP (age not stated) itchy dry arms/legs post-shower; asks what people use on body,question_order_of_application,medium,Oil-then-lotion layering,,whole_body,
B0461,Product / routine preferences,sometimes body wash that's probably terrible for me but smells incredible.,"Duschgel wohl schlecht, riecht aber toll",https://www.reddit.com/r/30PlusSkinCare/comments/okek8z/what_is_everyone_usingon_the_rest_of_their_skin/h59dw4o/,https://www.reddit.com/r/30PlusSkinCare/comments/okek8z/what_is_everyone_usingon_the_rest_of_their_skin/,C044,r/30PlusSkinCare,Reply | thread: OP (age not stated) itchy dry arms/legs post-shower; asks what people use on body,scent_love,medium,Scent overrides,,whole_body,
B0462,Successful attempts,On these days I wash with a body oil (also a game changer) and use the Kate McLeod body stone to moisturize after. My skin has never been better.,Mit Körperöl waschen – Game Changer,https://www.reddit.com/r/30PlusSkinCare/comments/okek8z/what_is_everyone_usingon_the_rest_of_their_skin/h5a48jc/,https://www.reddit.com/r/30PlusSkinCare/comments/okek8z/what_is_everyone_usingon_the_rest_of_their_skin/,C044,r/30PlusSkinCare,Reply | thread: OP (age not stated) itchy dry arms/legs post-shower; asks what people use on body,oil_on_damp_skin,medium,Oil-wash format,,whole_body,
B0463,Successful attempts,Lotion EVERYTHING right out of the shower daily. Noticed a huge difference in the skin on my arms and torso after starting this.,Direkt nach Dusche alles eincremen – großer Unterschied,https://www.reddit.com/r/30PlusSkinCare/comments/u85cdr/there_are_tons_of_posts_regarding_facial_skin_but/i5izoc3/,https://www.reddit.com/r/30PlusSkinCare/comments/u85cdr/there_are_tons_of_posts_regarding_facial_skin_but/,C045,r/30PlusSkinCare,"Reply | thread: OP (image post, age not stated) asks what people do to prevent body aging; considering laser on chest/shoulders/arms",oil_on_damp_skin;consistency_effort,medium,Post-shower daily ritual works,,arms,
B0464,Objections,No sun no warm showers ... what’s the point in having nice skin if your life has no pleasure,Ohne Sonne und warme Duschen – wozu schöne Haut?,https://www.reddit.com/r/30PlusSkinCare/comments/u85cdr/there_are_tons_of_posts_regarding_facial_skin_but/i5khj4o/,https://www.reddit.com/r/30PlusSkinCare/comments/u85cdr/there_are_tons_of_posts_regarding_facial_skin_but/,C045,r/30PlusSkinCare,"Reply | thread: OP (image post, age not stated) asks what people do to prevent body aging; considering laser on chest/shoulders/arms",routine_fatigue,medium,Rejection of joyless restrictions,,whole_body,
B0465,Objections,I'll do the lotion thing but I draw the line at giving up my scalding hot showers.,"Lotion ja, aber heiße Duschen bleiben",https://www.reddit.com/r/30PlusSkinCare/comments/u85cdr/there_are_tons_of_posts_regarding_facial_skin_but/i5lbedw/,https://www.reddit.com/r/30PlusSkinCare/comments/u85cdr/there_are_tons_of_posts_regarding_facial_skin_but/,C045,r/30PlusSkinCare,"Reply | thread: OP (image post, age not stated) asks what people do to prevent body aging; considering laser on chest/shoulders/arms",routine_fatigue,medium,Hot showers non-negotiable,,whole_body,
B0466,Product / routine preferences,I use that half hour to question life and the purpose of my existence. More of my mental health time,Heiße Dusche als Mental-Health-Zeit,https://www.reddit.com/r/30PlusSkinCare/comments/u85cdr/there_are_tons_of_posts_regarding_facial_skin_but/i5lw6du/,https://www.reddit.com/r/30PlusSkinCare/comments/u85cdr/there_are_tons_of_posts_regarding_facial_skin_but/,C045,r/30PlusSkinCare,"Reply | thread: OP (image post, age not stated) asks what people do to prevent body aging; considering laser on chest/shoulders/arms",self_care_ritual,low,Shower as emotional ritual,,whole_body,
B0467,Purchase criteria,hard for me to justify using that much of my more expensive face serum,Teures Gesichtsserum für große Flächen nicht vertretbar,https://www.reddit.com/r/30PlusSkinCare/comments/u85cdr/there_are_tons_of_posts_regarding_facial_skin_but/i5j4fr7/,https://www.reddit.com/r/30PlusSkinCare/comments/u85cdr/there_are_tons_of_posts_regarding_facial_skin_but/,C045,r/30PlusSkinCare,"Reply | thread: OP (image post, age not stated) asks what people do to prevent body aging; considering laser on chest/shoulders/arms",price_value,medium,Cost-per-area logic for body,,chest,
B0468,Purchase criteria,I'm better about applying liberally because the price is lower.,Bei niedrigem Preis großzügiger aufgetragen,https://www.reddit.com/r/30PlusSkinCare/comments/u85cdr/there_are_tons_of_posts_regarding_facial_skin_but/i5jgxak/,https://www.reddit.com/r/30PlusSkinCare/comments/u85cdr/there_are_tons_of_posts_regarding_facial_skin_but/,C045,r/30PlusSkinCare,"Reply | thread: OP (image post, age not stated) asks what people do to prevent body aging; considering laser on chest/shoulders/arms",price_value,medium,Lower price → generous use,,chest,
B0469,Skepticism,I’m not really sure! It isn’t hurting though and makes me feel like I’m doing something proactive,"Unsicher, aber Gefühl, proaktiv zu sein",https://www.reddit.com/r/30PlusSkinCare/comments/u85cdr/there_are_tons_of_posts_regarding_facial_skin_but/i5o8eak/,https://www.reddit.com/r/30PlusSkinCare/comments/u85cdr/there_are_tons_of_posts_regarding_facial_skin_but/,C045,r/30PlusSkinCare,"Reply | thread: OP (image post, age not stated) asks what people do to prevent body aging; considering laser on chest/shoulders/arms",self_care_ritual,medium,Feeling proactive valued even without proof,,chest,
B0470,Successful attempts,in a week it’s like 10 years has rolled off your skin.,Nach einer Woche wie 10 Jahre jünger (TCA),https://www.reddit.com/r/30PlusSkinCare/comments/u85cdr/there_are_tons_of_posts_regarding_facial_skin_but/i5kcgn8/,https://www.reddit.com/r/30PlusSkinCare/comments/u85cdr/there_are_tons_of_posts_regarding_facial_skin_but/,C045,r/30PlusSkinCare,"Reply | thread: OP (image post, age not stated) asks what people do to prevent body aging; considering laser on chest/shoulders/arms",time_to_result,low,Peel hyperbole,,chest,
B0471,Product / routine preferences,I’m staying fit and lifting heavy weights. Don’t have any cellulite and my skin stays really smooth and taught.,"Fit, Gewichte – Haut glatt und straff",https://www.reddit.com/r/30PlusSkinCare/comments/u85cdr/there_are_tons_of_posts_regarding_facial_skin_but/i5l7pco/,https://www.reddit.com/r/30PlusSkinCare/comments/u85cdr/there_are_tons_of_posts_regarding_facial_skin_but/,C045,r/30PlusSkinCare,"Reply | thread: OP (image post, age not stated) asks what people do to prevent body aging; considering laser on chest/shoulders/arms",soft_smooth_desire,low,Fitness credited,,whole_body,
B0472,Objections,there are some body lotions with good stuff in them but i don’t love applying body lotion so it’s not something that works for me.,Mag Bodylotion-Auftragen nicht,https://www.reddit.com/r/30PlusSkinCare/comments/u85cdr/there_are_tons_of_posts_regarding_facial_skin_but/i5j3gc2/,https://www.reddit.com/r/30PlusSkinCare/comments/u85cdr/there_are_tons_of_posts_regarding_facial_skin_but/,C045,r/30PlusSkinCare,"Reply | thread: OP (image post, age not stated) asks what people do to prevent body aging; considering laser on chest/shoulders/arms",routine_fatigue,medium,Application aversion,,whole_body,
B0473,Questions customers repeatedly ask,Would a retinol body wash even be effective? I feel like it would be useless in a wash off product like body wash.,Wirkt Retinol in abwaschbarem Duschgel?,https://www.reddit.com/r/30PlusSkinCare/comments/u85cdr/there_are_tons_of_posts_regarding_facial_skin_but/i5mwfan/,https://www.reddit.com/r/30PlusSkinCare/comments/u85cdr/there_are_tons_of_posts_regarding_facial_skin_but/,C045,r/30PlusSkinCare,"Reply | thread: OP (image post, age not stated) asks what people do to prevent body aging; considering laser on chest/shoulders/arms",retinol_body;marketing_distrust,medium,Wash-off efficacy skepticism,,whole_body,
B0474,Skepticism,it might just be very low as a gimmick too.,Vielleicht nur Gimmick in niedriger Konzentration,https://www.reddit.com/r/30PlusSkinCare/comments/u85cdr/there_are_tons_of_posts_regarding_facial_skin_but/i5myr6r/,https://www.reddit.com/r/30PlusSkinCare/comments/u85cdr/there_are_tons_of_posts_regarding_facial_skin_but/,C045,r/30PlusSkinCare,"Reply | thread: OP (image post, age not stated) asks what people do to prevent body aging; considering laser on chest/shoulders/arms",marketing_distrust,medium,Gimmick suspicion,,whole_body,
B0475,Emotional reactions,"Nothing, signs of aging don't mean anything bad.",Nichts – Alterszeichen sind nicht schlimm,https://www.reddit.com/r/30PlusSkinCare/comments/u85cdr/there_are_tons_of_posts_regarding_facial_skin_but/i5ju8mn/,https://www.reddit.com/r/30PlusSkinCare/comments/u85cdr/there_are_tons_of_posts_regarding_facial_skin_but/,C045,r/30PlusSkinCare,"Reply | thread: OP (image post, age not stated) asks what people do to prevent body aging; considering laser on chest/shoulders/arms",acceptance_aging,low,Acceptance voice,,whole_body,
B0476,Successful attempts,Super hydrating and helped with my discoloration and cellulite.,"Sehr feuchtigkeitsspendend, half bei Verfärbung/Cellulite",https://www.reddit.com/r/30PlusSkinCare/comments/u85cdr/there_are_tons_of_posts_regarding_facial_skin_but/i5o9rnh/,https://www.reddit.com/r/30PlusSkinCare/comments/u85cdr/there_are_tons_of_posts_regarding_facial_skin_but/,C045,r/30PlusSkinCare,"Reply | thread: OP (image post, age not stated) asks what people do to prevent body aging; considering laser on chest/shoulders/arms",retinol_body,low,DIY cocktail,,whole_body,
B0477,Identity / social implications,I get so many compliments on my body skin being soft and I swear it’s JUST because I exfoliate regularly.,Viele Komplimente für weiche Haut – durch Peeling,https://www.reddit.com/r/30PlusSkinCare/comments/u85cdr/there_are_tons_of_posts_regarding_facial_skin_but/ibtw1au/,https://www.reddit.com/r/30PlusSkinCare/comments/u85cdr/there_are_tons_of_posts_regarding_facial_skin_but/,C045,r/30PlusSkinCare,"Reply | thread: OP (image post, age not stated) asks what people do to prevent body aging; considering laser on chest/shoulders/arms",soft_smooth_desire;exfoliation_dry_brush,medium,Compliments as social reward,,whole_body,
B0478,Ingredient / mechanism beliefs,It’s all about moisture. Shea butter,Alles dreht sich um Feuchtigkeit,https://www.reddit.com/r/30PlusSkinCare/comments/u85cdr/there_are_tons_of_posts_regarding_facial_skin_but/i5kptyc/,https://www.reddit.com/r/30PlusSkinCare/comments/u85cdr/there_are_tons_of_posts_regarding_facial_skin_but/,C045,r/30PlusSkinCare,"Reply | thread: OP (image post, age not stated) asks what people do to prevent body aging; considering laser on chest/shoulders/arms",soft_smooth_desire,low,Moisture-first belief,,whole_body,
B0479,Product / routine preferences,I use Neutrogena Sesame Body Oil all over immediately out of the shower. If I am still feeling a bit dry (Arizona summers 🥵) I use Amlactin Rapid Relief lotion.,Neutrogena-Öl direkt nach Dusche; bei Trockenheit AmLactin,https://www.reddit.com/r/30PlusSkinCare/comments/u85cdr/there_are_tons_of_posts_regarding_facial_skin_but/i5n9khg/,https://www.reddit.com/r/30PlusSkinCare/comments/u85cdr/there_are_tons_of_posts_regarding_facial_skin_but/,C045,r/30PlusSkinCare,"Reply Arizona | thread: OP (image post, age not stated) asks what people do to prevent body aging; considering laser on chest/shoulders/arms",oil_on_damp_skin;amlactin_lactic,medium,"Oil first, lotion if still dry (desert)",,whole_body,
B0480,Routine friction,I can't commit to tretinoin on the body for long enough.,Kann Tretinoin am Körper nicht lange genug durchhalten,https://www.reddit.com/r/30PlusSkinCare/comments/u85cdr/there_are_tons_of_posts_regarding_facial_skin_but/i5mmbjl/,https://www.reddit.com/r/30PlusSkinCare/comments/u85cdr/there_are_tons_of_posts_regarding_facial_skin_but/,C045,r/30PlusSkinCare,"Reply | thread: OP (image post, age not stated) asks what people do to prevent body aging; considering laser on chest/shoulders/arms",routine_fatigue;retinol_body,medium,Commitment friction,,whole_body,
B0481,Product / routine preferences,"Oil, body cream and SPF for daily maintenance.","Öl, Körpercreme, SPF täglich",https://www.reddit.com/r/30PlusSkinCare/comments/u85cdr/there_are_tons_of_posts_regarding_facial_skin_but/i5j23ds/,https://www.reddit.com/r/30PlusSkinCare/comments/u85cdr/there_are_tons_of_posts_regarding_facial_skin_but/,C045,r/30PlusSkinCare,"Reply | thread: OP (image post, age not stated) asks what people do to prevent body aging; considering laser on chest/shoulders/arms",oil_vs_lotion_confusion,medium,Oil + cream daily,,whole_body,
B0482,Desired outcomes,Can I say all 3? I’m noticing age spots in my arms and I’ve always had KP,"Alle drei: Flecken, Elastizität, Textur",https://www.reddit.com/r/30PlusSkinCare/comments/u85cdr/there_are_tons_of_posts_regarding_facial_skin_but/i5jpaai/,https://www.reddit.com/r/30PlusSkinCare/comments/u85cdr/there_are_tons_of_posts_regarding_facial_skin_but/,C045,r/30PlusSkinCare,"OP | thread: OP (image post, age not stated) asks what people do to prevent body aging; considering laser on chest/shoulders/arms",crepey_arms,medium,Multi-concern desire,,arms,
B0483,Ingredient / mechanism beliefs,no lotions with PUFA oil,Keine Lotionen mit PUFA-Ölen,https://www.reddit.com/r/30PlusSkinCare/comments/u85cdr/there_are_tons_of_posts_regarding_facial_skin_but/i5mfg71/,https://www.reddit.com/r/30PlusSkinCare/comments/u85cdr/there_are_tons_of_posts_regarding_facial_skin_but/,C045,r/30PlusSkinCare,"Reply | thread: OP (image post, age not stated) asks what people do to prevent body aging; considering laser on chest/shoulders/arms",marketing_distrust,low,Seed-oil avoidance belief (recurs C031),,whole_body,
B0484,Skepticism,Normal body cream is enough imo.,Normale Körpercreme reicht,https://www.reddit.com/r/30PlusSkinCare/comments/uaj9oo/are_antiaging_body_skincare_products_actually/i5y258y/,https://www.reddit.com/r/30PlusSkinCare/comments/uaj9oo/are_antiaging_body_skincare_products_actually/,C046,r/30PlusSkinCare,Reply | thread: OP asks whether anti-aging body products are worth it and which affordable brand,price_value;marketing_distrust,medium,Basic-is-enough belief,,whole_body,
B0485,Product / routine preferences,apply cerave lotion right after I took my shower while I’m still in the bathroom (to keep the humidity locked in).,"Lotion direkt nach Dusche im Bad, um Feuchtigkeit einzuschließen",https://www.reddit.com/r/30PlusSkinCare/comments/uaj9oo/are_antiaging_body_skincare_products_actually/i5ymc6y/,https://www.reddit.com/r/30PlusSkinCare/comments/uaj9oo/are_antiaging_body_skincare_products_actually/,C046,r/30PlusSkinCare,Reply | thread: OP asks whether anti-aging body products are worth it and which affordable brand,oil_on_damp_skin,medium,Bathroom humidity lock-in logic,,whole_body,
B0486,Identity / social implications,I told my mother about it. She started doing the same and her skin improves a lot too,"Mutter macht es nach, Haut auch besser",https://www.reddit.com/r/30PlusSkinCare/comments/uaj9oo/are_antiaging_body_skincare_products_actually/i5ymc6y/,https://www.reddit.com/r/30PlusSkinCare/comments/uaj9oo/are_antiaging_body_skincare_products_actually/,C046,r/30PlusSkinCare,Reply | thread: OP asks whether anti-aging body products are worth it and which affordable brand,mothers_skin;peer_proof,low,Daughter-to-mother tips,,whole_body,
B0487,Successful attempts,my skin is so soft and radiant now.,Haut so weich und strahlend,https://www.reddit.com/r/30PlusSkinCare/comments/uaj9oo/are_antiaging_body_skincare_products_actually/i62o3jo/,https://www.reddit.com/r/30PlusSkinCare/comments/uaj9oo/are_antiaging_body_skincare_products_actually/,C046,r/30PlusSkinCare,Reply | thread: OP asks whether anti-aging body products are worth it and which affordable brand,soft_smooth_desire;glow_desire,medium,soft+radiant outcome,,whole_body,
B0488,Tactile descriptions,my skin feels like gold after.,Haut fühlt sich an wie Gold,https://www.reddit.com/r/30PlusSkinCare/comments/uaj9oo/are_antiaging_body_skincare_products_actually/i63et8j/,https://www.reddit.com/r/30PlusSkinCare/comments/uaj9oo/are_antiaging_body_skincare_products_actually/,C046,r/30PlusSkinCare,Reply | thread: OP asks whether anti-aging body products are worth it and which affordable brand,glow_desire,medium,Luxury-feel metaphor,,whole_body,
B0489,Skepticism,I feel like my skin looks glowier and firmer but that could be in my head.,Haut wirkt glowiger und fester – evtl. Einbildung,https://www.reddit.com/r/30PlusSkinCare/comments/uaj9oo/are_antiaging_body_skincare_products_actually/i5yhgyx/,https://www.reddit.com/r/30PlusSkinCare/comments/uaj9oo/are_antiaging_body_skincare_products_actually/,C046,r/30PlusSkinCare,Reply | thread: OP asks whether anti-aging body products are worth it and which affordable brand,glow_desire;marketing_distrust,medium,Self-doubt about perceived results,,whole_body,
B0490,Purchase criteria,I don’t think I’d spend more than $20-$30 on a body product,Max. 20-30$ für ein Körperprodukt,https://www.reddit.com/r/30PlusSkinCare/comments/uaj9oo/are_antiaging_body_skincare_products_actually/i5yhgyx/,https://www.reddit.com/r/30PlusSkinCare/comments/uaj9oo/are_antiaging_body_skincare_products_actually/,C046,r/30PlusSkinCare,Reply | thread: OP asks whether anti-aging body products are worth it and which affordable brand,price_value,medium,Explicit price ceiling,,whole_body,
B0491,Skepticism,I am skeptical on retinol body creams none I’ve seen disclose a percentage,Skeptisch bei Retinol-Körpercremes ohne Prozentangabe,https://www.reddit.com/r/30PlusSkinCare/comments/uaj9oo/are_antiaging_body_skincare_products_actually/i5yhgyx/,https://www.reddit.com/r/30PlusSkinCare/comments/uaj9oo/are_antiaging_body_skincare_products_actually/,C046,r/30PlusSkinCare,Reply | thread: OP asks whether anti-aging body products are worth it and which affordable brand,retinol_body;marketing_distrust,medium,Transparency of % as trust driver,,whole_body,
B0492,Time-to-result expectations,"After like 8 months or so, the different was quite dramatic with tightening and smoothing of the skin only on the leg that got glycolic acid.",Nach 8 Monaten dramatischer Unterschied (Ein-Bein-Test),https://www.reddit.com/r/30PlusSkinCare/comments/uaj9oo/are_antiaging_body_skincare_products_actually/i605xqe/,https://www.reddit.com/r/30PlusSkinCare/comments/uaj9oo/are_antiaging_body_skincare_products_actually/,C046,r/30PlusSkinCare,Reply | thread: OP asks whether anti-aging body products are worth it and which affordable brand,time_to_result;peer_proof,medium,Side-by-side proof format; 8-month horizon,,legs,
B0493,Product / routine preferences,I also slather on body oil as soon as I step out of the shower (before I towel off). Both are not pricey at all.,Körperöl direkt nach Dusche vor dem Abtrocknen – günstig,https://www.reddit.com/r/30PlusSkinCare/comments/uaj9oo/are_antiaging_body_skincare_products_actually/i5yxr3a/,https://www.reddit.com/r/30PlusSkinCare/comments/uaj9oo/are_antiaging_body_skincare_products_actually/,C046,r/30PlusSkinCare,Reply | thread: OP asks whether anti-aging body products are worth it and which affordable brand,oil_on_damp_skin;price_value,medium,Oil before towel-off,,whole_body,
B0494,Ingredient / mechanism beliefs,"If you use body oil, the lotion can't do anything. Oil should be later otherwise nothing can penetrate, so those actives are useless.",Öl zuerst blockiert Lotion-Wirkstoffe; Öl muss zuletzt,https://www.reddit.com/r/30PlusSkinCare/comments/uaj9oo/are_antiaging_body_skincare_products_actually/nj9x1wy/,https://www.reddit.com/r/30PlusSkinCare/comments/uaj9oo/are_antiaging_body_skincare_products_actually/,C046,r/30PlusSkinCare,Reply | thread: OP asks whether anti-aging body products are worth it and which affordable brand,question_order_of_application;oil_seals_not_hydrates,medium,Layering-order belief: oil last,,whole_body,
B0495,Time-to-result expectations,"Bear in mind, retinol on your face takes at least 3 mos to show results, so same goes for your body.",Retinol braucht mind. 3 Monate,https://www.reddit.com/r/30PlusSkinCare/comments/uaj9oo/are_antiaging_body_skincare_products_actually/i60221e/,https://www.reddit.com/r/30PlusSkinCare/comments/uaj9oo/are_antiaging_body_skincare_products_actually/,C046,r/30PlusSkinCare,Reply | thread: OP asks whether anti-aging body products are worth it and which affordable brand,time_to_result;retinol_body,medium,3-month expectation,,whole_body,
B0496,Situational triggers,"After two babies and weight loss, my skin was getting more crepey",Nach zwei Babys und Abnehmen crepiger,https://www.reddit.com/r/30PlusSkinCare/comments/uaj9oo/are_antiaging_body_skincare_products_actually/i60221e/,https://www.reddit.com/r/30PlusSkinCare/comments/uaj9oo/are_antiaging_body_skincare_products_actually/,C046,r/30PlusSkinCare,Reply | thread: OP asks whether anti-aging body products are worth it and which affordable brand,weight_loss_glp1,medium,Weight-loss trigger,,whole_body,
B0497,Skepticism,I *assume* it makes a difference because there is science behind both these chemicals. I can't say I see a difference,"Nimmt an, dass es wirkt (Wissenschaft), sieht aber nichts",https://www.reddit.com/r/30PlusSkinCare/comments/uaj9oo/are_antiaging_body_skincare_products_actually/i61dd3k/,https://www.reddit.com/r/30PlusSkinCare/comments/uaj9oo/are_antiaging_body_skincare_products_actually/,C046,r/30PlusSkinCare,Reply | thread: OP asks whether anti-aging body products are worth it and which affordable brand,marketing_distrust,low,Faith in science vs no visible result,35,whole_body,under_40_signal
B0498,Objections,I'll never buy another product from them again because of their sleazy marketing campaigns,Nie wieder wegen unseriösem Marketing,https://www.reddit.com/r/30PlusSkinCare/comments/uaj9oo/are_antiaging_body_skincare_products_actually/i61dd3k/,https://www.reddit.com/r/30PlusSkinCare/comments/uaj9oo/are_antiaging_body_skincare_products_actually/,C046,r/30PlusSkinCare,Reply | thread: OP asks whether anti-aging body products are worth it and which affordable brand,marketing_distrust,low,Brand marketing ethics matter,35,whole_body,under_40_signal
B0499,Purchase criteria,they are hard to come by without percentages or details on what the retinol is!,Kaum Produkte mit Prozentangaben,https://www.reddit.com/r/30PlusSkinCare/comments/uaj9oo/are_antiaging_body_skincare_products_actually/i61kmau/,https://www.reddit.com/r/30PlusSkinCare/comments/uaj9oo/are_antiaging_body_skincare_products_actually/,C046,r/30PlusSkinCare,Reply | thread: OP asks whether anti-aging body products are worth it and which affordable brand,retinol_body;marketing_distrust,medium,Transparency demand,,whole_body,
B0500,Skepticism,Nada. It’s all marketing.,Nichts – alles Marketing,https://www.reddit.com/r/30PlusSkinCare/comments/uaj9oo/are_antiaging_body_skincare_products_actually/i5zelwv/,https://www.reddit.com/r/30PlusSkinCare/comments/uaj9oo/are_antiaging_body_skincare_products_actually/,C046,r/30PlusSkinCare,Reply | thread: OP asks whether anti-aging body products are worth it and which affordable brand,marketing_distrust,medium,Blanket category skepticism,,whole_body,
B0501,Routine friction,I'm the worst about lotions and stuff so I bought some foaming shower oil to help keep my skin moisturized.,Schlecht im Eincremen – deshalb Duschöl,https://www.reddit.com/r/30PlusSkinCare/comments/uaj9oo/are_antiaging_body_skincare_products_actually/i622dvx/,https://www.reddit.com/r/30PlusSkinCare/comments/uaj9oo/are_antiaging_body_skincare_products_actually/,C046,r/30PlusSkinCare,Reply | thread: OP asks whether anti-aging body products are worth it and which affordable brand,routine_fatigue;oil_on_damp_skin,medium,Shower oil for lotion-lazy,,whole_body,
B0502,Purchase criteria,I totally invest in myself and will spend my money on what my body needs.,Investiert in sich selbst,https://www.reddit.com/r/30PlusSkinCare/comments/uaj9oo/are_antiaging_body_skincare_products_actually/i63pfu8/,https://www.reddit.com/r/30PlusSkinCare/comments/uaj9oo/are_antiaging_body_skincare_products_actually/,C046,r/30PlusSkinCare,Reply | thread: OP asks whether anti-aging body products are worth it and which affordable brand,self_care_ritual,low,Self-investment framing; UK,48,whole_body,non_us_signal;possible_seeding
B0503,Problem descriptions,I'm noticing arm skin being less elastic and know that my father has the whole super thin easy to rip skin.,"Armhaut weniger elastisch; Vater hat dünne, reißende Haut",https://www.reddit.com/r/30PlusSkinCare/comments/17w7jhl/tips_on_avoiding_shitty_thin_skin_in_70s/,https://www.reddit.com/r/30PlusSkinCare/comments/17w7jhl/tips_on_avoiding_shitty_thin_skin_in_70s/,C047,r/30PlusSkinCare,"OP 45-55 | thread: OP (45-55, likely male - mentions wife) arm skin less elastic, father has thin tearing skin; asks prevention",thin_skin_bruising;mothers_skin,low,Parental skin as fear driver,,arms,possible_male_poster
B0504,Questions customers repeatedly ask,Was just curious if there is something reasonable I can do to help avoid getting crappy thing skin later in life.,Was kann man vernünftig gegen dünne Haut tun?,https://www.reddit.com/r/30PlusSkinCare/comments/17w7jhl/tips_on_avoiding_shitty_thin_skin_in_70s/,https://www.reddit.com/r/30PlusSkinCare/comments/17w7jhl/tips_on_avoiding_shitty_thin_skin_in_70s/,C047,r/30PlusSkinCare,"OP | thread: OP (45-55, likely male - mentions wife) arm skin less elastic, father has thin tearing skin; asks prevention",question_what_works,low,Prevention question,,arms,possible_male_poster
B0505,Successful attempts,"As a 60 year old weightlifter, this is THE response. The skin on my body and face is taut, no slack.",60-jährige Gewichtheberin: Haut straff,https://www.reddit.com/r/30PlusSkinCare/comments/17w7jhl/tips_on_avoiding_shitty_thin_skin_in_70s/k9hgms3/,https://www.reddit.com/r/30PlusSkinCare/comments/17w7jhl/tips_on_avoiding_shitty_thin_skin_in_70s/,C047,r/30PlusSkinCare,"Reply | thread: OP (45-55, likely male - mentions wife) arm skin less elastic, father has thin tearing skin; asks prevention",peer_proof,medium,Fitness as skin solution,60,whole_body,
B0506,Problem descriptions,"My skin is getting thinner too, but I’m just keeping up the weight training",Haut wird dünner trotz Training,https://www.reddit.com/r/30PlusSkinCare/comments/17w7jhl/tips_on_avoiding_shitty_thin_skin_in_70s/k9foec8/,https://www.reddit.com/r/30PlusSkinCare/comments/17w7jhl/tips_on_avoiding_shitty_thin_skin_in_70s/,C047,r/30PlusSkinCare,"Reply 57f | thread: OP (45-55, likely male - mentions wife) arm skin less elastic, father has thin tearing skin; asks prevention",thin_skin_bruising,high,Thinning acknowledged at 57,57,whole_body,
B0507,Desired outcomes,Do those two things everyday and you’ll be in much better shape when you’re in your 70s.,Täglich Retinol + SPF für bessere Haut in den 70ern,https://www.reddit.com/r/30PlusSkinCare/comments/17w7jhl/tips_on_avoiding_shitty_thin_skin_in_70s/k9fiphx/,https://www.reddit.com/r/30PlusSkinCare/comments/17w7jhl/tips_on_avoiding_shitty_thin_skin_in_70s/,C047,r/30PlusSkinCare,"Reply | thread: OP (45-55, likely male - mentions wife) arm skin less elastic, father has thin tearing skin; asks prevention",retinol_body;sunscreen_sun_damage,medium,Long-horizon prevention,,arms,
B0508,Questions customers repeatedly ask,Is there any downsides to using a retinol body lotion?,Nachteile von Retinol-Körperlotion?,https://www.reddit.com/r/30PlusSkinCare/comments/17w7jhl/tips_on_avoiding_shitty_thin_skin_in_70s/k9fk74z/,https://www.reddit.com/r/30PlusSkinCare/comments/17w7jhl/tips_on_avoiding_shitty_thin_skin_in_70s/,C047,r/30PlusSkinCare,"OP | thread: OP (45-55, likely male - mentions wife) arm skin less elastic, father has thin tearing skin; asks prevention",retinol_body,low,Safety question,,arms,possible_male_poster
B0509,Routine friction,"I love this one and use it, though I should be more consistent!","Mag es, sollte konsequenter sein",https://www.reddit.com/r/30PlusSkinCare/comments/17w7jhl/tips_on_avoiding_shitty_thin_skin_in_70s/k9jmnhu/,https://www.reddit.com/r/30PlusSkinCare/comments/17w7jhl/tips_on_avoiding_shitty_thin_skin_in_70s/,C047,r/30PlusSkinCare,"Reply | thread: OP (45-55, likely male - mentions wife) arm skin less elastic, father has thin tearing skin; asks prevention",consistency_effort;routine_fatigue,medium,Consistency gap,,unspecified,
B0510,Ingredient / mechanism beliefs,"The collagen is deep down in the skin layers, no cosmetic influences/reaches that. All cosmetics stop at the surface.","Kollagen liegt tief, Kosmetik bleibt an der Oberfläche",https://www.reddit.com/r/30PlusSkinCare/comments/17w7jhl/tips_on_avoiding_shitty_thin_skin_in_70s/k9g2pd5/,https://www.reddit.com/r/30PlusSkinCare/comments/17w7jhl/tips_on_avoiding_shitty_thin_skin_in_70s/,C047,r/30PlusSkinCare,"Reply | thread: OP (45-55, likely male - mentions wife) arm skin less elastic, father has thin tearing skin; asks prevention",nothing_works;marketing_distrust,medium,Surface-only belief,,unspecified,
B0511,Skepticism,Avoid any lotion or cream that says it contains collagen. They are a waste of money,Cremes mit Kollagen = Geldverschwendung,https://www.reddit.com/r/30PlusSkinCare/comments/17w7jhl/tips_on_avoiding_shitty_thin_skin_in_70s/k9g433a/,https://www.reddit.com/r/30PlusSkinCare/comments/17w7jhl/tips_on_avoiding_shitty_thin_skin_in_70s/,C047,r/30PlusSkinCare,"Reply | thread: OP (45-55, likely male - mentions wife) arm skin less elastic, father has thin tearing skin; asks prevention",marketing_distrust;collagen_supplement,medium,Topical collagen claims distrusted,,unspecified,
B0512,Ingredient / mechanism beliefs,"Thinning skin, crepiness and easy bruising are probably genetic","Dünne Haut, Crepe, Blutergüsse genetisch",https://www.reddit.com/r/30PlusSkinCare/comments/17w7jhl/tips_on_avoiding_shitty_thin_skin_in_70s/k9g433a/,https://www.reddit.com/r/30PlusSkinCare/comments/17w7jhl/tips_on_avoiding_shitty_thin_skin_in_70s/,C047,r/30PlusSkinCare,"Reply | thread: OP (45-55, likely male - mentions wife) arm skin less elastic, father has thin tearing skin; asks prevention",thin_skin_bruising,medium,Genetic attribution,,unspecified,
B0513,Situational triggers,Mine is already thin... Ovaries removed around age 52. I didn't know it could cause thin skin.,Haut dünn nach Eierstockentfernung mit 52,https://www.reddit.com/r/30PlusSkinCare/comments/17w7jhl/tips_on_avoiding_shitty_thin_skin_in_70s/k9p28ly/,https://www.reddit.com/r/30PlusSkinCare/comments/17w7jhl/tips_on_avoiding_shitty_thin_skin_in_70s/,C047,r/30PlusSkinCare,"Reply | thread: OP (45-55, likely male - mentions wife) arm skin less elastic, father has thin tearing skin; asks prevention",thin_skin_bruising;hrt_estrogen_skin,medium,Surgical menopause trigger,52,unspecified,hrt_medical_context
B0514,Situational triggers,"I’m over 60 and have lost nearly fifty pounds this year, great for the waistline but not so great for the skin. I was battling thin, dry, crepey skin","Über 60, fast 50 Pfund abgenommen – dünne, trockene, crepige Haut",https://www.reddit.com/r/30PlusSkinCare/comments/17w7jhl/tips_on_avoiding_shitty_thin_skin_in_70s/k9gbbre/,https://www.reddit.com/r/30PlusSkinCare/comments/17w7jhl/tips_on_avoiding_shitty_thin_skin_in_70s/,C047,r/30PlusSkinCare,"Reply | thread: OP (45-55, likely male - mentions wife) arm skin less elastic, father has thin tearing skin; asks prevention",weight_loss_glp1,high,Weight-loss trigger 60+,,whole_body,
B0515,Successful attempts,"To my surprise, Cerave Moisturizing Creme after three weeks (less than a 16oz tub with pump) has plumped up and smoothed out my skin. Amazing. And it’s affordable, perfect.",CeraVe nach 3 Wochen prall und glatt – erschwinglich,https://www.reddit.com/r/30PlusSkinCare/comments/17w7jhl/tips_on_avoiding_shitty_thin_skin_in_70s/k9gbbre/,https://www.reddit.com/r/30PlusSkinCare/comments/17w7jhl/tips_on_avoiding_shitty_thin_skin_in_70s/,C047,r/30PlusSkinCare,"Reply | thread: OP (45-55, likely male - mentions wife) arm skin less elastic, father has thin tearing skin; asks prevention",time_to_result;price_value;soft_smooth_desire,high,3-week basic-cream success,,whole_body,
B0516,Product / routine preferences,"Once absorbed, try topping it with a very small amount of Vaseline. That’s my winter survival tip for hands.",Nach Einziehen etwas Vaseline – Winter-Tipp,https://www.reddit.com/r/30PlusSkinCare/comments/17w7jhl/tips_on_avoiding_shitty_thin_skin_in_70s/k9gbbre/,https://www.reddit.com/r/30PlusSkinCare/comments/17w7jhl/tips_on_avoiding_shitty_thin_skin_in_70s/,C047,r/30PlusSkinCare,"Reply | thread: OP (45-55, likely male - mentions wife) arm skin less elastic, father has thin tearing skin; asks prevention",winter_dryness;oil_seals_not_hydrates,high,Occlusive top layer,,hands,
B0517,Skepticism,Weight lifting will only take you so far.,Krafttraining bringt nur begrenzt,https://www.reddit.com/r/30PlusSkinCare/comments/17w7jhl/tips_on_avoiding_shitty_thin_skin_in_70s/k9gvtsx/,https://www.reddit.com/r/30PlusSkinCare/comments/17w7jhl/tips_on_avoiding_shitty_thin_skin_in_70s/,C047,r/30PlusSkinCare,"Reply mid-sixties | thread: OP (45-55, likely male - mentions wife) arm skin less elastic, father has thin tearing skin; asks prevention",nothing_works,high,Limits of exercise,,arms,
B0518,Symptoms / visible texture descriptions,As you get older your skin looses it's elasticity and your bones shrink ever so slightly and together you end up with wrinkly skin on your arms and legs.,Elastizitätsverlust → faltige Arme und Beine,https://www.reddit.com/r/30PlusSkinCare/comments/17w7jhl/tips_on_avoiding_shitty_thin_skin_in_70s/k9gvtsx/,https://www.reddit.com/r/30PlusSkinCare/comments/17w7jhl/tips_on_avoiding_shitty_thin_skin_in_70s/,C047,r/30PlusSkinCare,"Reply | thread: OP (45-55, likely male - mentions wife) arm skin less elastic, father has thin tearing skin; asks prevention",crepey_arms;crepey_legs,high,Mechanism belief,,arms,
B0519,Routine friction,I'm not going to put retin A on my damned legs. I DO have my limit's you know.,Kein Retin-A auf die Beine – hat Grenzen,https://www.reddit.com/r/30PlusSkinCare/comments/17w7jhl/tips_on_avoiding_shitty_thin_skin_in_70s/k9gvtsx/,https://www.reddit.com/r/30PlusSkinCare/comments/17w7jhl/tips_on_avoiding_shitty_thin_skin_in_70s/,C047,r/30PlusSkinCare,"Reply | thread: OP (45-55, likely male - mentions wife) arm skin less elastic, father has thin tearing skin; asks prevention",routine_fatigue,high,Effort limit for legs,,legs,
B0520,Exact phrases / metaphors / repeated wording,his skin is like paper.,Haut wie Papier,https://www.reddit.com/r/30PlusSkinCare/comments/17w7jhl/tips_on_avoiding_shitty_thin_skin_in_70s/k9g2i5m/,https://www.reddit.com/r/30PlusSkinCare/comments/17w7jhl/tips_on_avoiding_shitty_thin_skin_in_70s/,C047,r/30PlusSkinCare,"Reply | thread: OP (45-55, likely male - mentions wife) arm skin less elastic, father has thin tearing skin; asks prevention",thin_skin_bruising,low,Paper metaphor (father),,unspecified,
B0521,Emotional reactions,"if people don't make friends with their aging bodies at some point, they're in for a bad time.","Wer sich nicht mit alterndem Körper anfreundet, hat es schwer",https://www.reddit.com/r/30PlusSkinCare/comments/17w7jhl/tips_on_avoiding_shitty_thin_skin_in_70s/k9iisva/,https://www.reddit.com/r/30PlusSkinCare/comments/17w7jhl/tips_on_avoiding_shitty_thin_skin_in_70s/,C047,r/30PlusSkinCare,"Reply | thread: OP (45-55, likely male - mentions wife) arm skin less elastic, father has thin tearing skin; asks prevention",acceptance_aging,medium,Acceptance stance,,unspecified,
B0522,Emotional reactions,"thin, easily tears, bruises basically by breathing on it. I'd love to know how how to prevent that as well.","Dünne Haut, reißt, Blutergüsse – will vorbeugen",https://www.reddit.com/r/30PlusSkinCare/comments/17w7jhl/tips_on_avoiding_shitty_thin_skin_in_70s/k9i43z2/,https://www.reddit.com/r/30PlusSkinCare/comments/17w7jhl/tips_on_avoiding_shitty_thin_skin_in_70s/,C047,r/30PlusSkinCare,"Reply | thread: OP (45-55, likely male - mentions wife) arm skin less elastic, father has thin tearing skin; asks prevention",thin_skin_bruising;mothers_skin,medium,Dread of inherited fragile skin,,unspecified,
B0523,Emotional reactions,I dread having the same problem.....,Fürchtet dasselbe Problem,https://www.reddit.com/r/30PlusSkinCare/comments/17w7jhl/tips_on_avoiding_shitty_thin_skin_in_70s/k9i43z2/,https://www.reddit.com/r/30PlusSkinCare/comments/17w7jhl/tips_on_avoiding_shitty_thin_skin_in_70s/,C047,r/30PlusSkinCare,"Reply | thread: OP (45-55, likely male - mentions wife) arm skin less elastic, father has thin tearing skin; asks prevention",mothers_skin,medium,Dread,,unspecified,
B0524,Desired outcomes,"I guess I’d like to focus on moisturizing, firming, and anti aging!","Ziele: Feuchtigkeit, Straffung, Anti-Aging",https://www.reddit.com/r/30PlusSkinCare/comments/1foyjjd/i_take_care_of_the_skin_on_my_face_but_what_about/,https://www.reddit.com/r/30PlusSkinCare/comments/1foyjjd/i_take_care_of_the_skin_on_my_face_but_what_about/,C048,r/30PlusSkinCare,"OP | thread: OP has face routine but little for body; wants moisturizing, firming, anti-aging body routine",new_body_firmness;soft_smooth_desire,medium,Explicit desired-outcome triad,,whole_body,
B0525,Problem descriptions,"other than using a basic moisturizer and doing a scrub every once in a while, I’m not really doing much for the skin on the rest of my body!",Außer Basis-Creme kaum Körperpflege,https://www.reddit.com/r/30PlusSkinCare/comments/1foyjjd/i_take_care_of_the_skin_on_my_face_but_what_about/,https://www.reddit.com/r/30PlusSkinCare/comments/1foyjjd/i_take_care_of_the_skin_on_my_face_but_what_about/,C048,r/30PlusSkinCare,"OP | thread: OP has face routine but little for body; wants moisturizing, firming, anti-aging body routine",question_what_works,medium,Body neglected vs face,,whole_body,
B0526,Product / routine preferences,I use L’Occitane shower oil and Sol De Janeiro Delicia Drench body butter,Duschöl + Body Butter,https://www.reddit.com/r/30PlusSkinCare/comments/1foyjjd/i_take_care_of_the_skin_on_my_face_but_what_about/lotnysa/,https://www.reddit.com/r/30PlusSkinCare/comments/1foyjjd/i_take_care_of_the_skin_on_my_face_but_what_about/,C048,r/30PlusSkinCare,"Reply desert | thread: OP has face routine but little for body; wants moisturizing, firming, anti-aging body routine",oil_on_damp_skin,medium,Shower oil + butter combo,,whole_body,
B0527,Time-to-result expectations,Like all retinols and retinoids consistent use is key. It does make your skin glowy,"Konsequenz ist entscheidend, macht glowy",https://www.reddit.com/r/30PlusSkinCare/comments/1foyjjd/i_take_care_of_the_skin_on_my_face_but_what_about/lotpap1/,https://www.reddit.com/r/30PlusSkinCare/comments/1foyjjd/i_take_care_of_the_skin_on_my_face_but_what_about/,C048,r/30PlusSkinCare,"Reply | thread: OP has face routine but little for body; wants moisturizing, firming, anti-aging body routine",consistency_effort;glow_desire,medium,Glow from retinol body lotion,,whole_body,
B0528,Questions customers repeatedly ask,"May I ask how often you buy the shower oil and Sol de janeiro cream? Together, that would be at least 80$ right?",Wie oft kaufen? Zusammen mind. 80$?,https://www.reddit.com/r/30PlusSkinCare/comments/1foyjjd/i_take_care_of_the_skin_on_my_face_but_what_about/lou97m1/,https://www.reddit.com/r/30PlusSkinCare/comments/1foyjjd/i_take_care_of_the_skin_on_my_face_but_what_about/,C048,r/30PlusSkinCare,"Reply | thread: OP has face routine but little for body; wants moisturizing, firming, anti-aging body routine",price_value,medium,Running-cost question,,whole_body,
B0529,Purchase criteria,I purchase the L’Occitane refill when it goes on sale. They’re always having 25% off the website.,Kauft Nachfüllpack im Sale,https://www.reddit.com/r/30PlusSkinCare/comments/1foyjjd/i_take_care_of_the_skin_on_my_face_but_what_about/louvhuk/,https://www.reddit.com/r/30PlusSkinCare/comments/1foyjjd/i_take_care_of_the_skin_on_my_face_but_what_about/,C048,r/30PlusSkinCare,"Reply | thread: OP has face routine but little for body; wants moisturizing, firming, anti-aging body routine",price_value,medium,Sale-dependent buying; refills,,whole_body,
B0530,Objections,I don’t use it much during the summer because it can make your skin photosensitive.,Im Sommer wenig wegen Lichtempfindlichkeit,https://www.reddit.com/r/30PlusSkinCare/comments/1foyjjd/i_take_care_of_the_skin_on_my_face_but_what_about/lotolfb/,https://www.reddit.com/r/30PlusSkinCare/comments/1foyjjd/i_take_care_of_the_skin_on_my_face_but_what_about/,C048,r/30PlusSkinCare,"Reply | thread: OP has face routine but little for body; wants moisturizing, firming, anti-aging body routine",amlactin_lactic;summer_trigger,medium,Seasonal photosensitivity avoidance,,whole_body,
B0531,Identity / social implications,I've actually been told my skin feels like butter.,Haut fühle sich an wie Butter,https://www.reddit.com/r/30PlusSkinCare/comments/1foyjjd/i_take_care_of_the_skin_on_my_face_but_what_about/loufu4d/,https://www.reddit.com/r/30PlusSkinCare/comments/1foyjjd/i_take_care_of_the_skin_on_my_face_but_what_about/,C048,r/30PlusSkinCare,"Reply poster 40 | thread: OP has face routine but little for body; wants moisturizing, firming, anti-aging body routine",soft_smooth_desire,medium,"""skin like butter"" compliment",40,whole_body,
B0532,Symptoms / visible texture descriptions,I'm 40 and have noticed rough skin on my knees and the tops of my feet.,Mit 40 raue Knie und Fußrücken,https://www.reddit.com/r/30PlusSkinCare/comments/1foyjjd/i_take_care_of_the_skin_on_my_face_but_what_about/loufu4d/,https://www.reddit.com/r/30PlusSkinCare/comments/1foyjjd/i_take_care_of_the_skin_on_my_face_but_what_about/,C048,r/30PlusSkinCare,"Reply | thread: OP has face routine but little for body; wants moisturizing, firming, anti-aging body routine",crepey_knees,medium,Knee roughness onset,40,knees,
B0533,Objections,"not glamorous at all and smells like maple syrup, but it works","Nicht glamourös, riecht nach Ahornsirup, wirkt aber",https://www.reddit.com/r/30PlusSkinCare/comments/1foyjjd/i_take_care_of_the_skin_on_my_face_but_what_about/louvo4f/,https://www.reddit.com/r/30PlusSkinCare/comments/1foyjjd/i_take_care_of_the_skin_on_my_face_but_what_about/,C048,r/30PlusSkinCare,"Reply | thread: OP has face routine but little for body; wants moisturizing, firming, anti-aging body routine",amlactin_lactic;fragrance_sensitivity,medium,Odor tolerated for efficacy,,whole_body,
B0534,Ingredient / mechanism beliefs,Scrubs can damage skin so I never do those anymore,Peelings schädigen Haut,https://www.reddit.com/r/30PlusSkinCare/comments/1foyjjd/i_take_care_of_the_skin_on_my_face_but_what_about/low8m9q/,https://www.reddit.com/r/30PlusSkinCare/comments/1foyjjd/i_take_care_of_the_skin_on_my_face_but_what_about/,C048,r/30PlusSkinCare,"Reply | thread: OP has face routine but little for body; wants moisturizing, firming, anti-aging body routine",exfoliation_dry_brush,medium,Anti-scrub belief,,whole_body,
B0535,Routine friction,Consistent care is key.,Konsequente Pflege ist entscheidend,https://www.reddit.com/r/30PlusSkinCare/comments/1foyjjd/i_take_care_of_the_skin_on_my_face_but_what_about/lowa7cp/,https://www.reddit.com/r/30PlusSkinCare/comments/1foyjjd/i_take_care_of_the_skin_on_my_face_but_what_about/,C048,r/30PlusSkinCare,"Reply retired widow | thread: OP has face routine but little for body; wants moisturizing, firming, anti-aging body routine",consistency_effort,medium,Consistency mantra,,whole_body,
B0536,Purchase criteria,It is so moisturizing but it’s not greasy and it’s fragrance free so it doesn’t clash with anything,"Sehr pflegend, nicht fettig, duftfrei – kollidiert nicht",https://www.reddit.com/r/30PlusSkinCare/comments/1foyjjd/i_take_care_of_the_skin_on_my_face_but_what_about/lp0yday/,https://www.reddit.com/r/30PlusSkinCare/comments/1foyjjd/i_take_care_of_the_skin_on_my_face_but_what_about/,C048,r/30PlusSkinCare,"Reply | thread: OP has face routine but little for body; wants moisturizing, firming, anti-aging body routine",oil_greasy_staining;fragrance_sensitivity,medium,"Oil criteria: moisturizing, non-greasy, fragrance-free (no clash with perfume)",,whole_body,
B0537,Questions customers repeatedly ask,I would love to find a dupe for this as I’m not sure they make it anymore.,Sucht Dupe für eingestelltes Öl,https://www.reddit.com/r/30PlusSkinCare/comments/1foyjjd/i_take_care_of_the_skin_on_my_face_but_what_about/lp0yday/,https://www.reddit.com/r/30PlusSkinCare/comments/1foyjjd/i_take_care_of_the_skin_on_my_face_but_what_about/,C048,r/30PlusSkinCare,"Reply | thread: OP has face routine but little for body; wants moisturizing, firming, anti-aging body routine",cheap_oil_alternative,medium,Dupe-seeking for body oil,,whole_body,
B0538,Purchase criteria,I like products that don’t just feel nice but actually actively improve my skin,"Will Produkte, die nicht nur angenehm sind, sondern verbessern",https://www.reddit.com/r/30PlusSkinCare/comments/1foyjjd/i_take_care_of_the_skin_on_my_face_but_what_about/lp136xc/,https://www.reddit.com/r/30PlusSkinCare/comments/1foyjjd/i_take_care_of_the_skin_on_my_face_but_what_about/,C048,r/30PlusSkinCare,"Reply | thread: OP has face routine but little for body; wants moisturizing, firming, anti-aging body routine",marketing_distrust,low,Efficacy over sensorial; promo tone,,whole_body,possible_seeding
B0539,Product / routine preferences,then I use regular lotion mixed with bio oil in hand and baby oil gel on top.,"Lotion mit Bio-Oil gemischt, Babyöl-Gel darüber",https://www.reddit.com/r/30PlusSkinCare/comments/1foyjjd/i_take_care_of_the_skin_on_my_face_but_what_about/lotynko/,https://www.reddit.com/r/30PlusSkinCare/comments/1foyjjd/i_take_care_of_the_skin_on_my_face_but_what_about/,C048,r/30PlusSkinCare,"Reply | thread: OP has face routine but little for body; wants moisturizing, firming, anti-aging body routine",cheap_oil_alternative;question_order_of_application,medium,Oil cocktails,,legs,
B0540,Purchase criteria,"some of my stuff is expensive, I’d go in debt extending it to my and and back!",Teure Gesichtsprodukte auf Körper = Schulden,https://www.reddit.com/r/30PlusSkinCare/comments/1foyjjd/i_take_care_of_the_skin_on_my_face_but_what_about/loum1hw/,https://www.reddit.com/r/30PlusSkinCare/comments/1foyjjd/i_take_care_of_the_skin_on_my_face_but_what_about/,C048,r/30PlusSkinCare,"OP | thread: OP has face routine but little for body; wants moisturizing, firming, anti-aging body routine",price_value,medium,Face-price doesn't scale to body,,whole_body,
B0541,Purchase criteria,"target has an unscented ""bath oil"" that's literally almost the same thing as bio oil and it's $3",Target-Badeöl fast wie Bio-Oil für 3$,https://www.reddit.com/r/30PlusSkinCare/comments/1foyjjd/i_take_care_of_the_skin_on_my_face_but_what_about/lowy0bq/,https://www.reddit.com/r/30PlusSkinCare/comments/1foyjjd/i_take_care_of_the_skin_on_my_face_but_what_about/,C048,r/30PlusSkinCare,"Reply | thread: OP has face routine but little for body; wants moisturizing, firming, anti-aging body routine",cheap_oil_alternative;price_value,medium,$3 oil dupe benchmark,,whole_body,
B0542,Tactile descriptions,I mix a few pumps of Osea body oil with Cetaphil body lotion and I feel sooo soft afterwards.,Osea-Öl mit Lotion gemischt – so weich,https://www.reddit.com/r/30PlusSkinCare/comments/1foyjjd/i_take_care_of_the_skin_on_my_face_but_what_about/lout10a/,https://www.reddit.com/r/30PlusSkinCare/comments/1foyjjd/i_take_care_of_the_skin_on_my_face_but_what_about/,C048,r/30PlusSkinCare,"Reply | thread: OP has face routine but little for body; wants moisturizing, firming, anti-aging body routine",soft_smooth_desire;oil_vs_lotion_confusion,medium,Oil+lotion mix softness,,whole_body,
B0543,Tactile descriptions,Put on moisturizer on damp skin. My skin is soft and plump.,Auf feuchte Haut – weich und prall,https://www.reddit.com/r/30PlusSkinCare/comments/1foyjjd/i_take_care_of_the_skin_on_my_face_but_what_about/louyaxk/,https://www.reddit.com/r/30PlusSkinCare/comments/1foyjjd/i_take_care_of_the_skin_on_my_face_but_what_about/,C048,r/30PlusSkinCare,"Reply | thread: OP has face routine but little for body; wants moisturizing, firming, anti-aging body routine",oil_on_damp_skin;soft_smooth_desire,medium,soft & plump,,whole_body,
B0544,Product / routine preferences,"Body oil after shower, but before drying off",Körperöl nach Dusche vor dem Abtrocknen,https://www.reddit.com/r/30PlusSkinCare/comments/1foyjjd/i_take_care_of_the_skin_on_my_face_but_what_about/lov8r7j/,https://www.reddit.com/r/30PlusSkinCare/comments/1foyjjd/i_take_care_of_the_skin_on_my_face_but_what_about/,C048,r/30PlusSkinCare,"Reply about to turn 50 | thread: OP has face routine but little for body; wants moisturizing, firming, anti-aging body routine",oil_on_damp_skin,high,"Pre-towel oil, near-50 arid",49,whole_body,
B0545,Product / routine preferences,What's made a big difference for me is creating a weekly self-care ritual.,Wöchentliches Selfcare-Ritual,https://www.reddit.com/r/30PlusSkinCare/comments/1foyjjd/i_take_care_of_the_skin_on_my_face_but_what_about/lp4d3fi/,https://www.reddit.com/r/30PlusSkinCare/comments/1foyjjd/i_take_care_of_the_skin_on_my_face_but_what_about/,C048,r/30PlusSkinCare,"Reply | thread: OP has face routine but little for body; wants moisturizing, firming, anti-aging body routine",self_care_ritual,low,Ritual framing (possible brand mention),,whole_body,possible_seeding
B0546,Symptoms / visible texture descriptions,For what ever reason the skin on my legs or arms will NOT exfoliate and when I go to dry off with a towel after my shower skin is peeling up,Haut an Beinen/Armen schält sich nach dem Abtrocknen,https://www.reddit.com/r/30PlusSkinCare/comments/1i4munm/affordable_body_exfoliating_technique_premenopause/,https://www.reddit.com/r/30PlusSkinCare/comments/1i4munm/affordable_body_exfoliating_technique_premenopause/,C049,r/30PlusSkinCare,"OP 38 | thread: OP (38, 35+ only) leg/arm skin suddenly won't exfoliate, peeling after towel; wants affordable long-term fix",itch_flake;sudden_onset,low,Peeling/rolling dead skin as new symptom,38,legs,under_40_signal
B0547,Purchase criteria,I need a longterm solution that isn't super expensive.,"Langfristige, nicht teure Lösung",https://www.reddit.com/r/30PlusSkinCare/comments/1i4munm/affordable_body_exfoliating_technique_premenopause/,https://www.reddit.com/r/30PlusSkinCare/comments/1i4munm/affordable_body_exfoliating_technique_premenopause/,C049,r/30PlusSkinCare,"OP 38 | thread: OP (38, 35+ only) leg/arm skin suddenly won't exfoliate, peeling after towel; wants affordable long-term fix",price_value,low,Affordability,38,legs,under_40_signal
B0548,Routine friction,that was very successful it was just tedious.,"Erfolgreich, aber mühsam",https://www.reddit.com/r/30PlusSkinCare/comments/1i4munm/affordable_body_exfoliating_technique_premenopause/,https://www.reddit.com/r/30PlusSkinCare/comments/1i4munm/affordable_body_exfoliating_technique_premenopause/,C049,r/30PlusSkinCare,"OP 38 | thread: OP (38, 35+ only) leg/arm skin suddenly won't exfoliate, peeling after towel; wants affordable long-term fix",routine_fatigue,low,Effective but tedious,38,legs,under_40_signal
B0549,Successful attempts,Korean scrubbing mitts and jojoba oil. I’ve never been softer.,Korean Mitt + Jojobaöl – nie weicher,https://www.reddit.com/r/30PlusSkinCare/comments/1i4munm/affordable_body_exfoliating_technique_premenopause/m7wjuxn/,https://www.reddit.com/r/30PlusSkinCare/comments/1i4munm/affordable_body_exfoliating_technique_premenopause/,C049,r/30PlusSkinCare,"Reply | thread: OP (38, 35+ only) leg/arm skin suddenly won't exfoliate, peeling after towel; wants affordable long-term fix",exfoliation_dry_brush;soft_smooth_desire,low,Mitt + oil combo,39,whole_body,under_40_signal
B0550,Product / routine preferences,"Theraplex body oil (which is basically jojoba + mineral oil, I think) on wet skin at the end of every shower. Works great. I’m in my mid-40s.",Körperöl auf nasser Haut am Ende jeder Dusche,https://www.reddit.com/r/30PlusSkinCare/comments/1i4munm/affordable_body_exfoliating_technique_premenopause/m7x24y2/,https://www.reddit.com/r/30PlusSkinCare/comments/1i4munm/affordable_body_exfoliating_technique_premenopause/,C049,r/30PlusSkinCare,"Reply | thread: OP (38, 35+ only) leg/arm skin suddenly won't exfoliate, peeling after towel; wants affordable long-term fix",oil_on_damp_skin,high,"In-shower oil routine, mid-40s",,whole_body,
B0551,Product / routine preferences,Then use your lotion while your skin is still damp. I recommend Beauty Without Cruelty (BWC)unscented lotion.,Lotion auf feuchter Haut; unparfümiert,https://www.reddit.com/r/30PlusSkinCare/comments/1i4munm/affordable_body_exfoliating_technique_premenopause/m7y3c45/,https://www.reddit.com/r/30PlusSkinCare/comments/1i4munm/affordable_body_exfoliating_technique_premenopause/,C049,r/30PlusSkinCare,"Reply 54 menopausal | thread: OP (38, 35+ only) leg/arm skin suddenly won't exfoliate, peeling after towel; wants affordable long-term fix",oil_on_damp_skin;fragrance_sensitivity,high,Damp + unscented,54,whole_body,hrt_medical_context
B0552,Product / routine preferences,"Get in the shower, let the heat soften up your skin, scrub w/ mitt, clean with soap and then jojoba on damp skin.","Dusche, Mitt, Seife, Jojoba auf feuchter Haut",https://www.reddit.com/r/30PlusSkinCare/comments/1i4munm/affordable_body_exfoliating_technique_premenopause/m7x08xp/,https://www.reddit.com/r/30PlusSkinCare/comments/1i4munm/affordable_body_exfoliating_technique_premenopause/,C049,r/30PlusSkinCare,"Reply | thread: OP (38, 35+ only) leg/arm skin suddenly won't exfoliate, peeling after towel; wants affordable long-term fix",question_order_of_application;oil_on_damp_skin,low,Step-by-step order,39,whole_body,under_40_signal
B0553,Successful attempts,even in the dead of winter my skin has never been better.,Selbst im tiefsten Winter beste Haut (Urea),https://www.reddit.com/r/30PlusSkinCare/comments/1i4munm/affordable_body_exfoliating_technique_premenopause/m7ww2hl/,https://www.reddit.com/r/30PlusSkinCare/comments/1i4munm/affordable_body_exfoliating_technique_premenopause/,C049,r/30PlusSkinCare,"Reply 41 perimenopause | thread: OP (38, 35+ only) leg/arm skin suddenly won't exfoliate, peeling after towel; wants affordable long-term fix",urea;winter_dryness,medium,Urea damp-skin success,41,whole_body,
B0554,Emotional reactions,I was out of town for a wedding and was desperate to not be shedding like a snake on the dance floor.,Wollte auf Hochzeit nicht wie eine Schlange schuppen,https://www.reddit.com/r/30PlusSkinCare/comments/1i4munm/affordable_body_exfoliating_technique_premenopause/m7wxy4w/,https://www.reddit.com/r/30PlusSkinCare/comments/1i4munm/affordable_body_exfoliating_technique_premenopause/,C049,r/30PlusSkinCare,"Reply | thread: OP (38, 35+ only) leg/arm skin suddenly won't exfoliate, peeling after towel; wants affordable long-term fix",itch_flake;summer_trigger,medium,Event trigger; snake metaphor,41,whole_body,
B0555,Ingredient / mechanism beliefs,that urea ingredient actually heals vs a quick hydration boost.,Urea heilt statt nur kurz Feuchtigkeit,https://www.reddit.com/r/30PlusSkinCare/comments/1i4munm/affordable_body_exfoliating_technique_premenopause/m7zf80g/,https://www.reddit.com/r/30PlusSkinCare/comments/1i4munm/affordable_body_exfoliating_technique_premenopause/,C049,r/30PlusSkinCare,"Reply | thread: OP (38, 35+ only) leg/arm skin suddenly won't exfoliate, peeling after towel; wants affordable long-term fix",urea;lotion_temporary,low,Heal vs temporary distinction,38,legs,under_40_signal
B0556,Product / routine preferences,I just keep the bottle of oil in the shower and slater it on my body after I turn off the shower before I dry off/get out.,"Ölflasche in der Dusche, vor dem Abtrocknen auftragen",https://www.reddit.com/r/30PlusSkinCare/comments/1i4munm/affordable_body_exfoliating_technique_premenopause/m7xyz63/,https://www.reddit.com/r/30PlusSkinCare/comments/1i4munm/affordable_body_exfoliating_technique_premenopause/,C049,r/30PlusSkinCare,"Reply | thread: OP (38, 35+ only) leg/arm skin suddenly won't exfoliate, peeling after towel; wants affordable long-term fix",oil_on_damp_skin,medium,Oil stored in shower,,whole_body,
B0557,Routine friction,Not for every shower but for my everything shower. It’s exhausting lol.,"""Everything shower"" ist anstrengend",https://www.reddit.com/r/30PlusSkinCare/comments/1i4munm/affordable_body_exfoliating_technique_premenopause/m7x2jr5/,https://www.reddit.com/r/30PlusSkinCare/comments/1i4munm/affordable_body_exfoliating_technique_premenopause/,C049,r/30PlusSkinCare,"Reply | thread: OP (38, 35+ only) leg/arm skin suddenly won't exfoliate, peeling after towel; wants affordable long-term fix",routine_fatigue,medium,"""everything shower"" concept + exhaustion",,whole_body,
B0558,Ingredient / mechanism beliefs,she said that unfortunately around pre menopause your skin just doesn't exfoliate as efficiently.,Vor der Menopause schuppt Haut weniger effizient ab,https://www.reddit.com/r/30PlusSkinCare/comments/1i4munm/affordable_body_exfoliating_technique_premenopause/m7zgwhr/,https://www.reddit.com/r/30PlusSkinCare/comments/1i4munm/affordable_body_exfoliating_technique_premenopause/,C049,r/30PlusSkinCare,"Reply | thread: OP (38, 35+ only) leg/arm skin suddenly won't exfoliate, peeling after towel; wants affordable long-term fix",hrt_estrogen_skin,low,Peri belief,38,legs,under_40_signal
B0559,Questions customers repeatedly ask,"Like maybe a part of the issue is moisturize, if the skin was better moisturized it would exfoliate better?",Vielleicht besser schuppen mit mehr Feuchtigkeit?,https://www.reddit.com/r/30PlusSkinCare/comments/1i4munm/affordable_body_exfoliating_technique_premenopause/m7zgwhr/,https://www.reddit.com/r/30PlusSkinCare/comments/1i4munm/affordable_body_exfoliating_technique_premenopause/,C049,r/30PlusSkinCare,"Reply | thread: OP (38, 35+ only) leg/arm skin suddenly won't exfoliate, peeling after towel; wants affordable long-term fix",oil_vs_lotion_confusion,low,Oil/moisture mechanism question,38,legs,under_40_signal
B0560,Emotional reactions,"Like when I dry off after a shower, dead skin starts rolling off. … It's so weird and I hate it!",Tote Haut rollt beim Abtrocknen ab – hasst es,https://www.reddit.com/r/30PlusSkinCare/comments/1i4munm/affordable_body_exfoliating_technique_premenopause/m7wosia/,https://www.reddit.com/r/30PlusSkinCare/comments/1i4munm/affordable_body_exfoliating_technique_premenopause/,C049,r/30PlusSkinCare,"Reply | thread: OP (38, 35+ only) leg/arm skin suddenly won't exfoliate, peeling after towel; wants affordable long-term fix",itch_flake,medium,Disgust at rolling skin,,whole_body,
B0561,Purchase criteria,I do love the Amlactin but I know it gets pricey when you’re using it all over every day,AmLactin wird teuer bei täglichem Ganzkörpergebrauch,https://www.reddit.com/r/30PlusSkinCare/comments/1i4munm/affordable_body_exfoliating_technique_premenopause/m7x2bkm/,https://www.reddit.com/r/30PlusSkinCare/comments/1i4munm/affordable_body_exfoliating_technique_premenopause/,C049,r/30PlusSkinCare,"Reply poster 49 | thread: OP (38, 35+ only) leg/arm skin suddenly won't exfoliate, peeling after towel; wants affordable long-term fix",amlactin_lactic;price_value,high,Whole-body volume cost,49,whole_body,
B0562,Emotional reactions,"It’s a lot, I know, but dry flaky peely itchy skin is one of the most irritating parts of perimenopause and menopause.","Trockene, schuppige, juckende Haut eines der nervigsten Menopause-Symptome",https://www.reddit.com/r/30PlusSkinCare/comments/1i4munm/affordable_body_exfoliating_technique_premenopause/m7x2bkm/,https://www.reddit.com/r/30PlusSkinCare/comments/1i4munm/affordable_body_exfoliating_technique_premenopause/,C049,r/30PlusSkinCare,"Reply | thread: OP (38, 35+ only) leg/arm skin suddenly won't exfoliate, peeling after towel; wants affordable long-term fix",itch_flake;hrt_estrogen_skin,high,Dryness ranks high among peri irritations,49,whole_body,hrt_medical_context
B0563,Routine friction,I’m waaaaay to impatient to spray while still wet from shower and air dry completely!,Zu ungeduldig zum Lufttrocknen,https://www.reddit.com/r/30PlusSkinCare/comments/1i4munm/affordable_body_exfoliating_technique_premenopause/m7zz1fs/,https://www.reddit.com/r/30PlusSkinCare/comments/1i4munm/affordable_body_exfoliating_technique_premenopause/,C049,r/30PlusSkinCare,"Reply | thread: OP (38, 35+ only) leg/arm skin suddenly won't exfoliate, peeling after towel; wants affordable long-term fix",routine_fatigue,high,Impatience with wait steps,49,whole_body,
B0564,Situational triggers,Used to be able to get away with just an exfoliating body wash.,Früher reichte Peeling-Duschgel,https://www.reddit.com/r/30PlusSkinCare/comments/1i4munm/affordable_body_exfoliating_technique_premenopause/m7y3d8a/,https://www.reddit.com/r/30PlusSkinCare/comments/1i4munm/affordable_body_exfoliating_technique_premenopause/,C049,r/30PlusSkinCare,"Reply | thread: OP (38, 35+ only) leg/arm skin suddenly won't exfoliate, peeling after towel; wants affordable long-term fix",sudden_onset,low,Escalation of needs,37,whole_body,under_40_signal
B0565,Successful attempts,"Since starting systemic HRT, I noticed a significant improvement in this",Seit HRT deutliche Verbesserung,https://www.reddit.com/r/30PlusSkinCare/comments/1i4munm/affordable_body_exfoliating_technique_premenopause/m7zp7cv/,https://www.reddit.com/r/30PlusSkinCare/comments/1i4munm/affordable_body_exfoliating_technique_premenopause/,C049,r/30PlusSkinCare,"Reply | thread: OP (38, 35+ only) leg/arm skin suddenly won't exfoliate, peeling after towel; wants affordable long-term fix",hrt_estrogen_skin,medium,HRT replaces topical effort,,whole_body,hrt_medical_context
B0566,Exact phrases / metaphors / repeated wording,I'm basically becoming a rasing,"""werde zur Rosine""",https://www.reddit.com/r/30PlusSkinCare/comments/1l79u92/stupid_question_time_body_oil_vs_lotion_is_there/,https://www.reddit.com/r/30PlusSkinCare/comments/1l79u92/stupid_question_time_body_oil_vs_lotion_is_there/,C050,r/30PlusSkinCare,"OP desert | thread: OP (desert climate, age not stated) asks body oil vs lotion - difference and experiences",winter_dryness,medium,Raisin metaphor (cf C035),,whole_body,
B0567,Product / routine preferences,I like the application if body oil better. But will it not work as well?,"Mag Öl-Auftrag lieber, wirkt es aber genauso?",https://www.reddit.com/r/30PlusSkinCare/comments/1l79u92/stupid_question_time_body_oil_vs_lotion_is_there/,https://www.reddit.com/r/30PlusSkinCare/comments/1l79u92/stupid_question_time_body_oil_vs_lotion_is_there/,C050,r/30PlusSkinCare,"OP | thread: OP (desert climate, age not stated) asks body oil vs lotion - difference and experiences",question_oil_or_lotion;oil_vs_lotion_confusion,medium,"Preference for oil sensorially, doubt on efficacy",,whole_body,
B0568,Questions customers repeatedly ask,Are lotion and oil for different things? Person experience with one vs the other?,Sind Lotion und Öl für Verschiedenes?,https://www.reddit.com/r/30PlusSkinCare/comments/1l79u92/stupid_question_time_body_oil_vs_lotion_is_there/,https://www.reddit.com/r/30PlusSkinCare/comments/1l79u92/stupid_question_time_body_oil_vs_lotion_is_there/,C050,r/30PlusSkinCare,"OP | thread: OP (desert climate, age not stated) asks body oil vs lotion - difference and experiences",question_oil_or_lotion,medium,Core oil-vs-lotion question,,whole_body,
B0569,Failed attempts,"I find oil alone on top of my dehydrated skin isn’t enough, it doesn’t seem to soak in and doesn’t add any moisture, even if I’m damp when applying.","Öl allein reicht nicht, zieht nicht ein, spendet keine Feuchtigkeit",https://www.reddit.com/r/30PlusSkinCare/comments/1l79u92/stupid_question_time_body_oil_vs_lotion_is_there/mwvb03p/,https://www.reddit.com/r/30PlusSkinCare/comments/1l79u92/stupid_question_time_body_oil_vs_lotion_is_there/,C050,r/30PlusSkinCare,"Reply | thread: OP (desert climate, age not stated) asks body oil vs lotion - difference and experiences",oil_seals_not_hydrates;oil_vs_lotion_confusion,medium,Oil-alone failure in dry climate,,whole_body,
B0570,Successful attempts,"But if I mix it with my body cream (or sometimes layer on top of, but I like mixing better) it makes a huge difference.",Mit Creme gemischt großer Unterschied,https://www.reddit.com/r/30PlusSkinCare/comments/1l79u92/stupid_question_time_body_oil_vs_lotion_is_there/mwvb03p/,https://www.reddit.com/r/30PlusSkinCare/comments/1l79u92/stupid_question_time_body_oil_vs_lotion_is_there/,C050,r/30PlusSkinCare,"Reply | thread: OP (desert climate, age not stated) asks body oil vs lotion - difference and experiences",oil_vs_lotion_confusion,medium,Mixing oil into cream,,whole_body,
B0571,Ingredient / mechanism beliefs,"If you apply the oil to wet skin, it’ll work.",Auf nasser Haut wirkt Öl,https://www.reddit.com/r/30PlusSkinCare/comments/1l79u92/stupid_question_time_body_oil_vs_lotion_is_there/mwyubar/,https://www.reddit.com/r/30PlusSkinCare/comments/1l79u92/stupid_question_time_body_oil_vs_lotion_is_there/,C050,r/30PlusSkinCare,"Reply | thread: OP (desert climate, age not stated) asks body oil vs lotion - difference and experiences",oil_on_damp_skin,medium,Wet-skin rule,,whole_body,
B0572,Objections,"My personal experience is that no oil sinks into my skin. Face, body, feet... jojoba, coconut, whipped shea, mixed oil for body... everything simply sits there even after half an hour or longer.",Kein Öl zieht ein – sitzt nach 30 Min noch,https://www.reddit.com/r/30PlusSkinCare/comments/1l79u92/stupid_question_time_body_oil_vs_lotion_is_there/mwv10j7/,https://www.reddit.com/r/30PlusSkinCare/comments/1l79u92/stupid_question_time_body_oil_vs_lotion_is_there/,C050,r/30PlusSkinCare,"Reply | thread: OP (desert climate, age not stated) asks body oil vs lotion - difference and experiences",oil_greasy_staining,medium,"""just sits there"" objection",,whole_body,
B0573,Ingredient / mechanism beliefs,It's because oils simply create a barrier on top of the skin -- they don't add any hydration to your skin (they are just occlusives).,"Öle bilden nur Barriere, keine Hydration",https://www.reddit.com/r/30PlusSkinCare/comments/1l79u92/stupid_question_time_body_oil_vs_lotion_is_there/mwyfl9x/,https://www.reddit.com/r/30PlusSkinCare/comments/1l79u92/stupid_question_time_body_oil_vs_lotion_is_there/,C050,r/30PlusSkinCare,"Reply | thread: OP (desert climate, age not stated) asks body oil vs lotion - difference and experiences",oil_seals_not_hydrates,medium,Occlusive-only belief (strong),,whole_body,
B0574,Tactile descriptions,"in terms of sensation it would be like the opposite of shea butter, which tends to stay very tacky.",Trockenöl fühlt sich an wie Gegenteil von klebriger Sheabutter,https://www.reddit.com/r/30PlusSkinCare/comments/1l79u92/stupid_question_time_body_oil_vs_lotion_is_there/mwv9y4s/,https://www.reddit.com/r/30PlusSkinCare/comments/1l79u92/stupid_question_time_body_oil_vs_lotion_is_there/,C050,r/30PlusSkinCare,"Reply | thread: OP (desert climate, age not stated) asks body oil vs lotion - difference and experiences",oil_absorbs_fast,medium,"""dry oil"" sensory definition",,whole_body,
B0575,Objections,"My skin simply does not care for oils, I tend to break out from them.","Haut verträgt keine Öle, Pickel",https://www.reddit.com/r/30PlusSkinCare/comments/1l79u92/stupid_question_time_body_oil_vs_lotion_is_there/mwykrws/,https://www.reddit.com/r/30PlusSkinCare/comments/1l79u92/stupid_question_time_body_oil_vs_lotion_is_there/,C050,r/30PlusSkinCare,"Reply | thread: OP (desert climate, age not stated) asks body oil vs lotion - difference and experiences",oil_greasy_staining,medium,Breakout fear,,whole_body,
B0576,Ingredient / mechanism beliefs,"Some people with very dry skin may benefit from 2 layers of body care -- first using a body serum or lotion with lots of humectants in it, then after applying a body oil","Sehr trockene Haut: erst Humectant, dann Öl",https://www.reddit.com/r/30PlusSkinCare/comments/1l79u92/stupid_question_time_body_oil_vs_lotion_is_there/mwxzaur/,https://www.reddit.com/r/30PlusSkinCare/comments/1l79u92/stupid_question_time_body_oil_vs_lotion_is_there/,C050,r/30PlusSkinCare,"Reply | thread: OP (desert climate, age not stated) asks body oil vs lotion - difference and experiences",question_order_of_application;oil_seals_not_hydrates,medium,Two-layer logic,,whole_body,
B0577,Routine friction,"My skin felt amazing using oil, but unfortunately it ruined every fabric that touched it-clothing, bedding, etc.","Haut fühlte sich toll an, aber Öl ruinierte Kleidung/Bettwäsche",https://www.reddit.com/r/30PlusSkinCare/comments/1l79u92/stupid_question_time_body_oil_vs_lotion_is_there/mwvm733/,https://www.reddit.com/r/30PlusSkinCare/comments/1l79u92/stupid_question_time_body_oil_vs_lotion_is_there/,C050,r/30PlusSkinCare,"Reply | thread: OP (desert climate, age not stated) asks body oil vs lotion - difference and experiences",oil_greasy_staining,medium,Staining = deal breaker despite feel,,whole_body,
B0578,Product / routine preferences,Moisturize then use the oil to lock in the moisture,"Erst eincremen, dann Öl zum Einschließen",https://www.reddit.com/r/30PlusSkinCare/comments/1l79u92/stupid_question_time_body_oil_vs_lotion_is_there/mwx2gct/,https://www.reddit.com/r/30PlusSkinCare/comments/1l79u92/stupid_question_time_body_oil_vs_lotion_is_there/,C050,r/30PlusSkinCare,"Reply | thread: OP (desert climate, age not stated) asks body oil vs lotion - difference and experiences",question_order_of_application;oil_seals_not_hydrates,medium,Lotion-then-oil order,,whole_body,
B0579,Successful attempts,I apply a light layer of grapeseed oil right out of the shower while my skin is still damp. I’ve been doing this for like 20 years.,Seit 20 Jahren dünne Schicht Traubenkernöl auf feuchter Haut,https://www.reddit.com/r/30PlusSkinCare/comments/1l79u92/stupid_question_time_body_oil_vs_lotion_is_there/mwvfhaf/,https://www.reddit.com/r/30PlusSkinCare/comments/1l79u92/stupid_question_time_body_oil_vs_lotion_is_there/,C050,r/30PlusSkinCare,"Reply | thread: OP (desert climate, age not stated) asks body oil vs lotion - difference and experiences",oil_on_damp_skin;consistency_effort,medium,Long-term oil loyalty,,whole_body,
B0580,Successful attempts,My body skin is very tight and with no dry patches anywhere.,"Körperhaut straff, keine trockenen Stellen",https://www.reddit.com/r/30PlusSkinCare/comments/1l79u92/stupid_question_time_body_oil_vs_lotion_is_there/mwvfhaf/,https://www.reddit.com/r/30PlusSkinCare/comments/1l79u92/stupid_question_time_body_oil_vs_lotion_is_there/,C050,r/30PlusSkinCare,"Reply | thread: OP (desert climate, age not stated) asks body oil vs lotion - difference and experiences",soft_smooth_desire,medium,Result of long-term oil use,,whole_body,
B0581,Ingredient / mechanism beliefs,"Some oils have molecular weights small enough to penetrate several layers deep into the stratum corneum, where they replace lost lipids.",Manche Öle dringen ein und ersetzen Lipide,https://www.reddit.com/r/30PlusSkinCare/comments/1l79u92/stupid_question_time_body_oil_vs_lotion_is_there/mwvfhaf/,https://www.reddit.com/r/30PlusSkinCare/comments/1l79u92/stupid_question_time_body_oil_vs_lotion_is_there/,C050,r/30PlusSkinCare,"Reply | thread: OP (desert climate, age not stated) asks body oil vs lotion - difference and experiences",oil_absorbs_fast,medium,Counter-belief: oils penetrate,,whole_body,
B0582,Purchase criteria,"I love a nice oil or butter. I don’t want around greasy, either. Apply just a little to damp skin and rub it in.","Liebt Öl, will aber nicht fettig sein – wenig auf feuchte Haut",https://www.reddit.com/r/30PlusSkinCare/comments/1l79u92/stupid_question_time_body_oil_vs_lotion_is_there/mwvfhaf/,https://www.reddit.com/r/30PlusSkinCare/comments/1l79u92/stupid_question_time_body_oil_vs_lotion_is_there/,C050,r/30PlusSkinCare,"Reply | thread: OP (desert climate, age not stated) asks body oil vs lotion - difference and experiences",oil_greasy_staining;oil_on_damp_skin,medium,Small amount technique to avoid grease,,whole_body,
B0583,Time-to-result expectations,"My legs looks better 24 hours after showering, but it’s too soon to tell a difference long term.","Beine 24h später besser, langfristig zu früh",https://www.reddit.com/r/30PlusSkinCare/comments/1l79u92/stupid_question_time_body_oil_vs_lotion_is_there/mwvhazt/,https://www.reddit.com/r/30PlusSkinCare/comments/1l79u92/stupid_question_time_body_oil_vs_lotion_is_there/,C050,r/30PlusSkinCare,"Reply | thread: OP (desert climate, age not stated) asks body oil vs lotion - difference and experiences",time_to_result,medium,Short vs long horizon,,legs,
B0584,Symptoms / visible texture descriptions,essentially treating my scaly legs like my face and layering the skincare.,"Schuppige Beine wie Gesicht pflegen, schichten",https://www.reddit.com/r/30PlusSkinCare/comments/1l79u92/stupid_question_time_body_oil_vs_lotion_is_there/mwvhazt/,https://www.reddit.com/r/30PlusSkinCare/comments/1l79u92/stupid_question_time_body_oil_vs_lotion_is_there/,C050,r/30PlusSkinCare,"Reply | thread: OP (desert climate, age not stated) asks body oil vs lotion - difference and experiences",new_face_product_transfer,medium,Face-style layering for legs,,legs,
B0585,Successful attempts,I used to have very flaky skin before stating this routing and the flakes are now gone!,Schuppen weg dank Trockenbürste + Duschöl,https://www.reddit.com/r/30PlusSkinCare/comments/1l79u92/stupid_question_time_body_oil_vs_lotion_is_there/mwvpdnh/,https://www.reddit.com/r/30PlusSkinCare/comments/1l79u92/stupid_question_time_body_oil_vs_lotion_is_there/,C050,r/30PlusSkinCare,"Reply | thread: OP (desert climate, age not stated) asks body oil vs lotion - difference and experiences",exfoliation_dry_brush;oil_on_damp_skin,medium,Dry brush + shower oil success,,whole_body,
B0586,Ingredient / mechanism beliefs,"Oil is pure emollient, so if you use it on dry skin it will just awkwardly sit on top and make it itchy in the long run.","Öl auf trockener Haut sitzt oben, macht langfristig Juckreiz",https://www.reddit.com/r/30PlusSkinCare/comments/1l79u92/stupid_question_time_body_oil_vs_lotion_is_there/mwwj5j4/,https://www.reddit.com/r/30PlusSkinCare/comments/1l79u92/stupid_question_time_body_oil_vs_lotion_is_there/,C050,r/30PlusSkinCare,"Reply | thread: OP (desert climate, age not stated) asks body oil vs lotion - difference and experiences",oil_seals_not_hydrates;oil_on_damp_skin,medium,Oil on dry skin = itchy belief,,whole_body,
B0587,Product / routine preferences,"Just shower, apply it on wet skin before drying it off with a towel, done.","Duschen, auf nasse Haut, abtrocknen, fertig",https://www.reddit.com/r/30PlusSkinCare/comments/1l79u92/stupid_question_time_body_oil_vs_lotion_is_there/mwwj5j4/,https://www.reddit.com/r/30PlusSkinCare/comments/1l79u92/stupid_question_time_body_oil_vs_lotion_is_there/,C050,r/30PlusSkinCare,"Reply | thread: OP (desert climate, age not stated) asks body oil vs lotion - difference and experiences",oil_on_damp_skin,medium,Simplicity of oil routine,,whole_body,
B0588,Ingredient / mechanism beliefs,"Body oils can’t be used in this environment on dry skin. … If you apply to dry skin, you’ll dry out your skin worse. Lotions don’t do much either.",In Wüste Öl auf trockener Haut macht schlimmer,https://www.reddit.com/r/30PlusSkinCare/comments/1l79u92/stupid_question_time_body_oil_vs_lotion_is_there/mwyu83z/,https://www.reddit.com/r/30PlusSkinCare/comments/1l79u92/stupid_question_time_body_oil_vs_lotion_is_there/,C050,r/30PlusSkinCare,"Reply | thread: OP (desert climate, age not stated) asks body oil vs lotion - difference and experiences",oil_on_damp_skin;winter_dryness,medium,Climate-specific oil belief,,whole_body,
B0589,Purchase criteria,"if you use body oils in the desert, you want to choose light ones like grapeseed and sunflower oil. The heavier ones just cause more dryness.",Leichte Öle wie Traubenkern/Sonnenblume,https://www.reddit.com/r/30PlusSkinCare/comments/1l79u92/stupid_question_time_body_oil_vs_lotion_is_there/mwyu83z/,https://www.reddit.com/r/30PlusSkinCare/comments/1l79u92/stupid_question_time_body_oil_vs_lotion_is_there/,C050,r/30PlusSkinCare,"Reply | thread: OP (desert climate, age not stated) asks body oil vs lotion - difference and experiences",oil_absorbs_fast,medium,Light-oil preference,,whole_body,
B0590,Ingredient / mechanism beliefs,dehydrated skin lacks water humectants (lotion) dry skin lacks oil ( oils body butters ),"Dehydrierte Haut braucht Wasser, trockene Öl",https://www.reddit.com/r/30PlusSkinCare/comments/1l79u92/stupid_question_time_body_oil_vs_lotion_is_there/mx28117/,https://www.reddit.com/r/30PlusSkinCare/comments/1l79u92/stupid_question_time_body_oil_vs_lotion_is_there/,C050,r/30PlusSkinCare,"Reply | thread: OP (desert climate, age not stated) asks body oil vs lotion - difference and experiences",oil_vs_lotion_confusion,medium,Dry vs dehydrated distinction,,whole_body,
B0591,Product / routine preferences,Right out of the shower when my skin is still moist I apply lotion (Tukuma) and then oil (Osea) on top of that to lock in the moisture.,"Lotion auf feuchte Haut, dann Öl zum Einschließen",https://www.reddit.com/r/30PlusSkinCare/comments/1l79u92/stupid_question_time_body_oil_vs_lotion_is_there/nr9gyad/,https://www.reddit.com/r/30PlusSkinCare/comments/1l79u92/stupid_question_time_body_oil_vs_lotion_is_there/,C050,r/30PlusSkinCare,"Reply | thread: OP (desert climate, age not stated) asks body oil vs lotion - difference and experiences",question_order_of_application;oil_seals_not_hydrates,medium,Lotion→oil layering (Colorado),,whole_body,
B0592,Product / routine preferences,"Lotion + oil. Or if I’m lazy, oil then later lotion on top. It doesn’t seem to matter much on my dry ass skin.",Lotion+Öl; Reihenfolge egal,https://www.reddit.com/r/30PlusSkinCare/comments/1l79u92/stupid_question_time_body_oil_vs_lotion_is_there/mwvap98/,https://www.reddit.com/r/30PlusSkinCare/comments/1l79u92/stupid_question_time_body_oil_vs_lotion_is_there/,C050,r/30PlusSkinCare,"Reply | thread: OP (desert climate, age not stated) asks body oil vs lotion - difference and experiences",question_order_of_application,medium,Order indifference,,whole_body,
B0593,Desired outcomes,I like the barrier oil creates. But more hydration might be better,"Mag Ölbarriere, will mehr Hydration",https://www.reddit.com/r/30PlusSkinCare/comments/1l79u92/stupid_question_time_body_oil_vs_lotion_is_there/mwv72t1/,https://www.reddit.com/r/30PlusSkinCare/comments/1l79u92/stupid_question_time_body_oil_vs_lotion_is_there/,C050,r/30PlusSkinCare,"OP | thread: OP (desert climate, age not stated) asks body oil vs lotion - difference and experiences",oil_seals_not_hydrates,medium,Barrier valued but hydration sought,,whole_body,
B0594,Product / routine preferences,I lather myself up with it after a hot shower while my bathroom is still steamy.,Nach heißer Dusche im dampfigen Bad einölen,https://www.reddit.com/r/30PlusSkinCare/comments/1l79u92/stupid_question_time_body_oil_vs_lotion_is_there/mwxul45/,https://www.reddit.com/r/30PlusSkinCare/comments/1l79u92/stupid_question_time_body_oil_vs_lotion_is_there/,C050,r/30PlusSkinCare,"Reply | thread: OP (desert climate, age not stated) asks body oil vs lotion - difference and experiences",oil_on_damp_skin;self_care_ritual,medium,Steamy bathroom ritual,,whole_body,
B0595,Product / routine preferences,"After I step out of the shower I love moisturizing my skin. I rotate between body oil, body butters and lotions.","Liebt Eincremen nach Dusche, rotiert Öl/Butter/Lotion",https://www.reddit.com/r/30PlusSkinCare/comments/1n721qj/post_shower_body_oil_or_lotioncream/,https://www.reddit.com/r/30PlusSkinCare/comments/1n721qj/post_shower_body_oil_or_lotioncream/,C051,r/30PlusSkinCare,"OP Gen X | thread: OP (Gen X, ~45-60) rotates body oils/butters/lotions post-shower; asks oil vs lotion, budget",self_care_ritual;oil_on_damp_skin,high,Enjoyment of ritual; rotation,,whole_body,
B0596,Purchase criteria,Nothing that will break the bank.,"Nichts, was das Budget sprengt",https://www.reddit.com/r/30PlusSkinCare/comments/1n721qj/post_shower_body_oil_or_lotioncream/,https://www.reddit.com/r/30PlusSkinCare/comments/1n721qj/post_shower_body_oil_or_lotioncream/,C051,r/30PlusSkinCare,"OP Gen X | thread: OP (Gen X, ~45-60) rotates body oils/butters/lotions post-shower; asks oil vs lotion, budget",price_value,high,Budget limit,,whole_body,
B0597,Product / routine preferences,"Both! First the lotion/cream,then the oil to lock the moisture in","Beides: erst Lotion, dann Öl zum Einschließen",https://www.reddit.com/r/30PlusSkinCare/comments/1n721qj/post_shower_body_oil_or_lotioncream/nc4dafi/,https://www.reddit.com/r/30PlusSkinCare/comments/1n721qj/post_shower_body_oil_or_lotioncream/,C051,r/30PlusSkinCare,"Reply | thread: OP (Gen X, ~45-60) rotates body oils/butters/lotions post-shower; asks oil vs lotion, budget",question_order_of_application;oil_seals_not_hydrates,medium,Lotion→oil order,,whole_body,
B0598,Product / routine preferences,"For added moisture locking, apply to your body while it is still damp from the shower.",Auf noch feuchte Haut auftragen,https://www.reddit.com/r/30PlusSkinCare/comments/1n721qj/post_shower_body_oil_or_lotioncream/nc5ayuy/,https://www.reddit.com/r/30PlusSkinCare/comments/1n721qj/post_shower_body_oil_or_lotioncream/,C051,r/30PlusSkinCare,"Reply | thread: OP (Gen X, ~45-60) rotates body oils/butters/lotions post-shower; asks oil vs lotion, budget",oil_on_damp_skin,medium,Damp application,,whole_body,
B0599,Tactile descriptions,"My skin is naturally dry as a desert, that's the only thing that helps me to get soft skin",Haut trocken wie Wüste – nur das macht weich,https://www.reddit.com/r/30PlusSkinCare/comments/1n721qj/post_shower_body_oil_or_lotioncream/ncb1z4v/,https://www.reddit.com/r/30PlusSkinCare/comments/1n721qj/post_shower_body_oil_or_lotioncream/,C051,r/30PlusSkinCare,"Reply | thread: OP (Gen X, ~45-60) rotates body oils/butters/lotions post-shower; asks oil vs lotion, budget",soft_smooth_desire,medium,"""dry as a desert"" metaphor",,whole_body,
B0600,Questions customers repeatedly ask,I’ve heard a lot about oil in shower then lotion but I haven’t tried the opposite.,"Kennt Öl-dann-Lotion, nicht umgekehrt",https://www.reddit.com/r/30PlusSkinCare/comments/1n721qj/post_shower_body_oil_or_lotioncream/nc6sm65/,https://www.reddit.com/r/30PlusSkinCare/comments/1n721qj/post_shower_body_oil_or_lotioncream/,C051,r/30PlusSkinCare,"Reply | thread: OP (Gen X, ~45-60) rotates body oils/butters/lotions post-shower; asks oil vs lotion, budget",question_order_of_application,medium,Order confusion,,whole_body,
B0601,Tactile descriptions,I just started using the Aveeno one and it smells soooooo good,Aveeno-Öl riecht sooo gut,https://www.reddit.com/r/30PlusSkinCare/comments/1n721qj/post_shower_body_oil_or_lotioncream/nc4ym48/,https://www.reddit.com/r/30PlusSkinCare/comments/1n721qj/post_shower_body_oil_or_lotioncream/,C051,r/30PlusSkinCare,"Reply | thread: OP (Gen X, ~45-60) rotates body oils/butters/lotions post-shower; asks oil vs lotion, budget",scent_love,medium,Scent delight,,whole_body,
B0602,Purchase criteria,Love the Aveeno smell! And it’s not expensive. Feel like I discovered a hack!,Toller Duft und günstig – wie ein Hack,https://www.reddit.com/r/30PlusSkinCare/comments/1n721qj/post_shower_body_oil_or_lotioncream/nc6ia8a/,https://www.reddit.com/r/30PlusSkinCare/comments/1n721qj/post_shower_body_oil_or_lotioncream/,C051,r/30PlusSkinCare,"OP | thread: OP (Gen X, ~45-60) rotates body oils/butters/lotions post-shower; asks oil vs lotion, budget",scent_love;price_value,high,"Scent + price = ""hack""",,whole_body,
B0603,Objections,Summer that can be too much and I just end up feeling greasy.,"Im Sommer zu viel, fühlt sich fettig an",https://www.reddit.com/r/30PlusSkinCare/comments/1n721qj/post_shower_body_oil_or_lotioncream/nc4kqh3/,https://www.reddit.com/r/30PlusSkinCare/comments/1n721qj/post_shower_body_oil_or_lotioncream/,C051,r/30PlusSkinCare,"Reply | thread: OP (Gen X, ~45-60) rotates body oils/butters/lotions post-shower; asks oil vs lotion, budget",oil_greasy_staining;summer_trigger,medium,Seasonal greasiness,,whole_body,
B0604,Product / routine preferences,Oil then lotion if it's winter and super dry!,Im Winter Öl dann Lotion,https://www.reddit.com/r/30PlusSkinCare/comments/1n721qj/post_shower_body_oil_or_lotioncream/nc4kqh3/,https://www.reddit.com/r/30PlusSkinCare/comments/1n721qj/post_shower_body_oil_or_lotioncream/,C051,r/30PlusSkinCare,"Reply | thread: OP (Gen X, ~45-60) rotates body oils/butters/lotions post-shower; asks oil vs lotion, budget",winter_dryness;question_order_of_application,medium,Winter layering,,whole_body,
B0605,Ingredient / mechanism beliefs,"I’m pretty sure if you put the oil on first, you won’t get the benefits of the lotion. It’s always lotion first, oil second to keep the moisture in.",Öl zuerst blockiert Lotion – immer Lotion zuerst,https://www.reddit.com/r/30PlusSkinCare/comments/1n721qj/post_shower_body_oil_or_lotioncream/nc5y72c/,https://www.reddit.com/r/30PlusSkinCare/comments/1n721qj/post_shower_body_oil_or_lotioncream/,C051,r/30PlusSkinCare,"Reply | thread: OP (Gen X, ~45-60) rotates body oils/butters/lotions post-shower; asks oil vs lotion, budget",question_order_of_application,medium,Order belief,,whole_body,
B0606,Ingredient / mechanism beliefs,"You’re correct, it’s body oil and then body butter/ lotion. It’s not the same as how we’re taught to layer our faces.","Körper: erst Öl, dann Lotion – anders als Gesicht",https://www.reddit.com/r/30PlusSkinCare/comments/1n721qj/post_shower_body_oil_or_lotioncream/nci1jzd/,https://www.reddit.com/r/30PlusSkinCare/comments/1n721qj/post_shower_body_oil_or_lotioncream/,C051,r/30PlusSkinCare,"Reply | thread: OP (Gen X, ~45-60) rotates body oils/butters/lotions post-shower; asks oil vs lotion, budget",question_order_of_application,medium,Contradictory order belief – confusion evidence,,whole_body,
B0607,Product / routine preferences,I'm testing it out now on opposite limbs!,Testet Reihenfolge an verschiedenen Gliedmaßen,https://www.reddit.com/r/30PlusSkinCare/comments/1n721qj/post_shower_body_oil_or_lotioncream/nck9r1u/,https://www.reddit.com/r/30PlusSkinCare/comments/1n721qj/post_shower_body_oil_or_lotioncream/,C051,r/30PlusSkinCare,"Reply | thread: OP (Gen X, ~45-60) rotates body oils/butters/lotions post-shower; asks oil vs lotion, budget",question_order_of_application,medium,Self-experimentation,,arms,
B0608,Tactile descriptions,"I need to get more of that oil soon, if only for the incredible fragrance. I love it combined with lotion in the winter.",Kauft Öl schon allein wegen Duft nach,https://www.reddit.com/r/30PlusSkinCare/comments/1n721qj/post_shower_body_oil_or_lotioncream/nc6jdqy/,https://www.reddit.com/r/30PlusSkinCare/comments/1n721qj/post_shower_body_oil_or_lotioncream/,C051,r/30PlusSkinCare,"Reply | thread: OP (Gen X, ~45-60) rotates body oils/butters/lotions post-shower; asks oil vs lotion, budget",scent_love;winter_dryness,medium,Scent drives repurchase,,whole_body,
B0609,Skepticism,Is it working? Maybe? I like the formulation so plan to keep using it until something more interesting comes along.,"Wirkt es? Vielleicht – bleibt, bis etwas Spannenderes kommt",https://www.reddit.com/r/30PlusSkinCare/comments/1n721qj/post_shower_body_oil_or_lotioncream/ncyjajb/,https://www.reddit.com/r/30PlusSkinCare/comments/1n721qj/post_shower_body_oil_or_lotioncream/,C051,r/30PlusSkinCare,"OP | thread: OP (Gen X, ~45-60) rotates body oils/butters/lotions post-shower; asks oil vs lotion, budget",retinol_body;marketing_distrust,high,Low loyalty; uncertain efficacy,,whole_body,
B0610,Routine friction,"I hate it, I skip it often … and it’s really starting to show.","Hasst Eincremen, lässt es aus – man sieht es",https://www.reddit.com/r/30PlusSkinCare/comments/1n721qj/post_shower_body_oil_or_lotioncream/ndf8su8/,https://www.reddit.com/r/30PlusSkinCare/comments/1n721qj/post_shower_body_oil_or_lotioncream/,C051,r/30PlusSkinCare,"Reply | thread: OP (Gen X, ~45-60) rotates body oils/butters/lotions post-shower; asks oil vs lotion, budget",routine_fatigue,medium,Moisturizing aversion,,whole_body,
B0611,Routine friction,"I wish I could step out of the shower and walk through a spray of lotion, like fake tan, so I didn’t have to rub it in. And then I guess I would need 4 hours before being able to put on any clothes.",Wünscht Sprühlotion wie Bräunungsdusche; Wartezeit bis Anziehen,https://www.reddit.com/r/30PlusSkinCare/comments/1n721qj/post_shower_body_oil_or_lotioncream/ndf8su8/,https://www.reddit.com/r/30PlusSkinCare/comments/1n721qj/post_shower_body_oil_or_lotioncream/,C051,r/30PlusSkinCare,"Reply | thread: OP (Gen X, ~45-60) rotates body oils/butters/lotions post-shower; asks oil vs lotion, budget",routine_fatigue;oil_absorbs_fast,medium,Wish for effortless application + dress-time friction,,whole_body,
B0612,Tactile descriptions,Now if I don't moisturize I feel like my skin is screaming at me,"Ohne Eincremen ""schreit"" die Haut",https://www.reddit.com/r/30PlusSkinCare/comments/1n721qj/post_shower_body_oil_or_lotioncream/ndh1q49/,https://www.reddit.com/r/30PlusSkinCare/comments/1n721qj/post_shower_body_oil_or_lotioncream/,C051,r/30PlusSkinCare,"OP | thread: OP (Gen X, ~45-60) rotates body oils/butters/lotions post-shower; asks oil vs lotion, budget",consistency_effort,high,"Habit formed; skin ""screaming""",,whole_body,
B0613,Product / routine preferences,I’m seasonal too. Or I get bored and switch up.,Saisonal oder aus Langeweile wechseln,https://www.reddit.com/r/30PlusSkinCare/comments/1n721qj/post_shower_body_oil_or_lotioncream/nc4g9c9/,https://www.reddit.com/r/30PlusSkinCare/comments/1n721qj/post_shower_body_oil_or_lotioncream/,C051,r/30PlusSkinCare,"OP | thread: OP (Gen X, ~45-60) rotates body oils/butters/lotions post-shower; asks oil vs lotion, budget",routine_fatigue,high,"Variety-seeking, low loyalty",,whole_body,
B0614,Questions customers repeatedly ask,Or do I need to use both?,Oder braucht man beides?,https://www.reddit.com/r/30PlusSkinCare/comments/1oz5er4/does_anyone_use_body_oil_instead_of_lotion_what/,https://www.reddit.com/r/30PlusSkinCare/comments/1oz5er4/does_anyone_use_body_oil_instead_of_lotion_what/,C052,r/30PlusSkinCare,OP | thread: OP (age not stated) asks if body oil can replace lotion and which brand is good,question_oil_or_lotion,medium,Oil-vs-both question,,whole_body,
B0615,Successful attempts,"I use jojoba oil and it’s been a game changer. I used to have the worst itchy, dry skin (especially after shaving).",Jojobaöl Game Changer gegen juckende trockene Haut,https://www.reddit.com/r/30PlusSkinCare/comments/1oz5er4/does_anyone_use_body_oil_instead_of_lotion_what/np9cif0/,https://www.reddit.com/r/30PlusSkinCare/comments/1oz5er4/does_anyone_use_body_oil_instead_of_lotion_what/,C052,r/30PlusSkinCare,Reply | thread: OP (age not stated) asks if body oil can replace lotion and which brand is good,itch_flake,medium,Plain oil success,,legs,
B0616,Product / routine preferences,pairing it with a simple lotion gives way better long lasting moisture,Mit Lotion kombiniert länger anhaltende Feuchtigkeit,https://www.reddit.com/r/30PlusSkinCare/comments/1oz5er4/does_anyone_use_body_oil_instead_of_lotion_what/np9u76v/,https://www.reddit.com/r/30PlusSkinCare/comments/1oz5er4/does_anyone_use_body_oil_instead_of_lotion_what/,C052,r/30PlusSkinCare,Reply | thread: OP (age not stated) asks if body oil can replace lotion and which brand is good,oil_vs_lotion_confusion,medium,Pairing belief,,whole_body,
B0617,Tactile descriptions,"Makes application easier too, when lotion alone can get absorbed so fast.","Erleichtert Auftragen, Lotion zieht zu schnell ein",https://www.reddit.com/r/30PlusSkinCare/comments/1oz5er4/does_anyone_use_body_oil_instead_of_lotion_what/npg1yy1/,https://www.reddit.com/r/30PlusSkinCare/comments/1oz5er4/does_anyone_use_body_oil_instead_of_lotion_what/,C052,r/30PlusSkinCare,Reply | thread: OP (age not stated) asks if body oil can replace lotion and which brand is good,oil_absorbs_fast,medium,Oil adds slip/glide,,whole_body,
B0618,Questions customers repeatedly ask,would you suggest doing oil first then lotion? or lotion then oil?,Erst Öl oder erst Lotion?,https://www.reddit.com/r/30PlusSkinCare/comments/1oz5er4/does_anyone_use_body_oil_instead_of_lotion_what/npkjgqq/,https://www.reddit.com/r/30PlusSkinCare/comments/1oz5er4/does_anyone_use_body_oil_instead_of_lotion_what/,C052,r/30PlusSkinCare,Reply | thread: OP (age not stated) asks if body oil can replace lotion and which brand is good,question_order_of_application,medium,Order question recurs,,whole_body,
B0619,Tactile descriptions,Plain jojoba oil has been a game changer for me. I'm so soft!!!,Jojoba Game Changer – so weich,https://www.reddit.com/r/30PlusSkinCare/comments/1oz5er4/does_anyone_use_body_oil_instead_of_lotion_what/np9lwqm/,https://www.reddit.com/r/30PlusSkinCare/comments/1oz5er4/does_anyone_use_body_oil_instead_of_lotion_what/,C052,r/30PlusSkinCare,Reply | thread: OP (age not stated) asks if body oil can replace lotion and which brand is good,soft_smooth_desire,medium,Softness from plain oil,,whole_body,
B0620,Ingredient / mechanism beliefs,it has a similar structure to sebum so it actually absorbs pretty well.,"Ähnlich wie Talg, zieht gut ein",https://www.reddit.com/r/30PlusSkinCare/comments/1oz5er4/does_anyone_use_body_oil_instead_of_lotion_what/np9lwqm/,https://www.reddit.com/r/30PlusSkinCare/comments/1oz5er4/does_anyone_use_body_oil_instead_of_lotion_what/,C052,r/30PlusSkinCare,Reply | thread: OP (age not stated) asks if body oil can replace lotion and which brand is good,oil_absorbs_fast,medium,Jojoba = sebum belief,,whole_body,
B0621,Routine friction,It took me a little bit to get a feel for how much to use,"Dauerte, die richtige Menge zu finden",https://www.reddit.com/r/30PlusSkinCare/comments/1oz5er4/does_anyone_use_body_oil_instead_of_lotion_what/npekqhk/,https://www.reddit.com/r/30PlusSkinCare/comments/1oz5er4/does_anyone_use_body_oil_instead_of_lotion_what/,C052,r/30PlusSkinCare,Reply | thread: OP (age not stated) asks if body oil can replace lotion and which brand is good,oil_greasy_staining,medium,Dosage learning curve,,whole_body,
B0622,Desired outcomes,"I have a healthy glow, I'm super soft and supple, all the good stuff!","Gesunder Glow, weich und geschmeidig",https://www.reddit.com/r/30PlusSkinCare/comments/1oz5er4/does_anyone_use_body_oil_instead_of_lotion_what/npekqhk/,https://www.reddit.com/r/30PlusSkinCare/comments/1oz5er4/does_anyone_use_body_oil_instead_of_lotion_what/,C052,r/30PlusSkinCare,Reply | thread: OP (age not stated) asks if body oil can replace lotion and which brand is good,glow_desire;soft_smooth_desire,medium,Glow + soft + supple,,whole_body,
B0623,Purchase criteria,it absorbs quickly and smells really lovely.,"Zieht schnell ein, riecht schön",https://www.reddit.com/r/30PlusSkinCare/comments/1oz5er4/does_anyone_use_body_oil_instead_of_lotion_what/npaquz8/,https://www.reddit.com/r/30PlusSkinCare/comments/1oz5er4/does_anyone_use_body_oil_instead_of_lotion_what/,C052,r/30PlusSkinCare,Reply | thread: OP (age not stated) asks if body oil can replace lotion and which brand is good,oil_absorbs_fast;scent_love,medium,Absorb + scent,,whole_body,
B0624,Objections,Body oils usually make me feel gross but I like osea. Bonus is they make a fragrance free one.,Öle fühlen sich meist eklig an; duftfreie Variante Bonus,https://www.reddit.com/r/30PlusSkinCare/comments/1oz5er4/does_anyone_use_body_oil_instead_of_lotion_what/npaisfy/,https://www.reddit.com/r/30PlusSkinCare/comments/1oz5er4/does_anyone_use_body_oil_instead_of_lotion_what/,C052,r/30PlusSkinCare,Reply | thread: OP (age not stated) asks if body oil can replace lotion and which brand is good,oil_greasy_staining;fragrance_sensitivity,medium,"""gross"" feel; fragrance-free option valued",,whole_body,
B0625,Exact phrases / metaphors / repeated wording,I feel like a slick pig with everything I've tried so far.,Fühlt sich an wie ein eingeöltes Schwein,https://www.reddit.com/r/30PlusSkinCare/comments/1oz5er4/does_anyone_use_body_oil_instead_of_lotion_what/np9ikza/,https://www.reddit.com/r/30PlusSkinCare/comments/1oz5er4/does_anyone_use_body_oil_instead_of_lotion_what/,C052,r/30PlusSkinCare,Reply | thread: OP (age not stated) asks if body oil can replace lotion and which brand is good,oil_greasy_staining,medium,"""slick pig"" metaphor",,whole_body,
B0626,Product / routine preferences,The key is to put on IN the shower as your very last step. … No oily gross feeling with this application!,Öl in der Dusche als letzter Schritt – kein öliges Gefühl,https://www.reddit.com/r/30PlusSkinCare/comments/1oz5er4/does_anyone_use_body_oil_instead_of_lotion_what/npc8nm6/,https://www.reddit.com/r/30PlusSkinCare/comments/1oz5er4/does_anyone_use_body_oil_instead_of_lotion_what/,C052,r/30PlusSkinCare,Reply | thread: OP (age not stated) asks if body oil can replace lotion and which brand is good,oil_on_damp_skin;oil_greasy_staining,medium,In-shower application solves greasiness,,whole_body,
B0627,Questions customers repeatedly ask,"And the towel WILL get oily I imagine. Should I have a separate ""oil first towel""",Wird das Handtuch ölig? Extra Handtuch?,https://www.reddit.com/r/30PlusSkinCare/comments/1oz5er4/does_anyone_use_body_oil_instead_of_lotion_what/npc9l8b/,https://www.reddit.com/r/30PlusSkinCare/comments/1oz5er4/does_anyone_use_body_oil_instead_of_lotion_what/,C052,r/30PlusSkinCare,Reply | thread: OP (age not stated) asks if body oil can replace lotion and which brand is good,oil_greasy_staining,medium,Towel-staining worry,,whole_body,
B0628,Tactile descriptions,the water beads up on your skin and you’re like instantly dry.,"Wasser perlt ab, sofort trocken",https://www.reddit.com/r/30PlusSkinCare/comments/1oz5er4/does_anyone_use_body_oil_instead_of_lotion_what/npca5v1/,https://www.reddit.com/r/30PlusSkinCare/comments/1oz5er4/does_anyone_use_body_oil_instead_of_lotion_what/,C052,r/30PlusSkinCare,Reply | thread: OP (age not stated) asks if body oil can replace lotion and which brand is good,oil_absorbs_fast,medium,Sensory: water beading,,whole_body,
B0629,Product / routine preferences,I want to have damp skin when I apply my lotion. It gives a bit of moisture to lock it all in place.,Lotion auf feuchter Haut zum Einschließen,https://www.reddit.com/r/30PlusSkinCare/comments/1oz5er4/does_anyone_use_body_oil_instead_of_lotion_what/npdhv07/,https://www.reddit.com/r/30PlusSkinCare/comments/1oz5er4/does_anyone_use_body_oil_instead_of_lotion_what/,C052,r/30PlusSkinCare,Reply | thread: OP (age not stated) asks if body oil can replace lotion and which brand is good,oil_on_damp_skin,medium,Damp skin logic,,whole_body,
B0630,Routine friction,I hate being cold so putting it in while the shower is still running is a much better experience for me.,Hasst Frieren – Öl bei laufendem Wasser,https://www.reddit.com/r/30PlusSkinCare/comments/1oz5er4/does_anyone_use_body_oil_instead_of_lotion_what/npcedr2/,https://www.reddit.com/r/30PlusSkinCare/comments/1oz5er4/does_anyone_use_body_oil_instead_of_lotion_what/,C052,r/30PlusSkinCare,Reply | thread: OP (age not stated) asks if body oil can replace lotion and which brand is good,oil_on_damp_skin,medium,Comfort/temperature friction,,whole_body,
B0631,Ingredient / mechanism beliefs,"It's not actual ""oil"" so it doesn't leave stains.","Jojoba kein echtes Öl, keine Flecken",https://www.reddit.com/r/30PlusSkinCare/comments/1oz5er4/does_anyone_use_body_oil_instead_of_lotion_what/npao87q/,https://www.reddit.com/r/30PlusSkinCare/comments/1oz5er4/does_anyone_use_body_oil_instead_of_lotion_what/,C052,r/30PlusSkinCare,Reply | thread: OP (age not stated) asks if body oil can replace lotion and which brand is good,oil_greasy_staining,medium,Belief jojoba doesn't stain,,whole_body,
B0632,Ingredient / mechanism beliefs,rosehip oils which is known to be good for skin elasticity and to reduce signs of aging.,Hagebuttenöl gut für Elastizität und Anti-Aging,https://www.reddit.com/r/30PlusSkinCare/comments/1oz5er4/does_anyone_use_body_oil_instead_of_lotion_what/npao87q/,https://www.reddit.com/r/30PlusSkinCare/comments/1oz5er4/does_anyone_use_body_oil_instead_of_lotion_what/,C052,r/30PlusSkinCare,Reply | thread: OP (age not stated) asks if body oil can replace lotion and which brand is good,oil_absorbs_fast,medium,Rosehip anti-aging belief,,whole_body,
B0633,Ingredient / mechanism beliefs,Body oil over damp skin will provide the hydration + occlusion needed to keep you moisturized.,Öl auf feuchter Haut = Hydration + Okklusion,https://www.reddit.com/r/30PlusSkinCare/comments/1oz5er4/does_anyone_use_body_oil_instead_of_lotion_what/np9rwil/,https://www.reddit.com/r/30PlusSkinCare/comments/1oz5er4/does_anyone_use_body_oil_instead_of_lotion_what/,C052,r/30PlusSkinCare,Reply | thread: OP (age not stated) asks if body oil can replace lotion and which brand is good,oil_on_damp_skin;oil_seals_not_hydrates,medium,Damp + oil mechanism,,whole_body,
B0634,Purchase criteria,And my wallet likes Bio-Oil. But I love Osea.,"Geldbeutel mag Bio-Oil, liebt aber Osea",https://www.reddit.com/r/30PlusSkinCare/comments/1oz5er4/does_anyone_use_body_oil_instead_of_lotion_what/np9rwil/,https://www.reddit.com/r/30PlusSkinCare/comments/1oz5er4/does_anyone_use_body_oil_instead_of_lotion_what/,C052,r/30PlusSkinCare,Reply | thread: OP (age not stated) asks if body oil can replace lotion and which brand is good,price_value,medium,Budget vs premium tension,,whole_body,
B0635,Questions customers repeatedly ask,Is Osea expensive ? Looking for a body oil. Legs get so dry.,Ist Osea teuer? Beine so trocken,https://www.reddit.com/r/30PlusSkinCare/comments/1oz5er4/does_anyone_use_body_oil_instead_of_lotion_what/npajcqd/,https://www.reddit.com/r/30PlusSkinCare/comments/1oz5er4/does_anyone_use_body_oil_instead_of_lotion_what/,C052,r/30PlusSkinCare,Reply | thread: OP (age not stated) asks if body oil can replace lotion and which brand is good,price_value;crepey_legs,medium,Price question,,legs,
B0636,Purchase criteria,Full price bottles are about $50-$80 depending on size. This is a good time to hunt for a discount set,"Vollpreis 50-80$, Rabatte suchen",https://www.reddit.com/r/30PlusSkinCare/comments/1oz5er4/does_anyone_use_body_oil_instead_of_lotion_what/npdgv9s/,https://www.reddit.com/r/30PlusSkinCare/comments/1oz5er4/does_anyone_use_body_oil_instead_of_lotion_what/,C052,r/30PlusSkinCare,Reply | thread: OP (age not stated) asks if body oil can replace lotion and which brand is good,price_value,medium,Premium oil price band,,whole_body,
B0637,Identity / social implications,"Yes, this is just something my grandmothers and mother have done their entire life.",Großmütter und Mutter machten das lebenslang,https://www.reddit.com/r/30PlusSkinCare/comments/1oz5er4/does_anyone_use_body_oil_instead_of_lotion_what/np9yrdr/,https://www.reddit.com/r/30PlusSkinCare/comments/1oz5er4/does_anyone_use_body_oil_instead_of_lotion_what/,C052,r/30PlusSkinCare,Reply | thread: OP (age not stated) asks if body oil can replace lotion and which brand is good,mothers_skin,medium,Inherited oil tradition,,whole_body,non_us_signal
B0638,Product / routine preferences,"on wet skin after a shower is my favourite method as my skin absorbs as much as I need, and it’s much lower effort.","Auf nasser Haut – nimmt auf, was sie braucht, weniger Aufwand",https://www.reddit.com/r/30PlusSkinCare/comments/1oz5er4/does_anyone_use_body_oil_instead_of_lotion_what/np9yrdr/,https://www.reddit.com/r/30PlusSkinCare/comments/1oz5er4/does_anyone_use_body_oil_instead_of_lotion_what/,C052,r/30PlusSkinCare,Reply | thread: OP (age not stated) asks if body oil can replace lotion and which brand is good,oil_on_damp_skin,medium,Low effort of oil,,whole_body,non_us_signal
B0639,Objections,the smell is too much for me,Kokos-Geruch zu viel,https://www.reddit.com/r/30PlusSkinCare/comments/1oz5er4/does_anyone_use_body_oil_instead_of_lotion_what/np9yrdr/,https://www.reddit.com/r/30PlusSkinCare/comments/1oz5er4/does_anyone_use_body_oil_instead_of_lotion_what/,C052,r/30PlusSkinCare,Reply | thread: OP (age not stated) asks if body oil can replace lotion and which brand is good,fragrance_sensitivity,medium,Coconut scent objection,,whole_body,non_us_signal
B0640,Tactile descriptions,My skin feels and smells so nice.,Haut fühlt sich gut an und riecht gut,https://www.reddit.com/r/30PlusSkinCare/comments/1oz5er4/does_anyone_use_body_oil_instead_of_lotion_what/npafloe/,https://www.reddit.com/r/30PlusSkinCare/comments/1oz5er4/does_anyone_use_body_oil_instead_of_lotion_what/,C052,r/30PlusSkinCare,Reply | thread: OP (age not stated) asks if body oil can replace lotion and which brand is good,scent_love,medium,Coconut oil sensory,,whole_body,
B0641,Purchase criteria,I’m obsessed with the scent and it’s not greasy,"Besessen vom Duft, nicht fettig",https://www.reddit.com/r/30PlusSkinCare/comments/1oz5er4/does_anyone_use_body_oil_instead_of_lotion_what/npdg6ks/,https://www.reddit.com/r/30PlusSkinCare/comments/1oz5er4/does_anyone_use_body_oil_instead_of_lotion_what/,C052,r/30PlusSkinCare,Reply | thread: OP (age not stated) asks if body oil can replace lotion and which brand is good,scent_love;oil_greasy_staining,medium,Scent + non-greasy,,whole_body,
B0642,Successful attempts,"it soaks in so quickly and makes my skin feel amazing. Never going back to lotion post-shower, it's body oil all the way",Zieht schnell ein; nie wieder Lotion nach Dusche,https://www.reddit.com/r/30PlusSkinCare/comments/1oz5er4/does_anyone_use_body_oil_instead_of_lotion_what/npb2b4k/,https://www.reddit.com/r/30PlusSkinCare/comments/1oz5er4/does_anyone_use_body_oil_instead_of_lotion_what/,C052,r/30PlusSkinCare,Reply | thread: OP (age not stated) asks if body oil can replace lotion and which brand is good,oil_absorbs_fast,medium,Full conversion to oil,,whole_body,
B0643,Tactile descriptions,leaves my skin so supple.,Macht Haut geschmeidig,https://www.reddit.com/r/30PlusSkinCare/comments/1oz5er4/does_anyone_use_body_oil_instead_of_lotion_what/npb8f7y/,https://www.reddit.com/r/30PlusSkinCare/comments/1oz5er4/does_anyone_use_body_oil_instead_of_lotion_what/,C052,r/30PlusSkinCare,Reply Colorado | thread: OP (age not stated) asks if body oil can replace lotion and which brand is good,soft_smooth_desire,medium,Supple outcome,,whole_body,
B0644,Exact phrases / metaphors / repeated wording,I have the feeling winter is going to turn me into a scaly lizard person.,Winter macht sie zur schuppigen Echse,https://www.reddit.com/r/30PlusSkinCare/comments/1oz5er4/does_anyone_use_body_oil_instead_of_lotion_what/nppv2b7/,https://www.reddit.com/r/30PlusSkinCare/comments/1oz5er4/does_anyone_use_body_oil_instead_of_lotion_what/,C052,r/30PlusSkinCare,Reply | thread: OP (age not stated) asks if body oil can replace lotion and which brand is good,winter_dryness;itch_flake,medium,"""scaly lizard"" metaphor",,whole_body,
B0645,Symptoms / visible texture descriptions,I've recently had my first experience with ashy ankles.,Erstmals aschige Knöchel,https://www.reddit.com/r/30PlusSkinCare/comments/1oz5er4/does_anyone_use_body_oil_instead_of_lotion_what/nppv2b7/,https://www.reddit.com/r/30PlusSkinCare/comments/1oz5er4/does_anyone_use_body_oil_instead_of_lotion_what/,C052,r/30PlusSkinCare,Reply | thread: OP (age not stated) asks if body oil can replace lotion and which brand is good,itch_flake,medium,Ashy ankles,,legs,
B0646,Desired outcomes,They smell so amazing and make my skin feel insane. The glow is crazy.,"Duft genial, Glow verrückt",https://www.reddit.com/r/30PlusSkinCare/comments/1oz5er4/does_anyone_use_body_oil_instead_of_lotion_what/npibtun/,https://www.reddit.com/r/30PlusSkinCare/comments/1oz5er4/does_anyone_use_body_oil_instead_of_lotion_what/,C052,r/30PlusSkinCare,Reply | thread: OP (age not stated) asks if body oil can replace lotion and which brand is good,glow_desire;scent_love,low,Glow + scent; possible plug,,whole_body,possible_seeding
B0647,Failed attempts,"I did fall for the loccitane body oil hype... it's nice, still use it on special occasions bc it was expensive, but I wasn't wowed and won't be buying it again","Auf L'Occitane-Hype reingefallen – nett, aber nicht nochmal",https://www.reddit.com/r/30PlusSkinCare/comments/1oz5er4/does_anyone_use_body_oil_instead_of_lotion_what/np9avvv/,https://www.reddit.com/r/30PlusSkinCare/comments/1oz5er4/does_anyone_use_body_oil_instead_of_lotion_what/,C052,r/30PlusSkinCare,Reply | thread: OP (age not stated) asks if body oil can replace lotion and which brand is good,marketing_distrust;price_value,medium,Hype disappointment at premium,,whole_body,
B0648,Objections,"The feeling of lotion disgusts me, I use fractionated coconut oil while still damp.","Lotion-Gefühl ekelt sie, nutzt Öl",https://www.reddit.com/r/30PlusSkinCare/comments/1oz5er4/does_anyone_use_body_oil_instead_of_lotion_what/np9dki5/,https://www.reddit.com/r/30PlusSkinCare/comments/1oz5er4/does_anyone_use_body_oil_instead_of_lotion_what/,C052,r/30PlusSkinCare,Reply | thread: OP (age not stated) asks if body oil can replace lotion and which brand is good,oil_on_damp_skin,medium,Lotion aversion → oil,,whole_body,non_us_signal
B0649,Routine friction,"I wear a long pants pajama to deal with the ick, sticky sensation. My skin is smooth and soft by morning.",Lange Pyjamahose gegen klebriges Gefühl; morgens weich,https://www.reddit.com/r/30PlusSkinCare/comments/1oz5er4/does_anyone_use_body_oil_instead_of_lotion_what/npasmvv/,https://www.reddit.com/r/30PlusSkinCare/comments/1oz5er4/does_anyone_use_body_oil_instead_of_lotion_what/,C052,r/30PlusSkinCare,Reply | thread: OP (age not stated) asks if body oil can replace lotion and which brand is good,oil_greasy_staining;soft_smooth_desire,medium,Overnight workaround,,whole_body,
B0650,Questions customers repeatedly ask,Are you going for soft feels or hydration or both?,Geht es um Weichheit oder Feuchtigkeit?,https://www.reddit.com/r/30PlusSkinCare/comments/1oz5er4/does_anyone_use_body_oil_instead_of_lotion_what/npatxhs/,https://www.reddit.com/r/30PlusSkinCare/comments/1oz5er4/does_anyone_use_body_oil_instead_of_lotion_what/,C052,r/30PlusSkinCare,Reply | thread: OP (age not stated) asks if body oil can replace lotion and which brand is good,oil_vs_lotion_confusion,medium,Soft vs hydration distinction,,whole_body,
B0651,Objections,Osea is nice but it smells bad.,Osea riecht schlecht,https://www.reddit.com/r/30PlusSkinCare/comments/1oz5er4/does_anyone_use_body_oil_instead_of_lotion_what/npbz1vq/,https://www.reddit.com/r/30PlusSkinCare/comments/1oz5er4/does_anyone_use_body_oil_instead_of_lotion_what/,C052,r/30PlusSkinCare,Reply | thread: OP (age not stated) asks if body oil can replace lotion and which brand is good,fragrance_sensitivity,medium,Scent polarity,,whole_body,
B0652,Objections,I tried Osea but couldn’t get past the strong lemon scent. Reminds me of floor cleaner,Starker Zitronenduft wie Bodenreiniger,https://www.reddit.com/r/30PlusSkinCare/comments/1oz5er4/does_anyone_use_body_oil_instead_of_lotion_what/npc7sfh/,https://www.reddit.com/r/30PlusSkinCare/comments/1oz5er4/does_anyone_use_body_oil_instead_of_lotion_what/,C052,r/30PlusSkinCare,Reply | thread: OP (age not stated) asks if body oil can replace lotion and which brand is good,fragrance_sensitivity,medium,Scent kills otherwise good product,,whole_body,
B0653,Identity / social implications,I’ve one by one turned all my friends and family into oil girlies.,"Hat Freunde/Familie zu ""Öl-Girlies"" gemacht",https://www.reddit.com/r/30PlusSkinCare/comments/1oz5er4/does_anyone_use_body_oil_instead_of_lotion_what/npc8ifb/,https://www.reddit.com/r/30PlusSkinCare/comments/1oz5er4/does_anyone_use_body_oil_instead_of_lotion_what/,C052,r/30PlusSkinCare,Reply | thread: OP (age not stated) asks if body oil can replace lotion and which brand is good,peer_proof,medium,Word-of-mouth evangelism,,whole_body,
B0654,Successful attempts,Combining the two works a lot better for me than either one on its own.,Kombination wirkt besser als einzeln,https://www.reddit.com/r/30PlusSkinCare/comments/1oz5er4/does_anyone_use_body_oil_instead_of_lotion_what/npcw9im/,https://www.reddit.com/r/30PlusSkinCare/comments/1oz5er4/does_anyone_use_body_oil_instead_of_lotion_what/,C052,r/30PlusSkinCare,Reply | thread: OP (age not stated) asks if body oil can replace lotion and which brand is good,oil_vs_lotion_confusion,medium,Mix 1:1 oil:lotion,,whole_body,non_us_signal
B0655,Routine friction,"a body oil does make you a little... well, oily, in your clothes for a while so I don't do it all the time.",Öl macht in Kleidung ölig – nicht immer,https://www.reddit.com/r/30PlusSkinCare/comments/1oz5er4/does_anyone_use_body_oil_instead_of_lotion_what/npdy7du/,https://www.reddit.com/r/30PlusSkinCare/comments/1oz5er4/does_anyone_use_body_oil_instead_of_lotion_what/,C052,r/30PlusSkinCare,Reply | thread: OP (age not stated) asks if body oil can replace lotion and which brand is good,oil_greasy_staining,medium,Clothes friction,,whole_body,
B0656,Tactile descriptions,it smells like sugar cookies and makes my skin really soft!,"Riecht nach Zuckerkeksen, macht weich",https://www.reddit.com/r/30PlusSkinCare/comments/1oz5er4/does_anyone_use_body_oil_instead_of_lotion_what/npdy7du/,https://www.reddit.com/r/30PlusSkinCare/comments/1oz5er4/does_anyone_use_body_oil_instead_of_lotion_what/,C052,r/30PlusSkinCare,Reply | thread: OP (age not stated) asks if body oil can replace lotion and which brand is good,scent_love;soft_smooth_desire,medium,Gourmand scent,,whole_body,
B0657,Purchase criteria,Not greasy and absorbs pretty well.,"Nicht fettig, zieht gut ein",https://www.reddit.com/r/30PlusSkinCare/comments/1oz5er4/does_anyone_use_body_oil_instead_of_lotion_what/npfve79/,https://www.reddit.com/r/30PlusSkinCare/comments/1oz5er4/does_anyone_use_body_oil_instead_of_lotion_what/,C052,r/30PlusSkinCare,Reply | thread: OP (age not stated) asks if body oil can replace lotion and which brand is good,oil_greasy_staining;oil_absorbs_fast,medium,Twin criteria,,whole_body,
B0658,Product / routine preferences,Straight up jojoba. Don’t complicate it.,Einfach Jojoba – nicht kompliziert,https://www.reddit.com/r/30PlusSkinCare/comments/1oz5er4/does_anyone_use_body_oil_instead_of_lotion_what/npg1hp8/,https://www.reddit.com/r/30PlusSkinCare/comments/1oz5er4/does_anyone_use_body_oil_instead_of_lotion_what/,C052,r/30PlusSkinCare,Reply | thread: OP (age not stated) asks if body oil can replace lotion and which brand is good,cheap_oil_alternative,medium,Simplicity preference,,whole_body,
B0659,Purchase criteria,You don’t need to spend a ton of money on it.,Muss nicht viel kosten,https://www.reddit.com/r/30PlusSkinCare/comments/1oz5er4/does_anyone_use_body_oil_instead_of_lotion_what/npiq767/,https://www.reddit.com/r/30PlusSkinCare/comments/1oz5er4/does_anyone_use_body_oil_instead_of_lotion_what/,C052,r/30PlusSkinCare,Reply Midwest | thread: OP (age not stated) asks if body oil can replace lotion and which brand is good,price_value;cheap_oil_alternative,medium,Low price expectation,,whole_body,
B0660,Objections,it’s helping my skin but also turning me into a hairy bear.,"Hilft, macht aber ""behaart wie ein Bär""",https://www.reddit.com/r/30PlusSkinCare/comments/1oz5er4/does_anyone_use_body_oil_instead_of_lotion_what/npl16q3/,https://www.reddit.com/r/30PlusSkinCare/comments/1oz5er4/does_anyone_use_body_oil_instead_of_lotion_what/,C052,r/30PlusSkinCare,Reply | thread: OP (age not stated) asks if body oil can replace lotion and which brand is good,new_oil_hair_growth_worry,low,Unusual side-effect belief,,whole_body,
B0661,Situational triggers,"now I’m pushing 41 and I’m starting to wonder “hmm, what about the rest of it?”",Fast 41 – was ist mit dem Rest des Körpers?,https://www.reddit.com/r/30PlusSkinCare/comments/okn0y7/has_anyone_found_a_retinol_body_oil_that_they/,https://www.reddit.com/r/30PlusSkinCare/comments/okn0y7/has_anyone_found_a_retinol_body_oil_that_they/,C053,r/30PlusSkinCare,"OP ~41 | thread: OP (pushing 41) hates lotion, wants retinol in body-oil format after shower",question_what_works,medium,Body realization around 40,40,whole_body,
B0662,Objections,"to be honest I hate lotion with the fire of a thousand suns, and I will not use it. Body oil apres shower is my thing.",Hasst Lotion abgrundtief; Körperöl nach Dusche ist ihr Ding,https://www.reddit.com/r/30PlusSkinCare/comments/okn0y7/has_anyone_found_a_retinol_body_oil_that_they/,https://www.reddit.com/r/30PlusSkinCare/comments/okn0y7/has_anyone_found_a_retinol_body_oil_that_they/,C053,r/30PlusSkinCare,"OP | thread: OP (pushing 41) hates lotion, wants retinol in body-oil format after shower",oil_vs_lotion_confusion;oil_on_damp_skin,medium,Strong lotion aversion; oil-format loyalty,40,whole_body,
B0663,Exact phrases / metaphors / repeated wording,I hate lotion with the fire of a thousand suns,"""hasst Lotion mit dem Feuer von tausend Sonnen""",https://www.reddit.com/r/30PlusSkinCare/comments/okn0y7/has_anyone_found_a_retinol_body_oil_that_they/,https://www.reddit.com/r/30PlusSkinCare/comments/okn0y7/has_anyone_found_a_retinol_body_oil_that_they/,C053,r/30PlusSkinCare,"OP | thread: OP (pushing 41) hates lotion, wants retinol in body-oil format after shower",routine_fatigue,medium,Vivid aversion phrase,40,whole_body,
B0664,Purchase criteria,A serum would also be acceptable.,Ein Serum wäre auch akzeptabel,https://www.reddit.com/r/30PlusSkinCare/comments/okn0y7/has_anyone_found_a_retinol_body_oil_that_they/,https://www.reddit.com/r/30PlusSkinCare/comments/okn0y7/has_anyone_found_a_retinol_body_oil_that_they/,C053,r/30PlusSkinCare,"OP | thread: OP (pushing 41) hates lotion, wants retinol in body-oil format after shower",oil_absorbs_fast,medium,"Format acceptance: oil or serum, not lotion",40,whole_body,
B0665,Questions customers repeatedly ask,Any reviews or other recommendations?,Bewertungen oder Empfehlungen?,https://www.reddit.com/r/30PlusSkinCare/comments/okn0y7/has_anyone_found_a_retinol_body_oil_that_they/,https://www.reddit.com/r/30PlusSkinCare/comments/okn0y7/has_anyone_found_a_retinol_body_oil_that_they/,C053,r/30PlusSkinCare,"OP | thread: OP (pushing 41) hates lotion, wants retinol in body-oil format after shower",question_what_works,medium,Seeks peer reviews for niche oils,40,whole_body,
B0666,Failed attempts,"I didn't like the chemistry brand retin oil, the smell nor its effectiveness. Tried 2 bottles worth.","Retinol-Öl: Geruch und Wirkung enttäuschend, 2 Flaschen",https://www.reddit.com/r/30PlusSkinCare/comments/okn0y7/has_anyone_found_a_retinol_body_oil_that_they/h59hazq/,https://www.reddit.com/r/30PlusSkinCare/comments/okn0y7/has_anyone_found_a_retinol_body_oil_that_they/,C053,r/30PlusSkinCare,"Reply poster 46 | thread: OP (pushing 41) hates lotion, wants retinol in body-oil format after shower",retinol_body;fragrance_sensitivity,high,Retinol oil let down on smell+efficacy,46,whole_body,
B0667,Successful attempts,"I definitely noticed smoother skin, I'm 46 this month.","Deutlich glattere Haut, 46",https://www.reddit.com/r/30PlusSkinCare/comments/okn0y7/has_anyone_found_a_retinol_body_oil_that_they/h59hazq/,https://www.reddit.com/r/30PlusSkinCare/comments/okn0y7/has_anyone_found_a_retinol_body_oil_that_they/,C053,r/30PlusSkinCare,"Reply | thread: OP (pushing 41) hates lotion, wants retinol in body-oil format after shower",retinol_body;soft_smooth_desire,high,Squalane retinol success,46,whole_body,
B0668,Objections,I tried glycolic lotions and they work but they sting! and make my skin feel sticky.,"Glykol-Lotionen wirken, brennen aber und kleben",https://www.reddit.com/r/30PlusSkinCare/comments/okn0y7/has_anyone_found_a_retinol_body_oil_that_they/h59hazq/,https://www.reddit.com/r/30PlusSkinCare/comments/okn0y7/has_anyone_found_a_retinol_body_oil_that_they/,C053,r/30PlusSkinCare,"Reply | thread: OP (pushing 41) hates lotion, wants retinol in body-oil format after shower",routine_fatigue,high,Sting + sticky objection,46,whole_body,
B0669,Objections,Tried the Chemistry Brand Retin Oil but hated all the citrus extracts.,Hasste Zitrusextrakte,https://www.reddit.com/r/30PlusSkinCare/comments/okn0y7/has_anyone_found_a_retinol_body_oil_that_they/h59ptw3/,https://www.reddit.com/r/30PlusSkinCare/comments/okn0y7/has_anyone_found_a_retinol_body_oil_that_they/,C053,r/30PlusSkinCare,"Reply | thread: OP (pushing 41) hates lotion, wants retinol in body-oil format after shower",fragrance_sensitivity,medium,Citrus scent/irritant aversion,,whole_body,
B0670,Product / routine preferences,"It sounds like more work than it is. The price is right, and I get to use the moisturizer I already know I like.","Klingt nach mehr Arbeit; Preis stimmt, gewohnte Creme",https://www.reddit.com/r/30PlusSkinCare/comments/okn0y7/has_anyone_found_a_retinol_body_oil_that_they/h5e2ok4/,https://www.reddit.com/r/30PlusSkinCare/comments/okn0y7/has_anyone_found_a_retinol_body_oil_that_they/,C053,r/30PlusSkinCare,"Reply | thread: OP (pushing 41) hates lotion, wants retinol in body-oil format after shower",price_value,medium,DIY retinol drops into known lotion,,whole_body,
B0671,Skepticism,the marks have faded from a bright red to a pale pink but its hard to say if it’s from the retinol. I feel like it’s working so I am continuing.,"Schwer zu sagen, ob es am Retinol liegt; fühlt sich wirksam an",https://www.reddit.com/r/30PlusSkinCare/comments/okn0y7/has_anyone_found_a_retinol_body_oil_that_they/heem6al/,https://www.reddit.com/r/30PlusSkinCare/comments/okn0y7/has_anyone_found_a_retinol_body_oil_that_they/,C053,r/30PlusSkinCare,"Reply | thread: OP (pushing 41) hates lotion, wants retinol in body-oil format after shower",time_to_result,medium,Attribution uncertainty,,whole_body,
B0672,Tactile descriptions,it’s kind of just like any oil except doesn’t feel very hydrating?,"Wie jedes Öl, fühlt sich nicht sehr feuchtigkeitsspendend an",https://www.reddit.com/r/30PlusSkinCare/comments/okn0y7/has_anyone_found_a_retinol_body_oil_that_they/h5fhx2q/,https://www.reddit.com/r/30PlusSkinCare/comments/okn0y7/has_anyone_found_a_retinol_body_oil_that_they/,C053,r/30PlusSkinCare,"Reply | thread: OP (pushing 41) hates lotion, wants retinol in body-oil format after shower",oil_seals_not_hydrates,medium,Oil hydration doubt,,whole_body,
B0673,Skepticism,"it didn’t reverse anything, if you know what I mean.",Hat nichts rückgängig gemacht,https://www.reddit.com/r/30PlusSkinCare/comments/okn0y7/has_anyone_found_a_retinol_body_oil_that_they/h5h2cyh/,https://www.reddit.com/r/30PlusSkinCare/comments/okn0y7/has_anyone_found_a_retinol_body_oil_that_they/,C053,r/30PlusSkinCare,"OP | thread: OP (pushing 41) hates lotion, wants retinol in body-oil format after shower",nothing_works,medium,Prevention vs reversal,40,neck,
B0674,Tactile descriptions,"It’s gentle and smells nice, at least (the Paula’s Choice one smells AWFUL!).",Sanft und riecht gut; andere riecht furchtbar,https://www.reddit.com/r/30PlusSkinCare/comments/okn0y7/has_anyone_found_a_retinol_body_oil_that_they/h5h2cyh/,https://www.reddit.com/r/30PlusSkinCare/comments/okn0y7/has_anyone_found_a_retinol_body_oil_that_they/,C053,r/30PlusSkinCare,"OP | thread: OP (pushing 41) hates lotion, wants retinol in body-oil format after shower",fragrance_sensitivity;scent_love,medium,Scent as differentiator,40,neck,
B0675,Problem descriptions,"I have like gnarled working hands that look much older than I am (40). My legs are spotted, scarred, and ashy.","Knorrige Hände älter als 40; Beine fleckig, vernarbt, aschig",https://www.reddit.com/r/30PlusSkinCare/comments/1dcwq43/antiaging_body_care/,https://www.reddit.com/r/30PlusSkinCare/comments/1dcwq43/antiaging_body_care/,C054,r/30PlusSkinCare,"OP 40 | thread: OP (40) body looks older than face: hands, legs, chest; asks body-care products",crepey_hands,medium,Body older than face,40,hands,
B0676,Symptoms / visible texture descriptions,"I'm also starting to notice more sun damage on my shoulders and chest, despite always wearing sunscreen.",Sonnenschäden an Schultern/Brust trotz Sonnenschutz,https://www.reddit.com/r/30PlusSkinCare/comments/1dcwq43/antiaging_body_care/,https://www.reddit.com/r/30PlusSkinCare/comments/1dcwq43/antiaging_body_care/,C054,r/30PlusSkinCare,"OP 40 | thread: OP (40) body looks older than face: hands, legs, chest; asks body-care products",sunscreen_sun_damage,medium,Sun damage despite SPF,40,chest,
B0677,Purchase criteria,I treat my body much like my face with the exception that I generally go cheaper on body.,"Körper wie Gesicht, aber günstiger",https://www.reddit.com/r/30PlusSkinCare/comments/1dcwq43/antiaging_body_care/l8254al/,https://www.reddit.com/r/30PlusSkinCare/comments/1dcwq43/antiaging_body_care/,C054,r/30PlusSkinCare,"Reply | thread: OP (40) body looks older than face: hands, legs, chest; asks body-care products",price_value;new_face_product_transfer,medium,Lower price tier for body,,whole_body,
B0678,Time-to-result expectations,CeraVe in the tub (use daily and your hands/body will be incredibly soft in a week),In einer Woche unglaublich weich,https://www.reddit.com/r/30PlusSkinCare/comments/1dcwq43/antiaging_body_care/l8254al/,https://www.reddit.com/r/30PlusSkinCare/comments/1dcwq43/antiaging_body_care/,C054,r/30PlusSkinCare,"Reply | thread: OP (40) body looks older than face: hands, legs, chest; asks body-care products",time_to_result;soft_smooth_desire,medium,1-week softness expectation,,whole_body,
B0679,Product / routine preferences,Afterwards I heavily lotion and oil.,Danach viel Lotion und Öl,https://www.reddit.com/r/30PlusSkinCare/comments/1dcwq43/antiaging_body_care/l8254al/,https://www.reddit.com/r/30PlusSkinCare/comments/1dcwq43/antiaging_body_care/,C054,r/30PlusSkinCare,"Reply | thread: OP (40) body looks older than face: hands, legs, chest; asks body-care products",oil_vs_lotion_confusion,medium,Post-exfoliation lotion+oil,,whole_body,
B0680,Product / routine preferences,"I put a regular moisturizer over that (usually a Body Shop body butter, or Argan oil-based lotion from Organyx)",Darüber normale Feuchtigkeitscreme,https://www.reddit.com/r/30PlusSkinCare/comments/1dcwq43/antiaging_body_care/l824y7i/,https://www.reddit.com/r/30PlusSkinCare/comments/1dcwq43/antiaging_body_care/,C054,r/30PlusSkinCare,"Reply | thread: OP (40) body looks older than face: hands, legs, chest; asks body-care products",question_order_of_application,medium,Active then moisturizer layer,,arms,
B0681,Objections,Amlactin is less expensive but it does smell weird.,"AmLactin günstiger, riecht aber komisch",https://www.reddit.com/r/30PlusSkinCare/comments/1dcwq43/antiaging_body_care/l823pwd/,https://www.reddit.com/r/30PlusSkinCare/comments/1dcwq43/antiaging_body_care/,C054,r/30PlusSkinCare,"Reply | thread: OP (40) body looks older than face: hands, legs, chest; asks body-care products",amlactin_lactic;fragrance_sensitivity,medium,AmLactin smell objection,,arms,
B0682,Situational triggers,"When I was gearing up for my wedding, I used Paula's Choice glycolic body lotion on my arms abd back.",Vor Hochzeit Glykol-Lotion an Armen/Rücken,https://www.reddit.com/r/30PlusSkinCare/comments/1dcwq43/antiaging_body_care/l823pwd/,https://www.reddit.com/r/30PlusSkinCare/comments/1dcwq43/antiaging_body_care/,C054,r/30PlusSkinCare,"Reply | thread: OP (40) body looks older than face: hands, legs, chest; asks body-care products",crepey_arms,low,Event-driven body care,,arms,
B0683,Symptoms / visible texture descriptions,My skin is so dry and itchy it cracks,"Haut so trocken und juckend, dass sie reißt",https://www.reddit.com/r/30PlusSkinCare/comments/1dcwq43/antiaging_body_care/l829tgo/,https://www.reddit.com/r/30PlusSkinCare/comments/1dcwq43/antiaging_body_care/,C054,r/30PlusSkinCare,"OP | thread: OP (40) body looks older than face: hands, legs, chest; asks body-care products",itch_flake;winter_dryness,medium,Cracking skin when not humid,40,legs,
B0684,Purchase criteria,"I can't afford laser, but ultimately that's what I'd like to do.",Laser nicht bezahlbar,https://www.reddit.com/r/30PlusSkinCare/comments/1dcwq43/antiaging_body_care/l89a4w8/,https://www.reddit.com/r/30PlusSkinCare/comments/1dcwq43/antiaging_body_care/,C054,r/30PlusSkinCare,"OP | thread: OP (40) body looks older than face: hands, legs, chest; asks body-care products",price_value;only_procedures_work,medium,Affordability barrier,40,legs,
B0685,Desired outcomes,"my skin looks very good, not just for my age but in general.","Haut sieht sehr gut aus, nicht nur fürs Alter",https://www.reddit.com/r/30PlusSkinCare/comments/1dcwq43/antiaging_body_care/l820ryq/,https://www.reddit.com/r/30PlusSkinCare/comments/1dcwq43/antiaging_body_care/,C054,r/30PlusSkinCare,"Reply | thread: OP (40) body looks older than face: hands, legs, chest; asks body-care products",confidence_desire,medium,"""not just for my age"" aspiration",,whole_body,
B0686,Routine friction,I'm honestly too lazy for skin related body care. I just hate it.,"Zu faul für Körperpflege, hasst es",https://www.reddit.com/r/30PlusSkinCare/comments/1dcwq43/antiaging_body_care/l80wyko/,https://www.reddit.com/r/30PlusSkinCare/comments/1dcwq43/antiaging_body_care/,C054,r/30PlusSkinCare,"Reply | thread: OP (40) body looks older than face: hands, legs, chest; asks body-care products",routine_fatigue,low,Aversion,32,whole_body,under_40_signal
B0687,Skepticism,"I also have retinol lotions, too, but I don't trust them because they don't tell you how much retinol is in it.",Misstraut Retinol-Lotionen ohne Mengenangabe,https://www.reddit.com/r/30PlusSkinCare/comments/1dcwq43/antiaging_body_care/l84g22h/,https://www.reddit.com/r/30PlusSkinCare/comments/1dcwq43/antiaging_body_care/,C054,r/30PlusSkinCare,"Reply | thread: OP (40) body looks older than face: hands, legs, chest; asks body-care products",retinol_body;marketing_distrust,medium,Concentration transparency,,whole_body,
B0688,Successful attempts,Recently discovered Amlactin and Urea products and they’ve been such game changers. I love how my skin looks when I use these products.,"AmLactin/Urea Game Changer, liebt Aussehen",https://www.reddit.com/r/30PlusSkinCare/comments/1v27086/ureaamlactin_hacks/,https://www.reddit.com/r/30PlusSkinCare/comments/1v27086/ureaamlactin_hacks/,C055,r/30PlusSkinCare,OP | thread: OP (age not stated) loves AmLactin/urea results on legs but hates tacky texture; asks for hacks,amlactin_lactic;urea,medium,Efficacy recognized,,legs,
B0689,Tactile descriptions,Unfortunately the tacky texture drives me absolutely crazy.,Klebrige Textur macht sie verrückt,https://www.reddit.com/r/30PlusSkinCare/comments/1v27086/ureaamlactin_hacks/,https://www.reddit.com/r/30PlusSkinCare/comments/1v27086/ureaamlactin_hacks/,C055,r/30PlusSkinCare,OP | thread: OP (age not stated) loves AmLactin/urea results on legs but hates tacky texture; asks for hacks,amlactin_lactic,medium,Tackiness is the key barrier,,legs,
B0690,Failed attempts,"I’ve mixed with lotion, topped with lotion or a body oil and nothing takes this tackiness away.",Mit Lotion oder Öl kombiniert – Klebrigkeit bleibt,https://www.reddit.com/r/30PlusSkinCare/comments/1v27086/ureaamlactin_hacks/,https://www.reddit.com/r/30PlusSkinCare/comments/1v27086/ureaamlactin_hacks/,C055,r/30PlusSkinCare,OP | thread: OP (age not stated) loves AmLactin/urea results on legs but hates tacky texture; asks for hacks,amlactin_lactic;oil_vs_lotion_confusion,medium,Oil topping doesn't fix tack,,legs,
B0691,Emotional reactions,They make me feel dirty and like I immediately need to shower again.,"Fühlt sich schmutzig an, will sofort wieder duschen",https://www.reddit.com/r/30PlusSkinCare/comments/1v27086/ureaamlactin_hacks/,https://www.reddit.com/r/30PlusSkinCare/comments/1v27086/ureaamlactin_hacks/,C055,r/30PlusSkinCare,OP | thread: OP (age not stated) loves AmLactin/urea results on legs but hates tacky texture; asks for hacks,amlactin_lactic,medium,"""feel dirty"" sensory-emotional",,legs,
B0692,Questions customers repeatedly ask,Is there some hack people who love these products use to make them bearable?,"Gibt es einen Hack, um es erträglich zu machen?",https://www.reddit.com/r/30PlusSkinCare/comments/1v27086/ureaamlactin_hacks/,https://www.reddit.com/r/30PlusSkinCare/comments/1v27086/ureaamlactin_hacks/,C055,r/30PlusSkinCare,OP | thread: OP (age not stated) loves AmLactin/urea results on legs but hates tacky texture; asks for hacks,routine_fatigue,medium,Workaround question,,legs,
B0693,Product / routine preferences,I just put the lotion on while I’m wet. I have the same issue with lotions and until I started that I preferred oils.,Lotion auf nasser Haut; vorher lieber Öle,https://www.reddit.com/r/30PlusSkinCare/comments/1v27086/ureaamlactin_hacks/oyt19ag/,https://www.reddit.com/r/30PlusSkinCare/comments/1v27086/ureaamlactin_hacks/,C055,r/30PlusSkinCare,Reply | thread: OP (age not stated) loves AmLactin/urea results on legs but hates tacky texture; asks for hacks,oil_on_damp_skin,medium,Wet-skin as anti-tack trick; oils preferred before,,legs,
B0694,Routine friction,You may also try showering at night just before bed and then using the amlactin. At least you’d sleep through the worst of it?,"Abends nutzen, um das Schlimmste zu verschlafen",https://www.reddit.com/r/30PlusSkinCare/comments/1v27086/ureaamlactin_hacks/oyt19ag/,https://www.reddit.com/r/30PlusSkinCare/comments/1v27086/ureaamlactin_hacks/,C055,r/30PlusSkinCare,Reply | thread: OP (age not stated) loves AmLactin/urea results on legs but hates tacky texture; asks for hacks,routine_fatigue,medium,Coping strategy,,legs,
B0695,Tactile descriptions,Not sticky at all and feels great.,"Gar nicht klebrig, fühlt sich toll an",https://www.reddit.com/r/30PlusSkinCare/comments/1v27086/ureaamlactin_hacks/oyt6eex/,https://www.reddit.com/r/30PlusSkinCare/comments/1v27086/ureaamlactin_hacks/,C055,r/30PlusSkinCare,Reply | thread: OP (age not stated) loves AmLactin/urea results on legs but hates tacky texture; asks for hacks,soft_smooth_desire,medium,Non-sticky praise,,legs,
B0696,Successful attempts,Ok update I tried the La Roche one and holy game changer.,La Roche-Posay ist Game Changer,https://www.reddit.com/r/30PlusSkinCare/comments/1v27086/ureaamlactin_hacks/oz2o5p4/,https://www.reddit.com/r/30PlusSkinCare/comments/1v27086/ureaamlactin_hacks/,C055,r/30PlusSkinCare,OP | thread: OP (age not stated) loves AmLactin/urea results on legs but hates tacky texture; asks for hacks,urea,medium,Switch success,,legs,
B0697,Routine friction,"I tried to apply it before I go to bed, but it was so distracting I had a hard time falling asleep. It’s a struggle to make myself use it.","Vor dem Schlafen so störend, schwer einzuschlafen; Überwindung",https://www.reddit.com/r/30PlusSkinCare/comments/1v27086/ureaamlactin_hacks/oyt6vwn/,https://www.reddit.com/r/30PlusSkinCare/comments/1v27086/ureaamlactin_hacks/,C055,r/30PlusSkinCare,Reply | thread: OP (age not stated) loves AmLactin/urea results on legs but hates tacky texture; asks for hacks,routine_fatigue;amlactin_lactic,medium,Texture undermines adherence,,legs,
B0698,Routine friction,I’ve ended up just adding it in the mornings so I can immediately shower it off after I get home from work,"Morgens auftragen, nach Arbeit abduschen",https://www.reddit.com/r/30PlusSkinCare/comments/1v27086/ureaamlactin_hacks/oyt7jom/,https://www.reddit.com/r/30PlusSkinCare/comments/1v27086/ureaamlactin_hacks/,C055,r/30PlusSkinCare,OP | thread: OP (age not stated) loves AmLactin/urea results on legs but hates tacky texture; asks for hacks,routine_fatigue,medium,Workaround: wash off after work,,legs,
B0699,Emotional reactions,such a pity bc those products truly do work so well,"Schade, weil sie wirklich so gut wirken",https://www.reddit.com/r/30PlusSkinCare/comments/1v27086/ureaamlactin_hacks/oyt7jom/,https://www.reddit.com/r/30PlusSkinCare/comments/1v27086/ureaamlactin_hacks/,C055,r/30PlusSkinCare,OP | thread: OP (age not stated) loves AmLactin/urea results on legs but hates tacky texture; asks for hacks,amlactin_lactic,medium,Efficacy vs sensory trade-off,,legs,
B0700,Purchase criteria,it has a thick but not sticky formula,"Dick, aber nicht klebrig",https://www.reddit.com/r/30PlusSkinCare/comments/1v27086/ureaamlactin_hacks/oywwei6/,https://www.reddit.com/r/30PlusSkinCare/comments/1v27086/ureaamlactin_hacks/,C055,r/30PlusSkinCare,Reply | thread: OP (age not stated) loves AmLactin/urea results on legs but hates tacky texture; asks for hacks,soft_smooth_desire,medium,Thick-not-sticky ideal,,legs,
B0701,Situational triggers,My skin has always become very dry in the winter but this year OMG!,"Im Winter immer trocken, dieses Jahr extrem",https://www.reddit.com/r/Menopause/comments/ztf40g/if_its_not_ok_to_post_this_please_remove_but_my/,https://www.reddit.com/r/Menopause/comments/ztf40g/if_its_not_ok_to_post_this_please_remove_but_my/,C056,r/Menopause,"OP | thread: OP (r/Menopause) whole-body winter dryness, ""old lady legs""; dismissive of younger skincare subs",winter_dryness;sudden_onset,high,Escalation in menopause winter,,whole_body,hrt_medical_context
B0702,Failed attempts,"Nothing seems to work. I have old lady legs, actually my entire body is so dry I would love to revive it.","Nichts wirkt; ""Alte-Dame-Beine"", ganzer Körper trocken",https://www.reddit.com/r/Menopause/comments/ztf40g/if_its_not_ok_to_post_this_please_remove_but_my/,https://www.reddit.com/r/Menopause/comments/ztf40g/if_its_not_ok_to_post_this_please_remove_but_my/,C056,r/Menopause,"OP | thread: OP (r/Menopause) whole-body winter dryness, ""old lady legs""; dismissive of younger skincare subs",nothing_works;old_lady_identity,high,Revive desire,,legs,
B0703,Exact phrases / metaphors / repeated wording,I have old lady legs,"""Alte-Dame-Beine""",https://www.reddit.com/r/Menopause/comments/ztf40g/if_its_not_ok_to_post_this_please_remove_but_my/,https://www.reddit.com/r/Menopause/comments/ztf40g/if_its_not_ok_to_post_this_please_remove_but_my/,C056,r/Menopause,"OP | thread: OP (r/Menopause) whole-body winter dryness, ""old lady legs""; dismissive of younger skincare subs",old_lady_identity,high,Identity term,,legs,
B0704,Identity / social implications,"I hate posting on Skincare, it's all 20-somethings worried about their 1st wrinkle and their elaborate anti aging skincare regimens.",Hasst Skincare-Foren voller 20-Jähriger,https://www.reddit.com/r/Menopause/comments/ztf40g/if_its_not_ok_to_post_this_please_remove_but_my/,https://www.reddit.com/r/Menopause/comments/ztf40g/if_its_not_ok_to_post_this_please_remove_but_my/,C056,r/Menopause,"OP | thread: OP (r/Menopause) whole-body winter dryness, ""old lady legs""; dismissive of younger skincare subs",new_age_community_alienation,high,Mainstream skincare spaces alienate older women,,whole_body,
B0705,Emotional reactions,I am a mean woman today. Sorry!,"Bin heute gemein, sorry",https://www.reddit.com/r/Menopause/comments/ztf40g/if_its_not_ok_to_post_this_please_remove_but_my/,https://www.reddit.com/r/Menopause/comments/ztf40g/if_its_not_ok_to_post_this_please_remove_but_my/,C056,r/Menopause,"OP | thread: OP (r/Menopause) whole-body winter dryness, ""old lady legs""; dismissive of younger skincare subs",new_age_community_alienation,high,Frustration/irritability,,whole_body,
B0706,Emotional reactions,I know that the itchiness about drove me insane.,Juckreiz machte sie wahnsinnig,https://www.reddit.com/r/Menopause/comments/ztf40g/if_its_not_ok_to_post_this_please_remove_but_my/j1ddjsj/,https://www.reddit.com/r/Menopause/comments/ztf40g/if_its_not_ok_to_post_this_please_remove_but_my/,C056,r/Menopause,"Reply | thread: OP (r/Menopause) whole-body winter dryness, ""old lady legs""; dismissive of younger skincare subs",itch_flake,high,Itch distress,,whole_body,hrt_medical_context
B0707,Product / routine preferences,"This year, for the first time, I started using it as soon as the weather cooled off, instead of waiting for my skin to get itchy. Guess what? My skin looks amazing this winter.",Früh im Herbst starten statt auf Juckreiz warten,https://www.reddit.com/r/Menopause/comments/ztf40g/if_its_not_ok_to_post_this_please_remove_but_my/j1dlxi6/,https://www.reddit.com/r/Menopause/comments/ztf40g/if_its_not_ok_to_post_this_please_remove_but_my/,C056,r/Menopause,"Reply | thread: OP (r/Menopause) whole-body winter dryness, ""old lady legs""; dismissive of younger skincare subs",winter_dryness;consistency_effort,high,Pre-emptive seasonal start,,whole_body,
B0708,Failed attempts,I think I need to add something to it because it's not cutting it anymore!,"Muss etwas ergänzen, reicht nicht mehr",https://www.reddit.com/r/Menopause/comments/ztf40g/if_its_not_ok_to_post_this_please_remove_but_my/j1dpm7w/,https://www.reddit.com/r/Menopause/comments/ztf40g/if_its_not_ok_to_post_this_please_remove_but_my/,C056,r/Menopause,"OP | thread: OP (r/Menopause) whole-body winter dryness, ""old lady legs""; dismissive of younger skincare subs",lotion_temporary,high,Plateau of trusted product,,whole_body,
B0709,Successful attempts,I add a couple drops of vitamin e oil to mine and it works wonders!,Ein paar Tropfen Vitamin-E-Öl in die Creme – wirkt Wunder,https://www.reddit.com/r/Menopause/comments/ztf40g/if_its_not_ok_to_post_this_please_remove_but_my/j1du2vy/,https://www.reddit.com/r/Menopause/comments/ztf40g/if_its_not_ok_to_post_this_please_remove_but_my/,C056,r/Menopause,"Reply | thread: OP (r/Menopause) whole-body winter dryness, ""old lady legs""; dismissive of younger skincare subs",oil_vs_lotion_confusion,medium,Oil booster in cream,,whole_body,
B0710,Product / routine preferences,"I put in on everywhere, especially my legs, when I am done in the and BEFORE towel drying. It locks in the moisture really well.",Vor dem Abtrocknen auf Beine – schließt Feuchtigkeit ein,https://www.reddit.com/r/Menopause/comments/ztf40g/if_its_not_ok_to_post_this_please_remove_but_my/j1e44k7/,https://www.reddit.com/r/Menopause/comments/ztf40g/if_its_not_ok_to_post_this_please_remove_but_my/,C056,r/Menopause,"Reply | thread: OP (r/Menopause) whole-body winter dryness, ""old lady legs""; dismissive of younger skincare subs",oil_on_damp_skin,medium,Pre-towel application,,legs,
B0711,Ingredient / mechanism beliefs,"Moisturizer’s function is to hold moisture in the skin, not to add moisture.","Creme hält Feuchtigkeit, fügt keine hinzu",https://www.reddit.com/r/Menopause/comments/ztf40g/if_its_not_ok_to_post_this_please_remove_but_my/j1dff34/,https://www.reddit.com/r/Menopause/comments/ztf40g/if_its_not_ok_to_post_this_please_remove_but_my/,C056,r/Menopause,"Reply | thread: OP (r/Menopause) whole-body winter dryness, ""old lady legs""; dismissive of younger skincare subs",oil_seals_not_hydrates,medium,Seal-not-add belief,,whole_body,
B0712,Ingredient / mechanism beliefs,"lotion does not do much as it soaks in, but cream holds moisture in.","Lotion zieht ein und bringt wenig, Creme hält",https://www.reddit.com/r/Menopause/comments/ztf40g/if_its_not_ok_to_post_this_please_remove_but_my/j1esffu/,https://www.reddit.com/r/Menopause/comments/ztf40g/if_its_not_ok_to_post_this_please_remove_but_my/,C056,r/Menopause,"Reply | thread: OP (r/Menopause) whole-body winter dryness, ""old lady legs""; dismissive of younger skincare subs",oil_vs_lotion_confusion,medium,Texture-tier belief,,whole_body,
B0713,Objections,"I have started taking less-hot showers, which bums me out because as one of Satan's Handmaidens, I like it REALLY hot.",Kühler duschen nervt – liebt heiß,https://www.reddit.com/r/Menopause/comments/ztf40g/if_its_not_ok_to_post_this_please_remove_but_my/j1dlrod/,https://www.reddit.com/r/Menopause/comments/ztf40g/if_its_not_ok_to_post_this_please_remove_but_my/,C056,r/Menopause,"Reply | thread: OP (r/Menopause) whole-body winter dryness, ""old lady legs""; dismissive of younger skincare subs",routine_fatigue,medium,Hot-shower sacrifice,,whole_body,
B0714,Product / routine preferences,Then I use palmers cocoa oil with vitamin e while my skin is still damp let that sit for a few minutes then put a heavier cream on top.,"Palmer's Öl auf feuchter Haut, einwirken, dann Creme",https://www.reddit.com/r/Menopause/comments/ztf40g/if_its_not_ok_to_post_this_please_remove_but_my/j1dc6gs/,https://www.reddit.com/r/Menopause/comments/ztf40g/if_its_not_ok_to_post_this_please_remove_but_my/,C056,r/Menopause,"Reply | thread: OP (r/Menopause) whole-body winter dryness, ""old lady legs""; dismissive of younger skincare subs",oil_on_damp_skin;question_order_of_application,medium,Oil→cream layering,,whole_body,
B0715,Questions customers repeatedly ask,Palmer's makes an oil?,Palmer's macht ein Öl?,https://www.reddit.com/r/Menopause/comments/ztf40g/if_its_not_ok_to_post_this_please_remove_but_my/j1dqe8e/,https://www.reddit.com/r/Menopause/comments/ztf40g/if_its_not_ok_to_post_this_please_remove_but_my/,C056,r/Menopause,"OP | thread: OP (r/Menopause) whole-body winter dryness, ""old lady legs""; dismissive of younger skincare subs",question_what_works,high,Oil awareness gap among target,,whole_body,
B0716,Tactile descriptions,it’s a cocoa butter oil with vitamin e it’s glorious,Kakaobutteröl – herrlich,https://www.reddit.com/r/Menopause/comments/ztf40g/if_its_not_ok_to_post_this_please_remove_but_my/j1dvdy5/,https://www.reddit.com/r/Menopause/comments/ztf40g/if_its_not_ok_to_post_this_please_remove_but_my/,C056,r/Menopause,"Reply | thread: OP (r/Menopause) whole-body winter dryness, ""old lady legs""; dismissive of younger skincare subs",scent_love,medium,Delight wording,,whole_body,
B0717,Situational triggers,Took me awhile to tie it to my damn hormones and perimenopause,Erst spät mit Perimenopause verbunden,https://www.reddit.com/r/Menopause/comments/ztf40g/if_its_not_ok_to_post_this_please_remove_but_my/j1dyecn/,https://www.reddit.com/r/Menopause/comments/ztf40g/if_its_not_ok_to_post_this_please_remove_but_my/,C056,r/Menopause,"Reply | thread: OP (r/Menopause) whole-body winter dryness, ""old lady legs""; dismissive of younger skincare subs",hrt_estrogen_skin,medium,Late recognition of hormonal link,,hands,hrt_medical_context
B0718,Successful attempts,"The only thing that works for me is full oils, NO LOTIONS.","Nur reine Öle, keine Lotionen",https://www.reddit.com/r/Menopause/comments/ztf40g/if_its_not_ok_to_post_this_please_remove_but_my/j1dyecn/,https://www.reddit.com/r/Menopause/comments/ztf40g/if_its_not_ok_to_post_this_please_remove_but_my/,C056,r/Menopause,"Reply | thread: OP (r/Menopause) whole-body winter dryness, ""old lady legs""; dismissive of younger skincare subs",oil_vs_lotion_confusion,medium,Oil-only conviction,,hands,hrt_medical_context
B0719,Routine friction,Obviously this makes me fun to work with touching computers and stuff lol,Macht Arbeit am Computer schwierig,https://www.reddit.com/r/Menopause/comments/ztf40g/if_its_not_ok_to_post_this_please_remove_but_my/j1dyecn/,https://www.reddit.com/r/Menopause/comments/ztf40g/if_its_not_ok_to_post_this_please_remove_but_my/,C056,r/Menopause,"Reply | thread: OP (r/Menopause) whole-body winter dryness, ""old lady legs""; dismissive of younger skincare subs",oil_greasy_staining,medium,Greasy hands at work,,hands,
B0720,Successful attempts,"It keeps my skin so soft and supple, and I LOVE the smell. It’s pricey, but a little goes a long way, and it works!","Weich, geschmeidig, toller Duft; teuer, aber ergiebig",https://www.reddit.com/r/Menopause/comments/ztf40g/if_its_not_ok_to_post_this_please_remove_but_my/j1dbo4z/,https://www.reddit.com/r/Menopause/comments/ztf40g/if_its_not_ok_to_post_this_please_remove_but_my/,C056,r/Menopause,"Reply | thread: OP (r/Menopause) whole-body winter dryness, ""old lady legs""; dismissive of younger skincare subs",soft_smooth_desire;scent_love;price_value,medium,Premium oil justification: little goes far,,whole_body,
B0721,Routine friction,I just got this a week ago and it’s also half gone already.,Nach einer Woche halb leer,https://www.reddit.com/r/Menopause/comments/ztf40g/if_its_not_ok_to_post_this_please_remove_but_my/j1ffyk8/,https://www.reddit.com/r/Menopause/comments/ztf40g/if_its_not_ok_to_post_this_please_remove_but_my/,C056,r/Menopause,"Reply | thread: OP (r/Menopause) whole-body winter dryness, ""old lady legs""; dismissive of younger skincare subs",price_value,medium,Consumption-speed concern,,whole_body,
B0722,Skepticism,Moisturizer is fine if the dry skin is mild or coming from changes in the weather. It's a completely different story when you're body cannot retain moisture anymore.,"Creme reicht bei mildem Problem; anders, wenn Körper keine Feuchtigkeit mehr hält",https://www.reddit.com/r/Menopause/comments/ztf40g/if_its_not_ok_to_post_this_please_remove_but_my/j1edobo/,https://www.reddit.com/r/Menopause/comments/ztf40g/if_its_not_ok_to_post_this_please_remove_but_my/,C056,r/Menopause,"Reply | thread: OP (r/Menopause) whole-body winter dryness, ""old lady legs""; dismissive of younger skincare subs",hrt_estrogen_skin;nothing_works,high,Menopausal dryness seen as different category,,whole_body,hrt_medical_context
B0723,Exact phrases / metaphors / repeated wording,"I have been dealing with drier than Sahara skin for the last 6 years, and nothing, and I mean nothing changes it.",Seit 6 Jahren Haut trockener als die Sahara – nichts hilft,https://www.reddit.com/r/Menopause/comments/ztf40g/if_its_not_ok_to_post_this_please_remove_but_my/j1edobo/,https://www.reddit.com/r/Menopause/comments/ztf40g/if_its_not_ok_to_post_this_please_remove_but_my/,C056,r/Menopause,"Reply | thread: OP (r/Menopause) whole-body winter dryness, ""old lady legs""; dismissive of younger skincare subs",nothing_works,high,"""drier than Sahara"" metaphor",,whole_body,hrt_medical_context
B0724,Emotional reactions,Getting old sucks!,Altwerden ist doof,https://www.reddit.com/r/Menopause/comments/ztf40g/if_its_not_ok_to_post_this_please_remove_but_my/j1e37gu/,https://www.reddit.com/r/Menopause/comments/ztf40g/if_its_not_ok_to_post_this_please_remove_but_my/,C056,r/Menopause,"Reply | thread: OP (r/Menopause) whole-body winter dryness, ""old lady legs""; dismissive of younger skincare subs",acceptance_aging,medium,Plain frustration,,whole_body,
B0725,Tactile descriptions,"It would leave you greasy for about 10 minutes, but then you’d just have soft, yummy-smelling skin.","10 Min fettig, dann weich und duftend",https://www.reddit.com/r/Menopause/comments/ztf40g/if_its_not_ok_to_post_this_please_remove_but_my/j1e3ejb/,https://www.reddit.com/r/Menopause/comments/ztf40g/if_its_not_ok_to_post_this_please_remove_but_my/,C056,r/Menopause,"Reply | thread: OP (r/Menopause) whole-body winter dryness, ""old lady legs""; dismissive of younger skincare subs",oil_greasy_staining;scent_love,medium,Tolerable greasy window,,whole_body,
B0726,Exact phrases / metaphors / repeated wording,I had alligator scaly shins and turned out I was massively dehydrated.,"""Alligator""-Schienbeine durch Dehydration",https://www.reddit.com/r/Menopause/comments/ztf40g/if_its_not_ok_to_post_this_please_remove_but_my/j1ecray/,https://www.reddit.com/r/Menopause/comments/ztf40g/if_its_not_ok_to_post_this_please_remove_but_my/,C056,r/Menopause,"Reply | thread: OP (r/Menopause) whole-body winter dryness, ""old lady legs""; dismissive of younger skincare subs",new_hydration_water,medium,Alligator metaphor,,legs,
B0727,Exact phrases / metaphors / repeated wording,Leg Dandruff!,"""Bein-Schuppen""",https://www.reddit.com/r/Menopause/comments/ztf40g/if_its_not_ok_to_post_this_please_remove_but_my/j1dqoi3/,https://www.reddit.com/r/Menopause/comments/ztf40g/if_its_not_ok_to_post_this_please_remove_but_my/,C056,r/Menopause,"OP | thread: OP (r/Menopause) whole-body winter dryness, ""old lady legs""; dismissive of younger skincare subs",itch_flake,high,Humorous symptom term,,legs,
B0728,Symptoms / visible texture descriptions,I dry brush regularly and I simply cannot believe what comes off me now!,"Kann nicht glauben, was beim Trockenbürsten abgeht",https://www.reddit.com/r/Menopause/comments/ztf40g/if_its_not_ok_to_post_this_please_remove_but_my/j1dqoi3/,https://www.reddit.com/r/Menopause/comments/ztf40g/if_its_not_ok_to_post_this_please_remove_but_my/,C056,r/Menopause,"OP | thread: OP (r/Menopause) whole-body winter dryness, ""old lady legs""; dismissive of younger skincare subs",itch_flake;exfoliation_dry_brush,high,Shedding shock,,legs,
B0729,Product / routine preferences,It's funny to me that less effort makes for less irate skin.,Weniger Aufwand = weniger gereizte Haut,https://www.reddit.com/r/Menopause/comments/ztf40g/if_its_not_ok_to_post_this_please_remove_but_my/j1dk2wj/,https://www.reddit.com/r/Menopause/comments/ztf40g/if_its_not_ok_to_post_this_please_remove_but_my/,C056,r/Menopause,"Reply | thread: OP (r/Menopause) whole-body winter dryness, ""old lady legs""; dismissive of younger skincare subs",routine_fatigue,medium,Less-is-more,,whole_body,
B0730,Product / routine preferences,I like to use a wet skin moisturizer before stepping out of the shower. Then I use a thick moisturizer like Eucerin cream (in the tub) over it.,"In-Dusch-Pflege, dann dicke Creme",https://www.reddit.com/r/Menopause/comments/ztf40g/if_its_not_ok_to_post_this_please_remove_but_my/j1dlug6/,https://www.reddit.com/r/Menopause/comments/ztf40g/if_its_not_ok_to_post_this_please_remove_but_my/,C056,r/Menopause,"Reply | thread: OP (r/Menopause) whole-body winter dryness, ""old lady legs""; dismissive of younger skincare subs",oil_on_damp_skin,high,"Layering in high desert, peri",,whole_body,hrt_medical_context
B0731,Successful attempts,my skin is now as soft as it was when I was 20 (I'm 43).,Haut so weich wie mit 20 (43),https://www.reddit.com/r/Menopause/comments/ztf40g/if_its_not_ok_to_post_this_please_remove_but_my/j1e4jmr/,https://www.reddit.com/r/Menopause/comments/ztf40g/if_its_not_ok_to_post_this_please_remove_but_my/,C056,r/Menopause,"Reply Bio-Oil | thread: OP (r/Menopause) whole-body winter dryness, ""old lady legs""; dismissive of younger skincare subs",soft_smooth_desire;feel_like_myself,medium,"""like when I was 20"" outcome",43,face_transfer,face_only_transferable
B0732,Emotional reactions,"I don't even want to drink it anymore compared to when I was young, but I force myself to.",Zwingt sich zu trinken,https://www.reddit.com/r/Menopause/comments/ztf40g/if_its_not_ok_to_post_this_please_remove_but_my/j1e4y99/,https://www.reddit.com/r/Menopause/comments/ztf40g/if_its_not_ok_to_post_this_please_remove_but_my/,C056,r/Menopause,"Reply | thread: OP (r/Menopause) whole-body winter dryness, ""old lady legs""; dismissive of younger skincare subs",new_hydration_water,medium,Effort,,whole_body,
B0733,Routine friction,I’m also lazy and hate putting on lotion — using a scrub and not drying off so the layer of oil stays on my skin seems to do the trick.,"Faul, hasst Lotion – Öl-Peeling, nicht abtrocknen",https://www.reddit.com/r/Menopause/comments/ztf40g/if_its_not_ok_to_post_this_please_remove_but_my/j1dt3dc/,https://www.reddit.com/r/Menopause/comments/ztf40g/if_its_not_ok_to_post_this_please_remove_but_my/,C056,r/Menopause,"Reply | thread: OP (r/Menopause) whole-body winter dryness, ""old lady legs""; dismissive of younger skincare subs",routine_fatigue;oil_on_damp_skin,medium,Lazy oil workaround,,whole_body,
B0734,Objections,I just can’t give up hot showers.,Kann heiße Duschen nicht aufgeben,https://www.reddit.com/r/Menopause/comments/ztf40g/if_its_not_ok_to_post_this_please_remove_but_my/j1dt3dc/,https://www.reddit.com/r/Menopause/comments/ztf40g/if_its_not_ok_to_post_this_please_remove_but_my/,C056,r/Menopause,"Reply | thread: OP (r/Menopause) whole-body winter dryness, ""old lady legs""; dismissive of younger skincare subs",routine_fatigue,medium,Hot shower non-negotiable,,whole_body,
B0735,Ingredient / mechanism beliefs,The goal for older skin is to give your skin what it can no longer provide for itself.,"Ältere Haut braucht, was sie selbst nicht mehr liefert",https://www.reddit.com/r/Menopause/comments/ztf40g/if_its_not_ok_to_post_this_please_remove_but_my/j1e3zjl/,https://www.reddit.com/r/Menopause/comments/ztf40g/if_its_not_ok_to_post_this_please_remove_but_my/,C056,r/Menopause,"Reply | thread: OP (r/Menopause) whole-body winter dryness, ""old lady legs""; dismissive of younger skincare subs",hrt_estrogen_skin,low,Doctor-framed aging logic; Canadian,,whole_body,non_us_signal
B0736,Emotional reactions,I remember the outrage I felt when my skin first cracked and bled.,"Empörung, als Haut erstmals riss und blutete",https://www.reddit.com/r/Menopause/comments/ztf40g/if_its_not_ok_to_post_this_please_remove_but_my/j1e3zjl/,https://www.reddit.com/r/Menopause/comments/ztf40g/if_its_not_ok_to_post_this_please_remove_but_my/,C056,r/Menopause,"Reply | thread: OP (r/Menopause) whole-body winter dryness, ""old lady legs""; dismissive of younger skincare subs",itch_flake,low,Outrage,,whole_body,non_us_signal
B0737,Routine friction,I don’t always like spending time and money on this,Mag nicht immer Zeit und Geld investieren,https://www.reddit.com/r/Menopause/comments/ztf40g/if_its_not_ok_to_post_this_please_remove_but_my/j1e3zjl/,https://www.reddit.com/r/Menopause/comments/ztf40g/if_its_not_ok_to_post_this_please_remove_but_my/,C056,r/Menopause,"Reply | thread: OP (r/Menopause) whole-body winter dryness, ""old lady legs""; dismissive of younger skincare subs",routine_fatigue;price_value,low,Time+money reluctance,,whole_body,non_us_signal
B0738,Ingredient / mechanism beliefs,No amount of lotion will help if there is dead skin.,Lotion hilft nicht bei abgestorbener Haut,https://www.reddit.com/r/Menopause/comments/ztf40g/if_its_not_ok_to_post_this_please_remove_but_my/j1e6p1d/,https://www.reddit.com/r/Menopause/comments/ztf40g/if_its_not_ok_to_post_this_please_remove_but_my/,C056,r/Menopause,"Reply | thread: OP (r/Menopause) whole-body winter dryness, ""old lady legs""; dismissive of younger skincare subs",exfoliation_dry_brush,medium,Exfoliate-first belief,,whole_body,
B0739,Purchase criteria,fragrance free Nivea lotion,Duftfreie Nivea-Lotion,https://www.reddit.com/r/Menopause/comments/ztf40g/if_its_not_ok_to_post_this_please_remove_but_my/j1dqvkx/,https://www.reddit.com/r/Menopause/comments/ztf40g/if_its_not_ok_to_post_this_please_remove_but_my/,C056,r/Menopause,"Reply | thread: OP (r/Menopause) whole-body winter dryness, ""old lady legs""; dismissive of younger skincare subs",fragrance_sensitivity,medium,Fragrance-free choice,,legs,
B0740,Product / routine preferences,use baby oil on your wet skin right out of the shower and then lotion on top of it.,"Babyöl auf nasser Haut, dann Lotion",https://www.reddit.com/r/Menopause/comments/ztf40g/if_its_not_ok_to_post_this_please_remove_but_my/j1ektiw/,https://www.reddit.com/r/Menopause/comments/ztf40g/if_its_not_ok_to_post_this_please_remove_but_my/,C056,r/Menopause,"Reply | thread: OP (r/Menopause) whole-body winter dryness, ""old lady legs""; dismissive of younger skincare subs",oil_on_damp_skin;cheap_oil_alternative,medium,Oil→lotion with cheap oil,,whole_body,
B0741,Emotional reactions,Just here to commiserate. SO ITCHY. Working on it.,Mitfühlen – so juckend,https://www.reddit.com/r/Menopause/comments/ztf40g/if_its_not_ok_to_post_this_please_remove_but_my/j1eqww1/,https://www.reddit.com/r/Menopause/comments/ztf40g/if_its_not_ok_to_post_this_please_remove_but_my/,C056,r/Menopause,"Reply | thread: OP (r/Menopause) whole-body winter dryness, ""old lady legs""; dismissive of younger skincare subs",itch_flake,medium,Itch solidarity,,whole_body,
B0742,Tactile descriptions,"I have to have cotton sheets (or something that feels very, very soft!). One set of very pretty new sheets and a duvet cover cut up my poor skin.",Braucht weiche Baumwolle – neue Bettwäsche hat Haut aufgeschürft,https://www.reddit.com/r/Menopause/comments/ztf40g/if_its_not_ok_to_post_this_please_remove_but_my/j1hdhzv/,https://www.reddit.com/r/Menopause/comments/ztf40g/if_its_not_ok_to_post_this_please_remove_but_my/,C056,r/Menopause,"Reply | thread: OP (r/Menopause) whole-body winter dryness, ""old lady legs""; dismissive of younger skincare subs",thin_skin_bruising,medium,Extreme fragility/sensitivity,,whole_body,hrt_medical_context
B0743,Situational triggers,I swear my skin is dryer on the parts losing weight.,Haut trockener an Stellen mit Gewichtsverlust,https://www.reddit.com/r/Menopause/comments/ztf40g/if_its_not_ok_to_post_this_please_remove_but_my/j1hdhzv/,https://www.reddit.com/r/Menopause/comments/ztf40g/if_its_not_ok_to_post_this_please_remove_but_my/,C056,r/Menopause,"Reply | thread: OP (r/Menopause) whole-body winter dryness, ""old lady legs""; dismissive of younger skincare subs",weight_loss_glp1,medium,Weight loss link,,whole_body,
B0744,Product / routine preferences,"After you shower, when still wet, rub baby oil all over and then towel dry. I’ve used it for years!","Babyöl auf nasser Haut, dann abtrocknen – seit Jahren",https://www.reddit.com/r/Menopause/comments/ztf40g/if_its_not_ok_to_post_this_please_remove_but_my/j1dwvnv/,https://www.reddit.com/r/Menopause/comments/ztf40g/if_its_not_ok_to_post_this_please_remove_but_my/,C056,r/Menopause,"Reply | thread: OP (r/Menopause) whole-body winter dryness, ""old lady legs""; dismissive of younger skincare subs",oil_on_damp_skin;cheap_oil_alternative,medium,Long-term baby oil users,,whole_body,
B0745,Objections,"Before I towel off, I spritz myself with Aveeno Body Oil Mist, although I don't especially care for the scent. … I wish they had a fragrance-free version of that.","Öl-Spray vor Abtrocknen; Duft mag sie nicht, wünscht duftfreie Version",https://www.reddit.com/r/Menopause/comments/ztf40g/if_its_not_ok_to_post_this_please_remove_but_my/j1dx2wl/,https://www.reddit.com/r/Menopause/comments/ztf40g/if_its_not_ok_to_post_this_please_remove_but_my/,C056,r/Menopause,"Reply derm-recommended | thread: OP (r/Menopause) whole-body winter dryness, ""old lady legs""; dismissive of younger skincare subs",fragrance_sensitivity;oil_on_damp_skin,medium,Unmet need: fragrance-free oil mist,,whole_body,
B0746,Purchase criteria,It’s super thick but I never feel greasy. … It’s not expensive but feels like it is.,"Sehr dick, nie fettig; günstig, fühlt sich teuer an",https://www.reddit.com/r/Menopause/comments/ztf40g/if_its_not_ok_to_post_this_please_remove_but_my/j1ec4fw/,https://www.reddit.com/r/Menopause/comments/ztf40g/if_its_not_ok_to_post_this_please_remove_but_my/,C056,r/Menopause,"Reply | thread: OP (r/Menopause) whole-body winter dryness, ""old lady legs""; dismissive of younger skincare subs",oil_greasy_staining;price_value,medium,"""Feels expensive"" value perception",,whole_body,
B0747,Questions customers repeatedly ask,How often should I use moisturizer? I've battled hormones and low thyroid and the dry skin is awful!,Wie oft eincremen? Hormone + Schilddrüse,https://www.reddit.com/r/Menopause/comments/ztf40g/if_its_not_ok_to_post_this_please_remove_but_my/j1exmdy/,https://www.reddit.com/r/Menopause/comments/ztf40g/if_its_not_ok_to_post_this_please_remove_but_my/,C056,r/Menopause,"Reply | thread: OP (r/Menopause) whole-body winter dryness, ""old lady legs""; dismissive of younger skincare subs",question_what_works,medium,Frequency question,,whole_body,hrt_medical_context
B0748,Product / routine preferences,"I personally love body oil. Above all, be sure you are using humidifiers if you have your heat on.",Liebt Körperöl; Luftbefeuchter bei Heizung,https://www.reddit.com/r/Menopause/comments/ztf40g/if_its_not_ok_to_post_this_please_remove_but_my/j1f60el/,https://www.reddit.com/r/Menopause/comments/ztf40g/if_its_not_ok_to_post_this_please_remove_but_my/,C056,r/Menopause,"Reply | thread: OP (r/Menopause) whole-body winter dryness, ""old lady legs""; dismissive of younger skincare subs",winter_dryness,medium,Oil love + heating context,,whole_body,
B0749,Exact phrases / metaphors / repeated wording,"I still have to moisturize daily, but I no longer look like an alligator.",Sehe nicht mehr aus wie ein Alligator,https://www.reddit.com/r/Menopause/comments/ztf40g/if_its_not_ok_to_post_this_please_remove_but_my/j1fbty8/,https://www.reddit.com/r/Menopause/comments/ztf40g/if_its_not_ok_to_post_this_please_remove_but_my/,C056,r/Menopause,"Reply | thread: OP (r/Menopause) whole-body winter dryness, ""old lady legs""; dismissive of younger skincare subs",itch_flake,medium,Alligator recurring,,whole_body,
B0750,Identity / social implications,im at the age where im understanding why women who were odler than me didnt put in that 120% effort to look as good as possible 24/7.,"Versteht jetzt, warum ältere Frauen nicht 120% geben",https://www.reddit.com/r/Menopause/comments/ztf40g/if_its_not_ok_to_post_this_please_remove_but_my/j1gjaut/,https://www.reddit.com/r/Menopause/comments/ztf40g/if_its_not_ok_to_post_this_please_remove_but_my/,C056,r/Menopause,"Reply | thread: OP (r/Menopause) whole-body winter dryness, ""old lady legs""; dismissive of younger skincare subs",acceptance_aging;routine_fatigue,medium,Effort fatigue as identity shift,,legs,
B0751,Routine friction,I realize not everyone is cool with being a greaseball for an half an hour after application,Nicht jede mag 30 Min fettig sein,https://www.reddit.com/r/Menopause/comments/ztf40g/if_its_not_ok_to_post_this_please_remove_but_my/j1h6qfm/,https://www.reddit.com/r/Menopause/comments/ztf40g/if_its_not_ok_to_post_this_please_remove_but_my/,C056,r/Menopause,"Reply premature menopause | thread: OP (r/Menopause) whole-body winter dryness, ""old lady legs""; dismissive of younger skincare subs",oil_greasy_staining,medium,Greasy-window tolerance,,whole_body,hrt_medical_context
B0752,Purchase criteria,All of the above are pretty pricy but you can find them pretty frequently at TjMaxx and Marshall’s for a steal,"Teuer, aber bei TJ Maxx günstig",https://www.reddit.com/r/Menopause/comments/ztf40g/if_its_not_ok_to_post_this_please_remove_but_my/j1h6qfm/,https://www.reddit.com/r/Menopause/comments/ztf40g/if_its_not_ok_to_post_this_please_remove_but_my/,C056,r/Menopause,"Reply | thread: OP (r/Menopause) whole-body winter dryness, ""old lady legs""; dismissive of younger skincare subs",price_value,medium,Off-price channel,,whole_body,
B0753,Product / routine preferences,Cool shower … Aveeno lotion while your skin is still damp … Light layer of Vaseline (very light) on top,"Kühl duschen, Lotion feucht, dünn Vaseline",https://www.reddit.com/r/Menopause/comments/ztf40g/if_its_not_ok_to_post_this_please_remove_but_my/j1x5856/,https://www.reddit.com/r/Menopause/comments/ztf40g/if_its_not_ok_to_post_this_please_remove_but_my/,C056,r/Menopause,"Reply | thread: OP (r/Menopause) whole-body winter dryness, ""old lady legs""; dismissive of younger skincare subs",question_order_of_application;oil_on_damp_skin,medium,Three-step routine,,whole_body,
B0754,Situational triggers,I noticed a couple of days ago that the skin on my arms and hands suddenly have that old lady crepey look.,"Plötzlich ""Alte-Dame-Crepe-Look"" an Armen/Händen",https://www.reddit.com/r/Menopause/comments/1fd0h17/my_hands_and_arms_have_suddenly_become_crepey/,https://www.reddit.com/r/Menopause/comments/1fd0h17/my_hands_and_arms_have_suddenly_become_crepey/,C057,r/Menopause,"OP post-menopausal | thread: OP (post-menopausal, on HRT, post-covid) arms/hands suddenly crepey; lotion does nothing",sudden_onset;old_lady_identity;crepey_arms,high,Sudden onset; old-lady label,,arms,hrt_medical_context
B0755,Failed attempts,Lotion does nothing to improve it.,Lotion bringt nichts,https://www.reddit.com/r/Menopause/comments/1fd0h17/my_hands_and_arms_have_suddenly_become_crepey/,https://www.reddit.com/r/Menopause/comments/1fd0h17/my_hands_and_arms_have_suddenly_become_crepey/,C057,r/Menopause,"OP | thread: OP (post-menopausal, on HRT, post-covid) arms/hands suddenly crepey; lotion does nothing",nothing_works;lotion_temporary,high,Lotion failure statement,,arms,hrt_medical_context
B0756,Problem descriptions,I've always had dry skin but it'd be fine after applying some lotion.,Früher reichte Lotion,https://www.reddit.com/r/Menopause/comments/1fd0h17/my_hands_and_arms_have_suddenly_become_crepey/,https://www.reddit.com/r/Menopause/comments/1fd0h17/my_hands_and_arms_have_suddenly_become_crepey/,C057,r/Menopause,"OP | thread: OP (post-menopausal, on HRT, post-covid) arms/hands suddenly crepey; lotion does nothing",lotion_temporary,high,"Shift from ""lotion fixes it"" to ""lotion fails""",,arms,
B0757,Questions customers repeatedly ask,Anyone else have this happen?,Ist das noch jemandem passiert?,https://www.reddit.com/r/Menopause/comments/1fd0h17/my_hands_and_arms_have_suddenly_become_crepey/,https://www.reddit.com/r/Menopause/comments/1fd0h17/my_hands_and_arms_have_suddenly_become_crepey/,C057,r/Menopause,"OP | thread: OP (post-menopausal, on HRT, post-covid) arms/hands suddenly crepey; lotion does nothing",question_what_works,high,Validation-seeking,,arms,
B0758,Exact phrases / metaphors / repeated wording,"I remember looking at my legs and trying to pull up my loose, saggy stockings BUT I WASN’T WEARING ANY STOCKINGS!",Wollte schlaffe Strümpfe hochziehen – trug aber keine,https://www.reddit.com/r/Menopause/comments/1fd0h17/my_hands_and_arms_have_suddenly_become_crepey/lmdpdmc/,https://www.reddit.com/r/Menopause/comments/1fd0h17/my_hands_and_arms_have_suddenly_become_crepey/,C057,r/Menopause,"Reply | thread: OP (post-menopausal, on HRT, post-covid) arms/hands suddenly crepey; lotion does nothing",crepey_legs;sudden_onset,high,"Vivid ""saggy stockings"" metaphor for leg skin",,legs,hrt_medical_context
B0759,Failed attempts,"I tried all the thickest, richest, oiliest, souped up products on the market and they helped relieve what had become a very uncomfortable and often painful skin problem, but nothing helped like restoring estrogen.","Reichhaltigste, öligste Produkte linderten, aber nichts wie Östrogen",https://www.reddit.com/r/Menopause/comments/1fd0h17/my_hands_and_arms_have_suddenly_become_crepey/lmdpdmc/,https://www.reddit.com/r/Menopause/comments/1fd0h17/my_hands_and_arms_have_suddenly_become_crepey/,C057,r/Menopause,"Reply | thread: OP (post-menopausal, on HRT, post-covid) arms/hands suddenly crepey; lotion does nothing",hrt_estrogen_skin;lotion_temporary,high,"Oils = relief, HRT = fix",,legs,hrt_medical_context
B0760,Emotional reactions,I couldn’t drink enough water to stop feeling parched.,Konnte nicht genug trinken gegen Ausgedörrtheit,https://www.reddit.com/r/Menopause/comments/1fd0h17/my_hands_and_arms_have_suddenly_become_crepey/lmdpdmc/,https://www.reddit.com/r/Menopause/comments/1fd0h17/my_hands_and_arms_have_suddenly_become_crepey/,C057,r/Menopause,"Reply | thread: OP (post-menopausal, on HRT, post-covid) arms/hands suddenly crepey; lotion does nothing",new_hydration_water,high,Parched feeling,,whole_body,hrt_medical_context
B0761,Situational triggers,My crepe started 2 years ago in Peri and pre-HRT. My grandmother and great-grandmother had the same on the backs of their hands.,Crepe in Peri; Oma und Uroma hatten dasselbe,https://www.reddit.com/r/Menopause/comments/1fd0h17/my_hands_and_arms_have_suddenly_become_crepey/lmdpwrx/,https://www.reddit.com/r/Menopause/comments/1fd0h17/my_hands_and_arms_have_suddenly_become_crepey/,C057,r/Menopause,"Reply | thread: OP (post-menopausal, on HRT, post-covid) arms/hands suddenly crepey; lotion does nothing",mothers_skin;crepey_hands,high,Matrilineal inheritance,,hands,hrt_medical_context
B0762,Failed attempts,I’ve tried all of the suggestions folks have listed above.,Alle Vorschläge probiert,https://www.reddit.com/r/Menopause/comments/1fd0h17/my_hands_and_arms_have_suddenly_become_crepey/lmdpwrx/,https://www.reddit.com/r/Menopause/comments/1fd0h17/my_hands_and_arms_have_suddenly_become_crepey/,C057,r/Menopause,"Reply | thread: OP (post-menopausal, on HRT, post-covid) arms/hands suddenly crepey; lotion does nothing",nothing_works,high,Serial trial,,hands,
B0763,Successful attempts,Gold Bond Crepe Erase … Estradiol Vaginal Cream … The latter has significantly improved the look and feel.,Gold Bond + Estradiol-Creme verbesserten Aussehen und Gefühl,https://www.reddit.com/r/Menopause/comments/1fd0h17/my_hands_and_arms_have_suddenly_become_crepey/lmdpwrx/,https://www.reddit.com/r/Menopause/comments/1fd0h17/my_hands_and_arms_have_suddenly_become_crepey/,C057,r/Menopause,"Reply | thread: OP (post-menopausal, on HRT, post-covid) arms/hands suddenly crepey; lotion does nothing",gold_bond_crepe;hrt_estrogen_skin,high,Off-label estradiol on hands,,hands,hrt_medical_context
B0764,Successful attempts,That Gold Bond stuff has def improved my decoté!,Gold Bond hat Dekolleté verbessert,https://www.reddit.com/r/Menopause/comments/1fd0h17/my_hands_and_arms_have_suddenly_become_crepey/lmgmm9p/,https://www.reddit.com/r/Menopause/comments/1fd0h17/my_hands_and_arms_have_suddenly_become_crepey/,C057,r/Menopause,"Reply | thread: OP (post-menopausal, on HRT, post-covid) arms/hands suddenly crepey; lotion does nothing",gold_bond_crepe,medium,Chest improvement,,chest,
B0765,Skepticism,"Collagen. I know, there are naysayers. I'm telling you anectodally, it's helpful",Kollagen – trotz Kritikern anekdotisch hilfreich,https://www.reddit.com/r/Menopause/comments/1fd0h17/my_hands_and_arms_have_suddenly_become_crepey/lmcf7au/,https://www.reddit.com/r/Menopause/comments/1fd0h17/my_hands_and_arms_have_suddenly_become_crepey/,C057,r/Menopause,"Reply | thread: OP (post-menopausal, on HRT, post-covid) arms/hands suddenly crepey; lotion does nothing",collagen_supplement,medium,Anecdote vs science,,whole_body,
B0766,Situational triggers,"I suppose I have to lose it verrrrry slowly, to give my skin some time to bounce back.","Sehr langsam abnehmen, damit Haut nachkommt",https://www.reddit.com/r/Menopause/comments/1fd0h17/my_hands_and_arms_have_suddenly_become_crepey/lmdh8a3/,https://www.reddit.com/r/Menopause/comments/1fd0h17/my_hands_and_arms_have_suddenly_become_crepey/,C057,r/Menopause,"Reply | thread: OP (post-menopausal, on HRT, post-covid) arms/hands suddenly crepey; lotion does nothing",weight_loss_glp1,medium,Weight-loss fear,,neck,
B0767,Skepticism,"Meno nutritionist suggest collagen, but isn't that quack science?",Kollagen – ist das Quacksalberei?,https://www.reddit.com/r/Menopause/comments/1fd0h17/my_hands_and_arms_have_suddenly_become_crepey/lmdh8a3/,https://www.reddit.com/r/Menopause/comments/1fd0h17/my_hands_and_arms_have_suddenly_become_crepey/,C057,r/Menopause,"Reply | thread: OP (post-menopausal, on HRT, post-covid) arms/hands suddenly crepey; lotion does nothing",collagen_supplement;marketing_distrust,medium,Collagen skepticism,,whole_body,
B0768,Situational triggers,"Yes. Seemingly overnight. I think I might have entered post, and with that, came crepey skin.",Scheinbar über Nacht mit Postmenopause,https://www.reddit.com/r/Menopause/comments/1fd0h17/my_hands_and_arms_have_suddenly_become_crepey/lmdahht/,https://www.reddit.com/r/Menopause/comments/1fd0h17/my_hands_and_arms_have_suddenly_become_crepey/,C057,r/Menopause,"Reply | thread: OP (post-menopausal, on HRT, post-covid) arms/hands suddenly crepey; lotion does nothing",sudden_onset,high,Overnight recurring,,arms,hrt_medical_context
B0769,Exact phrases / metaphors / repeated wording,Yes. I swear it happened overnight.,"Schwört, es geschah über Nacht",https://www.reddit.com/r/Menopause/comments/1fd0h17/my_hands_and_arms_have_suddenly_become_crepey/lmdgdfb/,https://www.reddit.com/r/Menopause/comments/1fd0h17/my_hands_and_arms_have_suddenly_become_crepey/,C057,r/Menopause,"Reply | thread: OP (post-menopausal, on HRT, post-covid) arms/hands suddenly crepey; lotion does nothing",sudden_onset,high,"""overnight"" repetition",,arms,
B0770,Time-to-result expectations,it seems to take a while to see effects (2-3 months).,Wirkung dauert 2-3 Monate,https://www.reddit.com/r/Menopause/comments/1fd0h17/my_hands_and_arms_have_suddenly_become_crepey/lmdqnm3/,https://www.reddit.com/r/Menopause/comments/1fd0h17/my_hands_and_arms_have_suddenly_become_crepey/,C057,r/Menopause,"Reply | thread: OP (post-menopausal, on HRT, post-covid) arms/hands suddenly crepey; lotion does nothing",time_to_result;collagen_supplement,medium,2-3 month horizon,,whole_body,non_us_signal
B0771,Objections,I tried it but hated the scent and feel.,Hasste Duft und Gefühl (AmLactin),https://www.reddit.com/r/Menopause/comments/1fd0h17/my_hands_and_arms_have_suddenly_become_crepey/lmdny7z/,https://www.reddit.com/r/Menopause/comments/1fd0h17/my_hands_and_arms_have_suddenly_become_crepey/,C057,r/Menopause,"Reply | thread: OP (post-menopausal, on HRT, post-covid) arms/hands suddenly crepey; lotion does nothing",amlactin_lactic;fragrance_sensitivity,medium,AmLactin sensory rejection,,arms,
B0772,Product / routine preferences,Mix it with a cocoa butter cream like Palmer’s and it turns into milk chocolate! Much less gaggy!,Mit Kakaobutter mischen – riecht nach Milchschokolade,https://www.reddit.com/r/Menopause/comments/1fd0h17/my_hands_and_arms_have_suddenly_become_crepey/lmdzwdz/,https://www.reddit.com/r/Menopause/comments/1fd0h17/my_hands_and_arms_have_suddenly_become_crepey/,C057,r/Menopause,"Reply | thread: OP (post-menopausal, on HRT, post-covid) arms/hands suddenly crepey; lotion does nothing",amlactin_lactic;scent_love,medium,Scent-masking hack,,arms,
B0773,Tactile descriptions,"I found the smell was pretty gross right out of the bottle, but it disappeared once the lotion was applied and dry.","Geruch eklig, verschwindet nach Trocknen",https://www.reddit.com/r/Menopause/comments/1fd0h17/my_hands_and_arms_have_suddenly_become_crepey/lmdr366/,https://www.reddit.com/r/Menopause/comments/1fd0h17/my_hands_and_arms_have_suddenly_become_crepey/,C057,r/Menopause,"Reply | thread: OP (post-menopausal, on HRT, post-covid) arms/hands suddenly crepey; lotion does nothing",amlactin_lactic,medium,Scent fades,,arms,
B0774,Exact phrases / metaphors / repeated wording,So I'm just the only one who misread this as creepy?,"Als ""creepy"" gelesen",https://www.reddit.com/r/Menopause/comments/1fd0h17/my_hands_and_arms_have_suddenly_become_crepey/lmftuhv/,https://www.reddit.com/r/Menopause/comments/1fd0h17/my_hands_and_arms_have_suddenly_become_crepey/,C057,r/Menopause,"Reply | thread: OP (post-menopausal, on HRT, post-covid) arms/hands suddenly crepey; lotion does nothing",crepey_hands,medium,creepy/crepey wordplay recurs,,hands,
B0775,Time-to-result expectations,"The creams helded right away. The collagen took about 3 weeks, but I do see improvement.","Cremes halfen sofort, Kollagen nach 3 Wochen",https://www.reddit.com/r/Menopause/comments/1fd0h17/my_hands_and_arms_have_suddenly_become_crepey/lmctnod/,https://www.reddit.com/r/Menopause/comments/1fd0h17/my_hands_and_arms_have_suddenly_become_crepey/,C057,r/Menopause,"Reply | thread: OP (post-menopausal, on HRT, post-covid) arms/hands suddenly crepey; lotion does nothing",time_to_result;collagen_supplement,medium,Immediate topical vs 3-week supplement,,arms,hrt_medical_context;non_us_signal
B0776,Successful attempts,I use it from head to toe and my skin always looks better if I can be consistent.,"Bio-Oil von Kopf bis Fuß, besser bei Konsequenz",https://www.reddit.com/r/Menopause/comments/1fd0h17/my_hands_and_arms_have_suddenly_become_crepey/lmg3ckr/,https://www.reddit.com/r/Menopause/comments/1fd0h17/my_hands_and_arms_have_suddenly_become_crepey/,C057,r/Menopause,"Reply | thread: OP (post-menopausal, on HRT, post-covid) arms/hands suddenly crepey; lotion does nothing",consistency_effort,medium,Oil consistency,,whole_body,
B0777,Exact phrases / metaphors / repeated wording,I think BioOil is a miracle product.,Bio-Oil ein Wunderprodukt,https://www.reddit.com/r/Menopause/comments/1fd0h17/my_hands_and_arms_have_suddenly_become_crepey/lmg3ckr/,https://www.reddit.com/r/Menopause/comments/1fd0h17/my_hands_and_arms_have_suddenly_become_crepey/,C057,r/Menopause,"Reply | thread: OP (post-menopausal, on HRT, post-covid) arms/hands suddenly crepey; lotion does nothing",peer_proof,medium,"""miracle"" wording",,whole_body,
B0778,Successful attempts,Coconut Oil after showers fixed it right up. Nothing fancy.,Kokosöl nach Dusche hat es behoben – nichts Besonderes,https://www.reddit.com/r/Menopause/comments/1fd0h17/my_hands_and_arms_have_suddenly_become_crepey/lmcf688/,https://www.reddit.com/r/Menopause/comments/1fd0h17/my_hands_and_arms_have_suddenly_become_crepey/,C057,r/Menopause,"Reply | thread: OP (post-menopausal, on HRT, post-covid) arms/hands suddenly crepey; lotion does nothing",cheap_oil_alternative;oil_on_damp_skin,medium,Cheap oil fix for sudden crepe,,arms,
B0779,Emotional reactions,That happened to me too and it's worrying.,Ist ihr auch passiert – beunruhigend,https://www.reddit.com/r/Menopause/comments/1fd0h17/my_hands_and_arms_have_suddenly_become_crepey/lmcf688/,https://www.reddit.com/r/Menopause/comments/1fd0h17/my_hands_and_arms_have_suddenly_become_crepey/,C057,r/Menopause,"Reply | thread: OP (post-menopausal, on HRT, post-covid) arms/hands suddenly crepey; lotion does nothing",sudden_onset,medium,Worry,,arms,
B0780,Objections,Coconut oil is a drying oil and some won’t be able to tolerate it.,"Kokosöl trocknet aus, nicht jeder verträgt es",https://www.reddit.com/r/Menopause/comments/1fd0h17/my_hands_and_arms_have_suddenly_become_crepey/lmcnwji/,https://www.reddit.com/r/Menopause/comments/1fd0h17/my_hands_and_arms_have_suddenly_become_crepey/,C057,r/Menopause,"Reply | thread: OP (post-menopausal, on HRT, post-covid) arms/hands suddenly crepey; lotion does nothing",cheap_oil_alternative,medium,Coconut oil counter-belief,,whole_body,
B0781,Questions customers repeatedly ask,i like this idea but does it not give ur skin an oily look?,Sieht Haut nicht ölig aus?,https://www.reddit.com/r/Menopause/comments/1fd0h17/my_hands_and_arms_have_suddenly_become_crepey/lmckly7/,https://www.reddit.com/r/Menopause/comments/1fd0h17/my_hands_and_arms_have_suddenly_become_crepey/,C057,r/Menopause,"Reply | thread: OP (post-menopausal, on HRT, post-covid) arms/hands suddenly crepey; lotion does nothing",oil_greasy_staining,medium,Oily-look concern,,arms,
B0782,Tactile descriptions,It soaks into your skin. It's inexpensive so you have nothing to lose by trying it.,"Zieht ein, billig, nichts zu verlieren",https://www.reddit.com/r/Menopause/comments/1fd0h17/my_hands_and_arms_have_suddenly_become_crepey/lmkj8in/,https://www.reddit.com/r/Menopause/comments/1fd0h17/my_hands_and_arms_have_suddenly_become_crepey/,C057,r/Menopause,"Reply | thread: OP (post-menopausal, on HRT, post-covid) arms/hands suddenly crepey; lotion does nothing",oil_absorbs_fast;price_value,medium,Low-risk trial,,arms,
B0783,Product / routine preferences,oil my skin wet out of the shower. And I use an expensive body lotion- bum bum Cream on days I want to be extra soft,Öl auf nasser Haut; teure Lotion für extra weich,https://www.reddit.com/r/Menopause/comments/1fd0h17/my_hands_and_arms_have_suddenly_become_crepey/lmdk47g/,https://www.reddit.com/r/Menopause/comments/1fd0h17/my_hands_and_arms_have_suddenly_become_crepey/,C057,r/Menopause,"Reply | thread: OP (post-menopausal, on HRT, post-covid) arms/hands suddenly crepey; lotion does nothing",oil_on_damp_skin;soft_smooth_desire,medium,"Oil daily, luxe on special days",,whole_body,
B0784,Product / routine preferences,I don’t hesitate to moisturize multiple times throughout the day,Cremt mehrmals täglich,https://www.reddit.com/r/Menopause/comments/1fd0h17/my_hands_and_arms_have_suddenly_become_crepey/lmdk47g/,https://www.reddit.com/r/Menopause/comments/1fd0h17/my_hands_and_arms_have_suddenly_become_crepey/,C057,r/Menopause,"Reply | thread: OP (post-menopausal, on HRT, post-covid) arms/hands suddenly crepey; lotion does nothing",consistency_effort,medium,Multiple daily applications,,whole_body,
B0785,Skepticism,Nice work bot but it doesn’t do shit for cellulite,Hilft nicht bei Cellulite,https://www.reddit.com/r/Menopause/comments/1fd0h17/my_hands_and_arms_have_suddenly_become_crepey/lmls0r8/,https://www.reddit.com/r/Menopause/comments/1fd0h17/my_hands_and_arms_have_suddenly_become_crepey/,C057,r/Menopause,"Reply | thread: OP (post-menopausal, on HRT, post-covid) arms/hands suddenly crepey; lotion does nothing",marketing_distrust,medium,Cellulite claims dismissed,,legs,
B0786,Emotional reactions,I have truly decided fuck it. I do not have the bank account or the spoons to put towards skin.,Hat beschlossen: egal – weder Geld noch Energie,https://www.reddit.com/r/Menopause/comments/1fd0h17/my_hands_and_arms_have_suddenly_become_crepey/lmmnlzv/,https://www.reddit.com/r/Menopause/comments/1fd0h17/my_hands_and_arms_have_suddenly_become_crepey/,C057,r/Menopause,"Reply poster 43 | thread: OP (post-menopausal, on HRT, post-covid) arms/hands suddenly crepey; lotion does nothing",acceptance_aging;routine_fatigue;price_value,high,Resource-limited resignation,43,arms,
B0787,Identity / social implications,"Honestly, as long as it holds the meaty stuff inside like it's supposed to, we are good.","Solange Haut das Innere zusammenhält, alles gut",https://www.reddit.com/r/Menopause/comments/1fd0h17/my_hands_and_arms_have_suddenly_become_crepey/lmmnlzv/,https://www.reddit.com/r/Menopause/comments/1fd0h17/my_hands_and_arms_have_suddenly_become_crepey/,C057,r/Menopause,"Reply | thread: OP (post-menopausal, on HRT, post-covid) arms/hands suddenly crepey; lotion does nothing",acceptance_aging,high,Humorous acceptance,43,whole_body,
B0788,Skepticism,I'll probably just try to the tretinoin I have for my face but who knows how much difference it will make.,"Probiert Gesichts-Tretinoin, wer weiß ob es hilft",https://www.reddit.com/r/Menopause/comments/1fd0h17/my_hands_and_arms_have_suddenly_become_crepey/lmedq1n/,https://www.reddit.com/r/Menopause/comments/1fd0h17/my_hands_and_arms_have_suddenly_become_crepey/,C057,r/Menopause,"Reply late 40s post-meno | thread: OP (post-menopausal, on HRT, post-covid) arms/hands suddenly crepey; lotion does nothing",retinol_body;new_face_product_transfer,high,Low expectation,,arms,hrt_medical_context
B0789,Routine friction,I always forget to do it and the brush seems perfectly happy to sit in the bathroom cupboard undisturbed.,"Vergisst Trockenbürsten, Bürste liegt ungenutzt",https://www.reddit.com/r/Menopause/comments/1fd0h17/my_hands_and_arms_have_suddenly_become_crepey/lmes8xq/,https://www.reddit.com/r/Menopause/comments/1fd0h17/my_hands_and_arms_have_suddenly_become_crepey/,C057,r/Menopause,"Reply 54 NZ | thread: OP (post-menopausal, on HRT, post-covid) arms/hands suddenly crepey; lotion does nothing",routine_fatigue;exfoliation_dry_brush,medium,Abandoned tools,54,whole_body,non_us_signal
B0790,Routine friction,I do mine for the 2 minutes my electric toothbrush is on.,Während 2-Min-Zahnputzen,https://www.reddit.com/r/Menopause/comments/1fd0h17/my_hands_and_arms_have_suddenly_become_crepey/lmg0qf1/,https://www.reddit.com/r/Menopause/comments/1fd0h17/my_hands_and_arms_have_suddenly_become_crepey/,C057,r/Menopause,"Reply | thread: OP (post-menopausal, on HRT, post-covid) arms/hands suddenly crepey; lotion does nothing",consistency_effort,medium,Habit stacking,,whole_body,
B0791,Objections,"If you have any scratches or cuts on your skin, it'll sting a little when you first put it on. It also makes your skin more sun-sensitive.","Brennt bei Kratzern, lichtempfindlich",https://www.reddit.com/r/Menopause/comments/1fd0h17/my_hands_and_arms_have_suddenly_become_crepey/lmgely1/,https://www.reddit.com/r/Menopause/comments/1fd0h17/my_hands_and_arms_have_suddenly_become_crepey/,C057,r/Menopause,"Reply | thread: OP (post-menopausal, on HRT, post-covid) arms/hands suddenly crepey; lotion does nothing",amlactin_lactic;sunscreen_sun_damage,medium,AmLactin side effects,,arms,
B0792,Successful attempts,"But it works great on the crepeyness, in my experience.",Wirkt super gegen Crepe,https://www.reddit.com/r/Menopause/comments/1fd0h17/my_hands_and_arms_have_suddenly_become_crepey/lmgely1/,https://www.reddit.com/r/Menopause/comments/1fd0h17/my_hands_and_arms_have_suddenly_become_crepey/,C057,r/Menopause,"Reply | thread: OP (post-menopausal, on HRT, post-covid) arms/hands suddenly crepey; lotion does nothing",amlactin_lactic,medium,Efficacy despite side effects,,arms,
B0793,Questions customers repeatedly ask,For those using estrodial cream on face and hands. How often? Thanks!,Wie oft Estradiol-Creme?,https://www.reddit.com/r/Menopause/comments/1fd0h17/my_hands_and_arms_have_suddenly_become_crepey/lmgvlmj/,https://www.reddit.com/r/Menopause/comments/1fd0h17/my_hands_and_arms_have_suddenly_become_crepey/,C057,r/Menopause,"Reply | thread: OP (post-menopausal, on HRT, post-covid) arms/hands suddenly crepey; lotion does nothing",hrt_estrogen_skin,medium,Frequency question,,hands,hrt_medical_context
B0794,Situational triggers,Happen to me overnight too. Moving to Cali made it way worse.,Über Nacht; Umzug nach Kalifornien verschlimmerte,https://www.reddit.com/r/Menopause/comments/1fd0h17/my_hands_and_arms_have_suddenly_become_crepey/lmiagvm/,https://www.reddit.com/r/Menopause/comments/1fd0h17/my_hands_and_arms_have_suddenly_become_crepey/,C057,r/Menopause,"Reply | thread: OP (post-menopausal, on HRT, post-covid) arms/hands suddenly crepey; lotion does nothing",sudden_onset;winter_dryness,medium,Climate trigger,,arms,
B0795,Symptoms / visible texture descriptions,not crepey but more like getting cellulite all along the bottom of the arms and the skin becoming old or aging - almost overnight. They went from toned to loose and bumpy.,"Nicht crepig, eher Cellulite unten am Arm; von straff zu locker und uneben, fast über Nacht",https://www.reddit.com/r/Menopause/comments/1hvpiqd/what_happened_to_my_arms/,https://www.reddit.com/r/Menopause/comments/1hvpiqd/what_happened_to_my_arms/,C058,r/Menopause,"OP 48 peri | thread: OP (48, peri) arms went from toned to loose and bumpy almost overnight; asks cause/reversal",sudden_onset;crepey_arms,high,"""loose and bumpy"" texture descriptor",48,arms,hrt_medical_context
B0796,Emotional reactions,I’m so sad about it as my firm arms were some of my features I really held onto.,So traurig – feste Arme waren ihr Merkmal,https://www.reddit.com/r/Menopause/comments/1hvpiqd/what_happened_to_my_arms/,https://www.reddit.com/r/Menopause/comments/1hvpiqd/what_happened_to_my_arms/,C058,r/Menopause,"OP 48 | thread: OP (48, peri) arms went from toned to loose and bumpy almost overnight; asks cause/reversal",crepey_arms;feel_like_myself,high,Loss of a defining feature,48,arms,
B0797,Skepticism,Gonna start weight training but I’m not sure it will help.,"Will Krafttraining, unsicher ob es hilft",https://www.reddit.com/r/Menopause/comments/1hvpiqd/what_happened_to_my_arms/,https://www.reddit.com/r/Menopause/comments/1hvpiqd/what_happened_to_my_arms/,C058,r/Menopause,"OP | thread: OP (48, peri) arms went from toned to loose and bumpy almost overnight; asks cause/reversal",nothing_works,high,Doubt,48,arms,
B0798,Questions customers repeatedly ask,Anyone have advice please for what is causing this and how to stop or reverse it??,Ursache? Wie stoppen/umkehren?,https://www.reddit.com/r/Menopause/comments/1hvpiqd/what_happened_to_my_arms/,https://www.reddit.com/r/Menopause/comments/1hvpiqd/what_happened_to_my_arms/,C058,r/Menopause,"OP | thread: OP (48, peri) arms went from toned to loose and bumpy almost overnight; asks cause/reversal",question_what_works,high,Cause + reversal question,48,arms,
B0799,Emotional reactions,I’ve become very self-conscious about my jelly arms.,"Sehr befangen wegen ""Wackelpudding-Armen""",https://www.reddit.com/r/Menopause/comments/1hvpiqd/what_happened_to_my_arms/m5uxph9/,https://www.reddit.com/r/Menopause/comments/1hvpiqd/what_happened_to_my_arms/,C058,r/Menopause,"Reply 45, France | thread: OP (48, peri) arms went from toned to loose and bumpy almost overnight; asks cause/reversal",crepey_arms,high,"""jelly arms""",45,arms,non_us_signal;hrt_medical_context
B0800,Emotional reactions,I’m 45 and feel I’ve aged overnight.,Mit 45 über Nacht gealtert,https://www.reddit.com/r/Menopause/comments/1hvpiqd/what_happened_to_my_arms/m5uxph9/,https://www.reddit.com/r/Menopause/comments/1hvpiqd/what_happened_to_my_arms/,C058,r/Menopause,"Reply | thread: OP (48, peri) arms went from toned to loose and bumpy almost overnight; asks cause/reversal",sudden_onset,medium,Overnight aging,45,whole_body,non_us_signal
B0801,Emotional reactions,7 years ago I would have said I was aging gracefully. It was a trick. I feel like overnight things went downhill fast.,"Dachte, sie altere würdevoll – es war ein Trick",https://www.reddit.com/r/Menopause/comments/1hvpiqd/what_happened_to_my_arms/m5yg4hp/,https://www.reddit.com/r/Menopause/comments/1hvpiqd/what_happened_to_my_arms/,C058,r/Menopause,"Reply | thread: OP (48, peri) arms went from toned to loose and bumpy almost overnight; asks cause/reversal",sudden_onset,high,Betrayal/trick framing,,whole_body,hrt_medical_context
B0802,Identity / social implications,"I've been avoiding buying or wearing sleeveless tops for the past couple years because I hated my arms -- soft, shapeless, squishy.","Jahrelang keine ärmellosen Tops – Arme weich, formlos, schwabbelig",https://www.reddit.com/r/Menopause/comments/1hvpiqd/what_happened_to_my_arms/m5wb7lq/,https://www.reddit.com/r/Menopause/comments/1hvpiqd/what_happened_to_my_arms/,C058,r/Menopause,"Reply | thread: OP (48, peri) arms went from toned to loose and bumpy almost overnight; asks cause/reversal",hiding_arms_sleeveless,high,Avoidance + texture words,,arms,
B0803,Symptoms / visible texture descriptions,There was straight flapping when I waved.,Beim Winken flatterte es,https://www.reddit.com/r/Menopause/comments/1hvpiqd/what_happened_to_my_arms/m5wb7lq/,https://www.reddit.com/r/Menopause/comments/1hvpiqd/what_happened_to_my_arms/,C058,r/Menopause,"Reply | thread: OP (48, peri) arms went from toned to loose and bumpy almost overnight; asks cause/reversal",crepey_arms,high,Wave-flap visual,,arms,
B0804,Successful attempts,"The bat wings are completely gone. My arms are toned, shaped, and strong. … I'm buying and wearing sleeveless tops again.","Fledermausflügel weg, trägt wieder ärmellos",https://www.reddit.com/r/Menopause/comments/1hvpiqd/what_happened_to_my_arms/m5wb7lq/,https://www.reddit.com/r/Menopause/comments/1hvpiqd/what_happened_to_my_arms/,C058,r/Menopause,"Reply | thread: OP (48, peri) arms went from toned to loose and bumpy almost overnight; asks cause/reversal",shorts_dresses_avoidance;confidence_desire,high,Return to sleeveless = success marker,,arms,
B0805,Identity / social implications,"After 5 workouts my daughter blurted out of the blue ""whoa, you're ripped!""","Tochter: ""Du bist muskulös!""",https://www.reddit.com/r/Menopause/comments/1hvpiqd/what_happened_to_my_arms/m5wb7lq/,https://www.reddit.com/r/Menopause/comments/1hvpiqd/what_happened_to_my_arms/,C058,r/Menopause,"Reply | thread: OP (48, peri) arms went from toned to loose and bumpy almost overnight; asks cause/reversal",peer_proof,high,Family compliment,,arms,
B0806,Identity / social implications,I have a LOT of sleeveless stuff because I always had nice arms and last summer suddenly... nope. Yuck.,"Viel Ärmelloses, letzten Sommer plötzlich – igitt",https://www.reddit.com/r/Menopause/comments/1hvpiqd/what_happened_to_my_arms/m5wmqr9/,https://www.reddit.com/r/Menopause/comments/1hvpiqd/what_happened_to_my_arms/,C058,r/Menopause,"Reply | thread: OP (48, peri) arms went from toned to loose and bumpy almost overnight; asks cause/reversal",sudden_onset;summer_trigger;hiding_arms_sleeveless,high,Summer wardrobe trigger,,arms,
B0807,Emotional reactions,I literally had to hold my upper arms still while I spray painted a cabinet today. Worst part? I nearly didn’t give a shit.,Musste Oberarme beim Lackieren festhalten,https://www.reddit.com/r/Menopause/comments/1hvpiqd/what_happened_to_my_arms/m6091br/,https://www.reddit.com/r/Menopause/comments/1hvpiqd/what_happened_to_my_arms/,C058,r/Menopause,"Reply | thread: OP (48, peri) arms went from toned to loose and bumpy almost overnight; asks cause/reversal",crepey_arms;acceptance_aging,medium,Jiggle humour,,arms,
B0808,Purchase criteria,And trying different “supplements “ just drain my bank account.,Supplements leeren das Konto,https://www.reddit.com/r/Menopause/comments/1hvpiqd/what_happened_to_my_arms/m5v2s8u/,https://www.reddit.com/r/Menopause/comments/1hvpiqd/what_happened_to_my_arms/,C058,r/Menopause,"Reply | thread: OP (48, peri) arms went from toned to loose and bumpy almost overnight; asks cause/reversal",price_value;collagen_supplement,medium,Supplement spending fatigue,,whole_body,
B0809,Symptoms / visible texture descriptions,I have the same kind of dimpling and looseness. It’s only visible in the right lighting though.,"Dellen und Lockerheit, nur bei bestimmtem Licht sichtbar",https://www.reddit.com/r/Menopause/comments/1hvpiqd/what_happened_to_my_arms/m5uw9f2/,https://www.reddit.com/r/Menopause/comments/1hvpiqd/what_happened_to_my_arms/,C058,r/Menopause,"Reply | thread: OP (48, peri) arms went from toned to loose and bumpy almost overnight; asks cause/reversal",crepey_arms,medium,Lighting-dependent visibility,,arms,
B0810,Exact phrases / metaphors / repeated wording,I've got some hail damage on my upper arms.,"""Hagelschaden"" an Oberarmen",https://www.reddit.com/r/Menopause/comments/1hvpiqd/what_happened_to_my_arms/m5vl5in/,https://www.reddit.com/r/Menopause/comments/1hvpiqd/what_happened_to_my_arms/,C058,r/Menopause,"Reply | thread: OP (48, peri) arms went from toned to loose and bumpy almost overnight; asks cause/reversal",crepey_arms,medium,"""hail damage"" metaphor",,arms,
B0811,Emotional reactions,Bumps there? I do strength training. Sadly age and peri is what’s going on.,Dellen trotz Training – Alter und Peri,https://www.reddit.com/r/Menopause/comments/1hvpiqd/what_happened_to_my_arms/m5v2rzv/,https://www.reddit.com/r/Menopause/comments/1hvpiqd/what_happened_to_my_arms/,C058,r/Menopause,"Reply | thread: OP (48, peri) arms went from toned to loose and bumpy almost overnight; asks cause/reversal",nothing_works;hrt_estrogen_skin,medium,Resignation,,legs,hrt_medical_context
B0812,Symptoms / visible texture descriptions,"There's muscle on top, but it's loose and gross underneath. I think it's just aging and loss of collagen.","Muskel oben, darunter locker und eklig",https://www.reddit.com/r/Menopause/comments/1hvpiqd/what_happened_to_my_arms/m5x19ku/,https://www.reddit.com/r/Menopause/comments/1hvpiqd/what_happened_to_my_arms/,C058,r/Menopause,"Reply post menopause | thread: OP (48, peri) arms went from toned to loose and bumpy almost overnight; asks cause/reversal",crepey_arms,high,Muscle doesn't fix skin,,arms,hrt_medical_context
B0813,Skepticism,I honestly don't understand how women in Hollywood don't have this in their 50s. Maybe they all take tons of HRT and have surgeries and treatments.,Hollywood-Frauen haben vermutlich Eingriffe,https://www.reddit.com/r/Menopause/comments/1hvpiqd/what_happened_to_my_arms/m5x19ku/,https://www.reddit.com/r/Menopause/comments/1hvpiqd/what_happened_to_my_arms/,C058,r/Menopause,"Reply | thread: OP (48, peri) arms went from toned to loose and bumpy almost overnight; asks cause/reversal",only_procedures_work,high,Celebrity comparison,,arms,
B0814,Skepticism,I think I'd need a medical intervention to get rid of my batwings - something to remove the fat and tighten the skin.,Bräuchte medizinischen Eingriff gegen Fledermausflügel,https://www.reddit.com/r/Menopause/comments/1hvpiqd/what_happened_to_my_arms/m5v9cft/,https://www.reddit.com/r/Menopause/comments/1hvpiqd/what_happened_to_my_arms/,C058,r/Menopause,"Reply | thread: OP (48, peri) arms went from toned to loose and bumpy almost overnight; asks cause/reversal",only_procedures_work,high,Despite training+HRT,48,arms,hrt_medical_context
B0815,Exact phrases / metaphors / repeated wording,I got bat wings over night. I think I’ll fly away into the night when I can’t sleep.,Über Nacht Fledermausflügel – fliegt nachts weg,https://www.reddit.com/r/Menopause/comments/1hvpiqd/what_happened_to_my_arms/m5zp6ok/,https://www.reddit.com/r/Menopause/comments/1hvpiqd/what_happened_to_my_arms/,C058,r/Menopause,"Reply | thread: OP (48, peri) arms went from toned to loose and bumpy almost overnight; asks cause/reversal",sudden_onset,medium,Humorous bat wings,,arms,
B0816,Exact phrases / metaphors / repeated wording,bat wings AKA Bingo Flaps and/or deli owner arms.,"Fledermausflügel = ""Bingo Flaps""/""Deli-Besitzer-Arme""",https://www.reddit.com/r/Menopause/comments/1hvpiqd/what_happened_to_my_arms/m5vhyov/,https://www.reddit.com/r/Menopause/comments/1hvpiqd/what_happened_to_my_arms/,C058,r/Menopause,"Reply | thread: OP (48, peri) arms went from toned to loose and bumpy almost overnight; asks cause/reversal",old_lady_identity,medium,Slang cluster,,arms,
B0817,Emotional reactions,made me so self conscious … now I have nothing but flabby crepey skin,So befangen – nur noch schlaffe crepige Haut,https://www.reddit.com/r/Menopause/comments/1hvpiqd/what_happened_to_my_arms/m5wbog1/,https://www.reddit.com/r/Menopause/comments/1hvpiqd/what_happened_to_my_arms/,C058,r/Menopause,"Reply | thread: OP (48, peri) arms went from toned to loose and bumpy almost overnight; asks cause/reversal",crepey_arms,medium,Shape loss,,whole_body,
B0818,Emotional reactions,Overnight my arms became the most insane cottage cheese thighs. Horrified.,Über Nacht Arme wie Hüttenkäse-Oberschenkel – entsetzt,https://www.reddit.com/r/Menopause/comments/1hvpiqd/what_happened_to_my_arms/m5y5dw8/,https://www.reddit.com/r/Menopause/comments/1hvpiqd/what_happened_to_my_arms/,C058,r/Menopause,"Reply | thread: OP (48, peri) arms went from toned to loose and bumpy almost overnight; asks cause/reversal",sudden_onset,medium,"""cottage cheese"" + horror",,arms,
B0819,Desired outcomes,Hopefully this regime will allow my arms to age gracefully.,"Hofft, Arme altern würdevoll",https://www.reddit.com/r/Menopause/comments/1hvpiqd/what_happened_to_my_arms/m5vmj57/,https://www.reddit.com/r/Menopause/comments/1hvpiqd/what_happened_to_my_arms/,C058,r/Menopause,"Reply | thread: OP (48, peri) arms went from toned to loose and bumpy almost overnight; asks cause/reversal",acceptance_aging,medium,"""age gracefully"" goal",,arms,
B0820,Exact phrases / metaphors / repeated wording,Loose and bumpy is such a great description.,"""Locker und uneben"" – treffende Beschreibung",https://www.reddit.com/r/Menopause/comments/1hvpiqd/what_happened_to_my_arms/m5was0l/,https://www.reddit.com/r/Menopause/comments/1hvpiqd/what_happened_to_my_arms/,C058,r/Menopause,"Reply ~70 | thread: OP (48, peri) arms went from toned to loose and bumpy almost overnight; asks cause/reversal",crepey_arms,medium,Validated wording,,arms,
B0821,Emotional reactions,"We all joke about our lumpy arms, I guess because what else can we do? But I dislike the way it looks so much.","Scherzen über klumpige Arme, mögen es aber nicht",https://www.reddit.com/r/Menopause/comments/1hvpiqd/what_happened_to_my_arms/m5was0l/,https://www.reddit.com/r/Menopause/comments/1hvpiqd/what_happened_to_my_arms/,C058,r/Menopause,"Reply | thread: OP (48, peri) arms went from toned to loose and bumpy almost overnight; asks cause/reversal",acceptance_aging,medium,Humor masking dislike,,arms,
B0822,Desired outcomes,I turn 50 this year and just want to feel good about the way I look.,"Wird 50, will sich gut fühlen mit Aussehen",https://www.reddit.com/r/Menopause/comments/1hvpiqd/what_happened_to_my_arms/m5xcfes/,https://www.reddit.com/r/Menopause/comments/1hvpiqd/what_happened_to_my_arms/,C058,r/Menopause,"Reply | thread: OP (48, peri) arms went from toned to loose and bumpy almost overnight; asks cause/reversal",confidence_desire,high,Feel-good desire,49,arms,
B0823,Identity / social implications,I’d never been self conscious about my arms until last year when I was 48! It bothers me so much.,Erst mit 48 befangen wegen Armen,https://www.reddit.com/r/Menopause/comments/1hvpiqd/what_happened_to_my_arms/m5xcfes/,https://www.reddit.com/r/Menopause/comments/1hvpiqd/what_happened_to_my_arms/,C058,r/Menopause,"Reply | thread: OP (48, peri) arms went from toned to loose and bumpy almost overnight; asks cause/reversal",crepey_arms;sudden_onset,high,Core-age onset,49,arms,
B0824,Emotional reactions,my arm muscles turned to jello and flap I move them. 🤣😂😭 It's brutal!,Armmuskeln wie Wackelpudding – brutal,https://www.reddit.com/r/Menopause/comments/1hvpiqd/what_happened_to_my_arms/m5yorku/,https://www.reddit.com/r/Menopause/comments/1hvpiqd/what_happened_to_my_arms/,C058,r/Menopause,"Reply | thread: OP (48, peri) arms went from toned to loose and bumpy almost overnight; asks cause/reversal",crepey_arms,medium,Laugh-cry emotion,,arms,
B0825,Skepticism,Weight training and moisturizer is your only hope.,Nur Krafttraining und Feuchtigkeitscreme helfen,https://www.reddit.com/r/Menopause/comments/1hvpiqd/what_happened_to_my_arms/m5vb4vx/,https://www.reddit.com/r/Menopause/comments/1hvpiqd/what_happened_to_my_arms/,C058,r/Menopause,"Reply | thread: OP (48, peri) arms went from toned to loose and bumpy almost overnight; asks cause/reversal",lotion_temporary,medium,Moisturizer as only topical hope,,arms,
B0826,Identity / social implications,I remember my MIL complaining about her arms and in my 20’s I remember thinking ‘ugh what is she even talking about?’ Now I know.,Schwiegermutter klagte über Arme – jetzt versteht sie es,https://www.reddit.com/r/Menopause/comments/1hvpiqd/what_happened_to_my_arms/m600pu1/,https://www.reddit.com/r/Menopause/comments/1hvpiqd/what_happened_to_my_arms/,C058,r/Menopause,"Reply | thread: OP (48, peri) arms went from toned to loose and bumpy almost overnight; asks cause/reversal",mothers_skin,high,Generational realization,60,arms,
B0827,Symptoms / visible texture descriptions,"definitely noticed that my skin is thinning and skin turgor has changed, so it makes all the lumps underneath more visible.","Haut dünner, Turgor verändert – Dellen sichtbarer",https://www.reddit.com/r/Menopause/comments/1hvpiqd/what_happened_to_my_arms/m5w0rj1/,https://www.reddit.com/r/Menopause/comments/1hvpiqd/what_happened_to_my_arms/,C058,r/Menopause,"Reply | thread: OP (48, peri) arms went from toned to loose and bumpy almost overnight; asks cause/reversal",thin_skin_bruising,medium,Skin thinning reveals lumps,,arms,
B0828,Failed attempts,"Already tried Gold Bond and Amlactin crepe erase. I also do two scoops of collagen in my coffee, and take Vitamin D.","Gold Bond, AmLactin, Kollagen, Vitamin D probiert",https://www.reddit.com/r/Menopause/comments/1lwrmvw/crepe_skin/,https://www.reddit.com/r/Menopause/comments/1lwrmvw/crepe_skin/,C059,r/Menopause,"OP | thread: OP (on HRT) crepey forearms like 74yo mother's despite Gold Bond, AmLactin, collagen, SPF, lifting",gold_bond_crepe;amlactin_lactic;collagen_supplement;nothing_works,high,"Doing ""everything right"" yet crepey",,arms,hrt_medical_context
B0829,Identity / social implications,Was looking at my 74 year old mother’s crepey arms and basically mine from the elbows down are exactly the same.,Arme ab Ellenbogen wie die der 74-jährigen Mutter,https://www.reddit.com/r/Menopause/comments/1lwrmvw/crepe_skin/,https://www.reddit.com/r/Menopause/comments/1lwrmvw/crepe_skin/,C059,r/Menopause,"OP | thread: OP (on HRT) crepey forearms like 74yo mother's despite Gold Bond, AmLactin, collagen, SPF, lifting",mothers_skin;crepey_arms,high,Mother-comparison as trigger,,arms,
B0830,Problem descriptions,"I do use sunscreen, spf 50 and reapply, I’m well hydrated, and I lift weights regularly.","SPF, Wasser, Krafttraining – trotzdem",https://www.reddit.com/r/Menopause/comments/1lwrmvw/crepe_skin/,https://www.reddit.com/r/Menopause/comments/1lwrmvw/crepe_skin/,C059,r/Menopause,"OP | thread: OP (on HRT) crepey forearms like 74yo mother's despite Gold Bond, AmLactin, collagen, SPF, lifting",consistency_effort;nothing_works,high,Diligence doesn't prevent it,,arms,
B0831,Emotional reactions,I'm doing radical self-acceptance.,Radikale Selbstakzeptanz,https://www.reddit.com/r/Menopause/comments/1lwrmvw/crepe_skin/n2h4l1g/,https://www.reddit.com/r/Menopause/comments/1lwrmvw/crepe_skin/,C059,r/Menopause,"Reply | thread: OP (on HRT) crepey forearms like 74yo mother's despite Gold Bond, AmLactin, collagen, SPF, lifting",acceptance_aging,medium,Acceptance counter-current,,unspecified,
B0832,Exact phrases / metaphors / repeated wording,I’m earning my turkey neck.,"""Verdiene mir meinen Truthahnhals""",https://www.reddit.com/r/Menopause/comments/1lwrmvw/crepe_skin/n2hmwlq/,https://www.reddit.com/r/Menopause/comments/1lwrmvw/crepe_skin/,C059,r/Menopause,"Reply | thread: OP (on HRT) crepey forearms like 74yo mother's despite Gold Bond, AmLactin, collagen, SPF, lifting",acceptance_aging,medium,Humorous acceptance,,neck,
B0833,Emotional reactions,It's okay to age. I earned EVERY wrinkle and grey hair.,Altern ist okay – jede Falte verdient,https://www.reddit.com/r/Menopause/comments/1lwrmvw/crepe_skin/n2jj1sw/,https://www.reddit.com/r/Menopause/comments/1lwrmvw/crepe_skin/,C059,r/Menopause,"Reply | thread: OP (on HRT) crepey forearms like 74yo mother's despite Gold Bond, AmLactin, collagen, SPF, lifting",acceptance_aging,medium,Pride in aging,,unspecified,
B0834,Time-to-result expectations,"Holy shit, it's like I aged 10 years in those months. My skin has gotten so noticeably crepey!",Ohne Kollagen in Monaten 10 Jahre gealtert,https://www.reddit.com/r/Menopause/comments/1lwrmvw/crepe_skin/n2gh9pg/,https://www.reddit.com/r/Menopause/comments/1lwrmvw/crepe_skin/,C059,r/Menopause,"Reply | thread: OP (on HRT) crepey forearms like 74yo mother's despite Gold Bond, AmLactin, collagen, SPF, lifting",collagen_supplement;consistency_effort,medium,Regression after stopping,,unspecified,
B0835,Skepticism,I hear mixed messages that it's good for hair and skin and some say it doesn't do anything.,Widersprüchliche Infos zu Kollagen,https://www.reddit.com/r/Menopause/comments/1lwrmvw/crepe_skin/n2j5cbx/,https://www.reddit.com/r/Menopause/comments/1lwrmvw/crepe_skin/,C059,r/Menopause,"Reply | thread: OP (on HRT) crepey forearms like 74yo mother's despite Gold Bond, AmLactin, collagen, SPF, lifting",collagen_supplement;marketing_distrust,medium,Mixed messages confusion,,unspecified,
B0836,Routine friction,"stuffing myself into a swimsuit, getting sandy, getting wet ... I usually just skip it",Badeanzug anziehen etc. – lässt es meistens,https://www.reddit.com/r/Menopause/comments/1lwrmvw/crepe_skin/n2q2ndo/,https://www.reddit.com/r/Menopause/comments/1lwrmvw/crepe_skin/,C059,r/Menopause,"Reply | thread: OP (on HRT) crepey forearms like 74yo mother's despite Gold Bond, AmLactin, collagen, SPF, lifting",shorts_dresses_avoidance,medium,Swimsuit avoidance,,whole_body,
B0837,Identity / social implications,"adding the rower took things to a surprising new level, as in actively seeking sleeveless clothing.",Sucht nun aktiv ärmellose Kleidung,https://www.reddit.com/r/Menopause/comments/1lwrmvw/crepe_skin/n2kmngt/,https://www.reddit.com/r/Menopause/comments/1lwrmvw/crepe_skin/,C059,r/Menopause,"Reply | thread: OP (on HRT) crepey forearms like 74yo mother's despite Gold Bond, AmLactin, collagen, SPF, lifting",confidence_desire,medium,Sleeveless as success marker,,arms,
B0838,Failed attempts,I have been taking collagen for a year and a half? … still got that crepe!,"Seit 1,5 Jahren Kollagen – Crepe bleibt",https://www.reddit.com/r/Menopause/comments/1lwrmvw/crepe_skin/n2h6hs8/,https://www.reddit.com/r/Menopause/comments/1lwrmvw/crepe_skin/,C059,r/Menopause,"Reply | thread: OP (on HRT) crepey forearms like 74yo mother's despite Gold Bond, AmLactin, collagen, SPF, lifting",collagen_supplement;nothing_works,high,Long-term supplement failure on body,,arms,
B0839,Symptoms / visible texture descriptions,"the crepey skin on my arms, in the crease where the bones meet at the elbows, above my knees, and my abdomen.","Crepe an Armen, Ellenbeuge, über Knien, Bauch",https://www.reddit.com/r/Menopause/comments/1lwrmvw/crepe_skin/n2h6hs8/,https://www.reddit.com/r/Menopause/comments/1lwrmvw/crepe_skin/,C059,r/Menopause,"Reply | thread: OP (on HRT) crepey forearms like 74yo mother's despite Gold Bond, AmLactin, collagen, SPF, lifting",crepey_arms;crepey_knees;new_crepey_abdomen,high,Zone map of crepiness,,whole_body,
B0840,Skepticism,I'm not sure what can actually be done sans surgery. I just hope I'm minimally slowing it down.,Ohne OP wohl nichts – hofft auf Verlangsamung,https://www.reddit.com/r/Menopause/comments/1lwrmvw/crepe_skin/n2h6hs8/,https://www.reddit.com/r/Menopause/comments/1lwrmvw/crepe_skin/,C059,r/Menopause,"Reply | thread: OP (on HRT) crepey forearms like 74yo mother's despite Gold Bond, AmLactin, collagen, SPF, lifting",only_procedures_work,high,Slow-down as realistic goal,,whole_body,
B0841,Successful attempts,Gold Bond really helped my neck,Gold Bond half am Hals,https://www.reddit.com/r/Menopause/comments/1lwrmvw/crepe_skin/n2i67y9/,https://www.reddit.com/r/Menopause/comments/1lwrmvw/crepe_skin/,C059,r/Menopause,"Reply | thread: OP (on HRT) crepey forearms like 74yo mother's despite Gold Bond, AmLactin, collagen, SPF, lifting",gold_bond_crepe,medium,Neck success,,neck,
B0842,Ingredient / mechanism beliefs,My derm said crepey skin is the result of sun damage over time mainly,Derm: Crepe-Haut v.a. durch Sonnenschäden,https://www.reddit.com/r/Menopause/comments/1lwrmvw/crepe_skin/n2haswh/,https://www.reddit.com/r/Menopause/comments/1lwrmvw/crepe_skin/,C059,r/Menopause,"Reply | thread: OP (on HRT) crepey forearms like 74yo mother's despite Gold Bond, AmLactin, collagen, SPF, lifting",sunscreen_sun_damage;derm_recommendation,medium,Derm causal framing,,unspecified,
B0843,Emotional reactions,Wish I’d thought of my arms and décolleté though. ☹️ they’re def the arms and chest of a 52 year old.,Hätte an Arme/Dekolleté denken sollen,https://www.reddit.com/r/Menopause/comments/1lwrmvw/crepe_skin/n2lbeej/,https://www.reddit.com/r/Menopause/comments/1lwrmvw/crepe_skin/,C059,r/Menopause,"Reply | thread: OP (on HRT) crepey forearms like 74yo mother's despite Gold Bond, AmLactin, collagen, SPF, lifting",crepey_arms;crepey_chest,high,"Regret: face protected, body not",52,arms,
B0844,Successful attempts,keeps them soft and smooth.,Hält Arme weich und glatt,https://www.reddit.com/r/Menopause/comments/1lwrmvw/crepe_skin/n2hamcr/,https://www.reddit.com/r/Menopause/comments/1lwrmvw/crepe_skin/,C059,r/Menopause,"Reply | thread: OP (on HRT) crepey forearms like 74yo mother's despite Gold Bond, AmLactin, collagen, SPF, lifting",soft_smooth_desire,medium,Outcome,,arms,
B0845,Skepticism,no one seems to be upfront about how much retinol is actually in their body care products. I always wonder if they're even worth it,Niemand nennt Retinol-Menge – lohnt es sich?,https://www.reddit.com/r/Menopause/comments/1lwrmvw/crepe_skin/n2hjcuy/,https://www.reddit.com/r/Menopause/comments/1lwrmvw/crepe_skin/,C059,r/Menopause,"Reply | thread: OP (on HRT) crepey forearms like 74yo mother's despite Gold Bond, AmLactin, collagen, SPF, lifting",retinol_body;marketing_distrust,medium,Transparency again,,whole_body,
B0846,Emotional reactions,ugh. i'm sweating in my long sleeves,Schwitzt in langen Ärmeln,https://www.reddit.com/r/Menopause/comments/1lwrmvw/crepe_skin/n2i0tql/,https://www.reddit.com/r/Menopause/comments/1lwrmvw/crepe_skin/,C059,r/Menopause,"Reply | thread: OP (on HRT) crepey forearms like 74yo mother's despite Gold Bond, AmLactin, collagen, SPF, lifting",hiding_arms_sleeveless;summer_trigger,medium,Heat cost of concealment,,arms,
B0847,Skepticism,"There's no lotion, there's no supplement, there's no magic drink like collagen that's going to reverse skin damage and aging.","Keine Lotion, kein Supplement kehrt Altern um",https://www.reddit.com/r/Menopause/comments/1lwrmvw/crepe_skin/n2k9cy3/,https://www.reddit.com/r/Menopause/comments/1lwrmvw/crepe_skin/,C059,r/Menopause,"Reply | thread: OP (on HRT) crepey forearms like 74yo mother's despite Gold Bond, AmLactin, collagen, SPF, lifting",nothing_works;marketing_distrust,medium,Reversal disbelief,,unspecified,
B0848,Successful attempts,Castor oil works wonders for crepey skin and so much more.,Rizinusöl wirkt Wunder gegen Crepe,https://www.reddit.com/r/Menopause/comments/1lwrmvw/crepe_skin/n2jr8z9/,https://www.reddit.com/r/Menopause/comments/1lwrmvw/crepe_skin/,C059,r/Menopause,"Reply | thread: OP (on HRT) crepey forearms like 74yo mother's despite Gold Bond, AmLactin, collagen, SPF, lifting",cheap_oil_alternative,low,Castor oil belief,,unspecified,
B0849,Successful attempts,"I shower with a stiff bath brush and some Palmer's cocobutter oil. … 63 years old, but no crepe skin.",Bürste + Palmer's Öl in der Dusche; mit 63 keine Crepe-Haut,https://www.reddit.com/r/Menopause/comments/1lwrmvw/crepe_skin/n2m9z1g/,https://www.reddit.com/r/Menopause/comments/1lwrmvw/crepe_skin/,C059,r/Menopause,"Reply | thread: OP (on HRT) crepey forearms like 74yo mother's despite Gold Bond, AmLactin, collagen, SPF, lifting",oil_on_damp_skin;exfoliation_dry_brush,high,Oil-in-shower success at 63,63,whole_body,
B0850,Product / routine preferences,Lots of body oil after showering💕,Viel Körperöl nach dem Duschen,https://www.reddit.com/r/Menopause/comments/1lwrmvw/crepe_skin/n2nb80u/,https://www.reddit.com/r/Menopause/comments/1lwrmvw/crepe_skin/,C059,r/Menopause,"Reply | thread: OP (on HRT) crepey forearms like 74yo mother's despite Gold Bond, AmLactin, collagen, SPF, lifting",oil_on_damp_skin,medium,Oil post-shower,,whole_body,
B0851,Time-to-result expectations,"I won't lie, its not an overnight thing, I think it's been a little over three months of using it twice a day, but I can finally see a difference.",Nicht über Nacht – nach gut 3 Monaten 2x täglich sichtbar,https://www.reddit.com/r/Menopause/comments/1lwrmvw/crepe_skin/n2nm4cp/,https://www.reddit.com/r/Menopause/comments/1lwrmvw/crepe_skin/,C059,r/Menopause,"Reply poster 55 | thread: OP (on HRT) crepey forearms like 74yo mother's despite Gold Bond, AmLactin, collagen, SPF, lifting",time_to_result;consistency_effort,high,3-month horizon,55,chest,
B0852,Identity / social implications,they dont look like some ancient crone(just a middle-aged one),"Hände nicht mehr wie uralte Hexe, nur mittelalt",https://www.reddit.com/r/Menopause/comments/1lwrmvw/crepe_skin/n2nm4cp/,https://www.reddit.com/r/Menopause/comments/1lwrmvw/crepe_skin/,C059,r/Menopause,"Reply | thread: OP (on HRT) crepey forearms like 74yo mother's despite Gold Bond, AmLactin, collagen, SPF, lifting",old_lady_identity,high,"""ancient crone"" wording",55,hands,
B0853,Successful attempts,"It doesn't look like my 30s, but it's not crepey anymore.","Nicht wie mit 30, aber nicht mehr crepig",https://www.reddit.com/r/Menopause/comments/1lwrmvw/crepe_skin/n2nm4cp/,https://www.reddit.com/r/Menopause/comments/1lwrmvw/crepe_skin/,C059,r/Menopause,"Reply names specific brand | thread: OP (on HRT) crepey forearms like 74yo mother's despite Gold Bond, AmLactin, collagen, SPF, lifting",crepey_chest,high,Realistic outcome framing,55,chest,possible_seeding
B0854,Identity / social implications,And my chest looked OLD.,Dekolleté sah ALT aus,https://www.reddit.com/r/Menopause/comments/1lwrmvw/crepe_skin/n2nm4cp/,https://www.reddit.com/r/Menopause/comments/1lwrmvw/crepe_skin/,C059,r/Menopause,"Reply | thread: OP (on HRT) crepey forearms like 74yo mother's despite Gold Bond, AmLactin, collagen, SPF, lifting",crepey_chest,high,Chest aging,55,chest,
B0855,Skepticism,The amount of money people spend trying to stop something impossible from happening is insane.,"Wahnsinn, wie viel Geld für Unmögliches ausgegeben wird",https://www.reddit.com/r/Menopause/comments/1lwrmvw/crepe_skin/n2h1fk5/,https://www.reddit.com/r/Menopause/comments/1lwrmvw/crepe_skin/,C059,r/Menopause,"Reply | thread: OP (on HRT) crepey forearms like 74yo mother's despite Gold Bond, AmLactin, collagen, SPF, lifting",marketing_distrust;price_value,medium,Spend skepticism,,unspecified,
B0856,Failed attempts,"Well, for about 30 minutes. Not with the $$ imo",AmLactin wirkt ca. 30 Minuten – nicht das Geld wert,https://www.reddit.com/r/Menopause/comments/1lwrmvw/crepe_skin/n2h6pc9/,https://www.reddit.com/r/Menopause/comments/1lwrmvw/crepe_skin/,C059,r/Menopause,"OP | thread: OP (on HRT) crepey forearms like 74yo mother's despite Gold Bond, AmLactin, collagen, SPF, lifting",amlactin_lactic;lotion_temporary;price_value,high,Temporary effect = poor value,,arms,hrt_medical_context
B0857,Identity / social implications,I’ve given up on my old lady chest.,"Hat ""Alte-Dame-Dekolleté"" aufgegeben",https://www.reddit.com/r/Menopause/comments/1lwrmvw/crepe_skin/n2l2uhd/,https://www.reddit.com/r/Menopause/comments/1lwrmvw/crepe_skin/,C059,r/Menopause,"OP | thread: OP (on HRT) crepey forearms like 74yo mother's despite Gold Bond, AmLactin, collagen, SPF, lifting",old_lady_identity;crepey_chest,high,Resignation,,chest,
B0858,Situational triggers,I did recently lose 30 lbs so maybe that’s a factor.,Kürzlich 30 Pfund abgenommen,https://www.reddit.com/r/Menopause/comments/1lwrmvw/crepe_skin/n2l2uhd/,https://www.reddit.com/r/Menopause/comments/1lwrmvw/crepe_skin/,C059,r/Menopause,"OP | thread: OP (on HRT) crepey forearms like 74yo mother's despite Gold Bond, AmLactin, collagen, SPF, lifting",weight_loss_glp1,high,Weight-loss link,,arms,
B0859,Time-to-result expectations,Within about a week or two you are likely to see the crepey areas dramatically improve- as long as I use this no more crepey neck and back of hands. Stop for a few days and it starts to come back.,In 1-2 Wochen Verbesserung; nach Absetzen kommt es zurück,https://www.reddit.com/r/Menopause/comments/1lwrmvw/crepe_skin/n2s869y/,https://www.reddit.com/r/Menopause/comments/1lwrmvw/crepe_skin/,C059,r/Menopause,"Reply | thread: OP (on HRT) crepey forearms like 74yo mother's despite Gold Bond, AmLactin, collagen, SPF, lifting",time_to_result;consistency_effort,medium,Maintenance dependency,,hands,
B0860,Routine friction,My crepey skin is temporarily resolved with comfrey oil. … I should probably do it every time but I really don't like oiling up.,Beinwellöl hilft temporär – mag aber Einölen nicht,https://www.reddit.com/r/Menopause/comments/1lwrmvw/crepe_skin/n2y1zu1/,https://www.reddit.com/r/Menopause/comments/1lwrmvw/crepe_skin/,C059,r/Menopause,"Reply | thread: OP (on HRT) crepey forearms like 74yo mother's despite Gold Bond, AmLactin, collagen, SPF, lifting",lotion_temporary;routine_fatigue,medium,Oil works temporarily; aversion to oiling up,,unspecified,
B0861,Exact phrases / metaphors / repeated wording,My body is going all fluffy.,"Körper wird ganz ""fluffig""",https://www.reddit.com/r/Menopause/comments/g67x94/bad_case_of_the_aging_body_blues/,https://www.reddit.com/r/Menopause/comments/g67x94/bad_case_of_the_aging_body_blues/,C060,r/Menopause,"OP ~50 | thread: OP (~50, late peri) grief over body going ""fluffy""; overall body change (weight/shape) as much as skin",new_body_firmness,medium,"""fluffy"" euphemism for aging body",50,whole_body,hrt_medical_context
B0862,Emotional reactions,"I know this doesn't seem like a big deal, but sometimes it really jabs me in the heart.","Wirkt klein, sticht aber ins Herz",https://www.reddit.com/r/Menopause/comments/g67x94/bad_case_of_the_aging_body_blues/,https://www.reddit.com/r/Menopause/comments/g67x94/bad_case_of_the_aging_body_blues/,C060,r/Menopause,"OP | thread: OP (~50, late peri) grief over body going ""fluffy""; overall body change (weight/shape) as much as skin",feel_like_myself,high,Hidden emotional weight,50,whole_body,
B0863,Emotional reactions,"No amount of diet or exercise will ever bring back my slender arms, flat stomach, perky breasts, smooth skin","Nichts bringt schlanke Arme, flachen Bauch, glatte Haut zurück",https://www.reddit.com/r/Menopause/comments/g67x94/bad_case_of_the_aging_body_blues/,https://www.reddit.com/r/Menopause/comments/g67x94/bad_case_of_the_aging_body_blues/,C060,r/Menopause,"OP | thread: OP (~50, late peri) grief over body going ""fluffy""; overall body change (weight/shape) as much as skin",nothing_works;soft_smooth_desire,high,"""smooth skin"" listed among losses",50,whole_body,
B0864,Emotional reactions,"From here on out everything is only going to get older, crustier, more misshapen, or weaker/thinner, and that is so depressing.","Alles wird nur älter, krustiger, unförmiger – so deprimierend",https://www.reddit.com/r/Menopause/comments/g67x94/bad_case_of_the_aging_body_blues/,https://www.reddit.com/r/Menopause/comments/g67x94/bad_case_of_the_aging_body_blues/,C060,r/Menopause,"OP | thread: OP (~50, late peri) grief over body going ""fluffy""; overall body change (weight/shape) as much as skin",acceptance_aging,high,"Depressive outlook; ""crustier""",50,whole_body,
B0865,Identity / social implications,"I’m 52, but I’m not ready to have an old person’s body. It’s so depressing.",Mit 52 nicht bereit für einen Altenkörper,https://www.reddit.com/r/Menopause/comments/g67x94/bad_case_of_the_aging_body_blues/fo7yz6o/,https://www.reddit.com/r/Menopause/comments/g67x94/bad_case_of_the_aging_body_blues/,C060,r/Menopause,"Reply | thread: OP (~50, late peri) grief over body going ""fluffy""; overall body change (weight/shape) as much as skin",old_lady_identity,high,"""old person's body"" identity",52,whole_body,
B0866,Identity / social implications,"It's like a cruel joke. I feel 30, but my face and body scream ""middle aged!"".","Fühlt sich wie 30, Körper schreit ""mittelalt""",https://www.reddit.com/r/Menopause/comments/g67x94/bad_case_of_the_aging_body_blues/fo8abvi/,https://www.reddit.com/r/Menopause/comments/g67x94/bad_case_of_the_aging_body_blues/,C060,r/Menopause,"OP | thread: OP (~50, late peri) grief over body going ""fluffy""; overall body change (weight/shape) as much as skin",feel_like_myself;old_lady_identity,high,Inner-age vs outer-age gap,50,whole_body,
B0867,Identity / social implications,"I'm 53 and have been active, athletic my whole life and feel like I am turning 70 due to perimenopsuse.",Mit 53 fühlt sich an wie 70,https://www.reddit.com/r/Menopause/comments/g67x94/bad_case_of_the_aging_body_blues/fo89eml/,https://www.reddit.com/r/Menopause/comments/g67x94/bad_case_of_the_aging_body_blues/,C060,r/Menopause,"Reply | thread: OP (~50, late peri) grief over body going ""fluffy""; overall body change (weight/shape) as much as skin",old_lady_identity,high,Accelerated aging feeling,53,whole_body,hrt_medical_context
B0868,Identity / social implications,"All my elderly relatives were ""fluffy"". It just never occurred to me that it would happen to my body too!","Ältere Verwandte waren ""fluffig"" – nie gedacht, dass es sie trifft",https://www.reddit.com/r/Menopause/comments/g67x94/bad_case_of_the_aging_body_blues/fo8aj9j/,https://www.reddit.com/r/Menopause/comments/g67x94/bad_case_of_the_aging_body_blues/,C060,r/Menopause,"OP | thread: OP (~50, late peri) grief over body going ""fluffy""; overall body change (weight/shape) as much as skin",mothers_skin,high,Generational mirror,50,whole_body,
B0869,Situational triggers,in the last five years (46-51) I have aged SO much more than I did in another 5 year span in adulthood.,Zwischen 46 und 51 viel stärker gealtert,https://www.reddit.com/r/Menopause/comments/g67x94/bad_case_of_the_aging_body_blues/fo86tv3/,https://www.reddit.com/r/Menopause/comments/g67x94/bad_case_of_the_aging_body_blues/,C060,r/Menopause,"Reply | thread: OP (~50, late peri) grief over body going ""fluffy""; overall body change (weight/shape) as much as skin",sudden_onset,high,Acceleration window aligns with core age,51,whole_body,
B0870,Exact phrases / metaphors / repeated wording,"After 50, each year looks like a decade. Before that, I always ""looked so young for my age.""",Nach 50 sieht jedes Jahr aus wie ein Jahrzehnt,https://www.reddit.com/r/Menopause/comments/g67x94/bad_case_of_the_aging_body_blues/fo8hs3g/,https://www.reddit.com/r/Menopause/comments/g67x94/bad_case_of_the_aging_body_blues/,C060,r/Menopause,"Reply | thread: OP (~50, late peri) grief over body going ""fluffy""; overall body change (weight/shape) as much as skin",sudden_onset;feel_like_myself,high,"Loss of ""young for my age"" identity",,whole_body,
B0871,Emotional reactions,Yep. That's ME in the mirror? How did that happen?!?!,Das bin ICH im Spiegel?,https://www.reddit.com/r/Menopause/comments/g67x94/bad_case_of_the_aging_body_blues/fo8b56g/,https://www.reddit.com/r/Menopause/comments/g67x94/bad_case_of_the_aging_body_blues/,C060,r/Menopause,"OP | thread: OP (~50, late peri) grief over body going ""fluffy""; overall body change (weight/shape) as much as skin",feel_like_myself,high,Mirror disbelief,50,whole_body,
B0872,Emotional reactions,I have been HORRIFIED at how much my face has changed in the past 4 years. What to do? I’m almost accepting of it. Almost.,Entsetzt über Veränderung; fast akzeptiert,https://www.reddit.com/r/Menopause/comments/g67x94/bad_case_of_the_aging_body_blues/fonhhqu/,https://www.reddit.com/r/Menopause/comments/g67x94/bad_case_of_the_aging_body_blues/,C060,r/Menopause,"Reply | thread: OP (~50, late peri) grief over body going ""fluffy""; overall body change (weight/shape) as much as skin",acceptance_aging,medium,Near-acceptance,,face_transfer,face_only_transferable
B0873,Emotional reactions,Losing your youth ain't fun folks it's jarringly real.,Jugend zu verlieren ist erschütternd real,https://www.reddit.com/r/Menopause/comments/g67x94/bad_case_of_the_aging_body_blues/fo90tkj/,https://www.reddit.com/r/Menopause/comments/g67x94/bad_case_of_the_aging_body_blues/,C060,r/Menopause,"Reply | thread: OP (~50, late peri) grief over body going ""fluffy""; overall body change (weight/shape) as much as skin",acceptance_aging,medium,Jarring reality,51,whole_body,
B0874,Situational triggers,All the video conferencing lately is not helping! I’m horrified when I see my jowls and neck. I have turned into an old lady overnight.,Videokonferenzen: über Nacht alte Dame,https://www.reddit.com/r/Menopause/comments/g67x94/bad_case_of_the_aging_body_blues/fo88pfk/,https://www.reddit.com/r/Menopause/comments/g67x94/bad_case_of_the_aging_body_blues/,C060,r/Menopause,"Reply | thread: OP (~50, late peri) grief over body going ""fluffy""; overall body change (weight/shape) as much as skin",sudden_onset;old_lady_identity,medium,Video-call trigger (cf C036),,neck,
B0875,Symptoms / visible texture descriptions,"I hate the exhaustion and stiff joints, leathery skin and forgetting everything.","Hasst Erschöpfung, steife Gelenke, ledrige Haut",https://www.reddit.com/r/Menopause/comments/g67x94/bad_case_of_the_aging_body_blues/fo8c17u/,https://www.reddit.com/r/Menopause/comments/g67x94/bad_case_of_the_aging_body_blues/,C060,r/Menopause,"Reply | thread: OP (~50, late peri) grief over body going ""fluffy""; overall body change (weight/shape) as much as skin",new_leathery_skin,medium,"""leathery skin"" descriptor",,whole_body,hrt_medical_context
B0876,Emotional reactions,"I am still shocked and get sad. I miss cute dresses, high heels and moistness everywhere.",Noch schockiert und traurig; vermisst hübsche Kleider,https://www.reddit.com/r/Menopause/comments/g67x94/bad_case_of_the_aging_body_blues/fo8c17u/,https://www.reddit.com/r/Menopause/comments/g67x94/bad_case_of_the_aging_body_blues/,C060,r/Menopause,"Reply | thread: OP (~50, late peri) grief over body going ""fluffy""; overall body change (weight/shape) as much as skin",shorts_dresses_avoidance,medium,Lost wardrobe identity,,whole_body,
B0877,Identity / social implications,"I'll just be skinnier, saggier and older...and still invisible....sigh!","Nur dünner, schlaffer, älter – unsichtbar",https://www.reddit.com/r/Menopause/comments/g67x94/bad_case_of_the_aging_body_blues/fpnj60p/,https://www.reddit.com/r/Menopause/comments/g67x94/bad_case_of_the_aging_body_blues/,C060,r/Menopause,"Reply | thread: OP (~50, late peri) grief over body going ""fluffy""; overall body change (weight/shape) as much as skin",weight_loss_glp1;new_invisibility,medium,Weight loss → sagging + invisibility,,whole_body,
B0878,Situational triggers,"Now, I’m getting all wrinkly from losing the weight. My skin isn’t what it used to be. Everything is falling to shit.",Nach bariatrischer OP faltig vom Abnehmen,https://www.reddit.com/r/Menopause/comments/g67x94/bad_case_of_the_aging_body_blues/fo80us3/,https://www.reddit.com/r/Menopause/comments/g67x94/bad_case_of_the_aging_body_blues/,C060,r/Menopause,"Reply | thread: OP (~50, late peri) grief over body going ""fluffy""; overall body change (weight/shape) as much as skin",weight_loss_glp1,medium,Bariatric weight-loss trigger,52,whole_body,
B0879,Emotional reactions,"It's really hard to let go and just let it happen. I hope I can become more accepting of the changes one day, but today's not that day.",Schwer loszulassen; heute nicht,https://www.reddit.com/r/Menopause/comments/g67x94/bad_case_of_the_aging_body_blues/fo8b2yf/,https://www.reddit.com/r/Menopause/comments/g67x94/bad_case_of_the_aging_body_blues/,C060,r/Menopause,"OP | thread: OP (~50, late peri) grief over body going ""fluffy""; overall body change (weight/shape) as much as skin",acceptance_aging,high,Acceptance as aspiration not reality,50,whole_body,
B0880,Emotional reactions,Goddamit to hell I am so unbelievably upset over the loss of youth!!!!! I was certain I’d handle it better.,Unglaublich aufgebracht über verlorene Jugend,https://www.reddit.com/r/Menopause/comments/g67x94/bad_case_of_the_aging_body_blues/fofktrk/,https://www.reddit.com/r/Menopause/comments/g67x94/bad_case_of_the_aging_body_blues/,C060,r/Menopause,"Reply | thread: OP (~50, late peri) grief over body going ""fluffy""; overall body change (weight/shape) as much as skin",feel_like_myself,high,Intense grief,51,whole_body,
B0881,Identity / social implications,I lost MYSELF! How am I supposed to live. To live as an invisible/unwanted/devalued person.,"Hat SICH verloren – unsichtbar, ungewollt",https://www.reddit.com/r/Menopause/comments/g67x94/bad_case_of_the_aging_body_blues/foflgjf/,https://www.reddit.com/r/Menopause/comments/g67x94/bad_case_of_the_aging_body_blues/,C060,r/Menopause,"Reply | thread: OP (~50, late peri) grief over body going ""fluffy""; overall body change (weight/shape) as much as skin",feel_like_myself;new_invisibility,high,Identity loss + invisibility,51,whole_body,
B0882,Product / routine preferences,I have decided that less mirrors in my house makes me much happier!,Weniger Spiegel macht glücklicher,https://www.reddit.com/r/Menopause/comments/g67x94/bad_case_of_the_aging_body_blues/fo9n7s5/,https://www.reddit.com/r/Menopause/comments/g67x94/bad_case_of_the_aging_body_blues/,C060,r/Menopause,"Reply | thread: OP (~50, late peri) grief over body going ""fluffy""; overall body change (weight/shape) as much as skin",acceptance_aging,medium,Avoidance coping,,whole_body,
B0883,Exact phrases / metaphors / repeated wording,"the sagging, bagging and softening.","""Hängen, Säcke, Erweichen""",https://www.reddit.com/r/Menopause/comments/g67x94/bad_case_of_the_aging_body_blues/fo9n7s5/,https://www.reddit.com/r/Menopause/comments/g67x94/bad_case_of_the_aging_body_blues/,C060,r/Menopause,"Reply | thread: OP (~50, late peri) grief over body going ""fluffy""; overall body change (weight/shape) as much as skin",new_body_firmness,medium,Triplet descriptor,,whole_body,
B0884,Emotional reactions,I really do think every size body is beautiful. But I miss my old arms too.,"Jeder Körper schön, vermisst aber alte Arme",https://www.reddit.com/r/Menopause/comments/g67x94/bad_case_of_the_aging_body_blues/fo964i2/,https://www.reddit.com/r/Menopause/comments/g67x94/bad_case_of_the_aging_body_blues/,C060,r/Menopause,"Reply | thread: OP (~50, late peri) grief over body going ""fluffy""; overall body change (weight/shape) as much as skin",crepey_arms;feel_like_myself,medium,Body-positivity + arm grief tension,,arms,
B0885,Emotional reactions,And happens truly almost overnight.,Passiert wirklich fast über Nacht,https://www.reddit.com/r/Menopause/comments/g67x94/bad_case_of_the_aging_body_blues/foc9nwb/,https://www.reddit.com/r/Menopause/comments/g67x94/bad_case_of_the_aging_body_blues/,C060,r/Menopause,"Reply | thread: OP (~50, late peri) grief over body going ""fluffy""; overall body change (weight/shape) as much as skin",sudden_onset,high,Overnight again,51,whole_body,
B0886,Skepticism,it doesn’t matter if you’ve been a clean eater/work out freak your whole life. Eventually we all go ‘fluffy’ and get older.,Egal ob gesund gelebt – alle werden fluffig,https://www.reddit.com/r/Menopause/comments/g67x94/bad_case_of_the_aging_body_blues/foc9nwb/,https://www.reddit.com/r/Menopause/comments/g67x94/bad_case_of_the_aging_body_blues/,C060,r/Menopause,"Reply | thread: OP (~50, late peri) grief over body going ""fluffy""; overall body change (weight/shape) as much as skin",nothing_works,high,Lifestyle can't stop it,51,whole_body,
B0887,Identity / social implications,I recall when I was younger - looking at older women with veins and sags and saying...That won't happen to me.,Dachte früher: Mir passiert das nicht,https://www.reddit.com/r/Menopause/comments/g67x94/bad_case_of_the_aging_body_blues/fp5bjqs/,https://www.reddit.com/r/Menopause/comments/g67x94/bad_case_of_the_aging_body_blues/,C060,r/Menopause,"Reply | thread: OP (~50, late peri) grief over body going ""fluffy""; overall body change (weight/shape) as much as skin",mothers_skin;old_lady_identity,high,Past self-assurance broken,50,whole_body,
B0888,Identity / social implications,"I feel invisible. Worse maybe, like pitied invisible.","Unsichtbar, schlimmer: bemitleidet unsichtbar",https://www.reddit.com/r/Menopause/comments/g67x94/bad_case_of_the_aging_body_blues/fob340l/,https://www.reddit.com/r/Menopause/comments/g67x94/bad_case_of_the_aging_body_blues/,C060,r/Menopause,"Reply | thread: OP (~50, late peri) grief over body going ""fluffy""; overall body change (weight/shape) as much as skin",new_invisibility,medium,Social invisibility,,whole_body,
B0889,Desired outcomes,I hope things can change so women can talk about it and help each other prepare without the shame and secrecy,"Wunsch, offen ohne Scham darüber zu reden",https://www.reddit.com/r/Menopause/comments/g67x94/bad_case_of_the_aging_body_blues/fougedm/,https://www.reddit.com/r/Menopause/comments/g67x94/bad_case_of_the_aging_body_blues/,C060,r/Menopause,"Reply | thread: OP (~50, late peri) grief over body going ""fluffy""; overall body change (weight/shape) as much as skin",peer_proof,medium,Desire for open peer talk,,whole_body,
B0890,Exact phrases / metaphors / repeated wording,I'm petrified to lose my sex drive and dry up like a prune!!,"Angst, auszutrocknen wie eine Backpflaume",https://www.reddit.com/r/Menopause/comments/g67x94/bad_case_of_the_aging_body_blues/fpnjwcy/,https://www.reddit.com/r/Menopause/comments/g67x94/bad_case_of_the_aging_body_blues/,C060,r/Menopause,"Reply | thread: OP (~50, late peri) grief over body going ""fluffy""; overall body change (weight/shape) as much as skin",new_invisibility,low,"""dry up like a prune"" metaphor (sexual context)",,whole_body,hrt_medical_context
B0891,Identity / social implications,"No longer young, but not yet old old. It's a tough time.","Nicht mehr jung, noch nicht richtig alt",https://www.reddit.com/r/Menopause/comments/g67x94/bad_case_of_the_aging_body_blues/focuilc/,https://www.reddit.com/r/Menopause/comments/g67x94/bad_case_of_the_aging_body_blues/,C060,r/Menopause,"OP | thread: OP (~50, late peri) grief over body going ""fluffy""; overall body change (weight/shape) as much as skin",old_lady_identity,high,In-between identity,50,whole_body,
B0892,Successful attempts,So far I can see/feel a difference everywhere except my belly.,Unterschied überall außer Bauch (Krafttraining),https://www.reddit.com/r/Menopause/comments/g67x94/bad_case_of_the_aging_body_blues/foul8ak/,https://www.reddit.com/r/Menopause/comments/g67x94/bad_case_of_the_aging_body_blues/,C060,r/Menopause,"Reply | thread: OP (~50, late peri) grief over body going ""fluffy""; overall body change (weight/shape) as much as skin",new_crepey_abdomen,medium,Belly resistant,,abdomen,
