VOC ID,Category,Exact short quote,Paraphrased meaning,Source URL,Thread URL,Corpus ID,Community,Context,Recurrence/pattern tag,Evidence strength,Potential research implication,Stated age,Body area,Flags
A0001,Problem descriptions,I’ve realized that I’ve completely neglected my skin below the neck.,Körperhaut unterhalb des Halses jahrelang vernachlässigt.,https://www.reddit.com/r/40PlusSkinCare/comments/1q7st6w/share_your_best_skin_care_routine_for_body_not/,https://www.reddit.com/r/40PlusSkinCare/comments/1q7st6w/share_your_best_skin_care_routine_for_body_not/,C001,r/40PlusSkinCare,OP building body routine from scratch,new_body_neglect_vs_face,medium,"Körper als ""vergessene Zone"" neben Gesichtspflege – Einstiegspunkt für Ansprache von Erstanwenderinnen prüfen.",,whole_body,
A0002,Emotional reactions,"Maybe I took my youthful, supple skin for granted.","Bedauern, die frühere geschmeidige Haut als selbstverständlich genommen zu haben.",https://www.reddit.com/r/40PlusSkinCare/comments/1q7st6w/share_your_best_skin_care_routine_for_body_not/,https://www.reddit.com/r/40PlusSkinCare/comments/1q7st6w/share_your_best_skin_care_routine_for_body_not/,C001,r/40PlusSkinCare,OP reflecting on lost suppleness,new_body_neglect_vs_face,medium,"Reue/Verlustgefühl als emotionaler Treiber; Geschmeidigkeit (""supple"") als Referenzzustand.",,whole_body,
A0003,Failed attempts,I’ve decided to stop using all of my Bath & Body Works lotions because they don’t actually moisturize my skin.,Duft-Lotionen (BBW) spenden in ihren Augen keine echte Feuchtigkeit.,https://www.reddit.com/r/40PlusSkinCare/comments/1q7st6w/share_your_best_skin_care_routine_for_body_not/,https://www.reddit.com/r/40PlusSkinCare/comments/1q7st6w/share_your_best_skin_care_routine_for_body_not/,C001,r/40PlusSkinCare,OP rejecting scented mass lotions,lotion_temporary,medium,"Abgrenzung ""duftet nur"" vs. ""pflegt wirklich"" als Kaufkriterium relevant.",,whole_body,
A0004,Tactile descriptions,"No matter how often I reapply them, my skin still feels dry and unimproved.",Trotz häufigem Nachcremen fühlt sich die Haut trocken an.,https://www.reddit.com/r/40PlusSkinCare/comments/1q7st6w/share_your_best_skin_care_routine_for_body_not/,https://www.reddit.com/r/40PlusSkinCare/comments/1q7st6w/share_your_best_skin_care_routine_for_body_not/,C001,r/40PlusSkinCare,OP on BBW lotions,lotion_temporary;nothing_works,medium,"Wiederholtes Nachcremen ohne Wirkung = Frustration; Messgröße ""fühlt sich dauerhaft weniger trocken an"" prüfen.",,whole_body,
A0005,Desired outcomes,products that genuinely hydrate and repair my skin,"Wunsch nach Produkten, die wirklich hydratisieren und reparieren.",https://www.reddit.com/r/40PlusSkinCare/comments/1q7st6w/share_your_best_skin_care_routine_for_body_not/,https://www.reddit.com/r/40PlusSkinCare/comments/1q7st6w/share_your_best_skin_care_routine_for_body_not/,C001,r/40PlusSkinCare,OP request,soft_smooth_desire,medium,"""genuinely"" signalisiert Misstrauen gegenüber Oberflächen-Pflege; Wirknachweis-Erwartung.",,whole_body,
A0006,Product / routine preferences,I’m planning to purchase an exfoliating washcloth and a dry-brushing brush,Plant Peeling-Waschlappen und Trockenbürste als Routine-Baustein.,https://www.reddit.com/r/40PlusSkinCare/comments/1q7st6w/share_your_best_skin_care_routine_for_body_not/,https://www.reddit.com/r/40PlusSkinCare/comments/1q7st6w/share_your_best_skin_care_routine_for_body_not/,C001,r/40PlusSkinCare,OP routine plan,exfoliation_dry_brush,medium,Exfoliation als selbstverständlicher erster Routineschritt vor Pflege.,,whole_body,
A0007,Failed attempts,"Feet- nothing works great, aquaphor then socks",Für Füße funktioniert nichts richtig; Aquaphor plus Socken.,https://www.reddit.com/r/40PlusSkinCare/comments/1q7st6w/share_your_best_skin_care_routine_for_body_not/nyihe53/,https://www.reddit.com/r/40PlusSkinCare/comments/1q7st6w/share_your_best_skin_care_routine_for_body_not/,C001,r/40PlusSkinCare,commenter listing body routine,nothing_works,low,"Off-target Zone (Füße), zeigt aber Okklusiv-Notlösung.",,unspecified,
A0008,Product / routine preferences,While damp from the shower I apply body butter from my neck down.,Trägt Body Butter auf noch feuchte Haut nach dem Duschen auf.,https://www.reddit.com/r/40PlusSkinCare/comments/1q7st6w/share_your_best_skin_care_routine_for_body_not/nyigonr/,https://www.reddit.com/r/40PlusSkinCare/comments/1q7st6w/share_your_best_skin_care_routine_for_body_not/,C001,r/40PlusSkinCare,commenter nightly routine,oil_on_damp_skin,medium,Auftragen auf feuchte Haut ist gelernte Routine.,,whole_body,
A0009,Product / routine preferences,usually add a few squirts of whatever serum my face rejected,Verwertet abgelehnte Gesichtsseren am Körper.,https://www.reddit.com/r/40PlusSkinCare/comments/1q7st6w/share_your_best_skin_care_routine_for_body_not/nyigonr/,https://www.reddit.com/r/40PlusSkinCare/comments/1q7st6w/share_your_best_skin_care_routine_for_body_not/,C001,r/40PlusSkinCare,commenter routine,new_face_products_on_body,medium,"Körper als ""Resteverwertung"" für Gesichtsprodukte – Körperpflege oft improvisiert.",,whole_body,
A0010,Product / routine preferences,You literally see your dead skin coming off,Exfoliation-Handschuh: abgestorbene Haut sichtbar ablösen ist befriedigend.,https://www.reddit.com/r/40PlusSkinCare/comments/1q7st6w/share_your_best_skin_care_routine_for_body_not/nyl2n9p/,https://www.reddit.com/r/40PlusSkinCare/comments/1q7st6w/share_your_best_skin_care_routine_for_body_not/,C001,r/40PlusSkinCare,commenter recommending exfoliating mitt,exfoliation_dry_brush,medium,Sichtbares Feedback (Hautschüppchen) wird als Wirkbeweis erlebt.,,whole_body,
A0011,Identity / social implications,dry skin is something I refuse to have,Trockene Haut wird als inakzeptabel abgelehnt.,https://www.reddit.com/r/40PlusSkinCare/comments/1q7st6w/share_your_best_skin_care_routine_for_body_not/nyl2n9p/,https://www.reddit.com/r/40PlusSkinCare/comments/1q7st6w/share_your_best_skin_care_routine_for_body_not/,C001,r/40PlusSkinCare,commenter on body butter,soft_smooth_desire,medium,Starke Selbstverpflichtung zu gepflegter Haut als Identitätsmerkmal.,,whole_body,
A0012,Purchase criteria,I use a body butter by the body shop or trader Joe's is cheaper.,Wählt günstigere Alternative (Trader Joe's) bei Body Butter.,https://www.reddit.com/r/40PlusSkinCare/comments/1q7st6w/share_your_best_skin_care_routine_for_body_not/nyl2n9p/,https://www.reddit.com/r/40PlusSkinCare/comments/1q7st6w/share_your_best_skin_care_routine_for_body_not/,C001,r/40PlusSkinCare,commenter,price_value,medium,Preisvergleich mit Discount-Alternativen (U.S. Trader Joe's).,,whole_body,
A0013,Skepticism,Not 100% convinced it has enough peptides to do anything but it was cheap on amazon,"Zweifelt an Peptid-Dosierung, kauft aber wegen günstigem Preis.",https://www.reddit.com/r/40PlusSkinCare/comments/1q7st6w/share_your_best_skin_care_routine_for_body_not/nymikip/,https://www.reddit.com/r/40PlusSkinCare/comments/1q7st6w/share_your_best_skin_care_routine_for_body_not/,C001,r/40PlusSkinCare,commenter routine,marketing_distrust;price_value,medium,Ingredient-savvy Zielgruppe hinterfragt Konzentrationen; Transparenz relevant.,,whole_body,
A0014,Purchase criteria,"lovely hydrating gel texture that doesn’t leave skin sticky, absorbs beautifully","Gel-Textur, nicht klebrig, zieht schön ein.",https://www.reddit.com/r/40PlusSkinCare/comments/1q7st6w/share_your_best_skin_care_routine_for_body_not/nymikip/,https://www.reddit.com/r/40PlusSkinCare/comments/1q7st6w/share_your_best_skin_care_routine_for_body_not/,C001,r/40PlusSkinCare,commenter on body lotion,oil_absorbs_fast,medium,Nicht-klebrig + schnelles Einziehen als zentrale Texturkriterien.,,whole_body,
A0015,Successful attempts,But the amlactin makes my skin soooo soft and smooth.,AmLactin macht die Haut sehr weich und glatt.,https://www.reddit.com/r/40PlusSkinCare/comments/1q7st6w/share_your_best_skin_care_routine_for_body_not/nyiuw34/,https://www.reddit.com/r/40PlusSkinCare/comments/1q7st6w/share_your_best_skin_care_routine_for_body_not/,C001,r/40PlusSkinCare,commenter on AmLactin,amlactin_lactic;soft_smooth_desire,medium,AmLactin als Referenz für Weichheit; Konkurrenzbenchmark.,,whole_body,
A0016,Product / routine preferences,"Put it on wet skin after the shower, then follow with something that smells good or looks pretty","Erst Wirkstoff auf nasse Haut, dann etwas Duftendes/Hübsches darüber.",https://www.reddit.com/r/40PlusSkinCare/comments/1q7st6w/share_your_best_skin_care_routine_for_body_not/nyiuw34/,https://www.reddit.com/r/40PlusSkinCare/comments/1q7st6w/share_your_best_skin_care_routine_for_body_not/,C001,r/40PlusSkinCare,commenter on layering,amlactin_lactic;scent_love;question_order_of_application,medium,"Schichtung ""Wirkung + Genuss"" – Öl als Genuss-Layer nach Aktivstoff denkbar.",,whole_body,
A0017,Successful attempts,I’m almost 50 and my skin is soft as a baby.,Fast 50 und Haut weich wie ein Baby (AmLactin).,https://www.reddit.com/r/40PlusSkinCare/comments/1q7st6w/share_your_best_skin_care_routine_for_body_not/nytqacz/,https://www.reddit.com/r/40PlusSkinCare/comments/1q7st6w/share_your_best_skin_care_routine_for_body_not/,C001,r/40PlusSkinCare,"commenter, almost 50, Chicago",amlactin_lactic;soft_smooth_desire,high,"""soft as a baby"" als wiederkehrende Ergebnis-Metapher.",49,whole_body,
A0018,Situational triggers,This is the first Chicago winter I’ve been using it and I have zero flaking skin.,Erster Chicagoer Winter ohne Schuppen dank AmLactin.,https://www.reddit.com/r/40PlusSkinCare/comments/1q7st6w/share_your_best_skin_care_routine_for_body_not/nytqacz/,https://www.reddit.com/r/40PlusSkinCare/comments/1q7st6w/share_your_best_skin_care_routine_for_body_not/,C001,r/40PlusSkinCare,commenter almost 50,winter_dryness;itch_flake;amlactin_lactic,high,"Winter als Auslöser; ""zero flaking"" als messbares Erfolgskriterium.",49,whole_body,
A0019,Purchase criteria,Costco usually has it on sale and the bottle is massive and it’s like $12 on sale.,Große Flasche günstig bei Costco.,https://www.reddit.com/r/40PlusSkinCare/comments/1q7st6w/share_your_best_skin_care_routine_for_body_not/nytqacz/,https://www.reddit.com/r/40PlusSkinCare/comments/1q7st6w/share_your_best_skin_care_routine_for_body_not/,C001,r/40PlusSkinCare,commenter almost 50,price_value,high,Preisanker ~$12 für große Flasche bei Costco als Vergleichsmaßstab.,49,whole_body,
A0020,Purchase criteria,"it's also very moisturizing, it's never irritated me at all, and it's not expensive","Retinol-Bodycream: feuchtigkeitsspendend, nicht reizend, günstig.",https://www.reddit.com/r/40PlusSkinCare/comments/1q7st6w/share_your_best_skin_care_routine_for_body_not/nyjyl27/,https://www.reddit.com/r/40PlusSkinCare/comments/1q7st6w/share_your_best_skin_care_routine_for_body_not/,C001,r/40PlusSkinCare,commenter on Versed retinol body cream,retinol_body;price_value,medium,Kriterienkombi Wirkung + Verträglichkeit + Preis.,,whole_body,
A0021,Objections,It does smell a bit medicinal but that doesn't bother me.,Medizinischer Geruch wird toleriert.,https://www.reddit.com/r/40PlusSkinCare/comments/1q7st6w/share_your_best_skin_care_routine_for_body_not/nyjyl27/,https://www.reddit.com/r/40PlusSkinCare/comments/1q7st6w/share_your_best_skin_care_routine_for_body_not/,C001,r/40PlusSkinCare,commenter on Versed,fragrance_sensitivity,medium,Geruch von Wirkstoffprodukten als bekannter Kompromiss.,,whole_body,
A0022,Successful attempts,my skin looks brighter and more hydrated and doesn't look ashy or dried out,"Haut wirkt heller, hydratisierter, nicht mehr aschig.",https://www.reddit.com/r/40PlusSkinCare/comments/1q7st6w/share_your_best_skin_care_routine_for_body_not/nyk6k9r/,https://www.reddit.com/r/40PlusSkinCare/comments/1q7st6w/share_your_best_skin_care_routine_for_body_not/,C001,r/40PlusSkinCare,commenter on body wash switch,glow_desire,medium,"""ashy"" als Begriff für stumpfe trockene Körperhaut.",,whole_body,
A0023,Product / routine preferences,"My neck, chest, and backs of hands get all my skincare.","Hals, Dekolleté und Handrücken bekommen die volle Pflege.",https://www.reddit.com/r/40PlusSkinCare/comments/1q7st6w/share_your_best_skin_care_routine_for_body_not/nylbp6y/,https://www.reddit.com/r/40PlusSkinCare/comments/1q7st6w/share_your_best_skin_care_routine_for_body_not/,C001,r/40PlusSkinCare,commenter routine,crepey_chest;crepey_hands,medium,Priorisierung sichtbarer Zonen (Hals/Dekolleté/Hände).,,chest,
A0024,Routine friction,I think I'd run out if I used my serums and all else on my chest too,Gesichtsseren reichen nicht für Körperflächen.,https://www.reddit.com/r/40PlusSkinCare/comments/1q7st6w/share_your_best_skin_care_routine_for_body_not/nywvx2h/,https://www.reddit.com/r/40PlusSkinCare/comments/1q7st6w/share_your_best_skin_care_routine_for_body_not/,C001,r/40PlusSkinCare,OP reply,price_value,medium,Menge/Kosten bei großen Körperflächen ist Hürde für Gesichtsprodukte am Körper.,,chest,
A0025,Product / routine preferences,"Then I move to my body, which is hopefully still damp from the shower (I don't towel dry).","Cremt Körper noch feucht ein, trocknet nicht ab.",https://www.reddit.com/r/40PlusSkinCare/comments/1q7st6w/share_your_best_skin_care_routine_for_body_not/nys9iup/,https://www.reddit.com/r/40PlusSkinCare/comments/1q7st6w/share_your_best_skin_care_routine_for_body_not/,C001,r/40PlusSkinCare,commenter with eczema-prone skin,oil_on_damp_skin,medium,Damp-skin-Application als verbreitete Praxis.,,whole_body,
A0026,Ingredient / mechanism beliefs,Applying the lotion first provides hydration and exfoliation and also allows me to use less Vanicream.,"Erst Urea-Lotion (Hydration), dann okklusiv versiegeln.",https://www.reddit.com/r/40PlusSkinCare/comments/1q7st6w/share_your_best_skin_care_routine_for_body_not/nys9iup/,https://www.reddit.com/r/40PlusSkinCare/comments/1q7st6w/share_your_best_skin_care_routine_for_body_not/,C001,r/40PlusSkinCare,commenter layering urea + occlusive,urea;oil_seals_not_hydrates;question_order_of_application,medium,"Verständnis ""erst hydratisieren, dann versiegeln"" – relevant für Positionierung eines Öls als Siegel-Schritt.",,whole_body,
A0027,Routine friction,I need to work on a skin care routine out of the shower when my body is still damp.,"OP will lernen, direkt nach dem Duschen auf feuchte Haut aufzutragen.",https://www.reddit.com/r/40PlusSkinCare/comments/1q7st6w/share_your_best_skin_care_routine_for_body_not/nywwoxo/,https://www.reddit.com/r/40PlusSkinCare/comments/1q7st6w/share_your_best_skin_care_routine_for_body_not/,C001,r/40PlusSkinCare,OP reply,oil_on_damp_skin,medium,Damp-skin-Technik ist für manche neu – Anwendungsanleitung relevant.,,whole_body,
A0028,Exact phrases / metaphors / repeated wording,it's a common process from what I see,Feuchte-Haut-Anwendung als häufig genannter Prozess.,https://www.reddit.com/r/40PlusSkinCare/comments/1q7st6w/share_your_best_skin_care_routine_for_body_not/nywwoxo/,https://www.reddit.com/r/40PlusSkinCare/comments/1q7st6w/share_your_best_skin_care_routine_for_body_not/,C001,r/40PlusSkinCare,OP reply,oil_on_damp_skin,medium,Peer-Konsens zur Anwendungstechnik.,,whole_body,
A0029,Failed attempts,"For me, most lotions sit on top of my skin.",Lotionen bleiben auf der Haut liegen.,https://www.reddit.com/r/40PlusSkinCare/comments/1q7st6w/share_your_best_skin_care_routine_for_body_not/nysgjpm/,https://www.reddit.com/r/40PlusSkinCare/comments/1q7st6w/share_your_best_skin_care_routine_for_body_not/,C001,r/40PlusSkinCare,commenter with Sjogrens,lotion_temporary,low,"""sit on top"" als wiederkehrende Absorptions-Klage; medizinischer Kontext.",,whole_body,hrt_medical_context
A0030,Ingredient / mechanism beliefs,I find plant oils are most moisturizing.,Pflanzenöle empfindet sie als am stärksten feuchtigkeitsspendend.,https://www.reddit.com/r/40PlusSkinCare/comments/1q7st6w/share_your_best_skin_care_routine_for_body_not/nysgjpm/,https://www.reddit.com/r/40PlusSkinCare/comments/1q7st6w/share_your_best_skin_care_routine_for_body_not/,C001,r/40PlusSkinCare,"commenter with Sjogrens, homemade oil blend",cheap_oil_alternative;oil_vs_lotion_confusion,medium,Glaube: Pflanzenöl > Lotion; DIY-Ölmischung als Konkurrenz.,,whole_body,
A0031,Successful attempts,declared he didn’t want to be without it bc it was so much more Moisturizing than lotion,Ehemann empfand DIY-Öl als viel pflegender als Lotion.,https://www.reddit.com/r/40PlusSkinCare/comments/1q7st6w/share_your_best_skin_care_routine_for_body_not/nysgjpm/,https://www.reddit.com/r/40PlusSkinCare/comments/1q7st6w/share_your_best_skin_care_routine_for_body_not/,C001,r/40PlusSkinCare,commenter on homemade oil blend,peer_proof;oil_vs_lotion_confusion,low,Second-hand Öl-vs-Lotion-Vergleich; Unisex-Nutzung.,,whole_body,
A0032,Emotional reactions,Skin has never been happier which is a relief with aging!,"Erleichterung, dass die Haut trotz Alterung glücklich ist.",https://www.reddit.com/r/40PlusSkinCare/comments/1q7st6w/share_your_best_skin_care_routine_for_body_not/nysgjpm/,https://www.reddit.com/r/40PlusSkinCare/comments/1q7st6w/share_your_best_skin_care_routine_for_body_not/,C001,r/40PlusSkinCare,commenter on oil blend,acceptance_aging,medium,Erleichterung als Emotion bei Alterungsangst.,,whole_body,
A0033,Skepticism,they more or less do the same thing as the standard fare lotions,Höherpreisige Lotionen tun im Grunde dasselbe wie Drogerieware.,https://www.reddit.com/r/40PlusSkinCare/comments/1q7st6w/share_your_best_skin_care_routine_for_body_not/nyvhkd5/,https://www.reddit.com/r/40PlusSkinCare/comments/1q7st6w/share_your_best_skin_care_routine_for_body_not/,C001,r/40PlusSkinCare,commenter,price_value;marketing_distrust,medium,Premium-Skepsis: Preisaufschlag muss begründet werden.,,whole_body,
A0034,Ingredient / mechanism beliefs,Your skin may need 3-5 full minutes to absorb water.,"Glaube, Haut brauche 3-5 Minuten zum Wasseraufnehmen.",https://www.reddit.com/r/40PlusSkinCare/comments/1q7st6w/share_your_best_skin_care_routine_for_body_not/nyjzxoq/,https://www.reddit.com/r/40PlusSkinCare/comments/1q7st6w/share_your_best_skin_care_routine_for_body_not/,C001,r/40PlusSkinCare,commenter shower technique,oil_on_damp_skin,medium,"Laien-Mechanismus ""Wasser aufnehmen, dann einschließen"".",,whole_body,
A0035,Product / routine preferences,I leave my skin damp and immediately put lotion/body butter on. I top with body oil.,Feuchte Haut – Lotion/Butter – Körperöl als letzte Schicht.,https://www.reddit.com/r/40PlusSkinCare/comments/1q7st6w/share_your_best_skin_care_routine_for_body_not/nyjzxoq/,https://www.reddit.com/r/40PlusSkinCare/comments/1q7st6w/share_your_best_skin_care_routine_for_body_not/,C001,r/40PlusSkinCare,commenter routine,oil_on_damp_skin;question_order_of_application,medium,Öl als Top-Layer zum Einschließen.,,whole_body,
A0036,Ingredient / mechanism beliefs,You may just need to top with a body oil to lock in hydration.,"Körperöl als Deckschicht, um Feuchtigkeit einzuschließen.",https://www.reddit.com/r/40PlusSkinCare/comments/1q7st6w/share_your_best_skin_care_routine_for_body_not/nyjzxoq/,https://www.reddit.com/r/40PlusSkinCare/comments/1q7st6w/share_your_best_skin_care_routine_for_body_not/,C001,r/40PlusSkinCare,commenter,oil_seals_not_hydrates,medium,"""lock in hydration"" als gängige Öl-Funktionsvorstellung.",,whole_body,
A0037,Problem descriptions,I have reached peak dryness particularly in my legs.,"Extreme Trockenheit, besonders an den Beinen.",https://www.reddit.com/r/40PlusSkinCare/comments/1q7st6w/share_your_best_skin_care_routine_for_body_not/nyjqsw8/,https://www.reddit.com/r/40PlusSkinCare/comments/1q7st6w/share_your_best_skin_care_routine_for_body_not/,C001,r/40PlusSkinCare,commenter,crepey_legs;itch_flake,medium,"""peak dryness"" Beine als Schwerpunktzone.",,legs,
A0038,Failed attempts,"Any creams, lotions, oils left me still itchy and dry.","Cremes, Lotionen, Öle – trotzdem juckend und trocken.",https://www.reddit.com/r/40PlusSkinCare/comments/1q7st6w/share_your_best_skin_care_routine_for_body_not/nyjqsw8/,https://www.reddit.com/r/40PlusSkinCare/comments/1q7st6w/share_your_best_skin_care_routine_for_body_not/,C001,r/40PlusSkinCare,commenter,nothing_works;itch_flake,medium,Öle explizit unter gescheiterten Versuchen – Skepsis-Hürde.,,legs,
A0039,Exact phrases / metaphors / repeated wording,Vaseline on to lock in body lotion,Vaseline zum Einschließen der Lotion.,https://www.reddit.com/r/40PlusSkinCare/comments/1q7st6w/share_your_best_skin_care_routine_for_body_not/nyjqsw8/,https://www.reddit.com/r/40PlusSkinCare/comments/1q7st6w/share_your_best_skin_care_routine_for_body_not/,C001,r/40PlusSkinCare,commenter quoting reddit tip,oil_seals_not_hydrates,medium,"""lock in"" wiederkehrendes Vokabular.",,legs,
A0040,Successful attempts,"My homemade organic shea butter blend with vit. e, and jojoba oil. A little goes a long way and it’s cheap.",DIY-Sheabutter mit Jojobaöl – ergiebig und billig.,https://www.reddit.com/r/40PlusSkinCare/comments/1q7st6w/share_your_best_skin_care_routine_for_body_not/nyl6at0/,https://www.reddit.com/r/40PlusSkinCare/comments/1q7st6w/share_your_best_skin_care_routine_for_body_not/,C001,r/40PlusSkinCare,commenter,cheap_oil_alternative;price_value,medium,"DIY als preisgünstige Konkurrenz; ""a little goes a long way"" als Ergiebigkeitsargument.",,whole_body,
A0041,Routine friction,How does everyone wash/scrub their back,"Problem, den Rücken zu erreichen.",https://www.reddit.com/r/40PlusSkinCare/comments/1q7st6w/share_your_best_skin_care_routine_for_body_not/nyojcrq/,https://www.reddit.com/r/40PlusSkinCare/comments/1q7st6w/share_your_best_skin_care_routine_for_body_not/,C001,r/40PlusSkinCare,commenter question,new_reach_back,medium,Erreichbarkeit Rücken als praktische Hürde bei Körperroutinen (auch Auftragen).,,unspecified,
A0042,Emotional reactions,"I worry about getting crepey, old-people-legs (sorry, I hope I don't offend anyone) in my 50s and beyond.","Sorge, in den 50ern ""Alte-Leute-Beine"" mit Krepphaut zu bekommen.",https://www.reddit.com/r/40PlusSkinCare/comments/1tcgl5d/how_are_you_keeping_crepey_legs_at_bay/,https://www.reddit.com/r/40PlusSkinCare/comments/1tcgl5d/how_are_you_keeping_crepey_legs_at_bay/,C002,r/40PlusSkinCare,OP on preventing crepey legs,crepey_legs;old_lady_identity,high,"Präventions-Angst vor sichtbarer Alterung der Beine; ""old-people-legs"" als Identitätsangst.",,legs,
A0043,Exact phrases / metaphors / repeated wording,"crepey, old-people-legs","Bildhafte Bezeichnung ""Alte-Leute-Beine"".",https://www.reddit.com/r/40PlusSkinCare/comments/1tcgl5d/how_are_you_keeping_crepey_legs_at_bay/,https://www.reddit.com/r/40PlusSkinCare/comments/1tcgl5d/how_are_you_keeping_crepey_legs_at_bay/,C002,r/40PlusSkinCare,OP,crepey_legs;old_lady_identity,high,Sprachmuster: Altersstigma wird an Körperzonen festgemacht.,,legs,
A0044,Ingredient / mechanism beliefs,"prevention is key, which is copious moisturization, sunscreen, and retinoids","Glaube: Prävention = viel Feuchtigkeit, Sonnenschutz, Retinoide.",https://www.reddit.com/r/40PlusSkinCare/comments/1tcgl5d/how_are_you_keeping_crepey_legs_at_bay/,https://www.reddit.com/r/40PlusSkinCare/comments/1tcgl5d/how_are_you_keeping_crepey_legs_at_bay/,C002,r/40PlusSkinCare,OP,sunscreen_sun_damage;retinol_body,high,Laien-Präventionsmodell kennt drei Säulen; Öl muss sich dazu einordnen lassen.,,legs,
A0045,Questions customers repeatedly ask,Retinoid on legs! Are folks actually doing this?,"Frage, ob man wirklich Retinoide an den Beinen nutzt.",https://www.reddit.com/r/40PlusSkinCare/comments/1tcgl5d/how_are_you_keeping_crepey_legs_at_bay/,https://www.reddit.com/r/40PlusSkinCare/comments/1tcgl5d/how_are_you_keeping_crepey_legs_at_bay/,C002,r/40PlusSkinCare,OP,retinol_body;question_what_works,high,Neugier/Unsicherheit zu Wirkstoffen am Körper.,,legs,
A0046,Exact phrases / metaphors / repeated wording,"Literally preserving myself in Amlactin, it’s a miracle product.",Konserviert sich buchstäblich in AmLactin – Wunderprodukt.,https://www.reddit.com/r/40PlusSkinCare/comments/1tcgl5d/how_are_you_keeping_crepey_legs_at_bay/olo8hwv/,https://www.reddit.com/r/40PlusSkinCare/comments/1tcgl5d/how_are_you_keeping_crepey_legs_at_bay/,C002,r/40PlusSkinCare,reply,amlactin_lactic,medium,"""preserving myself""/""miracle"" wiederkehrendes AmLactin-Vokabular (Benchmark).",,legs,
A0047,Questions customers repeatedly ask,How do you deal with the smell?,Wie kommt man mit dem Geruch klar?,https://www.reddit.com/r/40PlusSkinCare/comments/1tcgl5d/how_are_you_keeping_crepey_legs_at_bay/olpaqpp/,https://www.reddit.com/r/40PlusSkinCare/comments/1tcgl5d/how_are_you_keeping_crepey_legs_at_bay/,C002,r/40PlusSkinCare,reply about AmLactin,amlactin_lactic;fragrance_sensitivity,medium,Geruch von Milchsäure-Lotionen ist wiederkehrender Einwand.,,unspecified,
A0048,Ingredient / mechanism beliefs,"2 of the ingredients are mineral oil and dimethicone which, per what I've read, are pore-clogging",Glaube: Mineralöl und Dimethicon verstopfen Poren.,https://www.reddit.com/r/40PlusSkinCare/comments/1tcgl5d/how_are_you_keeping_crepey_legs_at_bay/omak5wo/,https://www.reddit.com/r/40PlusSkinCare/comments/1tcgl5d/how_are_you_keeping_crepey_legs_at_bay/,C002,r/40PlusSkinCare,reply on AmLactin ingredients,new_ingredient_fear,medium,Inhaltsstoff-Ängste (Mineralöl) als Kaufbarriere; INCI-Lesende Zielgruppe.,,unspecified,
A0049,Skepticism,"I've seen this product praised many times, even by skin-care professionals. I find this very confusing.",Verwirrung zwischen Lob und Inhaltsstoff-Bedenken.,https://www.reddit.com/r/40PlusSkinCare/comments/1tcgl5d/how_are_you_keeping_crepey_legs_at_bay/omak5wo/,https://www.reddit.com/r/40PlusSkinCare/comments/1tcgl5d/how_are_you_keeping_crepey_legs_at_bay/,C002,r/40PlusSkinCare,reply,marketing_distrust,medium,Informationsüberflutung erzeugt Unsicherheit.,,unspecified,
A0050,Ingredient / mechanism beliefs,please do not use amlactin during the day! It causes major sun sensitivity.,"Warnung: AmLactin macht sonnenempfindlich, nur abends.",https://www.reddit.com/r/40PlusSkinCare/comments/1tcgl5d/how_are_you_keeping_crepey_legs_at_bay/olr7l8q/,https://www.reddit.com/r/40PlusSkinCare/comments/1tcgl5d/how_are_you_keeping_crepey_legs_at_bay/,C002,r/40PlusSkinCare,reply,amlactin_lactic;sunscreen_sun_damage,medium,Säure-Produkte haben Tagesnutzungs-Hürde; sonnenneutrale Pflege als Unterscheidung prüfen.,,unspecified,
A0051,Successful attempts,Amlactin has been a game changer for me.,AmLactin war ein Game Changer.,https://www.reddit.com/r/40PlusSkinCare/comments/1tcgl5d/how_are_you_keeping_crepey_legs_at_bay/olq3oaz/,https://www.reddit.com/r/40PlusSkinCare/comments/1tcgl5d/how_are_you_keeping_crepey_legs_at_bay/,C002,r/40PlusSkinCare,reply,amlactin_lactic,medium,"""game changer"" als wiederkehrende Erfolgsformel.",,whole_body,
A0052,Successful attempts,My husband has now started to use it too!,Ehemann nutzt es jetzt auch.,https://www.reddit.com/r/40PlusSkinCare/comments/1tcgl5d/how_are_you_keeping_crepey_legs_at_bay/olq3oaz/,https://www.reddit.com/r/40PlusSkinCare/comments/1tcgl5d/how_are_you_keeping_crepey_legs_at_bay/,C002,r/40PlusSkinCare,reply,peer_proof,low,Haushaltsweite Nutzung.,,whole_body,
A0053,Purchase criteria,This one is the least greasy in my experience.,Diese Variante ist am wenigsten fettig.,https://www.reddit.com/r/40PlusSkinCare/comments/1tcgl5d/how_are_you_keeping_crepey_legs_at_bay/omizhjb/,https://www.reddit.com/r/40PlusSkinCare/comments/1tcgl5d/how_are_you_keeping_crepey_legs_at_bay/,C002,r/40PlusSkinCare,reply on AmLactin types,oil_greasy_staining,medium,Fettigkeit als Auswahlkriterium.,,unspecified,
A0054,Skepticism,Did Amlactin hire a social media team or what? It's popping up everywhere!,"Verdacht, AmLactin betreibe Social-Media-Marketing.",https://www.reddit.com/r/40PlusSkinCare/comments/1tcgl5d/how_are_you_keeping_crepey_legs_at_bay/olxkrx7/,https://www.reddit.com/r/40PlusSkinCare/comments/1tcgl5d/how_are_you_keeping_crepey_legs_at_bay/,C002,r/40PlusSkinCare,reply,marketing_distrust;new_seeding_suspected,medium,Hohe Empfehlungsdichte erzeugt Seeding-Verdacht – Glaubwürdigkeit organischer Empfehlungen fragil.,,unspecified,
A0055,Objections,The funny thing is it smells really bad.,AmLactin riecht wirklich schlecht.,https://www.reddit.com/r/40PlusSkinCare/comments/1tcgl5d/how_are_you_keeping_crepey_legs_at_bay/olxmwy4/,https://www.reddit.com/r/40PlusSkinCare/comments/1tcgl5d/how_are_you_keeping_crepey_legs_at_bay/,C002,r/40PlusSkinCare,reply,amlactin_lactic;fragrance_sensitivity,medium,Geruch als Hauptschwäche des Benchmark-Produkts.,,unspecified,
A0056,Ingredient / mechanism beliefs,that's how you know it works because it smells terrible and I still rub it on my body,Schlechter Geruch als Wirkungsbeweis.,https://www.reddit.com/r/40PlusSkinCare/comments/1tcgl5d/how_are_you_keeping_crepey_legs_at_bay/olxmwy4/,https://www.reddit.com/r/40PlusSkinCare/comments/1tcgl5d/how_are_you_keeping_crepey_legs_at_bay/,C002,r/40PlusSkinCare,reply,amlactin_lactic,medium,"Glaube ""unangenehm = wirksam"" – angenehme Produkte müssen Wirkung anders belegen.",,unspecified,
A0057,Symptoms / visible texture descriptions,"I just have very thin skin. It’s see-through and shows veins, cellulite, etc.","Sehr dünne, durchscheinende Haut mit sichtbaren Venen.",https://www.reddit.com/r/40PlusSkinCare/comments/1tcgl5d/how_are_you_keeping_crepey_legs_at_bay/olr80jb/,https://www.reddit.com/r/40PlusSkinCare/comments/1tcgl5d/how_are_you_keeping_crepey_legs_at_bay/,C002,r/40PlusSkinCare,"reply, same age (50s)",thin_skin_bruising;crepey_legs,high,"""see-through"" Haut als Symptom-Vokabular.",,legs,
A0058,Emotional reactions,"It’s so depressing to me and I live where it’s VERY hot, so I can’t tolerate covering up my body.",Deprimierend; Hitze verhindert Verdecken des Körpers.,https://www.reddit.com/r/40PlusSkinCare/comments/1tcgl5d/how_are_you_keeping_crepey_legs_at_bay/olr80jb/,https://www.reddit.com/r/40PlusSkinCare/comments/1tcgl5d/how_are_you_keeping_crepey_legs_at_bay/,C002,r/40PlusSkinCare,reply,summer_trigger;hiding_arms_sleeveless,high,Klima zwingt zum Zeigen – emotionaler Druck im Sommer.,,whole_body,
A0059,Failed attempts,I did many Morpheus 8 treatments on my face and saw no change.,Morpheus-8-Behandlungen ohne Veränderung.,https://www.reddit.com/r/40PlusSkinCare/comments/1tcgl5d/how_are_you_keeping_crepey_legs_at_bay/olr80jb/,https://www.reddit.com/r/40PlusSkinCare/comments/1tcgl5d/how_are_you_keeping_crepey_legs_at_bay/,C002,r/40PlusSkinCare,reply,only_procedures_work,medium,Auch teure Prozeduren enttäuschen – Skepsis gegenüber allen Lösungen.,,face_transfer,face_only_transferable
A0060,Identity / social implications,I know that at some point it’s probably inevitable. I’m 52,Mit 52: Veränderung ist irgendwann wohl unvermeidlich.,https://www.reddit.com/r/40PlusSkinCare/comments/1tcgl5d/how_are_you_keeping_crepey_legs_at_bay/oltb3rd/,https://www.reddit.com/r/40PlusSkinCare/comments/1tcgl5d/how_are_you_keeping_crepey_legs_at_bay/,C002,r/40PlusSkinCare,reply,acceptance_aging,high,Akzeptanz-Haltung als Gegenpol zu Angst.,52,legs,
A0061,Emotional reactions,my skin is pissing me off. I don’t know why it is creepy and not smooth like it used to be. It makes me soooooo mad.,"Wut, dass die Haut nicht mehr glatt ist trotz Fitness.",https://www.reddit.com/r/40PlusSkinCare/comments/1tcgl5d/how_are_you_keeping_crepey_legs_at_bay/om6swz6/,https://www.reddit.com/r/40PlusSkinCare/comments/1tcgl5d/how_are_you_keeping_crepey_legs_at_bay/,C002,r/40PlusSkinCare,"reply, almost 51, fit",feel_like_myself;crepey_legs,high,"Wut/Frust bei fitten Frauen: Körper fit, Haut ""verrät"" Alter.",50,legs,
A0062,Identity / social implications,I can easily still wear a bikini because I’m muscular and thin but my skin is pissing me off.,"Fit genug für Bikini, aber Haut ärgert sie.",https://www.reddit.com/r/40PlusSkinCare/comments/1tcgl5d/how_are_you_keeping_crepey_legs_at_bay/om6swz6/,https://www.reddit.com/r/40PlusSkinCare/comments/1tcgl5d/how_are_you_keeping_crepey_legs_at_bay/,C002,r/40PlusSkinCare,"reply, almost 51",feel_like_myself,high,Diskrepanz Fitness vs Hautbild als Kernspannung.,50,whole_body,
A0063,Exact phrases / metaphors / repeated wording,creepy and not smooth like it used to be,"""creepy"" statt ""crepey"" – Schreibvariante; Wunsch nach früherer Glätte.",https://www.reddit.com/r/40PlusSkinCare/comments/1tcgl5d/how_are_you_keeping_crepey_legs_at_bay/om6swz6/,https://www.reddit.com/r/40PlusSkinCare/comments/1tcgl5d/how_are_you_keeping_crepey_legs_at_bay/,C002,r/40PlusSkinCare,reply,soft_smooth_desire,high,"Suchbegriff-Variante ""creepy skin"" relevant für Sprachforschung.",50,whole_body,
A0064,Identity / social implications,“The legs are the last things to go”,Großmutter: Beine altern zuletzt.,https://www.reddit.com/r/40PlusSkinCare/comments/1tcgl5d/how_are_you_keeping_crepey_legs_at_bay/om5glto/,https://www.reddit.com/r/40PlusSkinCare/comments/1tcgl5d/how_are_you_keeping_crepey_legs_at_bay/,C002,r/40PlusSkinCare,reply quoting grandmother,mothers_skin,low,Familiäre Narrative über Altern.,,legs,
A0065,Ingredient / mechanism beliefs,No matter what the skin loosens some.,Haut wird so oder so etwas lockerer.,https://www.reddit.com/r/40PlusSkinCare/comments/1tcgl5d/how_are_you_keeping_crepey_legs_at_bay/olnylum/,https://www.reddit.com/r/40PlusSkinCare/comments/1tcgl5d/how_are_you_keeping_crepey_legs_at_bay/,C002,r/40PlusSkinCare,"reply, 61",acceptance_aging,high,Realistische Erwartungshaltung bei Älteren.,61,whole_body,
A0066,Identity / social implications,Not pressed abt it & my guy sure does not GAF. They r just happy to touch us,Nicht gestresst; Partner ist es egal.,https://www.reddit.com/r/40PlusSkinCare/comments/1tcgl5d/how_are_you_keeping_crepey_legs_at_bay/olnylum/,https://www.reddit.com/r/40PlusSkinCare/comments/1tcgl5d/how_are_you_keeping_crepey_legs_at_bay/,C002,r/40PlusSkinCare,"reply, 61",acceptance_aging,high,"Partner-Perspektive als Entlastung; Haptik (""touch"") wichtiger als Optik.",61,abdomen,
A0067,Product / routine preferences,I mix some tretinoin with my pm body lotion. Mix it in my hand.,Mischt Tretinoin in der Hand mit Bodylotion.,https://www.reddit.com/r/40PlusSkinCare/comments/1tcgl5d/how_are_you_keeping_crepey_legs_at_bay/olp4ezn/,https://www.reddit.com/r/40PlusSkinCare/comments/1tcgl5d/how_are_you_keeping_crepey_legs_at_bay/,C002,r/40PlusSkinCare,"reply, 61 (follow-up E43)",retinol_body,medium,DIY-Mischungen in der Hand als Routine-Hack.,,whole_body,
A0068,Ingredient / mechanism beliefs,Crepey skin isn’t related to muscle,Krepphaut hat nichts mit Muskeln zu tun.,https://www.reddit.com/r/40PlusSkinCare/comments/1tcgl5d/how_are_you_keeping_crepey_legs_at_bay/olp5n9y/,https://www.reddit.com/r/40PlusSkinCare/comments/1tcgl5d/how_are_you_keeping_crepey_legs_at_bay/,C002,r/40PlusSkinCare,reply,new_exercise_debate,medium,Uneinigkeit Muskel vs Haut – Verwirrung über Ursachen.,,legs,
A0069,Failed attempts,The Gold Bond Crepe Corrector did jack squat for my knees.,Gold Bond Crepe Corrector brachte an den Knien nichts.,https://www.reddit.com/r/40PlusSkinCare/comments/1tcgl5d/how_are_you_keeping_crepey_legs_at_bay/oltf5y7/,https://www.reddit.com/r/40PlusSkinCare/comments/1tcgl5d/how_are_you_keeping_crepey_legs_at_bay/,C002,r/40PlusSkinCare,reply,gold_bond_crepe;crepey_knees;nothing_works,high,Crepe-spezifische Produkte enttäuschen – Kategorie-Skepsis.,,knees,
A0070,Questions customers repeatedly ask,I forgot to ask at what age people start these regimens,Ab welchem Alter beginnt man?,https://www.reddit.com/r/40PlusSkinCare/comments/1tcgl5d/how_are_you_keeping_crepey_legs_at_bay/olorwap/,https://www.reddit.com/r/40PlusSkinCare/comments/1tcgl5d/how_are_you_keeping_crepey_legs_at_bay/,C002,r/40PlusSkinCare,OP follow-up,question_what_works,high,Timing/Startalter als wiederkehrende Frage.,,legs,
A0071,Successful attempts,40% urea on my upper arms and legs is a god send!,40% Urea an Oberarmen/Beinen ist ein Segen.,https://www.reddit.com/r/40PlusSkinCare/comments/1tcgl5d/how_are_you_keeping_crepey_legs_at_bay/olpnaet/,https://www.reddit.com/r/40PlusSkinCare/comments/1tcgl5d/how_are_you_keeping_crepey_legs_at_bay/,C002,r/40PlusSkinCare,reply,urea,medium,Urea als starker Benchmark.,,arms,
A0072,Successful attempts,I’m smooth and hydrated at 52,Mit 52 glatt und hydriert.,https://www.reddit.com/r/40PlusSkinCare/comments/1tcgl5d/how_are_you_keeping_crepey_legs_at_bay/olofzy1/,https://www.reddit.com/r/40PlusSkinCare/comments/1tcgl5d/how_are_you_keeping_crepey_legs_at_bay/,C002,r/40PlusSkinCare,"reply, 52",amlactin_lactic;retinol_body;soft_smooth_desire,high,"""smooth and hydrated"" als Ergebnis-Sprache.",52,whole_body,
A0073,Ingredient / mechanism beliefs,Retinoids are not very stable you’re basically wasting the product if you do this.,Retinoide instabil – Mischen verschwendet Produkt.,https://www.reddit.com/r/40PlusSkinCare/comments/1tcgl5d/how_are_you_keeping_crepey_legs_at_bay/olqtk5h/,https://www.reddit.com/r/40PlusSkinCare/comments/1tcgl5d/how_are_you_keeping_crepey_legs_at_bay/,C002,r/40PlusSkinCare,reply on DIY mixing,retinol_body,medium,Stabilitätswissen in Community.,,unspecified,
A0074,Emotional reactions,I gave up on legs … trying to save my arms. MAYDAY!!!!!!,"Beine aufgegeben, versucht Arme zu retten.",https://www.reddit.com/r/40PlusSkinCare/comments/1tcgl5d/how_are_you_keeping_crepey_legs_at_bay/olp5wuq/,https://www.reddit.com/r/40PlusSkinCare/comments/1tcgl5d/how_are_you_keeping_crepey_legs_at_bay/,C002,r/40PlusSkinCare,reply,crepey_arms;crepey_legs;nothing_works,medium,Resignation und Triage zwischen Körperzonen.,,arms,
A0075,Identity / social implications,I'm a lost cause. The legs of the women in my family do not age well AT ALL.,Fühlt sich als hoffnungsloser Fall; Familienveranlagung.,https://www.reddit.com/r/40PlusSkinCare/comments/1tcgl5d/how_are_you_keeping_crepey_legs_at_bay/olosxdi/,https://www.reddit.com/r/40PlusSkinCare/comments/1tcgl5d/how_are_you_keeping_crepey_legs_at_bay/,C002,r/40PlusSkinCare,reply,mothers_skin;nothing_works,medium,Genetischer Fatalismus als Barriere.,,legs,
A0076,Ingredient / mechanism beliefs,Verisol collagen peptides (which have some studies to back them up),Glaube an Kollagenpeptide mit Studien.,https://www.reddit.com/r/40PlusSkinCare/comments/1tcgl5d/how_are_you_keeping_crepey_legs_at_bay/olov864/,https://www.reddit.com/r/40PlusSkinCare/comments/1tcgl5d/how_are_you_keeping_crepey_legs_at_bay/,C002,r/40PlusSkinCare,reply,collagen_supplement,medium,Supplement-Glaube als Parallelroute.,,legs,
A0077,Successful attempts,I bought Amlactib based on all the raving here and it is truly THE SHIT.,"Kaufte AmLactin wegen Reddit-Hype, findet es großartig.",https://www.reddit.com/r/40PlusSkinCare/comments/1tcgl5d/how_are_you_keeping_crepey_legs_at_bay/olq0r7n/,https://www.reddit.com/r/40PlusSkinCare/comments/1tcgl5d/how_are_you_keeping_crepey_legs_at_bay/,C002,r/40PlusSkinCare,reply,amlactin_lactic;peer_proof,medium,Reddit-Empfehlungen führen direkt zum Kauf.,,unspecified,
A0078,Questions customers repeatedly ask,"People who suggested Amlactin, is it sticky?",Ist AmLactin klebrig?,https://www.reddit.com/r/40PlusSkinCare/comments/1tcgl5d/how_are_you_keeping_crepey_legs_at_bay/olokqbj/,https://www.reddit.com/r/40PlusSkinCare/comments/1tcgl5d/how_are_you_keeping_crepey_legs_at_bay/,C002,r/40PlusSkinCare,reply,amlactin_lactic,medium,Klebrigkeit als Erstfrage bei Texturen.,,unspecified,
A0079,Situational triggers,so Amlactin will cook me up,Sonnenbad + AmLactin = Verbrennung.,https://www.reddit.com/r/40PlusSkinCare/comments/1tcgl5d/how_are_you_keeping_crepey_legs_at_bay/olp1bsq/,https://www.reddit.com/r/40PlusSkinCare/comments/1tcgl5d/how_are_you_keeping_crepey_legs_at_bay/,C002,r/40PlusSkinCare,reply,sunscreen_sun_damage;amlactin_lactic,medium,Sonnen-Lebensstil kollidiert mit Säureprodukten.,,arms,
A0080,Identity / social implications,"I hate how my legs look and I feel very self-conscious about them, so much so that I won’t wear shorts or skirts that hit above the knee.",Hasst Aussehen der Beine; trägt keine Shorts/kurzen Röcke.,https://www.reddit.com/r/40PlusSkinCare/comments/1tcgl5d/how_are_you_keeping_crepey_legs_at_bay/oltg499/,https://www.reddit.com/r/40PlusSkinCare/comments/1tcgl5d/how_are_you_keeping_crepey_legs_at_bay/,C002,r/40PlusSkinCare,reply,shorts_dresses_avoidance;crepey_legs,high,Kleidungsvermeidung als konkrete Verhaltensfolge.,,legs,
A0081,Skepticism,Everyone else is too busy worrying about their own looks to see your legs.,Andere achten nicht auf deine Beine.,https://www.reddit.com/r/40PlusSkinCare/comments/1tcgl5d/how_are_you_keeping_crepey_legs_at_bay/olqqgwe/,https://www.reddit.com/r/40PlusSkinCare/comments/1tcgl5d/how_are_you_keeping_crepey_legs_at_bay/,C002,r/40PlusSkinCare,reply,acceptance_aging,medium,Gegenstimme: Beruhigung statt Lösung.,,legs,
A0082,Failed attempts,i’m trying to do micro needling on my arms . I’ve done a few treatments for six weeks apart so far it really hasn’t helped!,Microneedling an Armen hat nicht geholfen.,https://www.reddit.com/r/40PlusSkinCare/comments/1tcgl5d/how_are_you_keeping_crepey_legs_at_bay/olr8tdw/,https://www.reddit.com/r/40PlusSkinCare/comments/1tcgl5d/how_are_you_keeping_crepey_legs_at_bay/,C002,r/40PlusSkinCare,"reply, 63",crepey_arms;only_procedures_work;nothing_works,high,Prozeduren enttäuschen auch.,63,arms,
A0083,Questions customers repeatedly ask,"For anyone in their 70’s who has been using Amlactin to prevent crepey legs or skin, how has this worked for you.",Frage an 70+: hat AmLactin langfristig geholfen?,https://www.reddit.com/r/40PlusSkinCare/comments/1tcgl5d/how_are_you_keeping_crepey_legs_at_bay/olssnn4/,https://www.reddit.com/r/40PlusSkinCare/comments/1tcgl5d/how_are_you_keeping_crepey_legs_at_bay/,C002,r/40PlusSkinCare,reply,time_to_result;question_what_works,medium,Langzeitnachweis wird gesucht.,,legs,
A0084,Successful attempts,I’m 50 and I can say that leg makeup changed my life.,Mit 50: Beine-Make-up hat ihr Leben verändert.,https://www.reddit.com/r/40PlusSkinCare/comments/1tcgl5d/how_are_you_keeping_crepey_legs_at_bay/olv1k12/,https://www.reddit.com/r/40PlusSkinCare/comments/1tcgl5d/how_are_you_keeping_crepey_legs_at_bay/,C002,r/40PlusSkinCare,"reply, 50",crepey_legs,high,Kaschieren als Alternative zu Pflege.,50,legs,
A0085,Symptoms / visible texture descriptions,"The thin skin, the veins, the cellulite, the crepe to a small degree, looks so much better with color .","Dünne Haut, Venen, Cellulite, Krepp – mit Farbe besser.",https://www.reddit.com/r/40PlusSkinCare/comments/1tcgl5d/how_are_you_keeping_crepey_legs_at_bay/olv1k12/,https://www.reddit.com/r/40PlusSkinCare/comments/1tcgl5d/how_are_you_keeping_crepey_legs_at_bay/,C002,r/40PlusSkinCare,"reply, 50",thin_skin_bruising;crepey_legs,high,Mehrere Beinsymptome werden gemeinsam wahrgenommen.,50,legs,
A0086,Skepticism,Those won’t prevent crepey leg skin. No lotion will affect leg skin like exercise.,Keine Lotion wirkt wie Sport an den Beinen.,https://www.reddit.com/r/40PlusSkinCare/comments/1tcgl5d/how_are_you_keeping_crepey_legs_at_bay/olv9k6s/,https://www.reddit.com/r/40PlusSkinCare/comments/1tcgl5d/how_are_you_keeping_crepey_legs_at_bay/,C002,r/40PlusSkinCare,"reply, 45",nothing_works;new_exercise_debate,high,Konkurrenz-Glaube: Bewegung > Topika.,45,legs,
A0087,Emotional reactions,I’m 50 and starting to notice it. Ugh.,Mit 50 bemerkt sie es auch langsam.,https://www.reddit.com/r/40PlusSkinCare/comments/1tcgl5d/how_are_you_keeping_crepey_legs_at_bay/om6v3v6/,https://www.reddit.com/r/40PlusSkinCare/comments/1tcgl5d/how_are_you_keeping_crepey_legs_at_bay/,C002,r/40PlusSkinCare,reply,sudden_onset,high,Erstes Bemerken um 50.,50,legs,
A0088,Skepticism,Shes in amazing shape but still had crepey skin at this age.,"Schwester 61, sehr fit, hat trotzdem Krepphaut.",https://www.reddit.com/r/40PlusSkinCare/comments/1tcgl5d/how_are_you_keeping_crepey_legs_at_bay/om6v3v6/,https://www.reddit.com/r/40PlusSkinCare/comments/1tcgl5d/how_are_you_keeping_crepey_legs_at_bay/,C002,r/40PlusSkinCare,reply,nothing_works;new_exercise_debate,medium,Sport schützt nicht vollständig.,,legs,
A0089,Product / routine preferences,she lotions her body every night,Großmutter cremt jeden Abend den Körper ein.,https://www.reddit.com/r/40PlusSkinCare/comments/1tcgl5d/how_are_you_keeping_crepey_legs_at_bay/om3b4tg/,https://www.reddit.com/r/40PlusSkinCare/comments/1tcgl5d/how_are_you_keeping_crepey_legs_at_bay/,C002,r/40PlusSkinCare,reply about 80+ grandmother,consistency_effort;peer_proof,low,Konsequenz als Mythos-Erfolgsfaktor.,,legs,
A0090,Successful attempts,"started retinoids on my legs like a year ago and honestly the texture has improved so much, def worth the effort",Retinoide an Beinen seit einem Jahr: Textur deutlich besser.,https://www.reddit.com/r/40PlusSkinCare/comments/1tcgl5d/how_are_you_keeping_crepey_legs_at_bay/omrgum9/,https://www.reddit.com/r/40PlusSkinCare/comments/1tcgl5d/how_are_you_keeping_crepey_legs_at_bay/,C002,r/40PlusSkinCare,reply,retinol_body;time_to_result,medium,Zeithorizont ~1 Jahr für sichtbare Texturveränderung.,,legs,
A0091,Exact phrases / metaphors / repeated wording,"Between weight lifting and bathing in AmLactin 15%, I am officially preserving myself.","Gewichte + ""Baden"" in AmLactin = Konservierung.",https://www.reddit.com/r/40PlusSkinCare/comments/1tcgl5d/how_are_you_keeping_crepey_legs_at_bay/on8224t/,https://www.reddit.com/r/40PlusSkinCare/comments/1tcgl5d/how_are_you_keeping_crepey_legs_at_bay/,C002,r/40PlusSkinCare,reply,amlactin_lactic,medium,"""preserving myself"" wiederholte Metapher.",,whole_body,
A0092,Problem descriptions,for the last year I’ve noticed my skin texture changing—and lately it’s gotten dramatic,"Seit einem Jahr verändert sich die Hauttextur, zuletzt dramatisch.",https://www.reddit.com/r/40PlusSkinCare/comments/1txwn4j/wtf_is_going_on_with_my_skin_im_freaking_out_and/,https://www.reddit.com/r/40PlusSkinCare/comments/1txwn4j/wtf_is_going_on_with_my_skin_im_freaking_out_and/,C003,r/40PlusSkinCare,OP just turned 40,sudden_onset,high,Plötzlicher Texturwandel um 40 als Auslöser für Recherche.,40,whole_body,
A0093,Symptoms / visible texture descriptions,"I’m getting these weird striation-like lines on my biceps, forearms, legs, stomach, clavicle area","Seltsame streifenartige Linien an Bizeps, Unterarmen, Beinen, Bauch, Schlüsselbein.",https://www.reddit.com/r/40PlusSkinCare/comments/1txwn4j/wtf_is_going_on_with_my_skin_im_freaking_out_and/,https://www.reddit.com/r/40PlusSkinCare/comments/1txwn4j/wtf_is_going_on_with_my_skin_im_freaking_out_and/,C003,r/40PlusSkinCare,"OP, 40",sudden_onset;crepey_arms;crepey_legs,high,"""striation-like lines"" als Symptom-Vokabular für frühe Krepphaut.",40,whole_body,
A0094,Emotional reactions,What’s freaking me out is how fast it’s happening. It feels like I wake up with a new line every week.,Panik über die Geschwindigkeit – jede Woche neue Linie.,https://www.reddit.com/r/40PlusSkinCare/comments/1txwn4j/wtf_is_going_on_with_my_skin_im_freaking_out_and/,https://www.reddit.com/r/40PlusSkinCare/comments/1txwn4j/wtf_is_going_on_with_my_skin_im_freaking_out_and/,C003,r/40PlusSkinCare,"OP, 40",sudden_onset,high,Geschwindigkeit der Veränderung als Panikauslöser.,40,whole_body,
A0095,Skepticism,"I’ve seen two dermatologists, and both basically said, “You’re aging.”","Zwei Hautärzte sagten nur: ""Sie altern.""",https://www.reddit.com/r/40PlusSkinCare/comments/1txwn4j/wtf_is_going_on_with_my_skin_im_freaking_out_and/,https://www.reddit.com/r/40PlusSkinCare/comments/1txwn4j/wtf_is_going_on_with_my_skin_im_freaking_out_and/,C003,r/40PlusSkinCare,"OP, 40",derm_recommendation;acceptance_aging,high,"Frustration über abwinkende Fachleute – Gefühl, nicht ernst genommen zu werden.",40,whole_body,
A0096,Failed attempts,"I’ve tried mn my arms and they look worse than when I started, ugh!",Microneedling an Armen hat es verschlimmert.,https://www.reddit.com/r/40PlusSkinCare/comments/1txwn4j/wtf_is_going_on_with_my_skin_im_freaking_out_and/,https://www.reddit.com/r/40PlusSkinCare/comments/1txwn4j/wtf_is_going_on_with_my_skin_im_freaking_out_and/,C003,r/40PlusSkinCare,"OP, 40",crepey_arms;only_procedures_work,high,Prozeduren mit Rückschlägen erhöhen Interesse an sanfter Topika.,40,arms,
A0097,Exact phrases / metaphors / repeated wording,"Am I just getting old as hell, or is there something else I should be looking into? I’m looking so haggy … help!",Werde ich einfach alt oder steckt mehr dahinter? Sehe so verlebt aus.,https://www.reddit.com/r/40PlusSkinCare/comments/1txwn4j/wtf_is_going_on_with_my_skin_im_freaking_out_and/,https://www.reddit.com/r/40PlusSkinCare/comments/1txwn4j/wtf_is_going_on_with_my_skin_im_freaking_out_and/,C003,r/40PlusSkinCare,"OP, 40",old_lady_identity;question_what_works,high,"""haggy"" als Selbstabwertung; Suche nach Ursache.",40,whole_body,
A0098,Identity / social implications,It’s the texture changes that are making me feel like my skin is rapidly changing overnight.,"Texturveränderungen geben Gefühl, Haut verändere sich über Nacht.",https://www.reddit.com/r/40PlusSkinCare/comments/1txwn4j/wtf_is_going_on_with_my_skin_im_freaking_out_and/,https://www.reddit.com/r/40PlusSkinCare/comments/1txwn4j/wtf_is_going_on_with_my_skin_im_freaking_out_and/,C003,r/40PlusSkinCare,OP,sudden_onset,high,Textur > Pigment als emotionaler Treiber.,40,whole_body,
A0099,Exact phrases / metaphors / repeated wording,in your 40s one day you just wake up to find that your skin has aged a decade overnight,In den 40ern wacht man auf und ist über Nacht ein Jahrzehnt gealtert.,https://www.reddit.com/r/40PlusSkinCare/comments/1txwn4j/wtf_is_going_on_with_my_skin_im_freaking_out_and/opz0tvt/,https://www.reddit.com/r/40PlusSkinCare/comments/1txwn4j/wtf_is_going_on_with_my_skin_im_freaking_out_and/,C003,r/40PlusSkinCare,reply,sudden_onset,medium,"""aged overnight"" wiederkehrendes Narrativ.",,unspecified,
A0100,Situational triggers,I'm 44. It just happened. It's so f-ing weird. It was so fast.,Mit 44 passierte es plötzlich und sehr schnell.,https://www.reddit.com/r/40PlusSkinCare/comments/1txwn4j/wtf_is_going_on_with_my_skin_im_freaking_out_and/opz4d4p/,https://www.reddit.com/r/40PlusSkinCare/comments/1txwn4j/wtf_is_going_on_with_my_skin_im_freaking_out_and/,C003,r/40PlusSkinCare,"reply, 44",sudden_onset,high,Plötzlichkeit als Kernerfahrung.,44,legs,
A0101,Identity / social implications,so how's your leg and mid drift skin looking these days?,"Fragt Freundin, wie deren Bein- und Bauchhaut aussieht.",https://www.reddit.com/r/40PlusSkinCare/comments/1txwn4j/wtf_is_going_on_with_my_skin_im_freaking_out_and/opz4d4p/,https://www.reddit.com/r/40PlusSkinCare/comments/1txwn4j/wtf_is_going_on_with_my_skin_im_freaking_out_and/,C003,r/40PlusSkinCare,"reply, 44",peer_proof,high,Austausch unter Freundinnen über Körperhaut – soziale Normalisierung.,44,legs,
A0102,Emotional reactions,Legit thought I was alone! It makes me sad,"Dachte, sie sei allein damit; macht traurig.",https://www.reddit.com/r/40PlusSkinCare/comments/1txwn4j/wtf_is_going_on_with_my_skin_im_freaking_out_and/opz6d2v/,https://www.reddit.com/r/40PlusSkinCare/comments/1txwn4j/wtf_is_going_on_with_my_skin_im_freaking_out_and/,C003,r/40PlusSkinCare,OP reply,sudden_onset,high,Isolation/Normalisierung als Bedürfnis.,40,whole_body,
A0103,Skepticism,No cream will help that.,Keine Creme hilft dagegen (nur Lebensstil).,https://www.reddit.com/r/40PlusSkinCare/comments/1txwn4j/wtf_is_going_on_with_my_skin_im_freaking_out_and/opzs2nx/,https://www.reddit.com/r/40PlusSkinCare/comments/1txwn4j/wtf_is_going_on_with_my_skin_im_freaking_out_and/,C003,r/40PlusSkinCare,"reply, 44",nothing_works;new_exercise_debate,medium,Lebensstil-über-Topika-Glaube.,44,whole_body,
A0104,Symptoms / visible texture descriptions,I have always exercised but have the thinnest skin ever! It holds no secrets.,"Trotz Sport extrem dünne Haut, die nichts verbirgt.",https://www.reddit.com/r/40PlusSkinCare/comments/1txwn4j/wtf_is_going_on_with_my_skin_im_freaking_out_and/oqfiy6r/,https://www.reddit.com/r/40PlusSkinCare/comments/1txwn4j/wtf_is_going_on_with_my_skin_im_freaking_out_and/,C003,r/40PlusSkinCare,reply,thin_skin_bruising,medium,"""holds no secrets"" als Metapher für durchscheinende Haut.",,whole_body,
A0105,Identity / social implications,I'm seriously struggling with how quickly it happened and not recognising myself anymore,Erkennt sich selbst nicht mehr wieder.,https://www.reddit.com/r/40PlusSkinCare/comments/1txwn4j/wtf_is_going_on_with_my_skin_im_freaking_out_and/opz7nnj/,https://www.reddit.com/r/40PlusSkinCare/comments/1txwn4j/wtf_is_going_on_with_my_skin_im_freaking_out_and/,C003,r/40PlusSkinCare,reply,feel_like_myself;sudden_onset,low,Identitätsverlust; britische Schreibweise.,,face_transfer,non_us_signal
A0106,Identity / social implications,"I feel proud of growing old, like a survivor.",Stolz aufs Älterwerden wie eine Überlebende.,https://www.reddit.com/r/40PlusSkinCare/comments/1txwn4j/wtf_is_going_on_with_my_skin_im_freaking_out_and/oq0ekbh/,https://www.reddit.com/r/40PlusSkinCare/comments/1txwn4j/wtf_is_going_on_with_my_skin_im_freaking_out_and/,C003,r/40PlusSkinCare,reply,acceptance_aging,medium,Pro-Aging-Haltung als Gegenpol; Ton muss respektvoll gegenüber Akzeptanz sein.,,unspecified,
A0107,Identity / social implications,I’m too worried about looking noticeably older than him for the first time,"Sorge, erstmals deutlich älter als jüngerer Ehemann auszusehen.",https://www.reddit.com/r/40PlusSkinCare/comments/1txwn4j/wtf_is_going_on_with_my_skin_im_freaking_out_and/oq0h3wc/,https://www.reddit.com/r/40PlusSkinCare/comments/1txwn4j/wtf_is_going_on_with_my_skin_im_freaking_out_and/,C003,r/40PlusSkinCare,reply,old_lady_identity,medium,Partnervergleich als sozialer Druck.,,unspecified,
A0108,Symptoms / visible texture descriptions,44 and woke up with skin looking crepey! LOL The knees!,"Mit 44 plötzlich krepp-artige Haut, v.a. Knie.",https://www.reddit.com/r/40PlusSkinCare/comments/1txwn4j/wtf_is_going_on_with_my_skin_im_freaking_out_and/opze6ej/,https://www.reddit.com/r/40PlusSkinCare/comments/1txwn4j/wtf_is_going_on_with_my_skin_im_freaking_out_and/,C003,r/40PlusSkinCare,"reply, 44",crepey_knees;sudden_onset,high,Knie als frühe Problemzone.,44,knees,
A0109,Identity / social implications,how he gets better with age and i just fall more and more into bridge troll status?!,"Er wird besser mit dem Alter, sie ""Brückentroll"".",https://www.reddit.com/r/40PlusSkinCare/comments/1txwn4j/wtf_is_going_on_with_my_skin_im_freaking_out_and/oq0g4x6/,https://www.reddit.com/r/40PlusSkinCare/comments/1txwn4j/wtf_is_going_on_with_my_skin_im_freaking_out_and/,C003,r/40PlusSkinCare,reply,old_lady_identity,medium,Geschlechterasymmetrie im Alterungsempfinden.,,unspecified,
A0110,Emotional reactions,I seriously woke up one morning and it was different … It's been over a year now and I'm still struggling with it.,Eines Morgens anders; seit über einem Jahr damit am Hadern.,https://www.reddit.com/r/40PlusSkinCare/comments/1txwn4j/wtf_is_going_on_with_my_skin_im_freaking_out_and/oq9ow6j/,https://www.reddit.com/r/40PlusSkinCare/comments/1txwn4j/wtf_is_going_on_with_my_skin_im_freaking_out_and/,C003,r/40PlusSkinCare,"reply, at 44",sudden_onset,medium,Langwierige emotionale Verarbeitung.,44,unspecified,
A0111,Emotional reactions,I woke up and stood in front of the mirror and realized I was suddenly OLD.,Vor dem Spiegel plötzlich realisiert: ALT.,https://www.reddit.com/r/40PlusSkinCare/comments/1txwn4j/wtf_is_going_on_with_my_skin_im_freaking_out_and/oqu367j/,https://www.reddit.com/r/40PlusSkinCare/comments/1txwn4j/wtf_is_going_on_with_my_skin_im_freaking_out_and/,C003,r/40PlusSkinCare,"reply, at 42",sudden_onset;old_lady_identity,medium,Spiegelmoment als Wendepunkt zu Selbstfürsorge.,42,unspecified,
A0112,Desired outcomes,start taking care of myself,"Entschluss, für sich selbst zu sorgen.",https://www.reddit.com/r/40PlusSkinCare/comments/1txwn4j/wtf_is_going_on_with_my_skin_im_freaking_out_and/oqu367j/,https://www.reddit.com/r/40PlusSkinCare/comments/1txwn4j/wtf_is_going_on_with_my_skin_im_freaking_out_and/,C003,r/40PlusSkinCare,"reply, 42",self_care_ritual,medium,Selbstfürsorge-Motivation nach Krise.,42,unspecified,
A0113,Successful attempts,"Upping my moisturizer all over my body (I use Amlactin and Vaseline problem skin therapy), spf 50 everyday, AHA","Mehr Ganzkörperpflege (AmLactin, Vaseline), SPF, AHA – hat stabilisiert.",https://www.reddit.com/r/40PlusSkinCare/comments/1txwn4j/wtf_is_going_on_with_my_skin_im_freaking_out_and/opz4f3m/,https://www.reddit.com/r/40PlusSkinCare/comments/1txwn4j/wtf_is_going_on_with_my_skin_im_freaking_out_and/,C003,r/40PlusSkinCare,"reply, 41",amlactin_lactic;sunscreen_sun_damage,medium,Ganzkörper-Feuchtigkeit als erste Gegenmaßnahme.,41,whole_body,
A0114,Exact phrases / metaphors / repeated wording,it just looks a bit dehydrated,Sieht nur etwas dehydriert aus.,https://www.reddit.com/r/40PlusSkinCare/comments/1txwn4j/wtf_is_going_on_with_my_skin_im_freaking_out_and/opz4f3m/,https://www.reddit.com/r/40PlusSkinCare/comments/1txwn4j/wtf_is_going_on_with_my_skin_im_freaking_out_and/,C003,r/40PlusSkinCare,reply,new_dehydrated_framing,medium,"""dehydrated"" als Umdeutung der Linien – Hydratation als Lösungsrahmen.",41,whole_body,
A0115,Symptoms / visible texture descriptions,I am often surprised when I look at my arms and notice that they’re getting crepey. As if I keep forgetting that I am aging.,"Überrascht von krepp-artigen Armen; vergisst, dass sie altert.",https://www.reddit.com/r/40PlusSkinCare/comments/1txwn4j/wtf_is_going_on_with_my_skin_im_freaking_out_and/opz4etc/,https://www.reddit.com/r/40PlusSkinCare/comments/1txwn4j/wtf_is_going_on_with_my_skin_im_freaking_out_and/,C003,r/40PlusSkinCare,"reply, late 40s",crepey_arms,high,Diskrepanz Selbstbild vs. Körper.,,arms,
A0116,Identity / social implications,It helps me love my aging body.,"Sport hilft, den alternden Körper zu lieben.",https://www.reddit.com/r/40PlusSkinCare/comments/1txwn4j/wtf_is_going_on_with_my_skin_im_freaking_out_and/opz4etc/,https://www.reddit.com/r/40PlusSkinCare/comments/1txwn4j/wtf_is_going_on_with_my_skin_im_freaking_out_and/,C003,r/40PlusSkinCare,"reply, late 40s",acceptance_aging;confidence_desire,medium,Körperakzeptanz durch Stärke.,,whole_body,
A0117,Exact phrases / metaphors / repeated wording,I feel like I aged overnight and went from looking 35 to 45 in a day.,Über Nacht von 35 auf 45 gealtert.,https://www.reddit.com/r/40PlusSkinCare/comments/1txwn4j/wtf_is_going_on_with_my_skin_im_freaking_out_and/opzbkr0/,https://www.reddit.com/r/40PlusSkinCare/comments/1txwn4j/wtf_is_going_on_with_my_skin_im_freaking_out_and/,C003,r/40PlusSkinCare,"reply, 45",sudden_onset;hrt_estrogen_skin,high,Perimenopause-Narrativ der Plötzlichkeit.,45,unspecified,hrt_medical_context
A0118,Product / routine preferences,Full body moisturizer- I’m currently using amlactin just about every day.,Fast täglich AmLactin als Ganzkörperpflege.,https://www.reddit.com/r/40PlusSkinCare/comments/1txwn4j/wtf_is_going_on_with_my_skin_im_freaking_out_and/opz554b/,https://www.reddit.com/r/40PlusSkinCare/comments/1txwn4j/wtf_is_going_on_with_my_skin_im_freaking_out_and/,C003,r/40PlusSkinCare,"reply, turning 40",amlactin_lactic;consistency_effort,medium,Täglicher Ganzkörper-Einsatz.,40,whole_body,
A0119,Identity / social implications,I’ve never been good at moisturizer and turning 40 this year has me doing it All!,Nie gut im Eincremen; mit 40 macht sie alles.,https://www.reddit.com/r/40PlusSkinCare/comments/1txwn4j/wtf_is_going_on_with_my_skin_im_freaking_out_and/opz554b/,https://www.reddit.com/r/40PlusSkinCare/comments/1txwn4j/wtf_is_going_on_with_my_skin_im_freaking_out_and/,C003,r/40PlusSkinCare,"reply, 40",consistency_effort,medium,40er-Geburtstag als Routinebeginn.,40,whole_body,
A0120,Ingredient / mechanism beliefs,Normal aging does not just include gradual stuff.,Normales Altern ist nicht nur graduell.,https://www.reddit.com/r/40PlusSkinCare/comments/1txwn4j/wtf_is_going_on_with_my_skin_im_freaking_out_and/opzoxnm/,https://www.reddit.com/r/40PlusSkinCare/comments/1txwn4j/wtf_is_going_on_with_my_skin_im_freaking_out_and/,C003,r/40PlusSkinCare,"reply, 51",sudden_onset,high,Peer-Erklärung für schubweise Veränderung.,51,unspecified,
A0121,Ingredient / mechanism beliefs,Putting some sort of sealant on at night after your skin care (like Aquaphor) can do wonders,"Nachts ein ""Versiegler"" wie Aquaphor wirkt Wunder.",https://www.reddit.com/r/40PlusSkinCare/comments/1txwn4j/wtf_is_going_on_with_my_skin_im_freaking_out_and/opz0c8r/,https://www.reddit.com/r/40PlusSkinCare/comments/1txwn4j/wtf_is_going_on_with_my_skin_im_freaking_out_and/,C003,r/40PlusSkinCare,reply,oil_seals_not_hydrates,medium,"Konzept ""sealant"" als Abschluss-Schritt – Öl könnte diese Rolle besetzen.",,unspecified,
A0122,Ingredient / mechanism beliefs,Skin loses elasticity and collagen when our hormones start decreasing during perimenopause.,Haut verliert Elastizität/Kollagen mit sinkenden Hormonen.,https://www.reddit.com/r/40PlusSkinCare/comments/1txwn4j/wtf_is_going_on_with_my_skin_im_freaking_out_and/opzmc89/,https://www.reddit.com/r/40PlusSkinCare/comments/1txwn4j/wtf_is_going_on_with_my_skin_im_freaking_out_and/,C003,r/40PlusSkinCare,reply,hrt_estrogen_skin,medium,Hormon-Erklärungsmodell verbreitet (nur Kontext).,,unspecified,hrt_medical_context
A0123,Symptoms / visible texture descriptions,"all of a sudden my arms are crepey, my side sleeping has left me with a wrinkled chest","Plötzlich krepp-artige Arme, Dekolleté-Falten vom Seitenschlafen.",https://www.reddit.com/r/40PlusSkinCare/comments/1txwn4j/wtf_is_going_on_with_my_skin_im_freaking_out_and/opz5geq/,https://www.reddit.com/r/40PlusSkinCare/comments/1txwn4j/wtf_is_going_on_with_my_skin_im_freaking_out_and/,C003,r/40PlusSkinCare,"reply, 43",crepey_arms;crepey_chest;sudden_onset,high,Schlafposition als Trigger für Dekolleté.,43,arms,
A0124,Purchase criteria,I’ve spent so much money on fancy creams and lotions that buying Gold Bond from Walgreens feels like a real win for the wallet.,Nach teuren Cremes fühlt sich Drogerie-Gold-Bond wie ein Gewinn an.,https://www.reddit.com/r/40PlusSkinCare/comments/1txwn4j/wtf_is_going_on_with_my_skin_im_freaking_out_and/opz5geq/,https://www.reddit.com/r/40PlusSkinCare/comments/1txwn4j/wtf_is_going_on_with_my_skin_im_freaking_out_and/,C003,r/40PlusSkinCare,"reply, 43",gold_bond_crepe;price_value,high,Preisfrust mit Premiumprodukten; Drogerie-Wert.,43,arms,
A0125,Time-to-result expectations,"Like any skin care, consistency is key, but I do notice a difference!","Konsequenz ist entscheidend, aber sie sieht Unterschied.",https://www.reddit.com/r/40PlusSkinCare/comments/1txwn4j/wtf_is_going_on_with_my_skin_im_freaking_out_and/opz5geq/,https://www.reddit.com/r/40PlusSkinCare/comments/1txwn4j/wtf_is_going_on_with_my_skin_im_freaking_out_and/,C003,r/40PlusSkinCare,"reply, 43",consistency_effort;gold_bond_crepe,high,"""consistency is key"" wiederkehrend.",43,arms,
A0126,Emotional reactions,I think it’s my arms that upset me the most.,Am meisten belasten sie die Arme.,https://www.reddit.com/r/40PlusSkinCare/comments/1txwn4j/wtf_is_going_on_with_my_skin_im_freaking_out_and/opz6840/,https://www.reddit.com/r/40PlusSkinCare/comments/1txwn4j/wtf_is_going_on_with_my_skin_im_freaking_out_and/,C003,r/40PlusSkinCare,"OP reply, 40",crepey_arms,high,Arme als emotional wichtigste Zone.,40,arms,
A0127,Failed attempts,I use amlactin now and I’ve only noticed a different on my heels hahah they’re so smooth!,AmLactin wirkt bisher nur an den Fersen.,https://www.reddit.com/r/40PlusSkinCare/comments/1txwn4j/wtf_is_going_on_with_my_skin_im_freaking_out_and/opz6840/,https://www.reddit.com/r/40PlusSkinCare/comments/1txwn4j/wtf_is_going_on_with_my_skin_im_freaking_out_and/,C003,r/40PlusSkinCare,"OP, 40",amlactin_lactic;nothing_works,high,AmLactin wirkt nicht überall gleich.,40,arms,
A0128,Symptoms / visible texture descriptions,my skin dried out after a lifetime of oily combo skin,Haut wurde nach lebenslang fettiger Mischhaut trocken.,https://www.reddit.com/r/40PlusSkinCare/comments/1txwn4j/wtf_is_going_on_with_my_skin_im_freaking_out_and/opzk6ab/,https://www.reddit.com/r/40PlusSkinCare/comments/1txwn4j/wtf_is_going_on_with_my_skin_im_freaking_out_and/,C003,r/40PlusSkinCare,"reply, 41",sudden_onset;winter_dryness,medium,Plötzliche Trockenheit als neue Erfahrung.,41,face_transfer,face_only_transferable
A0129,Identity / social implications,I'm 62 now I hate wearing shorts or sleeveless tops and I am lifting but some things won't tighten up.,Mit 62 hasst sie Shorts/ärmellose Tops; trotz Training.,https://www.reddit.com/r/40PlusSkinCare/comments/1txwn4j/wtf_is_going_on_with_my_skin_im_freaking_out_and/opzk0yc/,https://www.reddit.com/r/40PlusSkinCare/comments/1txwn4j/wtf_is_going_on_with_my_skin_im_freaking_out_and/,C003,r/40PlusSkinCare,"reply, 62",shorts_dresses_avoidance;hiding_arms_sleeveless,high,Kleidungsvermeidung bei Kernzielgruppe.,62,whole_body,
A0130,Symptoms / visible texture descriptions,The bottom half of my legs look like snake skin,Unterschenkel sehen aus wie Schlangenhaut.,https://www.reddit.com/r/40PlusSkinCare/comments/1txwn4j/wtf_is_going_on_with_my_skin_im_freaking_out_and/opzk0yc/,https://www.reddit.com/r/40PlusSkinCare/comments/1txwn4j/wtf_is_going_on_with_my_skin_im_freaking_out_and/,C003,r/40PlusSkinCare,"reply, 62",crepey_legs;itch_flake,high,"""snake skin"" Metapher für schuppige Unterschenkel.",62,legs,
A0131,Successful attempts,when I exfoliate and use Vaseline afterwards it's not as visible,Peeling + Vaseline macht es weniger sichtbar.,https://www.reddit.com/r/40PlusSkinCare/comments/1txwn4j/wtf_is_going_on_with_my_skin_im_freaking_out_and/opzk0yc/,https://www.reddit.com/r/40PlusSkinCare/comments/1txwn4j/wtf_is_going_on_with_my_skin_im_freaking_out_and/,C003,r/40PlusSkinCare,"reply, 62",exfoliation_dry_brush;oil_seals_not_hydrates,high,Exfoliation + okklusiver Abschluss als Erfolgsroutine.,62,legs,
A0132,Product / routine preferences,"Heavy,heavy moisturizers.",Sehr reichhaltige Feuchtigkeitspflege.,https://www.reddit.com/r/40PlusSkinCare/comments/1txwn4j/wtf_is_going_on_with_my_skin_im_freaking_out_and/opzk0yc/,https://www.reddit.com/r/40PlusSkinCare/comments/1txwn4j/wtf_is_going_on_with_my_skin_im_freaking_out_and/,C003,r/40PlusSkinCare,"reply, 62",new_rich_texture,high,Reichhaltigkeit als Präferenz Älterer.,62,whole_body,
A0133,Purchase criteria,"I probably spend about $3,000–$6,000 per year, which really isn’t that bad when you consider the results.",Gibt 3.000-6.000 $/Jahr für Behandlungen aus.,https://www.reddit.com/r/40PlusSkinCare/comments/1txwn4j/wtf_is_going_on_with_my_skin_im_freaking_out_and/opzuqcs/,https://www.reddit.com/r/40PlusSkinCare/comments/1txwn4j/wtf_is_going_on_with_my_skin_im_freaking_out_and/,C003,r/40PlusSkinCare,"reply, 40",only_procedures_work;price_value,medium,Hohe Zahlungsbereitschaft eines Segments für Prozeduren.,40,whole_body,
A0134,Ingredient / mechanism beliefs,if you can fix the barrier both from internal and external that your skin will start glowing again,"Barriere innen und außen reparieren, dann strahlt Haut wieder.",https://www.reddit.com/r/40PlusSkinCare/comments/1txwn4j/wtf_is_going_on_with_my_skin_im_freaking_out_and/oq3fg2e/,https://www.reddit.com/r/40PlusSkinCare/comments/1txwn4j/wtf_is_going_on_with_my_skin_im_freaking_out_and/,C003,r/40PlusSkinCare,reply,glow_desire;new_barrier_repair,medium,Barriere-Narrativ verbreitet.,,unspecified,
A0135,Desired outcomes,your skin can totally repair itself and feel soft and hydrated again,Haut kann sich reparieren und wieder weich/hydratisiert anfühlen.,https://www.reddit.com/r/40PlusSkinCare/comments/1txwn4j/wtf_is_going_on_with_my_skin_im_freaking_out_and/oq3fg2e/,https://www.reddit.com/r/40PlusSkinCare/comments/1txwn4j/wtf_is_going_on_with_my_skin_im_freaking_out_and/,C003,r/40PlusSkinCare,reply,soft_smooth_desire,medium,"""soft and hydrated again"" als Zielbild.",,unspecified,
A0136,Product / routine preferences,Try Dr. Jart for face & Gold Bond for your body.,Gold Bond für den Körper.,https://www.reddit.com/r/40PlusSkinCare/comments/1txwn4j/wtf_is_going_on_with_my_skin_im_freaking_out_and/oq5mrlu/,https://www.reddit.com/r/40PlusSkinCare/comments/1txwn4j/wtf_is_going_on_with_my_skin_im_freaking_out_and/,C003,r/40PlusSkinCare,reply,gold_bond_crepe,low,Gold Bond als Standard-Körperempfehlung.,,whole_body,
A0137,Emotional reactions,I literally went overnight from feeling like I still looked really youthful for my age to looking five years older when I woke up. It was very unnerving.,Über Nacht fünf Jahre älter – sehr verstörend.,https://www.reddit.com/r/40PlusSkinCare/comments/1txwn4j/wtf_is_going_on_with_my_skin_im_freaking_out_and/oq7d54t/,https://www.reddit.com/r/40PlusSkinCare/comments/1txwn4j/wtf_is_going_on_with_my_skin_im_freaking_out_and/,C003,r/40PlusSkinCare,reply,sudden_onset,medium,"""unnerving"" als Emotion.",,unspecified,
A0138,Identity / social implications,society really needs to stop making people especially woman feel awful inside for something that's normal,"Gesellschaft soll aufhören, Frauen wegen Alterung schlecht fühlen zu lassen.",https://www.reddit.com/r/40PlusSkinCare/comments/1txwn4j/wtf_is_going_on_with_my_skin_im_freaking_out_and/oqamq7z/,https://www.reddit.com/r/40PlusSkinCare/comments/1txwn4j/wtf_is_going_on_with_my_skin_im_freaking_out_and/,C003,r/40PlusSkinCare,"reply, 45",acceptance_aging;marketing_distrust,medium,Sensibilität gegen Scham-Botschaften – Tonalität relevant.,45,unspecified,
A0139,Exact phrases / metaphors / repeated wording,Wait till you hit 50! It gets so much worse,Warte bis 50 – wird viel schlimmer.,https://www.reddit.com/r/40PlusSkinCare/comments/1txwn4j/wtf_is_going_on_with_my_skin_im_freaking_out_and/oqcv7fi/,https://www.reddit.com/r/40PlusSkinCare/comments/1txwn4j/wtf_is_going_on_with_my_skin_im_freaking_out_and/,C003,r/40PlusSkinCare,reply,hrt_estrogen_skin,medium,Angst-Erwartung an 50.,,unspecified,hrt_medical_context
A0140,Identity / social implications,is it not okay to age anymore?,Ist Altern nicht mehr okay?,https://www.reddit.com/r/40PlusSkinCare/comments/1txwn4j/wtf_is_going_on_with_my_skin_im_freaking_out_and/oqdjiq6/,https://www.reddit.com/r/40PlusSkinCare/comments/1txwn4j/wtf_is_going_on_with_my_skin_im_freaking_out_and/,C003,r/40PlusSkinCare,reply,acceptance_aging,medium,Gegenstimme zu Anti-Aging-Druck.,,unspecified,
A0141,Symptoms / visible texture descriptions,in the past couple of months I have loose bumpy skin on the front of my thighs. It's especially noticeable when I walk and it jiggles.,"Seit Monaten lockere, unebene Haut vorne an den Oberschenkeln, wackelt beim Gehen.",https://www.reddit.com/r/40PlusSkinCare/comments/1up42v2/loose_skin_and_cellulite_on_my_thighs/,https://www.reddit.com/r/40PlusSkinCare/comments/1up42v2/loose_skin_and_cellulite_on_my_thighs/,C004,r/40PlusSkinCare,"OP, 42, fit",sudden_onset;crepey_legs,high,Textur vs. Cellulite verschwimmen in Laiensprache – Abgrenzung in Forschung beachten.,42,legs,
A0142,Questions customers repeatedly ask,does anyone know what causes this? Secondly is there anything I can do to fix this or slow down this process?,Was verursacht das? Kann man es aufhalten?,https://www.reddit.com/r/40PlusSkinCare/comments/1up42v2/loose_skin_and_cellulite_on_my_thighs/,https://www.reddit.com/r/40PlusSkinCare/comments/1up42v2/loose_skin_and_cellulite_on_my_thighs/,C004,r/40PlusSkinCare,"OP, 42",question_what_works,high,Ursache + Verlangsamung als Doppelfrage.,42,legs,
A0143,Problem descriptions,I currently don't do any skin care on my legs,Bisher keine Pflege an den Beinen.,https://www.reddit.com/r/40PlusSkinCare/comments/1up42v2/loose_skin_and_cellulite_on_my_thighs/,https://www.reddit.com/r/40PlusSkinCare/comments/1up42v2/loose_skin_and_cellulite_on_my_thighs/,C004,r/40PlusSkinCare,"OP, 42",new_body_neglect_vs_face,high,Beine als ungepflegte Zone – Einstiegsmoment.,42,legs,
A0144,Emotional reactions,I feel shallow for saying this but it's difficult to see the changes in my body.,"Fühlt sich oberflächlich, aber Veränderungen sind schwer zu sehen.",https://www.reddit.com/r/40PlusSkinCare/comments/1up42v2/loose_skin_and_cellulite_on_my_thighs/,https://www.reddit.com/r/40PlusSkinCare/comments/1up42v2/loose_skin_and_cellulite_on_my_thighs/,C004,r/40PlusSkinCare,"OP edit, 42",feel_like_myself,high,Scham über eigene Eitelkeit – Ansprache ohne Scham-Verstärkung.,42,legs,
A0145,Skepticism,it seems like there isn't much to be done. Maybe I'll try a cheap cream to see if it helps at all.,Es scheint wenig machbar; vielleicht eine billige Creme testen.,https://www.reddit.com/r/40PlusSkinCare/comments/1up42v2/loose_skin_and_cellulite_on_my_thighs/,https://www.reddit.com/r/40PlusSkinCare/comments/1up42v2/loose_skin_and_cellulite_on_my_thighs/,C004,r/40PlusSkinCare,"OP edit, 42",nothing_works;price_value,high,"Niedrige Erwartung → niedriger Zahlungswille, Testkauf-Haltung.",42,legs,
A0146,Emotional reactions,There is also a big physical aging that takes place in your early 40s. Im 42 as well and it has been shocking.,Große körperliche Alterung Anfang 40 – schockierend.,https://www.reddit.com/r/40PlusSkinCare/comments/1up42v2/loose_skin_and_cellulite_on_my_thighs/ovx59q6/,https://www.reddit.com/r/40PlusSkinCare/comments/1up42v2/loose_skin_and_cellulite_on_my_thighs/,C004,r/40PlusSkinCare,"reply, 42",sudden_onset,high,Schock-Narrativ Anfang 40.,42,unspecified,
A0147,Identity / social implications,Maxi and midi dresses are my friend.,Maxi- und Midikleider als Lösung zum Verdecken.,https://www.reddit.com/r/40PlusSkinCare/comments/1up42v2/loose_skin_and_cellulite_on_my_thighs/ovxv006/,https://www.reddit.com/r/40PlusSkinCare/comments/1up42v2/loose_skin_and_cellulite_on_my_thighs/,C004,r/40PlusSkinCare,reply,shorts_dresses_avoidance,medium,Kleidung als Kaschier-Strategie.,,legs,
A0148,Identity / social implications,this summer after 10 years of wearing pants I said screw it. I am wearing shorts and golf skirts.,Nach 10 Jahren Hosen trägt sie mit 65 wieder Shorts.,https://www.reddit.com/r/40PlusSkinCare/comments/1up42v2/loose_skin_and_cellulite_on_my_thighs/ovy0eq1/,https://www.reddit.com/r/40PlusSkinCare/comments/1up42v2/loose_skin_and_cellulite_on_my_thighs/,C004,r/40PlusSkinCare,"reply, 65",shorts_dresses_avoidance;acceptance_aging;summer_trigger,high,"Befreiung durch Akzeptanz – ""free"" als Emotion.",65,legs,
A0149,Emotional reactions,I feel so free in this area.,Fühlt sich frei.,https://www.reddit.com/r/40PlusSkinCare/comments/1up42v2/loose_skin_and_cellulite_on_my_thighs/ovy0eq1/,https://www.reddit.com/r/40PlusSkinCare/comments/1up42v2/loose_skin_and_cellulite_on_my_thighs/,C004,r/40PlusSkinCare,"reply, 65",confidence_desire,high,Freiheitsgefühl als Zielemotion.,65,legs,
A0150,Emotional reactions,I truly spiraled when I noticed I can NOT tighten it by flexing the muscle,"Geriet in Panik, als Anspannen der Muskeln nichts strafft.",https://www.reddit.com/r/40PlusSkinCare/comments/1up42v2/loose_skin_and_cellulite_on_my_thighs/ovx57be/,https://www.reddit.com/r/40PlusSkinCare/comments/1up42v2/loose_skin_and_cellulite_on_my_thighs/,C004,r/40PlusSkinCare,"reply, 46",sudden_onset;crepey_legs,high,Kontrollverlust-Erfahrung.,46,legs,
A0151,Successful attempts,moisturizing the sh*t out of the skin greatly reduces the appearance of whatever is happening,Intensives Eincremen reduziert das Erscheinungsbild deutlich.,https://www.reddit.com/r/40PlusSkinCare/comments/1up42v2/loose_skin_and_cellulite_on_my_thighs/ovx57be/,https://www.reddit.com/r/40PlusSkinCare/comments/1up42v2/loose_skin_and_cellulite_on_my_thighs/,C004,r/40PlusSkinCare,"reply, 46",soft_smooth_desire,high,Sichtbare Verbesserung durch reine Feuchtigkeit – zentral für Öl-Kategorie.,46,legs,
A0152,Identity / social implications,aging is a lot harder to take (vanity wise) than I personally anticipated,Altern ist (eitelkeitsmäßig) schwerer als erwartet.,https://www.reddit.com/r/40PlusSkinCare/comments/1up42v2/loose_skin_and_cellulite_on_my_thighs/ovx57be/,https://www.reddit.com/r/40PlusSkinCare/comments/1up42v2/loose_skin_and_cellulite_on_my_thighs/,C004,r/40PlusSkinCare,"reply, 46",acceptance_aging,high,Unterschätzte emotionale Last.,46,whole_body,
A0153,Identity / social implications,"No more short skirts or shorts for me, dimples galore.",Keine kurzen Röcke/Shorts mehr.,https://www.reddit.com/r/40PlusSkinCare/comments/1up42v2/loose_skin_and_cellulite_on_my_thighs/ovx7okz/,https://www.reddit.com/r/40PlusSkinCare/comments/1up42v2/loose_skin_and_cellulite_on_my_thighs/,C004,r/40PlusSkinCare,reply,shorts_dresses_avoidance,medium,Vermeidungsverhalten.,,legs,
A0154,Exact phrases / metaphors / repeated wording,Feels like I’m in somebody else’s body.,Fühlt sich an wie in einem fremden Körper.,https://www.reddit.com/r/40PlusSkinCare/comments/1up42v2/loose_skin_and_cellulite_on_my_thighs/ovxfrfe/,https://www.reddit.com/r/40PlusSkinCare/comments/1up42v2/loose_skin_and_cellulite_on_my_thighs/,C004,r/40PlusSkinCare,reply,feel_like_myself,medium,Entfremdung als wiederkehrendes Motiv.,,legs,
A0155,Emotional reactions,The sudden change is way different in real life than reading about it. Wow it’s tough,Plötzliche Veränderung real viel härter als darüber zu lesen.,https://www.reddit.com/r/40PlusSkinCare/comments/1up42v2/loose_skin_and_cellulite_on_my_thighs/ovxfrfe/,https://www.reddit.com/r/40PlusSkinCare/comments/1up42v2/loose_skin_and_cellulite_on_my_thighs/,C004,r/40PlusSkinCare,reply,sudden_onset,medium,Emotionale Wucht.,,legs,
A0156,Emotional reactions,I wanted to cry when I saw nothing but cellulite.,Wollte weinen beim Anblick.,https://www.reddit.com/r/40PlusSkinCare/comments/1up42v2/loose_skin_and_cellulite_on_my_thighs/ovxfa2s/,https://www.reddit.com/r/40PlusSkinCare/comments/1up42v2/loose_skin_and_cellulite_on_my_thighs/,C004,r/40PlusSkinCare,reply,summer_trigger,medium,Spiegel-/Shorts-Moment als Trigger.,,legs,
A0157,Situational triggers,I wore shorts on the 4th and made the mistake of looking at the back of my thighs in a full-length mirror.,"Am 4. Juli Shorts getragen und Fehler gemacht, in den Spiegel zu schauen.",https://www.reddit.com/r/40PlusSkinCare/comments/1up42v2/loose_skin_and_cellulite_on_my_thighs/ovxfa2s/,https://www.reddit.com/r/40PlusSkinCare/comments/1up42v2/loose_skin_and_cellulite_on_my_thighs/,C004,r/40PlusSkinCare,reply,summer_trigger;shorts_dresses_avoidance,medium,US-Sommerfeiertag als Trigger.,,legs,
A0158,Identity / social implications,my husband thinks I’m crazy because he doesn’t see it,Ehemann sieht es nicht.,https://www.reddit.com/r/40PlusSkinCare/comments/1up42v2/loose_skin_and_cellulite_on_my_thighs/ovxfa2s/,https://www.reddit.com/r/40PlusSkinCare/comments/1up42v2/loose_skin_and_cellulite_on_my_thighs/,C004,r/40PlusSkinCare,reply,acceptance_aging,medium,Selbstwahrnehmung vs Partner.,,legs,
A0159,Symptoms / visible texture descriptions,It’s like a 5” x 2” area of saggy skin on the inside of both of my thighs.,Schlaffe Hautpartie an Oberschenkel-Innenseiten.,https://www.reddit.com/r/40PlusSkinCare/comments/1up42v2/loose_skin_and_cellulite_on_my_thighs/ow0tp4q/,https://www.reddit.com/r/40PlusSkinCare/comments/1up42v2/loose_skin_and_cellulite_on_my_thighs/,C004,r/40PlusSkinCare,"reply, turning 60",crepey_legs,high,Innenschenkel als Zone.,60,legs,
A0160,Situational triggers,"seeing my thighs jiggle a bit, when I see my reflection in glass doors as I’m entering a business",Spiegelung in Glastüren als Auslöser.,https://www.reddit.com/r/40PlusSkinCare/comments/1up42v2/loose_skin_and_cellulite_on_my_thighs/ow0tp4q/,https://www.reddit.com/r/40PlusSkinCare/comments/1up42v2/loose_skin_and_cellulite_on_my_thighs/,C004,r/40PlusSkinCare,"reply, 60",new_mirror_trigger,high,Alltägliche Spiegelmomente.,60,legs,
A0161,Emotional reactions,"As I enter my 40s and watch myself begin to age in ways I don’t love, it can feel like I’m the only one",Fühlt sich allein mit dem Altern.,https://www.reddit.com/r/40PlusSkinCare/comments/1up42v2/loose_skin_and_cellulite_on_my_thighs/ovycw66/,https://www.reddit.com/r/40PlusSkinCare/comments/1up42v2/loose_skin_and_cellulite_on_my_thighs/,C004,r/40PlusSkinCare,"reply, 40",peer_proof,high,Normalisierung durch Community.,40,legs,
A0162,Identity / social implications,I’m vain even though I’m a “body positive” feminist. All of the things I told people not to worry about just hits different when it’s your turn,"Trotz Body-Positivity eitel, wenn es einen selbst trifft.",https://www.reddit.com/r/40PlusSkinCare/comments/1up42v2/loose_skin_and_cellulite_on_my_thighs/ovx6ijc/,https://www.reddit.com/r/40PlusSkinCare/comments/1up42v2/loose_skin_and_cellulite_on_my_thighs/,C004,r/40PlusSkinCare,"reply, ~54",acceptance_aging,high,Ambivalenz Body Positivity vs. eigene Gefühle.,54,legs,
A0163,Product / routine preferences,I just moisturize and use body care time as a way to be grateful to have a body that is reasonably healthy,Eincremen als Dankbarkeitsritual für gesunden Körper.,https://www.reddit.com/r/40PlusSkinCare/comments/1up42v2/loose_skin_and_cellulite_on_my_thighs/ovx6ijc/,https://www.reddit.com/r/40PlusSkinCare/comments/1up42v2/loose_skin_and_cellulite_on_my_thighs/,C004,r/40PlusSkinCare,"reply, ~54",self_care_ritual;acceptance_aging,high,Körperpflege als Dankbarkeits-/Achtsamkeitsritual – relevantes Motivfeld.,54,whole_body,
A0164,Successful attempts,I’ve added Gold Bond Crepe corrector cream on my legs and I think it’s made a difference.,Gold Bond Crepe Corrector an Beinen macht Unterschied.,https://www.reddit.com/r/40PlusSkinCare/comments/1up42v2/loose_skin_and_cellulite_on_my_thighs/ovxn6bg/,https://www.reddit.com/r/40PlusSkinCare/comments/1up42v2/loose_skin_and_cellulite_on_my_thighs/,C004,r/40PlusSkinCare,"reply, Texas",gold_bond_crepe,medium,Gemischte Gold-Bond-Bewertungen.,,legs,
A0165,Successful attempts,Amlactin and Gold Bond help. I also saw improvement when I started taking verisol collagen.,"AmLactin, Gold Bond und Verisol-Kollagen helfen.",https://www.reddit.com/r/40PlusSkinCare/comments/1up42v2/loose_skin_and_cellulite_on_my_thighs/ovy3p20/,https://www.reddit.com/r/40PlusSkinCare/comments/1up42v2/loose_skin_and_cellulite_on_my_thighs/,C004,r/40PlusSkinCare,reply,amlactin_lactic;gold_bond_crepe;collagen_supplement,medium,Kombination topisch + Supplement.,,legs,hrt_medical_context
A0166,Failed attempts,"no noticeable benefits in terms of skin laxity, crepey-ness, skin tone, cellulite, wrinkles",HRT ohne Nutzen für Hautlaxität/Krepp.,https://www.reddit.com/r/40PlusSkinCare/comments/1up42v2/loose_skin_and_cellulite_on_my_thighs/ovy0t89/,https://www.reddit.com/r/40PlusSkinCare/comments/1up42v2/loose_skin_and_cellulite_on_my_thighs/,C004,r/40PlusSkinCare,"reply, 58F",hrt_estrogen_skin;nothing_works,high,HRT ist keine Garantie für Körperhaut – Lücke für Topika.,58,whole_body,hrt_medical_context
A0167,Exact phrases / metaphors / repeated wording,Menopause was like getting hit with a bat: it seemed like overnight at age 52 my youth fled,Menopause wie ein Schlag mit dem Baseballschläger; über Nacht mit 52 Jugend weg.,https://www.reddit.com/r/40PlusSkinCare/comments/1up42v2/loose_skin_and_cellulite_on_my_thighs/ovy0t89/,https://www.reddit.com/r/40PlusSkinCare/comments/1up42v2/loose_skin_and_cellulite_on_my_thighs/,C004,r/40PlusSkinCare,"reply, 58",sudden_onset,high,Starke Metapher für plötzliche Veränderung (Kontext).,58,whole_body,hrt_medical_context
A0168,Emotional reactions,Acceptance is hard.,Akzeptanz ist schwer.,https://www.reddit.com/r/40PlusSkinCare/comments/1up42v2/loose_skin_and_cellulite_on_my_thighs/ovy0t89/,https://www.reddit.com/r/40PlusSkinCare/comments/1up42v2/loose_skin_and_cellulite_on_my_thighs/,C004,r/40PlusSkinCare,"reply, 58",acceptance_aging,high,"Akzeptanz als Prozess, nicht Zustand.",58,whole_body,
A0169,Exact phrases / metaphors / repeated wording,"my ""old woman"" body has shown up overnight","Ihr ""Alte-Frau-Körper"" kam über Nacht.",https://www.reddit.com/r/40PlusSkinCare/comments/1up42v2/loose_skin_and_cellulite_on_my_thighs/ovx5qga/,https://www.reddit.com/r/40PlusSkinCare/comments/1up42v2/loose_skin_and_cellulite_on_my_thighs/,C004,r/40PlusSkinCare,reply,old_lady_identity;sudden_onset,medium,"""old woman/old lady body"" wiederkehrend.",,whole_body,
A0170,Identity / social implications,"Gray hair, no problem. Old lady body... Yeesh.","Graue Haare okay, Alte-Dame-Körper nicht.",https://www.reddit.com/r/40PlusSkinCare/comments/1up42v2/loose_skin_and_cellulite_on_my_thighs/ovx5qga/,https://www.reddit.com/r/40PlusSkinCare/comments/1up42v2/loose_skin_and_cellulite_on_my_thighs/,C004,r/40PlusSkinCare,reply,old_lady_identity,medium,Körperhaut emotional schwerer als Haare.,,whole_body,
A0171,Successful attempts,Best “solution” I’ve found is heavy moisturizing with products that leave a sheen to distract from all of it,"Beste Lösung: reichhaltig cremen mit Produkten, die Glanz hinterlassen und ablenken.",https://www.reddit.com/r/40PlusSkinCare/comments/1up42v2/loose_skin_and_cellulite_on_my_thighs/ovx6haw/,https://www.reddit.com/r/40PlusSkinCare/comments/1up42v2/loose_skin_and_cellulite_on_my_thighs/,C004,r/40PlusSkinCare,"reply, mid 40s",glow_desire,medium,Schimmer/Sheen als optische Kaschierung – direkt relevant für Öl.,,legs,
A0172,Objections,oils are great but you have to be careful to not let it discolor clothing,"Öle gut, aber Gefahr von Flecken auf Kleidung.",https://www.reddit.com/r/40PlusSkinCare/comments/1up42v2/loose_skin_and_cellulite_on_my_thighs/ovx6haw/,https://www.reddit.com/r/40PlusSkinCare/comments/1up42v2/loose_skin_and_cellulite_on_my_thighs/,C004,r/40PlusSkinCare,reply,oil_greasy_staining,medium,Fleckenangst als Öl-Barriere.,,legs,
A0173,Skepticism,it is the beauty industry made us believe this is something that needs to be treated with massagers and gels and creams,Beauty-Industrie redet uns Behandlungsbedarf ein.,https://www.reddit.com/r/40PlusSkinCare/comments/1up42v2/loose_skin_and_cellulite_on_my_thighs/ovxpa1s/,https://www.reddit.com/r/40PlusSkinCare/comments/1up42v2/loose_skin_and_cellulite_on_my_thighs/,C004,r/40PlusSkinCare,reply,marketing_distrust,medium,Industrieskepsis – Vorsicht bei Problematisierung.,,legs,
A0174,Exact phrases / metaphors / repeated wording,This happened to me overnight at 49. Even worse at 50.,"Über Nacht mit 49, mit 50 schlimmer.",https://www.reddit.com/r/40PlusSkinCare/comments/1up42v2/loose_skin_and_cellulite_on_my_thighs/ox3vr30/,https://www.reddit.com/r/40PlusSkinCare/comments/1up42v2/loose_skin_and_cellulite_on_my_thighs/,C004,r/40PlusSkinCare,reply,sudden_onset,high,Onset um 49-50.,49,legs,
A0175,Identity / social implications,I hate showing off my legs now,"Hasst es, Beine zu zeigen.",https://www.reddit.com/r/40PlusSkinCare/comments/1up42v2/loose_skin_and_cellulite_on_my_thighs/ox3vr30/,https://www.reddit.com/r/40PlusSkinCare/comments/1up42v2/loose_skin_and_cellulite_on_my_thighs/,C004,r/40PlusSkinCare,"reply, 50",shorts_dresses_avoidance,high,Vermeidung.,50,legs,
A0176,Symptoms / visible texture descriptions,My skin around my knees is crepey now! I’m 42 and my skin changed a lot the past year.,"Haut um die Knie jetzt kreppig, mit 42.",https://www.reddit.com/r/40PlusSkinCare/comments/1up42v2/loose_skin_and_cellulite_on_my_thighs/ovxklza/,https://www.reddit.com/r/40PlusSkinCare/comments/1up42v2/loose_skin_and_cellulite_on_my_thighs/,C004,r/40PlusSkinCare,"reply, 42",crepey_knees;sudden_onset,high,Knie früh betroffen.,42,knees,
A0177,Objections,I hate the name lol and the smell! But I add some drops of essential oils to help mask it.,"Hasst Namen und Geruch von Gold Bond Crepe Corrector, maskiert mit ätherischen Ölen.",https://www.reddit.com/r/40PlusSkinCare/comments/1up42v2/loose_skin_and_cellulite_on_my_thighs/ovxklza/,https://www.reddit.com/r/40PlusSkinCare/comments/1up42v2/loose_skin_and_cellulite_on_my_thighs/,C004,r/40PlusSkinCare,"reply, 42",gold_bond_crepe;fragrance_sensitivity;scent_love,high,"Name ""Crepe Corrector"" wirkt stigmatisierend; Geruch problematisch.",42,knees,
A0178,Successful attempts,it works really well at keeping your skin super hydrated,Hält Haut sehr hydratisiert.,https://www.reddit.com/r/40PlusSkinCare/comments/1up42v2/loose_skin_and_cellulite_on_my_thighs/ovxklza/,https://www.reddit.com/r/40PlusSkinCare/comments/1up42v2/loose_skin_and_cellulite_on_my_thighs/,C004,r/40PlusSkinCare,"reply, 42",gold_bond_crepe,high,Hydratation als wahrgenommener Nutzen.,42,knees,
A0179,Skepticism,the cellulite creams don’t make any long term impact,Cellulite-Cremes ohne Langzeitwirkung.,https://www.reddit.com/r/40PlusSkinCare/comments/1up42v2/loose_skin_and_cellulite_on_my_thighs/ovxm0y8/,https://www.reddit.com/r/40PlusSkinCare/comments/1up42v2/loose_skin_and_cellulite_on_my_thighs/,C004,r/40PlusSkinCare,reply,nothing_works;lotion_temporary,medium,Bewusstsein für temporäre Effekte.,,legs,
A0180,Situational triggers,i like some of them if i want to wear shorts or something social,Nutzt sie für Shorts/soziale Anlässe.,https://www.reddit.com/r/40PlusSkinCare/comments/1up42v2/loose_skin_and_cellulite_on_my_thighs/ovxm0y8/,https://www.reddit.com/r/40PlusSkinCare/comments/1up42v2/loose_skin_and_cellulite_on_my_thighs/,C004,r/40PlusSkinCare,reply,lotion_temporary;summer_trigger,medium,Anlassbezogene Nutzung (Event-Pflege).,,legs,
A0181,Skepticism,I started using skin care around and right above my knees recently. Probably won’t help much but maybe right?,"Pflegt jetzt Knie, glaubt kaum an Wirkung.",https://www.reddit.com/r/40PlusSkinCare/comments/1up42v2/loose_skin_and_cellulite_on_my_thighs/ovxnqn3/,https://www.reddit.com/r/40PlusSkinCare/comments/1up42v2/loose_skin_and_cellulite_on_my_thighs/,C004,r/40PlusSkinCare,reply,crepey_knees;nothing_works,medium,Hoffnung trotz Skepsis.,,knees,
A0182,Product / routine preferences,I’m using some skin firming moisturizers to try to combat it,Nutzt straffende Feuchtigkeitscremes.,https://www.reddit.com/r/40PlusSkinCare/comments/1up42v2/loose_skin_and_cellulite_on_my_thighs/ovxyx3b/,https://www.reddit.com/r/40PlusSkinCare/comments/1up42v2/loose_skin_and_cellulite_on_my_thighs/,C004,r/40PlusSkinCare,"reply, 40",new_firming_claim,high,"""firming"" als gesuchter Claim.",40,legs,
A0183,Product / routine preferences,Palmers has a Brazilian body oil that has a lot of good reviews online,Palmer's Brazilian Body Oil mit guten Online-Bewertungen.,https://www.reddit.com/r/40PlusSkinCare/comments/1up42v2/loose_skin_and_cellulite_on_my_thighs/ovyb6ay/,https://www.reddit.com/r/40PlusSkinCare/comments/1up42v2/loose_skin_and_cellulite_on_my_thighs/,C004,r/40PlusSkinCare,reply,peer_proof,low,"Wettbewerber-Erwähnung Körperöl, Review-getrieben.",,legs,
A0184,Routine friction,"Dry brushing is also supposed to help, but I get lazy with that.","Trockenbürsten soll helfen, aber zu faul.",https://www.reddit.com/r/40PlusSkinCare/comments/1up42v2/loose_skin_and_cellulite_on_my_thighs/ovyb6ay/,https://www.reddit.com/r/40PlusSkinCare/comments/1up42v2/loose_skin_and_cellulite_on_my_thighs/,C004,r/40PlusSkinCare,reply,exfoliation_dry_brush;routine_fatigue,medium,Aufwandshürde.,,legs,
A0185,Purchase criteria,"Gold Bond doesn't disclose what percent retinol they have so I went with Natrium, which is 0.5%","Wählt Marke, die Retinol-Prozent offenlegt.",https://www.reddit.com/r/40PlusSkinCare/comments/1wm2fzu/whats_the_ultimate_anti_aging_body_care_routine/,https://www.reddit.com/r/40PlusSkinCare/comments/1wm2fzu/whats_the_ultimate_anti_aging_body_care_routine/,C005,r/40PlusSkinCare,OP on anti-aging body routine,retinol_body;marketing_distrust,medium,Prozent-Transparenz als Kaufkriterium bei ingredient-savvy Käuferinnen.,,whole_body,
A0186,Skepticism,I'm not sure if it's really worth the price. I think it temporarily helps with crepey skin but I don’t think it is really anti aging,Zweifel am Preis-Wert; Body-Serum hilft nur temporär.,https://www.reddit.com/r/40PlusSkinCare/comments/1wm2fzu/whats_the_ultimate_anti_aging_body_care_routine/,https://www.reddit.com/r/40PlusSkinCare/comments/1wm2fzu/whats_the_ultimate_anti_aging_body_care_routine/,C005,r/40PlusSkinCare,OP,price_value;lotion_temporary,medium,Unterscheidung temporär-kosmetisch vs. echtes Anti-Aging im Kopf der Käuferin.,,whole_body,
A0187,Successful attempts,"I was at the gym and noticed crepey skin. Remembered reading about Amlactin, ordered it, crepey skin gone.","Krepphaut im Gym bemerkt, AmLactin bestellt – weg.",https://www.reddit.com/r/40PlusSkinCare/comments/1wm2fzu/whats_the_ultimate_anti_aging_body_care_routine/pb5169w/,https://www.reddit.com/r/40PlusSkinCare/comments/1wm2fzu/whats_the_ultimate_anti_aging_body_care_routine/,C005,r/40PlusSkinCare,"reply, 50",amlactin_lactic;peer_proof,high,Schnelle Kaufentscheidung nach Reddit-Lektüre.,50,unspecified,
A0188,Situational triggers,I was at the gym and noticed crepey skin.,Im Fitnessstudio (Spiegel) Krepphaut bemerkt.,https://www.reddit.com/r/40PlusSkinCare/comments/1wm2fzu/whats_the_ultimate_anti_aging_body_care_routine/pb5169w/,https://www.reddit.com/r/40PlusSkinCare/comments/1wm2fzu/whats_the_ultimate_anti_aging_body_care_routine/,C005,r/40PlusSkinCare,"reply, 50",new_mirror_trigger,high,Gym-Spiegel als Entdeckungsmoment.,50,unspecified,
A0189,Questions customers repeatedly ask,Should I treat amalactin like my morning body lotion?,Soll AmLactin die Morgenlotion sein?,https://www.reddit.com/r/40PlusSkinCare/comments/1wm2fzu/whats_the_ultimate_anti_aging_body_care_routine/pb5drhr/,https://www.reddit.com/r/40PlusSkinCare/comments/1wm2fzu/whats_the_ultimate_anti_aging_body_care_routine/,C005,r/40PlusSkinCare,OP,question_order_of_application,medium,Unsicherheit über Tageszeit/Schichtung.,,whole_body,
A0190,Product / routine preferences,"I did every few days for a few weeks, then every other day and now daily.",Langsames Einschleichen bis täglich.,https://www.reddit.com/r/40PlusSkinCare/comments/1wm2fzu/whats_the_ultimate_anti_aging_body_care_routine/pb5g3j9/,https://www.reddit.com/r/40PlusSkinCare/comments/1wm2fzu/whats_the_ultimate_anti_aging_body_care_routine/,C005,r/40PlusSkinCare,reply,consistency_effort,medium,Gewöhnungsphase bei Säuren.,,unspecified,
A0191,Ingredient / mechanism beliefs,never mix retinol and acids. Use them different times of day.,Retinol und Säuren nie mischen.,https://www.reddit.com/r/40PlusSkinCare/comments/1wm2fzu/whats_the_ultimate_anti_aging_body_care_routine/pb5s180/,https://www.reddit.com/r/40PlusSkinCare/comments/1wm2fzu/whats_the_ultimate_anti_aging_body_care_routine/,C005,r/40PlusSkinCare,reply,retinol_body;question_order_of_application,medium,Komplexe Wirkstoffregeln erhöhen Routineaufwand.,,unspecified,
A0192,Time-to-result expectations,Faster than I expected. Maybe two weeks? Mind you I wasn’t previously moisturizing my body at all. No doubt my skin was thirsty.,"Schneller als erwartet, ca. zwei Wochen; Haut war ""durstig"".",https://www.reddit.com/r/40PlusSkinCare/comments/1wm2fzu/whats_the_ultimate_anti_aging_body_care_routine/pb8s76k/,https://www.reddit.com/r/40PlusSkinCare/comments/1wm2fzu/whats_the_ultimate_anti_aging_body_care_routine/,C005,r/40PlusSkinCare,"reply, 50",time_to_result;amlactin_lactic,high,~2 Wochen als Erwartungsanker bei Erstnutzerinnen.,50,unspecified,
A0193,Exact phrases / metaphors / repeated wording,No doubt my skin was thirsty.,Haut war durstig.,https://www.reddit.com/r/40PlusSkinCare/comments/1wm2fzu/whats_the_ultimate_anti_aging_body_care_routine/pb8s76k/,https://www.reddit.com/r/40PlusSkinCare/comments/1wm2fzu/whats_the_ultimate_anti_aging_body_care_routine/,C005,r/40PlusSkinCare,"reply, 50",new_thirsty_skin,high,"""thirsty skin"" Metapher.",50,unspecified,
A0194,Time-to-result expectations,after a few months I could start seeing a real difference in the glow and firmness of my skin,Nach einigen Monaten sichtbarer Unterschied in Glow und Festigkeit.,https://www.reddit.com/r/40PlusSkinCare/comments/1wm2fzu/whats_the_ultimate_anti_aging_body_care_routine/pb5rvu8/,https://www.reddit.com/r/40PlusSkinCare/comments/1wm2fzu/whats_the_ultimate_anti_aging_body_care_routine/,C005,r/40PlusSkinCare,reply,time_to_result;glow_desire,medium,Glow + Festigkeit als Ergebnis nach Monaten.,,whole_body,
A0195,Objections,I keep trying to start using this but the smell is a real turn off for me.,Geruch von AmLactin schreckt ab.,https://www.reddit.com/r/40PlusSkinCare/comments/1wm2fzu/whats_the_ultimate_anti_aging_body_care_routine/pbt88wx/,https://www.reddit.com/r/40PlusSkinCare/comments/1wm2fzu/whats_the_ultimate_anti_aging_body_care_routine/,C005,r/40PlusSkinCare,"reply, sensitive",amlactin_lactic;fragrance_sensitivity,medium,Geruch verhindert Start trotz Absicht.,,unspecified,
A0196,Routine friction,Maybe if I did morning instead of night I wouldn’t just be kayo g there smelling it lol,Nachts im Bett den Geruch riechen.,https://www.reddit.com/r/40PlusSkinCare/comments/1wm2fzu/whats_the_ultimate_anti_aging_body_care_routine/pbt88wx/,https://www.reddit.com/r/40PlusSkinCare/comments/1wm2fzu/whats_the_ultimate_anti_aging_body_care_routine/,C005,r/40PlusSkinCare,reply,amlactin_lactic;fragrance_sensitivity,medium,Abendanwendung + Geruch kollidieren (Schlaf/Bett).,,unspecified,
A0197,Purchase criteria,Costco has a huge bottle for about $20,Riesenflasche ca. 20 $ bei Costco.,https://www.reddit.com/r/40PlusSkinCare/comments/1wm2fzu/whats_the_ultimate_anti_aging_body_care_routine/pbgxrcr/,https://www.reddit.com/r/40PlusSkinCare/comments/1wm2fzu/whats_the_ultimate_anti_aging_body_care_routine/,C005,r/40PlusSkinCare,reply,price_value;amlactin_lactic,medium,Preisanker.,,unspecified,
A0198,Objections,There’s also a Trader Joe’s body lotion with glycolic acid but I didn’t like the smell,Geruch der TJ-Glykolsäure-Lotion missfiel.,https://www.reddit.com/r/40PlusSkinCare/comments/1wm2fzu/whats_the_ultimate_anti_aging_body_care_routine/pb3ntxd/,https://www.reddit.com/r/40PlusSkinCare/comments/1wm2fzu/whats_the_ultimate_anti_aging_body_care_routine/,C005,r/40PlusSkinCare,reply,fragrance_sensitivity,medium,Geruch als häufiger Abbruchgrund.,,unspecified,
A0199,Failed attempts,I didn’t use it consistently enough to find out. It irritated my skin a bit,"Nicht konsequent genug, leichte Reizung, abgebrochen.",https://www.reddit.com/r/40PlusSkinCare/comments/1wm2fzu/whats_the_ultimate_anti_aging_body_care_routine/pb90kwi/,https://www.reddit.com/r/40PlusSkinCare/comments/1wm2fzu/whats_the_ultimate_anti_aging_body_care_routine/,C005,r/40PlusSkinCare,reply,routine_fatigue;consistency_effort,medium,Irritation + Inkonsistenz = Abbruch.,,unspecified,
A0200,Product / routine preferences,I use multiple products since there’s really no all in one product providing everything.,"Nutzt viele Produkte, da kein All-in-one alles bietet.",https://www.reddit.com/r/40PlusSkinCare/comments/1wm2fzu/whats_the_ultimate_anti_aging_body_care_routine/pb3pdd9/,https://www.reddit.com/r/40PlusSkinCare/comments/1wm2fzu/whats_the_ultimate_anti_aging_body_care_routine/,C005,r/40PlusSkinCare,reply,new_multi_product,medium,Bedarf/Lücke für vereinfachte Routinen – aber Skepsis gegenüber All-in-One.,,whole_body,
A0201,Purchase criteria,I previously used Dr Sturm but it’s too expensive and I get great results from Aestura.,"Dr Sturm zu teuer, Aestura gleiche Ergebnisse.",https://www.reddit.com/r/40PlusSkinCare/comments/1wm2fzu/whats_the_ultimate_anti_aging_body_care_routine/pb3pdd9/,https://www.reddit.com/r/40PlusSkinCare/comments/1wm2fzu/whats_the_ultimate_anti_aging_body_care_routine/,C005,r/40PlusSkinCare,reply,price_value,medium,Preisvergleich auch im Premium-Segment.,,whole_body,
A0202,Product / routine preferences,If I want a scent I use Byredo’s body lotion but its not anti aging.,"Für Duft Byredo, aber kein Anti-Aging.",https://www.reddit.com/r/40PlusSkinCare/comments/1wm2fzu/whats_the_ultimate_anti_aging_body_care_routine/pb3pdd9/,https://www.reddit.com/r/40PlusSkinCare/comments/1wm2fzu/whats_the_ultimate_anti_aging_body_care_routine/,C005,r/40PlusSkinCare,reply,scent_love,medium,"Trennung ""Duft-Genuss"" vs ""Wirkung"" in Routine.",,whole_body,
A0203,Product / routine preferences,"Use only in the evening pls and use a spf during the day, every day, even if you stay inside all day","Abends anwenden, tagsüber immer SPF.",https://www.reddit.com/r/40PlusSkinCare/comments/1wm2fzu/whats_the_ultimate_anti_aging_body_care_routine/pb70m06/,https://www.reddit.com/r/40PlusSkinCare/comments/1wm2fzu/whats_the_ultimate_anti_aging_body_care_routine/,C005,r/40PlusSkinCare,"reply, esthetician",sunscreen_sun_damage,low,Experten-Stimme in Community.,,unspecified,
A0204,Identity / social implications,Lets love and lotion them while they remain corps before the e tags along,"Körper lieben und eincremen, solange sie leben.",https://www.reddit.com/r/40PlusSkinCare/comments/1wm2fzu/whats_the_ultimate_anti_aging_body_care_routine/pb49290/,https://www.reddit.com/r/40PlusSkinCare/comments/1wm2fzu/whats_the_ultimate_anti_aging_body_care_routine/,C005,r/40PlusSkinCare,reply,self_care_ritual;acceptance_aging,medium,Humor + Fürsorge als Haltung.,,whole_body,
A0205,Tactile descriptions,extremely good and making the skin feel fabulous,Macht Haut fabelhaft im Gefühl.,https://www.reddit.com/r/40PlusSkinCare/comments/1wm2fzu/whats_the_ultimate_anti_aging_body_care_routine/pbbwdvi/,https://www.reddit.com/r/40PlusSkinCare/comments/1wm2fzu/whats_the_ultimate_anti_aging_body_care_routine/,C005,r/40PlusSkinCare,reply on Necessaire,new_skin_feel,medium,Hautgefühl als Bewertungsmaßstab.,,whole_body,
A0206,Time-to-result expectations,One month in and my skin is plumper,Nach einem Monat praller.,https://www.reddit.com/r/40PlusSkinCare/comments/1wm2fzu/whats_the_ultimate_anti_aging_body_care_routine/pbbw5pr/,https://www.reddit.com/r/40PlusSkinCare/comments/1wm2fzu/whats_the_ultimate_anti_aging_body_care_routine/,C005,r/40PlusSkinCare,reply,time_to_result,medium,1 Monat als Ergebnisfenster.,,whole_body,
A0207,Product / routine preferences,I also use Osea oil in the day.,Nutzt tagsüber OSEA-Öl.,https://www.reddit.com/r/40PlusSkinCare/comments/1wm2fzu/whats_the_ultimate_anti_aging_body_care_routine/pb9b7g0/,https://www.reddit.com/r/40PlusSkinCare/comments/1wm2fzu/whats_the_ultimate_anti_aging_body_care_routine/,C005,r/40PlusSkinCare,reply,new_competitor_oil,medium,Körperöl als Tages-Layer.,,whole_body,
A0208,Questions customers repeatedly ask,are we putting this retinol lotion everrrrrywhere??,Trägt man Retinol-Lotion wirklich überall auf?,https://www.reddit.com/r/40PlusSkinCare/comments/1wm2fzu/whats_the_ultimate_anti_aging_body_care_routine/pbb5i0j/,https://www.reddit.com/r/40PlusSkinCare/comments/1wm2fzu/whats_the_ultimate_anti_aging_body_care_routine/,C005,r/40PlusSkinCare,reply,question_what_works,medium,Unsicherheit über Flächenanwendung.,,whole_body,
A0209,Tactile descriptions,it makes my skin feel softer than the Body Retinol,Vitamin-C-Körperprodukt macht Haut weicher.,https://www.reddit.com/r/40PlusSkinCare/comments/1wm2fzu/whats_the_ultimate_anti_aging_body_care_routine/pb57tfl/,https://www.reddit.com/r/40PlusSkinCare/comments/1wm2fzu/whats_the_ultimate_anti_aging_body_care_routine/,C005,r/40PlusSkinCare,reply,soft_smooth_desire,medium,Weichheit als Vergleichsmaßstab.,,whole_body,
A0210,Purchase criteria,I especially love that they're cruelty-free—those are the companies I try to support.,Bevorzugt Cruelty-free-Marken.,https://www.reddit.com/r/40PlusSkinCare/comments/1wm2fzu/whats_the_ultimate_anti_aging_body_care_routine/pb7w6p5/,https://www.reddit.com/r/40PlusSkinCare/comments/1wm2fzu/whats_the_ultimate_anti_aging_body_care_routine/,C005,r/40PlusSkinCare,reply,new_ethics,medium,Ethik als Kriterium.,,whole_body,
A0211,Identity / social implications,I am 57 and my neck is looking like a gross turkey neck...ugh,"Mit 57 sieht der Hals aus wie ""Truthahnhals"".",https://www.reddit.com/r/40PlusSkinCare/comments/1wm2fzu/whats_the_ultimate_anti_aging_body_care_routine/pb9jwhu/,https://www.reddit.com/r/40PlusSkinCare/comments/1wm2fzu/whats_the_ultimate_anti_aging_body_care_routine/,C005,r/40PlusSkinCare,"reply, 57",old_lady_identity,high,"""turkey neck"" Metapher (Hals, angrenzend).",57,neck,
A0212,Ingredient / mechanism beliefs,it has a couple of peptides that signal the skin to produce more collagen and elastin,Peptide signalisieren Kollagen-/Elastinproduktion.,https://www.reddit.com/r/40PlusSkinCare/comments/1wm2fzu/whats_the_ultimate_anti_aging_body_care_routine/pb9jwhu/,https://www.reddit.com/r/40PlusSkinCare/comments/1wm2fzu/whats_the_ultimate_anti_aging_body_care_routine/,C005,r/40PlusSkinCare,"reply, 57",new_peptides,high,Peptid-Mechanismus-Glaube.,57,neck,
A0213,Exact phrases / metaphors / repeated wording,Im literally asking about skincare products,"OP will Produkte, keine Lebensstiltipps.",https://www.reddit.com/r/40PlusSkinCare/comments/1wm2fzu/whats_the_ultimate_anti_aging_body_care_routine/pbzfmer/,https://www.reddit.com/r/40PlusSkinCare/comments/1wm2fzu/whats_the_ultimate_anti_aging_body_care_routine/,C005,r/40PlusSkinCare,OP,question_what_works,medium,Frust über Lifestyle-Antworten statt Produktinfos.,,whole_body,
A0214,Desired outcomes,Couldn’t agree more! But also I need to do more,"Lebensstil reicht ihr nicht, will mehr tun.",https://www.reddit.com/r/40PlusSkinCare/comments/1wm2fzu/whats_the_ultimate_anti_aging_body_care_routine/pb6rp8f/,https://www.reddit.com/r/40PlusSkinCare/comments/1wm2fzu/whats_the_ultimate_anti_aging_body_care_routine/,C005,r/40PlusSkinCare,OP,consistency_effort,medium,Wunsch nach aktivem Handeln.,,whole_body,
A0215,Identity / social implications,I am doing nothing. I’m 54 and aging is natural.,Mit 54 tut sie nichts; Altern ist natürlich.,https://www.reddit.com/r/40PlusSkinCare/comments/1wm2fzu/whats_the_ultimate_anti_aging_body_care_routine/pb4olyq/,https://www.reddit.com/r/40PlusSkinCare/comments/1wm2fzu/whats_the_ultimate_anti_aging_body_care_routine/,C005,r/40PlusSkinCare,"reply, 54",acceptance_aging,high,Ablehnendes Segment.,54,whole_body,
A0216,Identity / social implications,just because someone wants to age naturally doesn’t mean they’re letting themselves go,Natürlich altern heißt nicht sich gehen lassen.,https://www.reddit.com/r/40PlusSkinCare/comments/1wm2fzu/whats_the_ultimate_anti_aging_body_care_routine/pb4s9op/,https://www.reddit.com/r/40PlusSkinCare/comments/1wm2fzu/whats_the_ultimate_anti_aging_body_care_routine/,C005,r/40PlusSkinCare,reply,acceptance_aging,medium,"""letting themselves go"" als Stigma; natürliches Altern + Pflege vereinbar.",,whole_body,
A0217,Purchase criteria,I’m also a big believer that you can do this without spending a robe of money.,Gute Pflege geht ohne viel Geld.,https://www.reddit.com/r/40PlusSkinCare/comments/1wm2fzu/whats_the_ultimate_anti_aging_body_care_routine/pb5uhqm/,https://www.reddit.com/r/40PlusSkinCare/comments/1wm2fzu/whats_the_ultimate_anti_aging_body_care_routine/,C005,r/40PlusSkinCare,reply,price_value,medium,Wert-Bewusstsein.,,whole_body,
A0218,Desired outcomes,"I absolutely love soft, well taken care of skin.","Liebt weiche, gepflegte Haut.",https://www.reddit.com/r/40PlusSkinCare/comments/1wm2fzu/whats_the_ultimate_anti_aging_body_care_routine/pb4z2i1/,https://www.reddit.com/r/40PlusSkinCare/comments/1wm2fzu/whats_the_ultimate_anti_aging_body_care_routine/,C005,r/40PlusSkinCare,reply,soft_smooth_desire,medium,"""well taken care of"" als Zielbild.",,whole_body,
A0219,Product / routine preferences,I rotate each night and use a lotion I like the smell of over smaller parts of my body. I don’t like a ton of lotion.,Rotiert und nutzt duftende Lotion auf kleinen Flächen; mag nicht viel Lotion.,https://www.reddit.com/r/40PlusSkinCare/comments/1wm2fzu/whats_the_ultimate_anti_aging_body_care_routine/pb66yc0/,https://www.reddit.com/r/40PlusSkinCare/comments/1wm2fzu/whats_the_ultimate_anti_aging_body_care_routine/,C005,r/40PlusSkinCare,reply,scent_love,medium,Duft-Layer selektiv.,,whole_body,
A0220,Purchase criteria,"I want to try some of the other new body serums that I’ve been seeing, but waiting for a few reviews before I commit to purchasing.",Wartet auf Reviews vor dem Kauf neuer Body-Seren.,https://www.reddit.com/r/40PlusSkinCare/comments/1wm2fzu/whats_the_ultimate_anti_aging_body_care_routine/pb66yc0/,https://www.reddit.com/r/40PlusSkinCare/comments/1wm2fzu/whats_the_ultimate_anti_aging_body_care_routine/,C005,r/40PlusSkinCare,reply,peer_proof,medium,Reviews als Kaufvoraussetzung.,,whole_body,
A0221,Tactile descriptions,I tried the naturium urea and it felt so good.,Naturium-Urea fühlte sich sehr gut an.,https://www.reddit.com/r/40PlusSkinCare/comments/1wm2fzu/whats_the_ultimate_anti_aging_body_care_routine/pb66yc0/,https://www.reddit.com/r/40PlusSkinCare/comments/1wm2fzu/whats_the_ultimate_anti_aging_body_care_routine/,C005,r/40PlusSkinCare,reply,urea,medium,Hautgefühl beim Auftragen.,,whole_body,
A0222,Exact phrases / metaphors / repeated wording,it was like I lost every bit of collagen in my body overnight,Als hätte sie über Nacht alles Kollagen verloren.,https://www.reddit.com/r/40PlusSkinCare/comments/1sp6sba/paper_thin_skin_on_hands/,https://www.reddit.com/r/40PlusSkinCare/comments/1sp6sba/paper_thin_skin_on_hands/,C006,r/40PlusSkinCare,"OP, 43, peri onset",sudden_onset;thin_skin_bruising,high,Kollagen als Laienbegriff für Hautsubstanz; Plötzlichkeits-Narrativ.,43,whole_body,hrt_medical_context
A0223,Symptoms / visible texture descriptions,"All of the skin on my body thinned and became extremely dry, although I never dealt with dry skin in the past.","Ganzkörperhaut dünner und extrem trocken, erstmals.",https://www.reddit.com/r/40PlusSkinCare/comments/1sp6sba/paper_thin_skin_on_hands/,https://www.reddit.com/r/40PlusSkinCare/comments/1sp6sba/paper_thin_skin_on_hands/,C006,r/40PlusSkinCare,"OP, 43",thin_skin_bruising;sudden_onset,high,Neu-Trockenheit bei Frauen ohne Vorgeschichte – Bedarf an Einstiegsprodukten.,43,whole_body,hrt_medical_context
A0224,Failed attempts,have been on hrt for 3 years but it hasn’t helped my hands much,HRT seit 3 Jahren hilft den Händen kaum.,https://www.reddit.com/r/40PlusSkinCare/comments/1sp6sba/paper_thin_skin_on_hands/,https://www.reddit.com/r/40PlusSkinCare/comments/1sp6sba/paper_thin_skin_on_hands/,C006,r/40PlusSkinCare,"OP, 43",hrt_estrogen_skin;crepey_hands,high,HRT löst Körperhaut nicht vollständig.,43,hands,hrt_medical_context
A0225,Questions customers repeatedly ask,is there anything I can do to strengthen or thicken the skin in this area?,Kann man die Haut stärken/verdicken?,https://www.reddit.com/r/40PlusSkinCare/comments/1sp6sba/paper_thin_skin_on_hands/,https://www.reddit.com/r/40PlusSkinCare/comments/1sp6sba/paper_thin_skin_on_hands/,C006,r/40PlusSkinCare,"OP, 43",question_what_works;thin_skin_bruising,high,"""thicken/strengthen"" als Wunschvokabular – Claims-Risiko beachten.",43,hands,
A0226,Symptoms / visible texture descriptions,"how easily it tears, scabs up, and heals very slowly","Reißt leicht, verkrustet, heilt langsam.",https://www.reddit.com/r/40PlusSkinCare/comments/1sp6sba/paper_thin_skin_on_hands/,https://www.reddit.com/r/40PlusSkinCare/comments/1sp6sba/paper_thin_skin_on_hands/,C006,r/40PlusSkinCare,OP edit,thin_skin_bruising,high,Fragilität eher medizinisch – Abgrenzung kosmetischer Ansprache.,43,hands,hrt_medical_context
A0227,Desired outcomes,"I don’t care how it looks so much, I’m more concerned with the thinness of the skin on my hands.",Funktion (Dicke) wichtiger als Aussehen.,https://www.reddit.com/r/40PlusSkinCare/comments/1sp6sba/paper_thin_skin_on_hands/,https://www.reddit.com/r/40PlusSkinCare/comments/1sp6sba/paper_thin_skin_on_hands/,C006,r/40PlusSkinCare,OP edit,thin_skin_bruising,high,Nicht alle Motivation ist ästhetisch – Hautgesundheit.,43,hands,
A0228,Exact phrases / metaphors / repeated wording,that internal cushion beneath the skin that gives that supple glowy overall look is just something i can only remininsce of,"Inneres ""Polster"" für geschmeidigen Glow nur noch Erinnerung.",https://www.reddit.com/r/40PlusSkinCare/comments/1sp6sba/paper_thin_skin_on_hands/oh0ez21/,https://www.reddit.com/r/40PlusSkinCare/comments/1sp6sba/paper_thin_skin_on_hands/,C006,r/40PlusSkinCare,reply,glow_desire;soft_smooth_desire,medium,"""cushion""/""supple glowy"" als Sprachbilder für Jugend.",,whole_body,
A0229,Exact phrases / metaphors / repeated wording,I miss my cushiony hands!,Vermisst ihre gepolsterten Hände.,https://www.reddit.com/r/40PlusSkinCare/comments/1sp6sba/paper_thin_skin_on_hands/oh021wa/,https://www.reddit.com/r/40PlusSkinCare/comments/1sp6sba/paper_thin_skin_on_hands/,C006,r/40PlusSkinCare,reply,crepey_hands,medium,Verlust-Sprache.,,hands,
A0230,Ingredient / mechanism beliefs,urea-based hand creams are underrated for actually rebuilding the skin barrier vs just moisturizing on the surface,Urea baut Barriere auf statt nur Oberfläche zu befeuchten.,https://www.reddit.com/r/40PlusSkinCare/comments/1sp6sba/paper_thin_skin_on_hands/ogzqpm1/,https://www.reddit.com/r/40PlusSkinCare/comments/1sp6sba/paper_thin_skin_on_hands/,C006,r/40PlusSkinCare,reply,urea;lotion_temporary,medium,Oberfläche vs. Tiefe als Glaubensmuster.,,hands,
A0231,Skepticism,I have noticed that treating the skin didn’t really do anything.,Hautbehandlung hat nichts gebracht – Volumenverlust.,https://www.reddit.com/r/40PlusSkinCare/comments/1sp6sba/paper_thin_skin_on_hands/ogyg0kl/,https://www.reddit.com/r/40PlusSkinCare/comments/1sp6sba/paper_thin_skin_on_hands/,C006,r/40PlusSkinCare,reply,only_procedures_work;crepey_hands,medium,Hände: Volumen statt Textur – Topika-Grenzen.,,hands,
A0232,Symptoms / visible texture descriptions,"I have naturally very frail looking, thin-skinned hands.","Von Natur zerbrechlich aussehende, dünnhäutige Hände.",https://www.reddit.com/r/40PlusSkinCare/comments/1sp6sba/paper_thin_skin_on_hands/ogyhhsu/,https://www.reddit.com/r/40PlusSkinCare/comments/1sp6sba/paper_thin_skin_on_hands/,C006,r/40PlusSkinCare,reply,thin_skin_bruising;crepey_hands,medium,"""frail"" Vokabular.",,hands,
A0233,Product / routine preferences,"using some of my skin care ""cast offs"" (the anti aging products that didn't agree with my face-vitamin c, retinaldehyde)",Nutzt aussortierte Gesichtsprodukte für Hände.,https://www.reddit.com/r/40PlusSkinCare/comments/1sp6sba/paper_thin_skin_on_hands/ogyhhsu/,https://www.reddit.com/r/40PlusSkinCare/comments/1sp6sba/paper_thin_skin_on_hands/,C006,r/40PlusSkinCare,reply,new_face_products_on_body,medium,Resteverwertung wiederkehrend.,,hands,
A0234,Time-to-result expectations,I've been using amalactin in the blue and white tub for last 2 weeks Seems to be helping,Nach 2 Wochen AmLactin scheint es zu helfen.,https://www.reddit.com/r/40PlusSkinCare/comments/1sp6sba/paper_thin_skin_on_hands/ogywks9/,https://www.reddit.com/r/40PlusSkinCare/comments/1sp6sba/paper_thin_skin_on_hands/,C006,r/40PlusSkinCare,reply,amlactin_lactic;time_to_result,medium,2-Wochen-Fenster.,,hands,
A0235,Exact phrases / metaphors / repeated wording,witch hands and vascular arms,"""Hexenhände"" und venöse Arme.",https://www.reddit.com/r/40PlusSkinCare/comments/1sp6sba/paper_thin_skin_on_hands/oh1vg8a/,https://www.reddit.com/r/40PlusSkinCare/comments/1sp6sba/paper_thin_skin_on_hands/,C006,r/40PlusSkinCare,reply,crepey_hands;old_lady_identity,low,"Metapher ""witch hands""; Poster seit 20ern betroffen.",,hands,under_40_signal
A0236,Symptoms / visible texture descriptions,Being fair skinned does not help bc it’s just so see-through,Helle Haut wirkt durchscheinend.,https://www.reddit.com/r/40PlusSkinCare/comments/1sp6sba/paper_thin_skin_on_hands/oh6ndcj/,https://www.reddit.com/r/40PlusSkinCare/comments/1sp6sba/paper_thin_skin_on_hands/,C006,r/40PlusSkinCare,reply,thin_skin_bruising,medium,"""see-through"" wiederkehrend.",,hands,
A0237,Skepticism,Why are you putting Tret on your hands? Moisturize daily that’s it.,Nur täglich eincremen genügt.,https://www.reddit.com/r/40PlusSkinCare/comments/1sp6sba/paper_thin_skin_on_hands/oh73p29/,https://www.reddit.com/r/40PlusSkinCare/comments/1sp6sba/paper_thin_skin_on_hands/,C006,r/40PlusSkinCare,reply,consistency_effort,medium,Minimalisten-Haltung.,,hands,
A0238,Skepticism,I don’t think anything topical has helped or frankly will help when the main issue is volume loss,Nichts Topisches hilft bei Volumenverlust.,https://www.reddit.com/r/40PlusSkinCare/comments/1sp6sba/paper_thin_skin_on_hands/oh78pmu/,https://www.reddit.com/r/40PlusSkinCare/comments/1sp6sba/paper_thin_skin_on_hands/,C006,r/40PlusSkinCare,reply,only_procedures_work;nothing_works,medium,Topika-Skepsis bei Händen.,,hands,
A0239,Time-to-result expectations,I’ve seen a difference and I’ve been taking consistently for a few months,Nach einigen Monaten Kollagen Unterschied gesehen.,https://www.reddit.com/r/40PlusSkinCare/comments/1sp6sba/paper_thin_skin_on_hands/ohad6oh/,https://www.reddit.com/r/40PlusSkinCare/comments/1sp6sba/paper_thin_skin_on_hands/,C006,r/40PlusSkinCare,reply,collagen_supplement;time_to_result,medium,Monate-Horizont für Supplements.,,whole_body,
A0240,Ingredient / mechanism beliefs,Supports dermal fat cells to restore volume rather than just providing surface hydration.,Werbetext: Fettzellen statt Oberflächenhydratation.,https://www.reddit.com/r/40PlusSkinCare/comments/1sp6sba/paper_thin_skin_on_hands/ohi7imx/,https://www.reddit.com/r/40PlusSkinCare/comments/1sp6sba/paper_thin_skin_on_hands/,C006,r/40PlusSkinCare,reply quoting product marketing (Adipeau),marketing_distrust,low,Kommentar liest sich wie Werbetext – Seeding-Verdacht.,,hands,possible_seeding
A0241,Ingredient / mechanism beliefs,Gold Bond’s retinol lotion or lactic acid like Amlactin can help build collagen and thicken skin over time.,Retinol/Milchsäure bauen über Zeit Kollagen auf.,https://www.reddit.com/r/40PlusSkinCare/comments/1sp6sba/paper_thin_skin_on_hands/oi1ctdd/,https://www.reddit.com/r/40PlusSkinCare/comments/1sp6sba/paper_thin_skin_on_hands/,C006,r/40PlusSkinCare,reply,gold_bond_crepe;amlactin_lactic;retinol_body,medium,"Wirkstoff-Glaube: Aufbau ""over time"".",,hands,
A0242,Questions customers repeatedly ask,Which one and why do you love it????,Welche Retinol-Bodylotion und warum?,https://www.reddit.com/r/40PlusSkinCare/comments/1ulxa50/best_retinol_body_lotion/,https://www.reddit.com/r/40PlusSkinCare/comments/1ulxa50/best_retinol_body_lotion/,C007,r/40PlusSkinCare,OP,question_what_works;retinol_body,medium,Peer-Empfehlungen als Hauptinformationsquelle.,,whole_body,
A0243,Desired outcomes,My arms need some help!,Arme brauchen Hilfe.,https://www.reddit.com/r/40PlusSkinCare/comments/1ulxa50/best_retinol_body_lotion/ov8367a/,https://www.reddit.com/r/40PlusSkinCare/comments/1ulxa50/best_retinol_body_lotion/,C007,r/40PlusSkinCare,reply,crepey_arms,medium,Arme als Fokuszone.,,arms,
A0244,Successful attempts,"my skin is so soft and smooth the next day, I’ve never found anything else like it!",Haut am nächsten Tag weich und glatt.,https://www.reddit.com/r/40PlusSkinCare/comments/1ulxa50/best_retinol_body_lotion/ovfkhds/,https://www.reddit.com/r/40PlusSkinCare/comments/1ulxa50/best_retinol_body_lotion/,C007,r/40PlusSkinCare,reply on recommended lotion,soft_smooth_desire;time_to_result,medium,"""next day"" Weichheit als Sofort-Feedback.",,whole_body,
A0245,Questions customers repeatedly ask,Does the lotion have much of a strong scent?,Hat die Lotion starken Duft?,https://www.reddit.com/r/40PlusSkinCare/comments/1ulxa50/best_retinol_body_lotion/ovcu28y/,https://www.reddit.com/r/40PlusSkinCare/comments/1ulxa50/best_retinol_body_lotion/,C007,r/40PlusSkinCare,reply,fragrance_sensitivity,medium,Duft-Frage als Standardfrage.,,whole_body,
A0246,Successful attempts,agree wasn’t expecting much but it’s good,"Erwartete wenig, ist aber gut.",https://www.reddit.com/r/40PlusSkinCare/comments/1ulxa50/best_retinol_body_lotion/ovv4ghc/,https://www.reddit.com/r/40PlusSkinCare/comments/1ulxa50/best_retinol_body_lotion/,C007,r/40PlusSkinCare,reply,new_low_expectations,medium,Niedrige Erwartungen als Ausgangslage.,,whole_body,
A0247,Routine friction,We have to put it on our bodies too?! 😩😩,Muss man das auch noch auf den Körper?,https://www.reddit.com/r/40PlusSkinCare/comments/1ulxa50/best_retinol_body_lotion/ovcgbr8/,https://www.reddit.com/r/40PlusSkinCare/comments/1ulxa50/best_retinol_body_lotion/,C007,r/40PlusSkinCare,reply,routine_fatigue,medium,Routine-Erschöpfung: Körper als zusätzliche Last.,,whole_body,
A0248,Routine friction,I just put it on my hands on night before bed,Nur an Händen vor dem Schlafen.,https://www.reddit.com/r/40PlusSkinCare/comments/1ulxa50/best_retinol_body_lotion/ovdowgb/,https://www.reddit.com/r/40PlusSkinCare/comments/1ulxa50/best_retinol_body_lotion/,C007,r/40PlusSkinCare,reply,routine_fatigue;crepey_hands,medium,Minimal-Anwendung.,,hands,
A0249,Product / routine preferences,"If over 50, Amalactin and a tube of Retin-a mixed together, is the bomb!",Über 50: AmLactin + Retin-A gemischt.,https://www.reddit.com/r/40PlusSkinCare/comments/1ulxa50/best_retinol_body_lotion/ovf0tz9/,https://www.reddit.com/r/40PlusSkinCare/comments/1ulxa50/best_retinol_body_lotion/,C007,r/40PlusSkinCare,reply,amlactin_lactic;retinol_body,medium,DIY-Mixing in Community verbreitet.,,whole_body,
A0250,Ingredient / mechanism beliefs,one should not mix Tretinoin with other products ahead of using them. It can become inactive.,Tretinoin nicht vormischen – wird inaktiv.,https://www.reddit.com/r/40PlusSkinCare/comments/1ulxa50/best_retinol_body_lotion/ovfy6gq/,https://www.reddit.com/r/40PlusSkinCare/comments/1ulxa50/best_retinol_body_lotion/,C007,r/40PlusSkinCare,reply,retinol_body,medium,Kontroverse Mechanismus-Debatten.,,whole_body,
A0251,Purchase criteria,You don’t need to spend $$ to have great skin I promise!,Man muss nicht viel Geld ausgeben.,https://www.reddit.com/r/40PlusSkinCare/comments/1ulxa50/best_retinol_body_lotion/ovfqpq8/,https://www.reddit.com/r/40PlusSkinCare/comments/1ulxa50/best_retinol_body_lotion/,C007,r/40PlusSkinCare,"reply, claims 20 yrs prestige beauty",price_value,medium,Insider-Stimme pro Drogerie.,,whole_body,
A0252,Successful attempts,Gold Bond Retinol Body Lotion! I’ve spent 20 years working in prestige beauty and it’s incredible,Gold Bond Retinol Lotion großartig (Beauty-Insiderin).,https://www.reddit.com/r/40PlusSkinCare/comments/1ulxa50/best_retinol_body_lotion/ovfqpq8/,https://www.reddit.com/r/40PlusSkinCare/comments/1ulxa50/best_retinol_body_lotion/,C007,r/40PlusSkinCare,reply,gold_bond_crepe;retinol_body,medium,Branchenstimme für Drogerieprodukt.,,whole_body,
A0253,Objections,it take so long to dry.. i felt like i was sticking to the sheets,"Gold Bond trocknet langsam, klebt an Bettwäsche.",https://www.reddit.com/r/40PlusSkinCare/comments/1ulxa50/best_retinol_body_lotion/p397erc/,https://www.reddit.com/r/40PlusSkinCare/comments/1ulxa50/best_retinol_body_lotion/,C007,r/40PlusSkinCare,reply,new_sticky_sheets,medium,Kleben an Bettlaken als Nacht-Einwand.,,whole_body,
A0254,Purchase criteria,i like that it spreads smoothly and drys quickly,"Verteilt sich gut, trocknet schnell.",https://www.reddit.com/r/40PlusSkinCare/comments/1ulxa50/best_retinol_body_lotion/p397erc/,https://www.reddit.com/r/40PlusSkinCare/comments/1ulxa50/best_retinol_body_lotion/,C007,r/40PlusSkinCare,reply,oil_absorbs_fast,medium,Spreadability + schnelles Trocknen.,,whole_body,
A0255,Exact phrases / metaphors / repeated wording,i ordered in my sleep🙄one night doom scrolling,Nachts beim Doomscrolling bestellt.,https://www.reddit.com/r/40PlusSkinCare/comments/1ulxa50/best_retinol_body_lotion/p397erc/,https://www.reddit.com/r/40PlusSkinCare/comments/1ulxa50/best_retinol_body_lotion/,C007,r/40PlusSkinCare,reply,new_impulse_purchase,medium,Impulskauf nachts über Social.,,whole_body,
A0256,Purchase criteria,the best value in this category (cost per oz),Bester Wert pro Unze.,https://www.reddit.com/r/40PlusSkinCare/comments/1ulxa50/best_retinol_body_lotion/ovg7sci/,https://www.reddit.com/r/40PlusSkinCare/comments/1ulxa50/best_retinol_body_lotion/,C007,r/40PlusSkinCare,reply,price_value,medium,Kosten pro Unze als Vergleichsgröße.,,whole_body,
A0257,Routine friction,for those who don’t have the time or desire to apply a full body lotion,Für Leute ohne Zeit/Lust auf Ganzkörperlotion.,https://www.reddit.com/r/40PlusSkinCare/comments/1ulxa50/best_retinol_body_lotion/ovg7sci/,https://www.reddit.com/r/40PlusSkinCare/comments/1ulxa50/best_retinol_body_lotion/,C007,r/40PlusSkinCare,reply,routine_fatigue,medium,Zeit/Lust als Hürde – Duschintegration als Alternative.,,whole_body,
A0258,Ingredient / mechanism beliefs,I always assumed body washes with actives were useless because you’re rinsing everything away,Annahme: Wirkstoff-Duschgels werden abgespült.,https://www.reddit.com/r/40PlusSkinCare/comments/1ulxa50/best_retinol_body_lotion/ovg7sci/,https://www.reddit.com/r/40PlusSkinCare/comments/1ulxa50/best_retinol_body_lotion/,C007,r/40PlusSkinCare,reply,new_rinse_off_doubt,medium,Skepsis gegenüber Rinse-off-Wirkung.,,whole_body,
A0259,Successful attempts,My skin is as soft as a baby’s bottom with a little tan glow and I’m 54.,Mit 54 Haut weich wie Babypopo mit leichtem Bräune-Glow.,https://www.reddit.com/r/40PlusSkinCare/comments/1ulxa50/best_retinol_body_lotion/ovgfwz7/,https://www.reddit.com/r/40PlusSkinCare/comments/1ulxa50/best_retinol_body_lotion/,C007,r/40PlusSkinCare,"reply, 54",soft_smooth_desire;glow_desire,high,"""soft as a baby's bottom"" + ""glow"" als Ergebnisbild.",54,whole_body,
A0260,Product / routine preferences,VaniCream with a little baby oil in the mornings,Morgens Vanicream mit etwas Babyöl.,https://www.reddit.com/r/40PlusSkinCare/comments/1ulxa50/best_retinol_body_lotion/ovgfwz7/,https://www.reddit.com/r/40PlusSkinCare/comments/1ulxa50/best_retinol_body_lotion/,C007,r/40PlusSkinCare,"reply, 54",cheap_oil_alternative,high,Babyöl als günstiges Öl-Add-on.,54,whole_body,
A0261,Tactile descriptions,i'm also 54 and have been noticing how soft my skin feels,"Mit 54 merkt sie, wie weich sich die Haut anfühlt.",https://www.reddit.com/r/40PlusSkinCare/comments/1ulxa50/best_retinol_body_lotion/ovv24oe/,https://www.reddit.com/r/40PlusSkinCare/comments/1ulxa50/best_retinol_body_lotion/,C007,r/40PlusSkinCare,"reply, 54",soft_smooth_desire,high,Weichheit fühlbar.,54,whole_body,
A0262,Ingredient / mechanism beliefs,"like our faces, our body skin needs different things to address different issues and all-over health",Körperhaut braucht wie das Gesicht verschiedene Dinge.,https://www.reddit.com/r/40PlusSkinCare/comments/1ulxa50/best_retinol_body_lotion/ovvi1d7/,https://www.reddit.com/r/40PlusSkinCare/comments/1ulxa50/best_retinol_body_lotion/,C007,r/40PlusSkinCare,"reply, 54",new_body_neglect_vs_face,high,Übertragung Gesichtslogik auf Körper.,54,whole_body,
A0263,Tactile descriptions,my feet and body felt so smooth under the sheets I was impressed with myself,Körper fühlte sich unter der Bettdecke so glatt an.,https://www.reddit.com/r/40PlusSkinCare/comments/1ulxa50/best_retinol_body_lotion/ovvi1d7/,https://www.reddit.com/r/40PlusSkinCare/comments/1ulxa50/best_retinol_body_lotion/,C007,r/40PlusSkinCare,"reply, 54",soft_smooth_desire;self_care_ritual,high,Sinnliches Hautgefühl im Bett als Belohnung.,54,whole_body,
A0264,Routine friction,I also dry brush on occasion and that makes me extra smooth but I always forget to did it,Trockenbürsten – vergisst es immer.,https://www.reddit.com/r/40PlusSkinCare/comments/1ulxa50/best_retinol_body_lotion/ovvi1d7/,https://www.reddit.com/r/40PlusSkinCare/comments/1ulxa50/best_retinol_body_lotion/,C007,r/40PlusSkinCare,"reply, 54",exfoliation_dry_brush;routine_fatigue,high,Vergesslichkeit als Hürde.,54,whole_body,
A0265,Tactile descriptions,Luscious feeling and gives your limbs some sheen. Not glitter but just a healthy glow.,"Üppiges Gefühl, Schimmer auf den Gliedern, gesunder Glow.",https://www.reddit.com/r/40PlusSkinCare/comments/1ulxa50/best_retinol_body_lotion/ov8red6/,https://www.reddit.com/r/40PlusSkinCare/comments/1ulxa50/best_retinol_body_lotion/,C007,r/40PlusSkinCare,reply,glow_desire,medium,"""healthy glow, not glitter"" Präferenz.",,arms,
A0266,Purchase criteria,"Light to medium weight, spreads and absorbs easily.","Leicht bis mittel, verteilt sich und zieht leicht ein.",https://www.reddit.com/r/40PlusSkinCare/comments/1ulxa50/best_retinol_body_lotion/ovdocsx/,https://www.reddit.com/r/40PlusSkinCare/comments/1ulxa50/best_retinol_body_lotion/,C007,r/40PlusSkinCare,reply,oil_absorbs_fast,medium,Texturgewicht als Kriterium.,,whole_body,
A0267,Time-to-result expectations,I'm at 2 weeks now and am already seeing an improvement in the texture on my legs (the desert look).,"Nach 2 Wochen bessere Beintextur (""Wüsten-Look"").",https://www.reddit.com/r/40PlusSkinCare/comments/1ulxa50/best_retinol_body_lotion/ovfziyu/,https://www.reddit.com/r/40PlusSkinCare/comments/1ulxa50/best_retinol_body_lotion/,C007,r/40PlusSkinCare,reply,time_to_result;crepey_legs,medium,"2-Wochen-Fenster; ""desert look"" Metapher.",,legs,
A0268,Exact phrases / metaphors / repeated wording,the desert look,"""Wüsten-Look"" der Beine.",https://www.reddit.com/r/40PlusSkinCare/comments/1ulxa50/best_retinol_body_lotion/ovfziyu/,https://www.reddit.com/r/40PlusSkinCare/comments/1ulxa50/best_retinol_body_lotion/,C007,r/40PlusSkinCare,reply,new_desert_metaphor,medium,Wüsten-Metapher wiederkehrend (vgl. desert shins).,,legs,
A0269,Product / routine preferences,"I’m 64, was a skin worshipper for years.","Mit 64, jahrelang Sonnenanbeterin.",https://www.reddit.com/r/40PlusSkinCare/comments/1ulxa50/best_retinol_body_lotion/ovpojjm/,https://www.reddit.com/r/40PlusSkinCare/comments/1ulxa50/best_retinol_body_lotion/,C007,r/40PlusSkinCare,"reply, 64",sunscreen_sun_damage,high,Sonnenvergangenheit als Ursache-Narrativ.,64,whole_body,
A0270,Successful attempts,Posay’s Lipikar AP+Max cream is working on my crepey skin,Lipikar wirkt bei Krepphaut.,https://www.reddit.com/r/40PlusSkinCare/comments/1ulxa50/best_retinol_body_lotion/ovpojjm/,https://www.reddit.com/r/40PlusSkinCare/comments/1ulxa50/best_retinol_body_lotion/,C007,r/40PlusSkinCare,"reply, 64",crepey_arms,high,Barrierecreme als Erfolgsprodukt.,64,whole_body,
A0271,Tactile descriptions,My skin hasn’t felt this soft in awhile.,Haut fühlte sich lange nicht so weich an.,https://www.reddit.com/r/40PlusSkinCare/comments/1ulxa50/best_retinol_body_lotion/ow7tf41/,https://www.reddit.com/r/40PlusSkinCare/comments/1ulxa50/best_retinol_body_lotion/,C007,r/40PlusSkinCare,reply,soft_smooth_desire,medium,Weichheit als Wiederentdeckung.,,whole_body,
A0272,Purchase criteria,It’s one of the few that puts the strength of the retinol on the packaging.,Eine der wenigen mit Retinol-Stärke auf Packung.,https://www.reddit.com/r/40PlusSkinCare/comments/1ulxa50/best_retinol_body_lotion/ovrsa5c/,https://www.reddit.com/r/40PlusSkinCare/comments/1ulxa50/best_retinol_body_lotion/,C007,r/40PlusSkinCare,reply,marketing_distrust,medium,Transparenz-Kriterium.,,whole_body,
A0273,Questions customers repeatedly ask,Do you have a favorite that actually sinks in and gives results?,Welches Produkt zieht wirklich ein und wirkt?,https://www.reddit.com/r/40PlusSkinCare/comments/1um2cf3/i_feel_like_my_body_doesnt_absorb_moisturizer_and/,https://www.reddit.com/r/40PlusSkinCare/comments/1um2cf3/i_feel_like_my_body_doesnt_absorb_moisturizer_and/,C008,r/40PlusSkinCare,OP: body moisturizer sits on top,lotion_temporary;question_what_works,medium,"""sinks in"" + ""results"" als Doppelkriterium.",,whole_body,
A0274,Product / routine preferences,"My skincare routine has never been more effective and more inexpensive: Amlactin, Vani Cream, prescription tretinoin, castor oil. Everything else is fluff.",Effektivste und günstigste Routine; alles andere ist Schnickschnack.,https://www.reddit.com/r/40PlusSkinCare/comments/1um2cf3/i_feel_like_my_body_doesnt_absorb_moisturizer_and/ov901z3/,https://www.reddit.com/r/40PlusSkinCare/comments/1um2cf3/i_feel_like_my_body_doesnt_absorb_moisturizer_and/,C008,r/40PlusSkinCare,reply,amlactin_lactic;price_value;marketing_distrust,medium,"Minimalistische Basis-Routine; ""fluff""-Skepsis gegenüber Extras.",,whole_body,
A0275,Failed attempts,"hate the smell, but I’ll do it. Been using on my crepey shoulders for about a month with no improvements though.",Hasst den Geruch; nach einem Monat an Schultern keine Verbesserung.,https://www.reddit.com/r/40PlusSkinCare/comments/1um2cf3/i_feel_like_my_body_doesnt_absorb_moisturizer_and/ovb3hfk/,https://www.reddit.com/r/40PlusSkinCare/comments/1um2cf3/i_feel_like_my_body_doesnt_absorb_moisturizer_and/,C008,r/40PlusSkinCare,reply,amlactin_lactic;fragrance_sensitivity;time_to_result,medium,AmLactin wirkt nicht bei allen; 1-Monats-Enttäuschung.,,arms,
A0276,Ingredient / mechanism beliefs,That can happen when your skin is dehydrated. Have you tried applying it while your skin is still damp?,Bei dehydrierter Haut – auf feuchte Haut auftragen.,https://www.reddit.com/r/40PlusSkinCare/comments/1um2cf3/i_feel_like_my_body_doesnt_absorb_moisturizer_and/ov8yfsb/,https://www.reddit.com/r/40PlusSkinCare/comments/1um2cf3/i_feel_like_my_body_doesnt_absorb_moisturizer_and/,C008,r/40PlusSkinCare,reply,oil_on_damp_skin,medium,Damp-Skin-Tipp als Standardantwort.,,whole_body,
A0277,Routine friction,I need to be better about doing this. Thanks for the reminder!,Muss konsequenter auf feuchte Haut auftragen.,https://www.reddit.com/r/40PlusSkinCare/comments/1um2cf3/i_feel_like_my_body_doesnt_absorb_moisturizer_and/ovcwegw/,https://www.reddit.com/r/40PlusSkinCare/comments/1um2cf3/i_feel_like_my_body_doesnt_absorb_moisturizer_and/,C008,r/40PlusSkinCare,OP,oil_on_damp_skin;consistency_effort,medium,"Wissen vorhanden, Umsetzung hapert.",,whole_body,
A0278,Ingredient / mechanism beliefs,"apply your lotion right after you dry off from the shower, like within 2 minutes",Innerhalb von 2 Minuten nach dem Duschen eincremen.,https://www.reddit.com/r/40PlusSkinCare/comments/1um2cf3/i_feel_like_my_body_doesnt_absorb_moisturizer_and/ov9lj71/,https://www.reddit.com/r/40PlusSkinCare/comments/1um2cf3/i_feel_like_my_body_doesnt_absorb_moisturizer_and/,C008,r/40PlusSkinCare,reply,oil_on_damp_skin,medium,Konkrete Zeitregel als Peer-Wissen.,,whole_body,
A0279,Purchase criteria,"Look for one without silicone, vani cream, nivea, eucerine or oil",Ohne Silikon oder Öl suchen.,https://www.reddit.com/r/40PlusSkinCare/comments/1um2cf3/i_feel_like_my_body_doesnt_absorb_moisturizer_and/ov8w5vl/,https://www.reddit.com/r/40PlusSkinCare/comments/1um2cf3/i_feel_like_my_body_doesnt_absorb_moisturizer_and/,C008,r/40PlusSkinCare,reply,oil_vs_lotion_confusion,medium,"Gegenposition: Öl als Ursache für ""Aufliegen"".",,whole_body,
A0280,Objections,the Lipikar Urea doesn't absorb and clumps up on me,"Lipikar Urea zieht nicht ein, verklumpt.",https://www.reddit.com/r/40PlusSkinCare/comments/1um2cf3/i_feel_like_my_body_doesnt_absorb_moisturizer_and/p7mvjjk/,https://www.reddit.com/r/40PlusSkinCare/comments/1um2cf3/i_feel_like_my_body_doesnt_absorb_moisturizer_and/,C008,r/40PlusSkinCare,reply,urea,medium,Pilling/Verklumpen als Texturproblem.,,whole_body,
A0281,Successful attempts,"Try applying products while skin is slightly damp. I didn’t believe it for the longest time, but when I eventually tried it, I was amazed that it works.","Auf leicht feuchte Haut auftragen – war skeptisch, dann erstaunt.",https://www.reddit.com/r/40PlusSkinCare/comments/1um2cf3/i_feel_like_my_body_doesnt_absorb_moisturizer_and/ovbesb8/,https://www.reddit.com/r/40PlusSkinCare/comments/1um2cf3/i_feel_like_my_body_doesnt_absorb_moisturizer_and/,C008,r/40PlusSkinCare,reply,oil_on_damp_skin,medium,Skepsis → Bekehrung bei Anwendungstechnik.,,whole_body,
A0282,Ingredient / mechanism beliefs,The HA and PGA pull moisture into skin and urea is a penetration enhancer.,"HA/PGA ziehen Feuchtigkeit, Urea verbessert Penetration.",https://www.reddit.com/r/40PlusSkinCare/comments/1um2cf3/i_feel_like_my_body_doesnt_absorb_moisturizer_and/ov95qrr/,https://www.reddit.com/r/40PlusSkinCare/comments/1um2cf3/i_feel_like_my_body_doesnt_absorb_moisturizer_and/,C008,r/40PlusSkinCare,reply,urea,medium,Laien-Wirkmechanismen.,,whole_body,
A0283,Ingredient / mechanism beliefs,sometimes dead skin build up creates blockage that doesn’t allow skincare to penetrate,Abgestorbene Hautschicht blockiert Pflege.,https://www.reddit.com/r/40PlusSkinCare/comments/1um2cf3/i_feel_like_my_body_doesnt_absorb_moisturizer_and/ovdm3ll/,https://www.reddit.com/r/40PlusSkinCare/comments/1um2cf3/i_feel_like_my_body_doesnt_absorb_moisturizer_and/,C008,r/40PlusSkinCare,reply,exfoliation_dry_brush,medium,"Glaube: Exfoliation nötig, damit Pflege eindringt.",,whole_body,
A0284,Purchase criteria,I get the fragrance free version because I have skin allergies,Duftfrei wegen Allergien.,https://www.reddit.com/r/40PlusSkinCare/comments/1um2cf3/i_feel_like_my_body_doesnt_absorb_moisturizer_and/ovcbg3d/,https://www.reddit.com/r/40PlusSkinCare/comments/1um2cf3/i_feel_like_my_body_doesnt_absorb_moisturizer_and/,C008,r/40PlusSkinCare,reply,fragrance_sensitivity,medium,Duftfrei-Option wichtig.,,whole_body,
A0285,Objections,it’s become so waxy I stopped using it,"So wachsig geworden, dass sie aufhörte.",https://www.reddit.com/r/40PlusSkinCare/comments/1um2cf3/i_feel_like_my_body_doesnt_absorb_moisturizer_and/ovdkup1/,https://www.reddit.com/r/40PlusSkinCare/comments/1um2cf3/i_feel_like_my_body_doesnt_absorb_moisturizer_and/,C008,r/40PlusSkinCare,reply,new_waxy_texture,medium,"""waxy"" als Texturablehnung; Formeländerung-Misstrauen.",,whole_body,
A0286,Ingredient / mechanism beliefs,Skin cell turn over gets slower as we age,Zellerneuerung wird mit dem Alter langsamer.,https://www.reddit.com/r/40PlusSkinCare/comments/1um2cf3/i_feel_like_my_body_doesnt_absorb_moisturizer_and/ovgtg5s/,https://www.reddit.com/r/40PlusSkinCare/comments/1um2cf3/i_feel_like_my_body_doesnt_absorb_moisturizer_and/,C008,r/40PlusSkinCare,reply,exfoliation_dry_brush,medium,Alterungsmechanismus-Glaube.,,whole_body,
A0287,Objections,I am particularly icked-out by moisturisers that feel like they sit on top of my skin too!,"Ekel vor Cremes, die obenauf liegen.",https://www.reddit.com/r/40PlusSkinCare/comments/1um2cf3/i_feel_like_my_body_doesnt_absorb_moisturizer_and/ovgyscx/,https://www.reddit.com/r/40PlusSkinCare/comments/1um2cf3/i_feel_like_my_body_doesnt_absorb_moisturizer_and/,C008,r/40PlusSkinCare,reply,lotion_temporary,low,Starke Abneigung gegen Filmgefühl; NZ-Signal.,,whole_body,non_us_signal
A0288,Tactile descriptions,high occlusivity that feels like a film on the skin,Hohe Okklusivität fühlt sich wie Film an.,https://www.reddit.com/r/40PlusSkinCare/comments/1um2cf3/i_feel_like_my_body_doesnt_absorb_moisturizer_and/ovgyscx/,https://www.reddit.com/r/40PlusSkinCare/comments/1um2cf3/i_feel_like_my_body_doesnt_absorb_moisturizer_and/,C008,r/40PlusSkinCare,reply,oil_seals_not_hydrates,low,"""film on the skin"" als Ablehnungsbegriff.",,whole_body,non_us_signal
A0289,Tactile descriptions,"I expected it to be either sticky, slippery, slime or something but I was wowed!","Erwartete klebrig/rutschig, war begeistert (Talg).",https://www.reddit.com/r/40PlusSkinCare/comments/1um2cf3/i_feel_like_my_body_doesnt_absorb_moisturizer_and/ovbfqv3/,https://www.reddit.com/r/40PlusSkinCare/comments/1um2cf3/i_feel_like_my_body_doesnt_absorb_moisturizer_and/,C008,r/40PlusSkinCare,reply on tallow,new_tallow,medium,Texturängste: sticky/slippery/slime.,,legs,
A0290,Failed attempts,Moisturizer on my legs has always been a failure!,Feuchtigkeitscreme an den Beinen immer gescheitert.,https://www.reddit.com/r/40PlusSkinCare/comments/1um2cf3/i_feel_like_my_body_doesnt_absorb_moisturizer_and/ovbfqv3/,https://www.reddit.com/r/40PlusSkinCare/comments/1um2cf3/i_feel_like_my_body_doesnt_absorb_moisturizer_and/,C008,r/40PlusSkinCare,reply,nothing_works;crepey_legs,medium,Beine als Problemzone.,,legs,
A0291,Tactile descriptions,"It just melted into my body and wasn't sticky, slippery, just soft.","Schmolz ein, nicht klebrig, nicht rutschig, nur weich.",https://www.reddit.com/r/40PlusSkinCare/comments/1um2cf3/i_feel_like_my_body_doesnt_absorb_moisturizer_and/ovbf304/,https://www.reddit.com/r/40PlusSkinCare/comments/1um2cf3/i_feel_like_my_body_doesnt_absorb_moisturizer_and/,C008,r/40PlusSkinCare,reply on tallow,new_tallow;soft_smooth_desire,medium,"""melted into"" als Wunschtextur-Sprache.",,whole_body,
A0292,Objections,"I absolutely love everything about Amlactin, except for the smell.",Liebt alles an AmLactin außer dem Geruch.,https://www.reddit.com/r/40PlusSkinCare/comments/1v0ikmh/lactic_acid_body_lotions_that_smell_nice/,https://www.reddit.com/r/40PlusSkinCare/comments/1v0ikmh/lactic_acid_body_lotions_that_smell_nice/,C009,r/40PlusSkinCare,OP,amlactin_lactic;fragrance_sensitivity,medium,Geruch als Achillesferse des Kategorie-Benchmarks.,,whole_body,
A0293,Purchase criteria,"just as effective on the skin with a similar percentage of Lactic Acid, but that has something to cover up the horrible pee smell","Gleich wirksam, aber ohne den furchtbaren Urin-Geruch.",https://www.reddit.com/r/40PlusSkinCare/comments/1v0ikmh/lactic_acid_body_lotions_that_smell_nice/,https://www.reddit.com/r/40PlusSkinCare/comments/1v0ikmh/lactic_acid_body_lotions_that_smell_nice/,C009,r/40PlusSkinCare,OP,amlactin_lactic;scent_love,medium,Kombination Wirksamkeit + angenehmer Duft gesucht.,,whole_body,
A0294,Exact phrases / metaphors / repeated wording,the horrible pee smell,"""Pipi-Geruch"".",https://www.reddit.com/r/40PlusSkinCare/comments/1v0ikmh/lactic_acid_body_lotions_that_smell_nice/,https://www.reddit.com/r/40PlusSkinCare/comments/1v0ikmh/lactic_acid_body_lotions_that_smell_nice/,C009,r/40PlusSkinCare,OP,amlactin_lactic;fragrance_sensitivity,medium,Wiederkehrende Metapher für Milchsäure-Geruch.,,whole_body,
A0295,Objections,I’m allergic to it and my arms broke out in hives,"Allergisch, Arme mit Nesselsucht.",https://www.reddit.com/r/40PlusSkinCare/comments/1v0ikmh/lactic_acid_body_lotions_that_smell_nice/,https://www.reddit.com/r/40PlusSkinCare/comments/1v0ikmh/lactic_acid_body_lotions_that_smell_nice/,C009,r/40PlusSkinCare,OP edit,amlactin_lactic,medium,Unverträglichkeit als Abbruchgrund.,,arms,
A0296,Objections,"it smells of lactic acid to me, a smell I do NOT find pleasant. I find scaly red upper arms less pleasant though","Geruch unangenehm, aber schuppige rote Oberarme schlimmer.",https://www.reddit.com/r/40PlusSkinCare/comments/1v0ikmh/lactic_acid_body_lotions_that_smell_nice/oyg7ktk/,https://www.reddit.com/r/40PlusSkinCare/comments/1v0ikmh/lactic_acid_body_lotions_that_smell_nice/,C009,r/40PlusSkinCare,reply,amlactin_lactic;itch_flake;crepey_arms,medium,Trade-off: Wirkung wichtiger als Geruch.,,arms,
A0297,Symptoms / visible texture descriptions,scaly red upper arms,Schuppige rote Oberarme.,https://www.reddit.com/r/40PlusSkinCare/comments/1v0ikmh/lactic_acid_body_lotions_that_smell_nice/oyg7ktk/,https://www.reddit.com/r/40PlusSkinCare/comments/1v0ikmh/lactic_acid_body_lotions_that_smell_nice/,C009,r/40PlusSkinCare,reply,itch_flake;crepey_arms,medium,Symptomvokabular.,,arms,
A0298,Routine friction,I spray body spray all over myself after and don’t notice it as bad after an hour or so.,Überdeckt Geruch mit Bodyspray.,https://www.reddit.com/r/40PlusSkinCare/comments/1v0ikmh/lactic_acid_body_lotions_that_smell_nice/oyggzej/,https://www.reddit.com/r/40PlusSkinCare/comments/1v0ikmh/lactic_acid_body_lotions_that_smell_nice/,C009,r/40PlusSkinCare,reply,amlactin_lactic;scent_love,medium,Duft-Layering als Workaround.,,whole_body,
A0299,Objections,I really can’t handle smelling like cat pee.,Kann nicht nach Katzenurin riechen.,https://www.reddit.com/r/40PlusSkinCare/comments/1v0ikmh/lactic_acid_body_lotions_that_smell_nice/oygcxdc/,https://www.reddit.com/r/40PlusSkinCare/comments/1v0ikmh/lactic_acid_body_lotions_that_smell_nice/,C009,r/40PlusSkinCare,OP,amlactin_lactic;fragrance_sensitivity,medium,"""cat pee"" Metapher.",,whole_body,
A0300,Exact phrases / metaphors / repeated wording,"Oh, the things we do for beauty.",Was man nicht alles für Schönheit tut.,https://www.reddit.com/r/40PlusSkinCare/comments/1v0ikmh/lactic_acid_body_lotions_that_smell_nice/oym0vri/,https://www.reddit.com/r/40PlusSkinCare/comments/1v0ikmh/lactic_acid_body_lotions_that_smell_nice/,C009,r/40PlusSkinCare,OP,amlactin_lactic,medium,Opfer-Haltung bei Pflege.,,whole_body,
A0301,Routine friction,I just hope it doesn’t make my bed smell like this too.,"Hofft, dass das Bett nicht so riecht.",https://www.reddit.com/r/40PlusSkinCare/comments/1v0ikmh/lactic_acid_body_lotions_that_smell_nice/oym0vri/,https://www.reddit.com/r/40PlusSkinCare/comments/1v0ikmh/lactic_acid_body_lotions_that_smell_nice/,C009,r/40PlusSkinCare,OP,amlactin_lactic;new_sticky_sheets,medium,Bett/Bettwäsche als Kontext abends.,,whole_body,
A0302,Exact phrases / metaphors / repeated wording,"It quite literally smells like a cat peed on my legs, even with all the Sol De Janerio body lotion that I put over it to try and mask it.","Riecht, als hätte eine Katze auf die Beine gepinkelt – trotz Sol-de-Janeiro-Maskierung.",https://www.reddit.com/r/40PlusSkinCare/comments/1v0ikmh/lactic_acid_body_lotions_that_smell_nice/oygbxsx/,https://www.reddit.com/r/40PlusSkinCare/comments/1v0ikmh/lactic_acid_body_lotions_that_smell_nice/,C009,r/40PlusSkinCare,OP,amlactin_lactic;scent_love,medium,Duftmarken-Layering zum Maskieren.,,legs,
A0303,Product / routine preferences,I’m in a lot of fragrance groups (I am very into perfumes/mists),Sehr duftaffin.,https://www.reddit.com/r/40PlusSkinCare/comments/1v0ikmh/lactic_acid_body_lotions_that_smell_nice/oyjic5n/,https://www.reddit.com/r/40PlusSkinCare/comments/1v0ikmh/lactic_acid_body_lotions_that_smell_nice/,C009,r/40PlusSkinCare,OP,scent_love,medium,Duft-Enthusiastinnen als Teilsegment.,,whole_body,
A0304,Failed attempts,I originally bought it for KP on my legs but it didn’t even work that well for me.,"Für KP an Beinen gekauft, wirkte kaum.",https://www.reddit.com/r/40PlusSkinCare/comments/1v0ikmh/lactic_acid_body_lotions_that_smell_nice/oyfwdh1/,https://www.reddit.com/r/40PlusSkinCare/comments/1v0ikmh/lactic_acid_body_lotions_that_smell_nice/,C009,r/40PlusSkinCare,reply,amlactin_lactic,medium,Gemischte Wirksamkeit.,,legs,
A0305,Situational triggers,Mine just started about a year so and coincides with perimenopause.,KP begann mit Perimenopause.,https://www.reddit.com/r/40PlusSkinCare/comments/1v0ikmh/lactic_acid_body_lotions_that_smell_nice/oyg9xq5/,https://www.reddit.com/r/40PlusSkinCare/comments/1v0ikmh/lactic_acid_body_lotions_that_smell_nice/,C009,r/40PlusSkinCare,reply,sudden_onset,medium,Hormoneller Kontext.,,legs,hrt_medical_context
A0306,Tactile descriptions,my KP bumps are disappearing and skin feels like butter,"KP verschwindet, Haut fühlt sich wie Butter an.",https://www.reddit.com/r/40PlusSkinCare/comments/1v0ikmh/lactic_acid_body_lotions_that_smell_nice/oyhkimx/,https://www.reddit.com/r/40PlusSkinCare/comments/1v0ikmh/lactic_acid_body_lotions_that_smell_nice/,C009,r/40PlusSkinCare,reply,soft_smooth_desire,medium,"""feels like butter"" Metapher.",,arms,
A0307,Objections,after hating the stickiness and smell of Amlactin,Hasste Klebrigkeit und Geruch.,https://www.reddit.com/r/40PlusSkinCare/comments/1v0ikmh/lactic_acid_body_lotions_that_smell_nice/oyg3kgj/,https://www.reddit.com/r/40PlusSkinCare/comments/1v0ikmh/lactic_acid_body_lotions_that_smell_nice/,C009,r/40PlusSkinCare,reply,amlactin_lactic;fragrance_sensitivity,medium,Klebrigkeit + Geruch als Doppel-Einwand.,,arms,
A0308,Purchase criteria,the Prequel doesn't smell at all and I can use whatever lotion/oil I want after,"Geruchlos, danach beliebige Lotion/Öl.",https://www.reddit.com/r/40PlusSkinCare/comments/1v0ikmh/lactic_acid_body_lotions_that_smell_nice/oyk139w/,https://www.reddit.com/r/40PlusSkinCare/comments/1v0ikmh/lactic_acid_body_lotions_that_smell_nice/,C009,r/40PlusSkinCare,reply,scent_love;question_order_of_application,medium,Wirkstoff-Layer + frei wählbarer Duft-/Öl-Layer.,,whole_body,
A0309,Routine friction,I just use it as my last step at night so at least I’m unconscious during the stink,"Letzter Schritt abends, um den Gestank zu verschlafen.",https://www.reddit.com/r/40PlusSkinCare/comments/1v0ikmh/lactic_acid_body_lotions_that_smell_nice/oyguuuk/,https://www.reddit.com/r/40PlusSkinCare/comments/1v0ikmh/lactic_acid_body_lotions_that_smell_nice/,C009,r/40PlusSkinCare,reply,amlactin_lactic,medium,Workaround-Humor.,,whole_body,
A0310,Emotional reactions,now I’m worried I’m walking around smelling like pee to other people,"Sorge, für andere nach Urin zu riechen.",https://www.reddit.com/r/40PlusSkinCare/comments/1v0ikmh/lactic_acid_body_lotions_that_smell_nice/oyhg2m5/,https://www.reddit.com/r/40PlusSkinCare/comments/1v0ikmh/lactic_acid_body_lotions_that_smell_nice/,C009,r/40PlusSkinCare,reply,fragrance_sensitivity,medium,Soziale Geruchsangst.,,whole_body,
A0311,Questions customers repeatedly ask,Does the smell linger? If I use this at night does it smell in the am?,Bleibt der Geruch bis morgens?,https://www.reddit.com/r/40PlusSkinCare/comments/1v0ikmh/lactic_acid_body_lotions_that_smell_nice/oyhg2m5/,https://www.reddit.com/r/40PlusSkinCare/comments/1v0ikmh/lactic_acid_body_lotions_that_smell_nice/,C009,r/40PlusSkinCare,reply,fragrance_sensitivity,medium,Geruchspersistenz-Frage.,,whole_body,
A0312,Skepticism,I bought it online and it said 'made in China'. Fake?,"Online gekauft, ""Made in China"" – Fälschung?",https://www.reddit.com/r/40PlusSkinCare/comments/1v0ikmh/lactic_acid_body_lotions_that_smell_nice/oyfoa6u/,https://www.reddit.com/r/40PlusSkinCare/comments/1v0ikmh/lactic_acid_body_lotions_that_smell_nice/,C009,r/40PlusSkinCare,reply,new_counterfeit_worry,medium,Fälschungsangst bei Online-Kauf.,,unspecified,
A0313,Exact phrases / metaphors / repeated wording,It smells like sour milk to me!,Riecht nach saurer Milch.,https://www.reddit.com/r/40PlusSkinCare/comments/1v0ikmh/lactic_acid_body_lotions_that_smell_nice/oygn51a/,https://www.reddit.com/r/40PlusSkinCare/comments/1v0ikmh/lactic_acid_body_lotions_that_smell_nice/,C009,r/40PlusSkinCare,reply,amlactin_lactic,medium,Weitere Geruchsmetapher.,,unspecified,
A0314,Skepticism,I braced myself for this to smell so bad because of Reddit,Erwartete wegen Reddit schlimmen Geruch.,https://www.reddit.com/r/40PlusSkinCare/comments/1v0ikmh/lactic_acid_body_lotions_that_smell_nice/oyh8wg4/,https://www.reddit.com/r/40PlusSkinCare/comments/1v0ikmh/lactic_acid_body_lotions_that_smell_nice/,C009,r/40PlusSkinCare,reply,peer_proof,medium,Reddit prägt Erwartungen.,,unspecified,
A0315,Questions customers repeatedly ask,"Could you add a few drops of your favorite essential oil to it, mix it up, and make it smell better?",Ätherisches Öl beimischen?,https://www.reddit.com/r/40PlusSkinCare/comments/1v0ikmh/lactic_acid_body_lotions_that_smell_nice/oyq73q4/,https://www.reddit.com/r/40PlusSkinCare/comments/1v0ikmh/lactic_acid_body_lotions_that_smell_nice/,C009,r/40PlusSkinCare,reply,scent_love,medium,DIY-Beduftung.,,unspecified,
A0316,Objections,it’s making my arms bumpy and itching like crazy,Arme bekommen Pusteln und jucken stark.,https://www.reddit.com/r/40PlusSkinCare/comments/1v0ikmh/lactic_acid_body_lotions_that_smell_nice/oytblks/,https://www.reddit.com/r/40PlusSkinCare/comments/1v0ikmh/lactic_acid_body_lotions_that_smell_nice/,C009,r/40PlusSkinCare,OP,itch_flake;amlactin_lactic,medium,Reaktion.,,arms,
A0317,Desired outcomes,"Was hoping to tighten my skin, not have new issues.","Wollte Haut straffen, nicht neue Probleme.",https://www.reddit.com/r/40PlusSkinCare/comments/1v0ikmh/lactic_acid_body_lotions_that_smell_nice/oytblks/,https://www.reddit.com/r/40PlusSkinCare/comments/1v0ikmh/lactic_acid_body_lotions_that_smell_nice/,C009,r/40PlusSkinCare,OP,new_firming_claim,medium,Straffung als Motiv; Enttäuschung.,,arms,
A0318,Ingredient / mechanism beliefs,Exfoliating won’t tighten your skin; it will remove the dry/dead skin.,"Peeling strafft nicht, entfernt nur tote Haut.",https://www.reddit.com/r/40PlusSkinCare/comments/1v0ikmh/lactic_acid_body_lotions_that_smell_nice/oz0emel/,https://www.reddit.com/r/40PlusSkinCare/comments/1v0ikmh/lactic_acid_body_lotions_that_smell_nice/,C009,r/40PlusSkinCare,reply,exfoliation_dry_brush,medium,Gegenstimme zu Straffungsglauben.,,arms,
A0319,Ingredient / mechanism beliefs,it also helps with skin elasticity and thickness as it helps to boost collagen production to improve crepy skin,"Milchsäure fördert Elastizität, Kollagen, gegen Krepphaut.",https://www.reddit.com/r/40PlusSkinCare/comments/1v0ikmh/lactic_acid_body_lotions_that_smell_nice/oz1rd7h/,https://www.reddit.com/r/40PlusSkinCare/comments/1v0ikmh/lactic_acid_body_lotions_that_smell_nice/,C009,r/40PlusSkinCare,OP,amlactin_lactic,medium,Verbreiteter Mechanismus-Glaube zu Milchsäure.,,arms,
A0320,Desired outcomes,I like it for improvement in skin elasticity and firming,Mag es für Elastizität und Festigkeit.,https://www.reddit.com/r/40PlusSkinCare/comments/1v0ikmh/lactic_acid_body_lotions_that_smell_nice/oygcqdr/,https://www.reddit.com/r/40PlusSkinCare/comments/1v0ikmh/lactic_acid_body_lotions_that_smell_nice/,C009,r/40PlusSkinCare,OP,new_firming_claim,medium,Firmness als Zielbegriff.,,whole_body,
A0321,Problem descriptions,I’m starting to notice some aging/looseness in the skin right above my knees and would like to be proactive about it.,"Erste Lockerheit über den Knien, will vorbeugen.",https://www.reddit.com/r/40PlusSkinCare/comments/1vhn81h/slowing_down_the_inevitable_crepeysaggy_skin/,https://www.reddit.com/r/40PlusSkinCare/comments/1vhn81h/slowing_down_the_inevitable_crepeysaggy_skin/,C010,r/40PlusSkinCare,OP,crepey_knees,medium,Präventiver Einstieg bei Knie-Haut.,,knees,
A0322,Desired outcomes,If you’ve found something that actually improved the texture or firmness of the skin above your knees,Sucht Verbesserung von Textur/Festigkeit über den Knien.,https://www.reddit.com/r/40PlusSkinCare/comments/1vhn81h/slowing_down_the_inevitable_crepeysaggy_skin/,https://www.reddit.com/r/40PlusSkinCare/comments/1vhn81h/slowing_down_the_inevitable_crepeysaggy_skin/,C010,r/40PlusSkinCare,OP,crepey_knees;new_firming_claim,medium,Textur + Festigkeit als Zielgrößen.,,knees,
A0323,Purchase criteria,Skincare only please. I’m not interested in treatments.,"Nur Hautpflege, keine Behandlungen.",https://www.reddit.com/r/40PlusSkinCare/comments/1vhn81h/slowing_down_the_inevitable_crepeysaggy_skin/,https://www.reddit.com/r/40PlusSkinCare/comments/1vhn81h/slowing_down_the_inevitable_crepeysaggy_skin/,C010,r/40PlusSkinCare,OP,new_topical_only,medium,"Segment, das bewusst nur topisch arbeiten will – relevante Zielgruppe für Körperöl.",,knees,
A0324,Exact phrases / metaphors / repeated wording,Kninkles,"""Kninkles"" = Knie-Falten.",https://www.reddit.com/r/40PlusSkinCare/comments/1vhn81h/slowing_down_the_inevitable_crepeysaggy_skin/p26xew7/,https://www.reddit.com/r/40PlusSkinCare/comments/1vhn81h/slowing_down_the_inevitable_crepeysaggy_skin/,C010,r/40PlusSkinCare,reply,crepey_knees,medium,Community-Slang.,,knees,
A0325,Ingredient / mechanism beliefs,Don’t mix products - they’re formulated to work as is. Layer and let things dry down in between.,"Nicht mischen, schichten und antrocknen lassen.",https://www.reddit.com/r/40PlusSkinCare/comments/1vhn81h/slowing_down_the_inevitable_crepeysaggy_skin/p2dp581/,https://www.reddit.com/r/40PlusSkinCare/comments/1vhn81h/slowing_down_the_inevitable_crepeysaggy_skin/,C010,r/40PlusSkinCare,reply,question_order_of_application,medium,Schichtungsregeln als Peer-Wissen.,,unspecified,
A0326,Ingredient / mechanism beliefs,all the things we knew would happen to our bodies eventually is happening!! so start being proactive and applying these things to areas that look fine now,Alles Erwartete passiert – präventiv auch auf noch gute Zonen auftragen.,https://www.reddit.com/r/40PlusSkinCare/comments/1vhn81h/slowing_down_the_inevitable_crepeysaggy_skin/p26rlv8/,https://www.reddit.com/r/40PlusSkinCare/comments/1vhn81h/slowing_down_the_inevitable_crepeysaggy_skin/,C010,r/40PlusSkinCare,reply,consistency_effort,medium,Präventions-Mindset.,,whole_body,
A0327,Purchase criteria,"I’m very sensitive to textures and feeling sticky, so I love the soft matte feel of it.","Texturempfindlich, mag weiches mattes Gefühl.",https://www.reddit.com/r/40PlusSkinCare/comments/1vhn81h/slowing_down_the_inevitable_crepeysaggy_skin/p2dr3wg/,https://www.reddit.com/r/40PlusSkinCare/comments/1vhn81h/slowing_down_the_inevitable_crepeysaggy_skin/,C010,r/40PlusSkinCare,reply on body sunscreen,new_sticky_sheets,medium,Klebrigkeitsempfindliche Nutzerinnen.,,whole_body,
A0328,Situational triggers,I was good with sunscreen in upper body and neglected my legs. Now I can tell!,Beine beim Sonnenschutz vernachlässigt – sieht man jetzt.,https://www.reddit.com/r/40PlusSkinCare/comments/1vhn81h/slowing_down_the_inevitable_crepeysaggy_skin/p27o8ub/,https://www.reddit.com/r/40PlusSkinCare/comments/1vhn81h/slowing_down_the_inevitable_crepeysaggy_skin/,C010,r/40PlusSkinCare,reply,sunscreen_sun_damage;crepey_legs,medium,Reue-Narrativ Sonne.,,legs,
A0329,Failed attempts,I also have been using a super pricey cream for the last 3 months and see zero change.,"Super teure Creme seit 3 Monaten, null Veränderung.",https://www.reddit.com/r/40PlusSkinCare/comments/1vhn81h/slowing_down_the_inevitable_crepeysaggy_skin/p26oayl/,https://www.reddit.com/r/40PlusSkinCare/comments/1vhn81h/slowing_down_the_inevitable_crepeysaggy_skin/,C010,r/40PlusSkinCare,"reply, lifts weights",nothing_works;price_value,medium,Premiumpreis ohne Ergebnis = Enttäuschung.,,knees,
A0330,Skepticism,I suspect that it is just one of those inevitable parts of aging.,Vermutet Unvermeidbarkeit.,https://www.reddit.com/r/40PlusSkinCare/comments/1vhn81h/slowing_down_the_inevitable_crepeysaggy_skin/p26oayl/,https://www.reddit.com/r/40PlusSkinCare/comments/1vhn81h/slowing_down_the_inevitable_crepeysaggy_skin/,C010,r/40PlusSkinCare,reply,acceptance_aging;nothing_works,medium,Resignation.,,knees,
A0331,Time-to-result expectations,I’m on my third bottle of transFORM and still waiting and waiting for results..,"Dritte Flasche, wartet immer noch auf Ergebnisse.",https://www.reddit.com/r/40PlusSkinCare/comments/1vhn81h/slowing_down_the_inevitable_crepeysaggy_skin/p29ykad/,https://www.reddit.com/r/40PlusSkinCare/comments/1vhn81h/slowing_down_the_inevitable_crepeysaggy_skin/,C010,r/40PlusSkinCare,reply,time_to_result;nothing_works,medium,Geduld wird bei Premiumprodukten strapaziert.,,knees,
A0332,Routine friction,"it has yielded zero results and has just been an extra step, since it's not moisturizing enough","Nur ein Extraschritt ohne Wirkung, nicht feuchtigkeitsspendend genug.",https://www.reddit.com/r/40PlusSkinCare/comments/1vhn81h/slowing_down_the_inevitable_crepeysaggy_skin/p2d5a6j/,https://www.reddit.com/r/40PlusSkinCare/comments/1vhn81h/slowing_down_the_inevitable_crepeysaggy_skin/,C010,r/40PlusSkinCare,reply,routine_fatigue;nothing_works,medium,Mehrschritt-Routinen ohne Nutzen werden abgelehnt.,,knees,
A0333,Skepticism,Alastin products seem overpriced and overhyped.,Alastin überteuert und überbewertet.,https://www.reddit.com/r/40PlusSkinCare/comments/1vhn81h/slowing_down_the_inevitable_crepeysaggy_skin/p2dozv4/,https://www.reddit.com/r/40PlusSkinCare/comments/1vhn81h/slowing_down_the_inevitable_crepeysaggy_skin/,C010,r/40PlusSkinCare,reply,marketing_distrust;price_value,medium,Hype-Skepsis bei Premium.,,unspecified,
A0334,Skepticism,these worthless overpriced shit. I’ve had zero results.,"Wertloses überteuertes Zeug, null Ergebnisse.",https://www.reddit.com/r/40PlusSkinCare/comments/1vhn81h/slowing_down_the_inevitable_crepeysaggy_skin/p2o6o96/,https://www.reddit.com/r/40PlusSkinCare/comments/1vhn81h/slowing_down_the_inevitable_crepeysaggy_skin/,C010,r/40PlusSkinCare,reply,marketing_distrust;price_value,medium,Starke Enttäuschungssprache.,,unspecified,
A0335,Product / routine preferences,"microneeeling and using treat, Alastin transform body cream, amlactin, then body oil!","Microneedling, Tret, Alastin, AmLactin, dann Körperöl als letzter Schritt.",https://www.reddit.com/r/40PlusSkinCare/comments/1vhn81h/slowing_down_the_inevitable_crepeysaggy_skin/p27ofwi/,https://www.reddit.com/r/40PlusSkinCare/comments/1vhn81h/slowing_down_the_inevitable_crepeysaggy_skin/,C010,r/40PlusSkinCare,reply,question_order_of_application,medium,Öl als Abschluss-Schritt.,,knees,
A0336,Skepticism,No cream honestly will do anything about this area. Gravity will always be at work,Keine Creme hilft; Schwerkraft wirkt.,https://www.reddit.com/r/40PlusSkinCare/comments/1vhn81h/slowing_down_the_inevitable_crepeysaggy_skin/p28rk8o/,https://www.reddit.com/r/40PlusSkinCare/comments/1vhn81h/slowing_down_the_inevitable_crepeysaggy_skin/,C010,r/40PlusSkinCare,reply,nothing_works;new_exercise_debate,medium,Sport-über-Creme-Fraktion.,,knees,
A0337,Skepticism,down voters on exercise answers usually are the ones who want a quick fix,"Wer Sport ablehnt, will Quick Fix.",https://www.reddit.com/r/40PlusSkinCare/comments/1vhn81h/slowing_down_the_inevitable_crepeysaggy_skin/p2anxsr/,https://www.reddit.com/r/40PlusSkinCare/comments/1vhn81h/slowing_down_the_inevitable_crepeysaggy_skin/,C010,r/40PlusSkinCare,reply,new_exercise_debate,medium,Spannungsfeld Quick Fix vs Arbeit.,,knees,
A0338,Successful attempts,I’m pleasantly surprised by retinol body lotion. It helps immediately.,Retinol-Bodylotion hilft sofort.,https://www.reddit.com/r/40PlusSkinCare/comments/1vhn81h/slowing_down_the_inevitable_crepeysaggy_skin/p27eeu4/,https://www.reddit.com/r/40PlusSkinCare/comments/1vhn81h/slowing_down_the_inevitable_crepeysaggy_skin/,C010,r/40PlusSkinCare,reply,retinol_body;time_to_result,medium,Sofort-Effekt-Wahrnehmung.,,knees,
A0339,Time-to-result expectations,"if I’m not consistent with using it, the skin looks more lax and crepey again",Ohne Konsequenz wieder schlaff und kreppig.,https://www.reddit.com/r/40PlusSkinCare/comments/1vhn81h/slowing_down_the_inevitable_crepeysaggy_skin/p27eeu4/,https://www.reddit.com/r/40PlusSkinCare/comments/1vhn81h/slowing_down_the_inevitable_crepeysaggy_skin/,C010,r/40PlusSkinCare,reply,consistency_effort;lotion_temporary,medium,Effekt reversibel – Daueranwendung nötig.,,knees,
A0340,Symptoms / visible texture descriptions,my KP / strawberry legs,"KP / ""Erdbeerbeine"".",https://www.reddit.com/r/40PlusSkinCare/comments/1vhn81h/slowing_down_the_inevitable_crepeysaggy_skin/p2bx7qy/,https://www.reddit.com/r/40PlusSkinCare/comments/1vhn81h/slowing_down_the_inevitable_crepeysaggy_skin/,C010,r/40PlusSkinCare,reply,new_strawberry_legs,medium,"Begriff ""strawberry legs"".",,legs,
A0341,Identity / social implications,I am slowly starting to accept that I just have bad genes.,Akzeptiert langsam schlechte Gene.,https://www.reddit.com/r/40PlusSkinCare/comments/1vhn81h/slowing_down_the_inevitable_crepeysaggy_skin/p2ayfyt/,https://www.reddit.com/r/40PlusSkinCare/comments/1vhn81h/slowing_down_the_inevitable_crepeysaggy_skin/,C010,r/40PlusSkinCare,reply,mothers_skin;acceptance_aging,medium,Genetik-Fatalismus.,,legs,
A0342,Identity / social implications,At least I look good in yoga pants!,Wenigstens gut in Yogahosen.,https://www.reddit.com/r/40PlusSkinCare/comments/1vhn81h/slowing_down_the_inevitable_crepeysaggy_skin/p2ayfyt/,https://www.reddit.com/r/40PlusSkinCare/comments/1vhn81h/slowing_down_the_inevitable_crepeysaggy_skin/,C010,r/40PlusSkinCare,reply,shorts_dresses_avoidance,medium,Kleidung als Kaschierung.,,legs,
A0343,Situational triggers,I'm also on GLP-1 and the sagging has begun.,GLP-1 – Erschlaffung beginnt.,https://www.reddit.com/r/40PlusSkinCare/comments/1vhn81h/slowing_down_the_inevitable_crepeysaggy_skin/p28cvs4/,https://www.reddit.com/r/40PlusSkinCare/comments/1vhn81h/slowing_down_the_inevitable_crepeysaggy_skin/,C010,r/40PlusSkinCare,reply,weight_loss_glp1,medium,GLP-1 als neuer Trigger.,,legs,
A0344,Identity / social implications,"Just when I’m at the age of feeling comfortable in my own skin enough to give wearing shorts a try, now I have the saggy/slightly swollen above-the -knee area.",Gerade selbstbewusst genug für Shorts – jetzt Hängehaut über den Knien.,https://www.reddit.com/r/40PlusSkinCare/comments/1vhn81h/slowing_down_the_inevitable_crepeysaggy_skin/p2on87j/,https://www.reddit.com/r/40PlusSkinCare/comments/1vhn81h/slowing_down_the_inevitable_crepeysaggy_skin/,C010,r/40PlusSkinCare,reply,shorts_dresses_avoidance;crepey_knees,medium,Ironie: Selbstakzeptanz trifft Körperveränderung.,,knees,
A0345,Questions customers repeatedly ask,Are there even treatments for this?,Gibt es überhaupt Behandlungen dafür?,https://www.reddit.com/r/40PlusSkinCare/comments/1vhn81h/slowing_down_the_inevitable_crepeysaggy_skin/p35m2qt/,https://www.reddit.com/r/40PlusSkinCare/comments/1vhn81h/slowing_down_the_inevitable_crepeysaggy_skin/,C010,r/40PlusSkinCare,reply,question_what_works,medium,Unklarheit über Lösungen.,,knees,
A0346,Successful attempts,The advice about amlactin I read here in spring let me feel better about my leg skin once it was shorts time.,"AmLactin-Tipp half, sich in der Shorts-Saison wohler zu fühlen.",https://www.reddit.com/r/40PlusSkinCare/comments/1w9jz9t/body_lotion_with_immediate_absorption/,https://www.reddit.com/r/40PlusSkinCare/comments/1w9jz9t/body_lotion_with_immediate_absorption/,C011,r/40PlusSkinCare,OP,amlactin_lactic;summer_trigger;peer_proof,medium,Shorts-Saison als Motivations-Deadline.,,legs,
A0347,Purchase criteria,a body lotion that you can apply in the am give it not more than a few minutes and dress? Which would absorb like immediately?,Morgens auftragen und nach wenigen Minuten anziehen können.,https://www.reddit.com/r/40PlusSkinCare/comments/1w9jz9t/body_lotion_with_immediate_absorption/,https://www.reddit.com/r/40PlusSkinCare/comments/1w9jz9t/body_lotion_with_immediate_absorption/,C011,r/40PlusSkinCare,OP,oil_absorbs_fast,medium,Anzieh-Fenster als zentrales Kriterium morgens.,,whole_body,
A0348,Exact phrases / metaphors / repeated wording,Or am I wishing for magic ?,Oder wünsche ich mir Magie?,https://www.reddit.com/r/40PlusSkinCare/comments/1w9jz9t/body_lotion_with_immediate_absorption/,https://www.reddit.com/r/40PlusSkinCare/comments/1w9jz9t/body_lotion_with_immediate_absorption/,C011,r/40PlusSkinCare,OP,oil_absorbs_fast,medium,Sofort-Einziehen gilt als fast unmöglich.,,whole_body,
A0349,Ingredient / mechanism beliefs,The trick is to put on lotion immediately after the shower. It absorbs quickly that way,"Trick: direkt nach der Dusche, zieht schneller ein.",https://www.reddit.com/r/40PlusSkinCare/comments/1w9jz9t/body_lotion_with_immediate_absorption/p8b1fzj/,https://www.reddit.com/r/40PlusSkinCare/comments/1w9jz9t/body_lotion_with_immediate_absorption/,C011,r/40PlusSkinCare,reply,oil_on_damp_skin,medium,Damp-Skin als Lösungsansatz für Absorption.,,whole_body,
A0350,Objections,I dislike the greasy feel of lotions,Mag fettiges Gefühl nicht.,https://www.reddit.com/r/40PlusSkinCare/comments/1w9jz9t/body_lotion_with_immediate_absorption/p8d8ogj/,https://www.reddit.com/r/40PlusSkinCare/comments/1w9jz9t/body_lotion_with_immediate_absorption/,C011,r/40PlusSkinCare,reply,oil_greasy_staining,medium,Fettfilm-Abneigung.,,whole_body,
A0351,Tactile descriptions,I've got others that I still 'feel' an hour later.,Manche spürt sie noch eine Stunde später.,https://www.reddit.com/r/40PlusSkinCare/comments/1w9jz9t/body_lotion_with_immediate_absorption/p8bx5m4/,https://www.reddit.com/r/40PlusSkinCare/comments/1w9jz9t/body_lotion_with_immediate_absorption/,C011,r/40PlusSkinCare,reply,oil_absorbs_fast,low,Restgefühl als Negativmaß; evtl. nicht-US.,,whole_body,non_us_signal
A0352,Tactile descriptions,feels good and left no residue,"Fühlt sich gut an, keine Rückstände.",https://www.reddit.com/r/40PlusSkinCare/comments/1w9jz9t/body_lotion_with_immediate_absorption/p8ca7a2/,https://www.reddit.com/r/40PlusSkinCare/comments/1w9jz9t/body_lotion_with_immediate_absorption/,C011,r/40PlusSkinCare,reply on body serum,oil_absorbs_fast,medium,"""no residue"" Kriterium.",,whole_body,
A0353,Identity / social implications,"I am a former non-lotioner, because I hateeee feeling sticky and fighting for my life to rub lotion in after a hot shower.","Ex-Nicht-Eincremerin, hasste Klebrigkeit und Einreib-Kampf.",https://www.reddit.com/r/40PlusSkinCare/comments/1w9jz9t/body_lotion_with_immediate_absorption/p8csih1/,https://www.reddit.com/r/40PlusSkinCare/comments/1w9jz9t/body_lotion_with_immediate_absorption/,C011,r/40PlusSkinCare,reply,routine_fatigue;new_sticky_sheets,medium,"Klebrigkeit als Grund, gar nicht zu cremen.",,whole_body,
A0354,Purchase criteria,It soaks in so fast and it is also unscented. I highly recommend! $10 for a big bottle with a pump,"Zieht schnell ein, unparfümiert, 10 $ große Pumpflasche.",https://www.reddit.com/r/40PlusSkinCare/comments/1w9jz9t/body_lotion_with_immediate_absorption/p8csih1/,https://www.reddit.com/r/40PlusSkinCare/comments/1w9jz9t/body_lotion_with_immediate_absorption/,C011,r/40PlusSkinCare,reply,oil_absorbs_fast;price_value,medium,Preisanker + Pumpe als Convenience.,,whole_body,
A0355,Situational triggers,I don’t like the feel of heavy lotions in the summer,Im Sommer keine schweren Lotionen.,https://www.reddit.com/r/40PlusSkinCare/comments/1w9jz9t/body_lotion_with_immediate_absorption/p8bnkxq/,https://www.reddit.com/r/40PlusSkinCare/comments/1w9jz9t/body_lotion_with_immediate_absorption/,C011,r/40PlusSkinCare,reply,summer_trigger,medium,Saisonale Texturpräferenz.,,whole_body,
A0356,Tactile descriptions,absorbs in a few seconds and keeps me for 48 hrs if need be!,"Zieht in Sekunden ein, hält 48 Std.",https://www.reddit.com/r/40PlusSkinCare/comments/1w9jz9t/body_lotion_with_immediate_absorption/p8chs2l/,https://www.reddit.com/r/40PlusSkinCare/comments/1w9jz9t/body_lotion_with_immediate_absorption/,C011,r/40PlusSkinCare,reply,oil_absorbs_fast,medium,Langanhaltende Wirkung als Wunsch.,,whole_body,
A0357,Objections,I skip lotion if it lingers because I hate the feeling,"Lässt Lotion weg, wenn sie nachklingt.",https://www.reddit.com/r/40PlusSkinCare/comments/1w9jz9t/body_lotion_with_immediate_absorption/p8d0w9c/,https://www.reddit.com/r/40PlusSkinCare/comments/1w9jz9t/body_lotion_with_immediate_absorption/,C011,r/40PlusSkinCare,reply,oil_absorbs_fast,medium,Lingering-Gefühl führt zum Weglassen.,,whole_body,
A0358,Successful attempts,Personally love and prefer body oil after a shower. You can put it on while damp and I literally never need to reapply the rest of the day,Liebt Körperöl nach der Dusche auf feuchter Haut; kein Nachcremen nötig.,https://www.reddit.com/r/40PlusSkinCare/comments/1w9jz9t/body_lotion_with_immediate_absorption/p8dchh1/,https://www.reddit.com/r/40PlusSkinCare/comments/1w9jz9t/body_lotion_with_immediate_absorption/,C011,r/40PlusSkinCare,reply,oil_on_damp_skin,medium,Positive Öl-Erfahrung: Langanhaltend bei Damp-Application.,,whole_body,
A0359,Objections,I have palmers - but it doesn’t soak in fast enough,Palmer's Öl zieht nicht schnell genug ein.,https://www.reddit.com/r/40PlusSkinCare/comments/1w9jz9t/body_lotion_with_immediate_absorption/p8f0ij4/,https://www.reddit.com/r/40PlusSkinCare/comments/1w9jz9t/body_lotion_with_immediate_absorption/,C011,r/40PlusSkinCare,OP,oil_absorbs_fast,medium,Öl-Einziehzeit als Barriere morgens.,,whole_body,
A0360,Identity / social implications,I used to buy Bath and Body works for the fragrance but I am switching to products that can improve my skin.,"Früher BBW wegen Duft, jetzt Produkte, die Haut verbessern.",https://www.reddit.com/r/40PlusSkinCare/comments/1w9jz9t/body_lotion_with_immediate_absorption/p8dhu2e/,https://www.reddit.com/r/40PlusSkinCare/comments/1w9jz9t/body_lotion_with_immediate_absorption/,C011,r/40PlusSkinCare,reply,new_body_neglect_vs_face,medium,Shift von Duft zu Wirkung.,,whole_body,
A0361,Purchase criteria,Scented would be even better,Duft wäre noch besser.,https://www.reddit.com/r/40PlusSkinCare/comments/1w9jz9t/body_lotion_with_immediate_absorption/p8f12df/,https://www.reddit.com/r/40PlusSkinCare/comments/1w9jz9t/body_lotion_with_immediate_absorption/,C011,r/40PlusSkinCare,OP,scent_love,medium,Duft als Bonus.,,whole_body,
A0362,Tactile descriptions,Sinks right in and no greasy feeling at all.,"Zieht ein, gar nicht fettig.",https://www.reddit.com/r/40PlusSkinCare/comments/1w9jz9t/body_lotion_with_immediate_absorption/p8ez9xt/,https://www.reddit.com/r/40PlusSkinCare/comments/1w9jz9t/body_lotion_with_immediate_absorption/,C011,r/40PlusSkinCare,reply,oil_absorbs_fast,medium,Standard-Lobformel.,,whole_body,
A0363,Successful attempts,Bio-oil was a game changer for me. No more stickiness!! I use it all over my body,"Bio-Oil Game Changer – keine Klebrigkeit, ganzer Körper.",https://www.reddit.com/r/40PlusSkinCare/comments/1w9jz9t/body_lotion_with_immediate_absorption/p8h50u7/,https://www.reddit.com/r/40PlusSkinCare/comments/1w9jz9t/body_lotion_with_immediate_absorption/,C011,r/40PlusSkinCare,reply,oil_absorbs_fast,medium,Öl als Lösung gegen Klebrigkeit – Gegenbeispiel zum Fettigkeitsvorurteil.,,whole_body,
A0364,Purchase criteria,look for a lightweight gel or milk lotion. those tend to sink in way faster,Leichte Gel-/Milchlotion zieht schneller ein.,https://www.reddit.com/r/40PlusSkinCare/comments/1w9jz9t/body_lotion_with_immediate_absorption/p8jim4g/,https://www.reddit.com/r/40PlusSkinCare/comments/1w9jz9t/body_lotion_with_immediate_absorption/,C011,r/40PlusSkinCare,reply,oil_absorbs_fast,medium,Texturformat-Wissen.,,whole_body,
A0365,Tactile descriptions,I never feel icky putting on jeans after I’ve gotten ready,Kein unangenehmes Gefühl beim Jeansanziehen.,https://www.reddit.com/r/40PlusSkinCare/comments/1w9jz9t/body_lotion_with_immediate_absorption/p8oc1k2/,https://www.reddit.com/r/40PlusSkinCare/comments/1w9jz9t/body_lotion_with_immediate_absorption/,C011,r/40PlusSkinCare,reply,oil_absorbs_fast,medium,Jeans-Anziehen als Testmoment.,,legs,
A0366,Tactile descriptions,it sinks in instantly and my skin has never been softer,Zieht sofort ein; Haut nie weicher.,https://www.reddit.com/r/40PlusSkinCare/comments/1w9jz9t/body_lotion_with_immediate_absorption/p9fdq1l/,https://www.reddit.com/r/40PlusSkinCare/comments/1w9jz9t/body_lotion_with_immediate_absorption/,C011,r/40PlusSkinCare,reply,urea;soft_smooth_desire,medium,Doppelnutzen.,,whole_body,
A0367,Problem descriptions,"I’m pretty good with face skincare. Started a good routine early on, and it’s paying off now that I’m older.",Gute Gesichtsroutine zahlt sich aus.,https://www.reddit.com/r/40PlusSkinCare/comments/1l0ghxp/body_care/,https://www.reddit.com/r/40PlusSkinCare/comments/1l0ghxp/body_care/,C012,r/40PlusSkinCare,"OP, 46",new_body_neglect_vs_face,medium,Gesichtserfolg als Motivation für Körper.,46,whole_body,
A0368,Questions customers repeatedly ask,"how can I do the same for my body? What kind of body care products can I use now, to support great skin later on?","Wie macht man das für den Körper, präventiv?",https://www.reddit.com/r/40PlusSkinCare/comments/1l0ghxp/body_care/,https://www.reddit.com/r/40PlusSkinCare/comments/1l0ghxp/body_care/,C012,r/40PlusSkinCare,"OP, 46",question_what_works,medium,Präventions-Frage.,46,whole_body,
A0369,Identity / social implications,"I’ve always just bought frivolous, nice-smelling body wash/lotion with cute packaging. I’m ready to be more proactive.",Bisher nur hübsch duftende Produkte gekauft – will proaktiver sein.,https://www.reddit.com/r/40PlusSkinCare/comments/1l0ghxp/body_care/,https://www.reddit.com/r/40PlusSkinCare/comments/1l0ghxp/body_care/,C012,r/40PlusSkinCare,"OP, 46",new_body_neglect_vs_face;scent_love,medium,Übergang von Genuss- zu Wirkungskauf.,46,whole_body,
A0370,Skepticism,This is coming from someone who spent $260 on a jar of Charlotte Tillbury Magic Cream thinking it would be life changing.,"Gab 260 $ für Creme aus, erwartete Lebensveränderung.",https://www.reddit.com/r/40PlusSkinCare/comments/1l0ghxp/body_care/mvd703m/,https://www.reddit.com/r/40PlusSkinCare/comments/1l0ghxp/body_care/,C012,r/40PlusSkinCare,reply,price_value;marketing_distrust,medium,Premium-Enttäuschung → Drogerie.,,whole_body,
A0371,Tactile descriptions,makes my skin feel so soft in the morning while being dry and non-greasy throughout the night. My skin just soaks it up.,"Morgens weich, nachts nicht fettig; Haut saugt es auf.",https://www.reddit.com/r/40PlusSkinCare/comments/1l0ghxp/body_care/mvd703m/,https://www.reddit.com/r/40PlusSkinCare/comments/1l0ghxp/body_care/,C012,r/40PlusSkinCare,reply,soft_smooth_desire;oil_absorbs_fast,medium,"""soaks it up"" Sprache.",,whole_body,
A0372,Product / routine preferences,"Hyaluronic acid serum (big bottle on Amazon for cheap, then the gold bond, THEN a nice body oil at the end. My skin is SO soft and smooth!","HA-Serum, dann Gold Bond, dann Körperöl zum Schluss – sehr weich.",https://www.reddit.com/r/40PlusSkinCare/comments/1l0ghxp/body_care/mvdc3cv/,https://www.reddit.com/r/40PlusSkinCare/comments/1l0ghxp/body_care/,C012,r/40PlusSkinCare,reply,question_order_of_application;soft_smooth_desire,medium,Öl als Final-Layer in Schichtroutine.,,whole_body,
A0373,Product / routine preferences,I slather it on while I’m still wet.,Trägt auf nasse Haut auf.,https://www.reddit.com/r/40PlusSkinCare/comments/1l0ghxp/body_care/mvegpfo/,https://www.reddit.com/r/40PlusSkinCare/comments/1l0ghxp/body_care/,C012,r/40PlusSkinCare,reply,oil_on_damp_skin,medium,Damp-Skin.,,whole_body,
A0374,Ingredient / mechanism beliefs,Your skin has to be wet for hyaluronic acid to be absorbed.,Haut muss für HA nass sein.,https://www.reddit.com/r/40PlusSkinCare/comments/1l0ghxp/body_care/mvgjlgd/,https://www.reddit.com/r/40PlusSkinCare/comments/1l0ghxp/body_care/,C012,r/40PlusSkinCare,reply,oil_on_damp_skin,medium,Mechanismus-Glaube.,,whole_body,
A0375,Product / routine preferences,"sometimes, nothing can beat the Neutrogena Body oils!",Nichts schlägt Neutrogena Körperöle.,https://www.reddit.com/r/40PlusSkinCare/comments/1l0ghxp/body_care/mw0qz3y/,https://www.reddit.com/r/40PlusSkinCare/comments/1l0ghxp/body_care/,C012,r/40PlusSkinCare,reply,new_competitor_oil,medium,Neutrogena als Massenmarkt-Ölbenchmark.,,whole_body,
A0376,Successful attempts,I no longer have the dry skin problem (crocodile legs) which has plagued me all my life and no amount of body lotion had held at bay. Soft smooth skin all the time. Wish I knew sooner,"Glykolsäure-Spray: keine ""Krokodilbeine"" mehr, lebenslanges Problem gelöst.",https://www.reddit.com/r/40PlusSkinCare/comments/1l0ghxp/body_care/mvdwjy8/,https://www.reddit.com/r/40PlusSkinCare/comments/1l0ghxp/body_care/,C012,r/40PlusSkinCare,reply,crepey_legs;lotion_temporary,medium,"""crocodile legs"" Metapher; Lotion allein reichte nie.",,legs,
A0377,Exact phrases / metaphors / repeated wording,crocodile legs,"""Krokodilbeine"".",https://www.reddit.com/r/40PlusSkinCare/comments/1l0ghxp/body_care/mvdwjy8/,https://www.reddit.com/r/40PlusSkinCare/comments/1l0ghxp/body_care/,C012,r/40PlusSkinCare,reply,new_reptile_metaphor,medium,Reptilienmetaphern wiederkehrend.,,legs,
A0378,Ingredient / mechanism beliefs,a few drops of Castor oil mixed into my daily body moisturizer has been a game changer for my skin,Ein paar Tropfen Rizinusöl in Körpercreme – Game Changer.,https://www.reddit.com/r/40PlusSkinCare/comments/1l0ghxp/body_care/mvyrie4/,https://www.reddit.com/r/40PlusSkinCare/comments/1l0ghxp/body_care/,C012,r/40PlusSkinCare,"reply, 46",cheap_oil_alternative,high,Öl als Booster in Lotion.,46,whole_body,
A0379,Identity / social implications,"""you will never have old lady saggy knees, I swear!"" I am 46, and he is always commenting on my youthful, plump, soft skin.","Ehemann: ""nie Alte-Damen-Knie""; lobt pralle weiche Haut.",https://www.reddit.com/r/40PlusSkinCare/comments/1l0ghxp/body_care/mvyrie4/,https://www.reddit.com/r/40PlusSkinCare/comments/1l0ghxp/body_care/,C012,r/40PlusSkinCare,"reply, 46",old_lady_identity;crepey_knees;soft_smooth_desire,high,Partner-Bestätigung als emotionaler Lohn.,46,knees,
A0380,Product / routine preferences,Here is a list of the best body care products,Verlinkte Liste (Blog-Promo-Verdacht).,https://www.reddit.com/r/40PlusSkinCare/comments/1l0ghxp/body_care/n9uw0jw/,https://www.reddit.com/r/40PlusSkinCare/comments/1l0ghxp/body_care/,C012,r/40PlusSkinCare,"reply, new account style",marketing_distrust,low,Wahrscheinlich Eigenwerbung – flaggen.,,whole_body,possible_seeding
A0381,Product / routine preferences,Look into peptides there the future for skin hair and anti aging,Peptide als Zukunft (Account-Name deutet auf Peptid-Verkäufer).,https://www.reddit.com/r/40PlusSkinCare/comments/1l0ghxp/body_care/mven21q/,https://www.reddit.com/r/40PlusSkinCare/comments/1l0ghxp/body_care/,C012,r/40PlusSkinCare,"reply by ""anglopeptides""",new_peptides,low,Account-Name deutet auf kommerzielles Interesse.,,whole_body,possible_seeding
A0382,Problem descriptions,"I have soft skin pretty much everywhere except my lower lower part of my legs and the sides. No matter what I do, they are scaly and feel soap scummy like?","Überall weich außer Unterschenkel – schuppig, wie Seifenfilm.",https://www.reddit.com/r/40PlusSkinCare/comments/1oblvzz/my_body_exfoliating_routine_gives_me_soft_skin/,https://www.reddit.com/r/40PlusSkinCare/comments/1oblvzz/my_body_exfoliating_routine_gives_me_soft_skin/,C013,r/40PlusSkinCare,OP,crepey_legs;itch_flake;nothing_works,medium,Unterschenkel als hartnäckigste Zone.,,legs,
A0383,Tactile descriptions,feel soap scummy like,Fühlt sich an wie Seifenschmier.,https://www.reddit.com/r/40PlusSkinCare/comments/1oblvzz/my_body_exfoliating_routine_gives_me_soft_skin/,https://www.reddit.com/r/40PlusSkinCare/comments/1oblvzz/my_body_exfoliating_routine_gives_me_soft_skin/,C013,r/40PlusSkinCare,OP,itch_flake,medium,Ungewöhnliche Tastbeschreibung.,,legs,
A0384,Tactile descriptions,It's like butter. Melts on your skin. I love this stuff.,"Wie Butter, schmilzt auf der Haut.",https://www.reddit.com/r/40PlusSkinCare/comments/1oblvzz/my_body_exfoliating_routine_gives_me_soft_skin/,https://www.reddit.com/r/40PlusSkinCare/comments/1oblvzz/my_body_exfoliating_routine_gives_me_soft_skin/,C013,r/40PlusSkinCare,OP on Dove ceramide serum,soft_smooth_desire,medium,"""melts on your skin"" Wunschtextur.",,whole_body,
A0385,Exact phrases / metaphors / repeated wording,it's lizard legs that I can't penetrate and exfoliate,"""Echsenbeine"", die nicht durchdringbar sind.",https://www.reddit.com/r/40PlusSkinCare/comments/1oblvzz/my_body_exfoliating_routine_gives_me_soft_skin/,https://www.reddit.com/r/40PlusSkinCare/comments/1oblvzz/my_body_exfoliating_routine_gives_me_soft_skin/,C013,r/40PlusSkinCare,OP,new_reptile_metaphor;crepey_legs,medium,Reptilienmetapher; Penetrationsglaube.,,legs,
A0386,Emotional reactions,What gives? I feel like I am doing everything,Was ist los? Sie tue doch alles.,https://www.reddit.com/r/40PlusSkinCare/comments/1oblvzz/my_body_exfoliating_routine_gives_me_soft_skin/,https://www.reddit.com/r/40PlusSkinCare/comments/1oblvzz/my_body_exfoliating_routine_gives_me_soft_skin/,C013,r/40PlusSkinCare,OP,nothing_works,medium,Frust trotz aufwändiger Routine.,,legs,
A0387,Product / routine preferences,"I start with 5,6 mins in warm water in the shower to get my skin soft, then use a Moroccan exfoliating glove scrubber.","Einweichen, dann Peeling-Handschuh.",https://www.reddit.com/r/40PlusSkinCare/comments/1oblvzz/my_body_exfoliating_routine_gives_me_soft_skin/,https://www.reddit.com/r/40PlusSkinCare/comments/1oblvzz/my_body_exfoliating_routine_gives_me_soft_skin/,C013,r/40PlusSkinCare,OP,exfoliation_dry_brush,medium,Mehrschritt-Routine.,,whole_body,
A0388,Symptoms / visible texture descriptions,years of “strawberry skin” which also feels like razor burn. It is itchy and dry,"Jahrelang ""Erdbeerhaut"", fühlt sich wie Rasurbrand an, juckt.",https://www.reddit.com/r/40PlusSkinCare/comments/1oblvzz/my_body_exfoliating_routine_gives_me_soft_skin/nki08zy/,https://www.reddit.com/r/40PlusSkinCare/comments/1oblvzz/my_body_exfoliating_routine_gives_me_soft_skin/,C013,r/40PlusSkinCare,reply,new_strawberry_legs;itch_flake,medium,Rasur-Kontext.,,legs,
A0389,Time-to-result expectations,About four months in my skin was shiny and supple.,Nach ca. vier Monaten glänzend und geschmeidig.,https://www.reddit.com/r/40PlusSkinCare/comments/1oblvzz/my_body_exfoliating_routine_gives_me_soft_skin/nki08zy/,https://www.reddit.com/r/40PlusSkinCare/comments/1oblvzz/my_body_exfoliating_routine_gives_me_soft_skin/,C013,r/40PlusSkinCare,reply,time_to_result,medium,4-Monats-Horizont.,,legs,
A0390,Objections,It can be a little sticky feeling for daytime imo,Tagsüber etwas klebrig.,https://www.reddit.com/r/40PlusSkinCare/comments/1oblvzz/my_body_exfoliating_routine_gives_me_soft_skin/nki0kpi/,https://www.reddit.com/r/40PlusSkinCare/comments/1oblvzz/my_body_exfoliating_routine_gives_me_soft_skin/,C013,r/40PlusSkinCare,reply,new_sticky_sheets,medium,Tagesklebrigkeit.,,whole_body,
A0391,Successful attempts,I started taking collagen peptide powder and the skin on my legs is noticeably softer.,Kollagenpulver – Beinhaut spürbar weicher.,https://www.reddit.com/r/40PlusSkinCare/comments/1oblvzz/my_body_exfoliating_routine_gives_me_soft_skin/nkhsjtx/,https://www.reddit.com/r/40PlusSkinCare/comments/1oblvzz/my_body_exfoliating_routine_gives_me_soft_skin/,C013,r/40PlusSkinCare,reply,collagen_supplement,medium,Supplement-Erfolgsbehauptung.,,legs,
A0392,Ingredient / mechanism beliefs,Could you be over exfoliating and what you view as lack of exfoliation is actually dryness/dehydration?,Vielleicht zu viel Peeling statt zu wenig – eigentlich Trockenheit.,https://www.reddit.com/r/40PlusSkinCare/comments/1oblvzz/my_body_exfoliating_routine_gives_me_soft_skin/nkjics4/,https://www.reddit.com/r/40PlusSkinCare/comments/1oblvzz/my_body_exfoliating_routine_gives_me_soft_skin/,C013,r/40PlusSkinCare,reply,exfoliation_dry_brush,medium,Über-Exfoliation als Gegenhypothese; Feuchtigkeit statt Abtrag.,,legs,
A0393,Ingredient / mechanism beliefs,moisturizers are most effective on damp skin,Feuchtigkeitspflege wirkt am besten auf feuchter Haut.,https://www.reddit.com/r/40PlusSkinCare/comments/1oblvzz/my_body_exfoliating_routine_gives_me_soft_skin/nkjics4/,https://www.reddit.com/r/40PlusSkinCare/comments/1oblvzz/my_body_exfoliating_routine_gives_me_soft_skin/,C013,r/40PlusSkinCare,reply,oil_on_damp_skin,medium,Damp-Skin-Konsens.,,legs,
A0394,Symptoms / visible texture descriptions,some balled up skin starts to come off like I didn't exfoliate enough,Hautkrümel lösen sich beim Eincremen.,https://www.reddit.com/r/40PlusSkinCare/comments/1oblvzz/my_body_exfoliating_routine_gives_me_soft_skin/nkuesho/,https://www.reddit.com/r/40PlusSkinCare/comments/1oblvzz/my_body_exfoliating_routine_gives_me_soft_skin/,C013,r/40PlusSkinCare,OP,itch_flake,medium,Pilling/Röllchen als Symptom.,,legs,
A0395,Time-to-result expectations,You will notice the difference the next day.,Unterschied am nächsten Tag.,https://www.reddit.com/r/40PlusSkinCare/comments/1oblvzz/my_body_exfoliating_routine_gives_me_soft_skin/nkrf971/,https://www.reddit.com/r/40PlusSkinCare/comments/1oblvzz/my_body_exfoliating_routine_gives_me_soft_skin/,C013,r/40PlusSkinCare,reply on urea >10%,urea;time_to_result,medium,Sofort-Erwartung bei Urea.,,legs,
A0396,Purchase criteria,"I tried looking for a Urea cream that is 20% that is for all of the body not just focusing on ""feet, elbows, knees"" and I had a hard time.","Sucht 20%-Urea für ganzen Körper, schwer zu finden.",https://www.reddit.com/r/40PlusSkinCare/comments/1oblvzz/my_body_exfoliating_routine_gives_me_soft_skin/nl5oxkq/,https://www.reddit.com/r/40PlusSkinCare/comments/1oblvzz/my_body_exfoliating_routine_gives_me_soft_skin/,C013,r/40PlusSkinCare,OP,urea,medium,Ganzkörper-Positionierung vs. Spot-Produkte.,,whole_body,
A0397,Objections,I used to use Aveeno body lotion but find it kind of gluey.,Aveeno fühlt sich leimig an.,https://www.reddit.com/r/40PlusSkinCare/comments/1q1hxtb/body_lotion_suggestion/,https://www.reddit.com/r/40PlusSkinCare/comments/1q1hxtb/body_lotion_suggestion/,C014,r/40PlusSkinCare,"OP, 65F",new_sticky_sheets,high,"""gluey"" als Texturablehnung bei 65-Jähriger.",65,whole_body,
A0398,Questions customers repeatedly ask,Wondering if anyone here has tried both Cerave and Cetaphil and if you like one over the other.,CeraVe oder Cetaphil?,https://www.reddit.com/r/40PlusSkinCare/comments/1q1hxtb/body_lotion_suggestion/,https://www.reddit.com/r/40PlusSkinCare/comments/1q1hxtb/body_lotion_suggestion/,C014,r/40PlusSkinCare,"OP, 65F",question_what_works,high,Drogerie-Vergleichsfragen typisch.,65,whole_body,
A0399,Purchase criteria,An amazing product line at an amazing price point.,Tolle Produktlinie zu tollem Preis.,https://www.reddit.com/r/40PlusSkinCare/comments/1q1hxtb/body_lotion_suggestion/nx5rxdm/,https://www.reddit.com/r/40PlusSkinCare/comments/1q1hxtb/body_lotion_suggestion/,C014,r/40PlusSkinCare,reply,price_value,medium,Preis-Leistungs-Narrativ (Prequel).,,whole_body,
A0400,Successful attempts,"It’s one of the few body lotions I’ve ever used that actually seems to be improving my skin, and it gives a very subtle glow as well.","Eine der wenigen Lotionen, die Haut wirklich verbessert; dezenter Glow.",https://www.reddit.com/r/40PlusSkinCare/comments/1q1hxtb/body_lotion_suggestion/nx5vjiw/,https://www.reddit.com/r/40PlusSkinCare/comments/1q1hxtb/body_lotion_suggestion/,C014,r/40PlusSkinCare,reply,urea;glow_desire,medium,"""actually improving"" vs. nur befeuchten; subtiler Glow.",,whole_body,
A0401,Ingredient / mechanism beliefs,"I guess the combo of urea, triglycerides and jojoba is what my skin really needed.","Kombi aus Urea, Triglyceriden, Jojoba war, was Haut brauchte.",https://www.reddit.com/r/40PlusSkinCare/comments/1q1hxtb/body_lotion_suggestion/nx5vjiw/,https://www.reddit.com/r/40PlusSkinCare/comments/1q1hxtb/body_lotion_suggestion/,C014,r/40PlusSkinCare,reply,urea,medium,Jojoba als positiv wahrgenommener Bestandteil.,,whole_body,
A0402,Product / routine preferences,Use olive oil.,Olivenöl verwenden.,https://www.reddit.com/r/40PlusSkinCare/comments/1q1hxtb/body_lotion_suggestion/nx5ymv2/,https://www.reddit.com/r/40PlusSkinCare/comments/1q1hxtb/body_lotion_suggestion/,C014,r/40PlusSkinCare,reply,cheap_oil_alternative,medium,Küchenöl als Alternative.,,whole_body,
A0403,Ingredient / mechanism beliefs,oils like jojoba are really good and easily absorbed into the skin,Öle wie Jojoba ziehen leicht ein.,https://www.reddit.com/r/40PlusSkinCare/comments/1q1hxtb/body_lotion_suggestion/nx9bcd6/,https://www.reddit.com/r/40PlusSkinCare/comments/1q1hxtb/body_lotion_suggestion/,C014,r/40PlusSkinCare,reply,oil_absorbs_fast,medium,Jojoba-Absorptionsglaube.,,whole_body,
A0404,Successful attempts,Ive stopped using lotion and use body oil instead. I find it’s much more absorbent.,Statt Lotion Körperöl – zieht besser ein.,https://www.reddit.com/r/40PlusSkinCare/comments/1q1hxtb/body_lotion_suggestion/nxd4qm0/,https://www.reddit.com/r/40PlusSkinCare/comments/1q1hxtb/body_lotion_suggestion/,C014,r/40PlusSkinCare,reply,oil_vs_lotion_confusion;oil_absorbs_fast,medium,Umstieg Lotion→Öl als Erfahrungsmuster.,,whole_body,
A0405,Product / routine preferences,I have a friend with a wonderful organic skin care company. She grows all of the ingredients they use.,"Freundin hat Bio-Firma, baut Zutaten selbst an.",https://www.reddit.com/r/40PlusSkinCare/comments/1q1hxtb/body_lotion_suggestion/nxd5gdr/,https://www.reddit.com/r/40PlusSkinCare/comments/1q1hxtb/body_lotion_suggestion/,C014,r/40PlusSkinCare,reply linking friend's brand,new_botanical_origin,low,Persönliche Verbindung – Werbung für Freundin; Botanik-Herkunft als Wert.,,whole_body,possible_seeding
A0406,Purchase criteria,"Pricey, but the older I get the pickier I am about what I put on my skin.","Teuer, aber mit dem Alter wählerischer, was auf die Haut kommt.",https://www.reddit.com/r/40PlusSkinCare/comments/1q1hxtb/body_lotion_suggestion/nxd6fzt/,https://www.reddit.com/r/40PlusSkinCare/comments/1q1hxtb/body_lotion_suggestion/,C014,r/40PlusSkinCare,reply,price_value;new_ingredient_fear,medium,Alter steigert Qualitätsanspruch/Zahlungsbereitschaft.,,whole_body,
A0407,Purchase criteria,It soaks in quickly and doesn't leave a greasy sheen. It's very lightly fragranced with a neutral sesame scent that fade quickly - offensive to no one,"Zieht schnell ein, kein fettiger Glanz, dezenter neutraler Duft, verfliegt.",https://www.reddit.com/r/40PlusSkinCare/comments/1q1hxtb/body_lotion_suggestion/nxm0wkd/,https://www.reddit.com/r/40PlusSkinCare/comments/1q1hxtb/body_lotion_suggestion/,C014,r/40PlusSkinCare,"reply, 20-yr Neutrogena sesame user",oil_absorbs_fast;scent_love,medium,"Öl-Kriterien: schnell, kein Fettglanz, dezenter Duft.",,whole_body,
A0408,Product / routine preferences,"I rub it in after blotting dry post shower, before I'm completely dry.","Nach Abtupfen, noch nicht ganz trocken, einreiben.",https://www.reddit.com/r/40PlusSkinCare/comments/1q1hxtb/body_lotion_suggestion/nxm0wkd/,https://www.reddit.com/r/40PlusSkinCare/comments/1q1hxtb/body_lotion_suggestion/,C014,r/40PlusSkinCare,reply,oil_on_damp_skin,medium,Öl auf leicht feuchte Haut.,,whole_body,
A0409,Time-to-result expectations,At times I've fallen off the wagon with it and my skin noticeably suffers with more dryness and crepiness.,"Wenn sie aussetzt, wird Haut trockener und kreppiger.",https://www.reddit.com/r/40PlusSkinCare/comments/1q1hxtb/body_lotion_suggestion/nxm0wkd/,https://www.reddit.com/r/40PlusSkinCare/comments/1q1hxtb/body_lotion_suggestion/,C014,r/40PlusSkinCare,reply,consistency_effort;lotion_temporary,medium,Konsequenz nötig; Absetzen zeigt Wirkung.,,whole_body,
A0410,Product / routine preferences,"I make my own skin moisturizer with a coconut oil base, and mix in castor oil, tallow, rose hip oil, vitamin c oil, sea buckthorn oil.",Selbstgemischte Öl-Pflege auf Kokosbasis.,https://www.reddit.com/r/40PlusSkinCare/comments/1rt9v2q/whats_our_opinion_on_oil/,https://www.reddit.com/r/40PlusSkinCare/comments/1rt9v2q/whats_our_opinion_on_oil/,C015,r/40PlusSkinCare,OP,cheap_oil_alternative,medium,DIY-Ölmischungen als Konkurrenz und Kompetenzsignal.,,whole_body,
A0411,Questions customers repeatedly ask,Is there any benefit to using oils on our face/body or are we against them?,Bringen Öle etwas oder ist man dagegen?,https://www.reddit.com/r/40PlusSkinCare/comments/1rt9v2q/whats_our_opinion_on_oil/,https://www.reddit.com/r/40PlusSkinCare/comments/1rt9v2q/whats_our_opinion_on_oil/,C015,r/40PlusSkinCare,OP,question_oil_or_lotion,medium,Grundsatzfrage zur Ölkategorie.,,whole_body,
A0412,Skepticism,Skincare is personal. I do better with professionally formulated products.,Professionell formulierte Produkte statt DIY.,https://www.reddit.com/r/40PlusSkinCare/comments/1rt9v2q/whats_our_opinion_on_oil/oacpqrz/,https://www.reddit.com/r/40PlusSkinCare/comments/1rt9v2q/whats_our_opinion_on_oil/,C015,r/40PlusSkinCare,reply,new_formulated_vs_diy,medium,Formulierungs-Vertrauen als Argument gegen DIY.,,face_transfer,face_only_transferable
A0413,Questions customers repeatedly ask,Is it not good for our skin? I’ll leave it out next time if so.,Ist Talg schlecht für die Haut?,https://www.reddit.com/r/40PlusSkinCare/comments/1rt9v2q/whats_our_opinion_on_oil/oacqs2u/,https://www.reddit.com/r/40PlusSkinCare/comments/1rt9v2q/whats_our_opinion_on_oil/,C015,r/40PlusSkinCare,OP,new_tallow,medium,Unsicherheit über Inhaltsstoffe.,,whole_body,
A0414,Product / routine preferences,honestly found a streamlined routine worked better for me. Been using CircCell lately and their formulas already have the good stuff built in,Vereinfachte Routine mit CircCell.,https://www.reddit.com/r/40PlusSkinCare/comments/1rt9v2q/whats_our_opinion_on_oil/odhpvxc/,https://www.reddit.com/r/40PlusSkinCare/comments/1rt9v2q/whats_our_opinion_on_oil/,C015,r/40PlusSkinCare,reply; reads promotional,new_seeding_suspected,low,"Markennennung wirkt platziert (E07+E08 gleiche Marke, gleicher Ton).",,face_transfer,possible_seeding
A0415,Product / routine preferences,I love CircCell for the same reason,Liebt CircCell ebenfalls.,https://www.reddit.com/r/40PlusSkinCare/comments/1rt9v2q/whats_our_opinion_on_oil/odsza38/,https://www.reddit.com/r/40PlusSkinCare/comments/1rt9v2q/whats_our_opinion_on_oil/,C015,r/40PlusSkinCare,reply echoing E07,new_seeding_suspected,low,Doppelte Markenbestätigung – Seeding-Muster.,,face_transfer,possible_seeding
A0416,Ingredient / mechanism beliefs,The thing about tallow is that it very closely mimics our own sebum and can absorb incredibly well.,"Talg ähnelt Hautfett, zieht sehr gut ein.",https://www.reddit.com/r/40PlusSkinCare/comments/1rt9v2q/whats_our_opinion_on_oil/oactzri/,https://www.reddit.com/r/40PlusSkinCare/comments/1rt9v2q/whats_our_opinion_on_oil/,C015,r/40PlusSkinCare,"reply, former tallow seller",new_tallow,low,"""mimics sebum""-Argument; Ex-Verkäuferin.",,whole_body,
A0417,Purchase criteria,"plant-based and synthetics can get you pretty great results, too",Pflanzlich und synthetisch können auch gut wirken.,https://www.reddit.com/r/40PlusSkinCare/comments/1rt9v2q/whats_our_opinion_on_oil/oactzri/,https://www.reddit.com/r/40PlusSkinCare/comments/1rt9v2q/whats_our_opinion_on_oil/,C015,r/40PlusSkinCare,reply,new_botanical_origin,medium,Pflanzlich als akzeptierte Alternative.,,whole_body,
A0418,Product / routine preferences,I prefer to use oils to boost a commercial moisturizer if needed rather than as my sole moisturizer.,"Öl als Booster für Creme, nicht als alleinige Pflege.",https://www.reddit.com/r/40PlusSkinCare/comments/1rt9v2q/whats_our_opinion_on_oil/oadj90v/,https://www.reddit.com/r/40PlusSkinCare/comments/1rt9v2q/whats_our_opinion_on_oil/,C015,r/40PlusSkinCare,reply,oil_vs_lotion_confusion,medium,Öl als Ergänzung statt Ersatz.,,whole_body,
A0419,Objections,coconut oil is an absolute no for me because it breaks me out no matter where I use it,Kokosöl verursacht überall Ausschlag.,https://www.reddit.com/r/40PlusSkinCare/comments/1rt9v2q/whats_our_opinion_on_oil/oadj90v/,https://www.reddit.com/r/40PlusSkinCare/comments/1rt9v2q/whats_our_opinion_on_oil/,C015,r/40PlusSkinCare,reply,new_ingredient_fear,medium,Kokosöl als bekannter Problemstoff.,,whole_body,
A0420,Product / routine preferences,For my body I love the Osea brand oil.,Am Körper OSEA-Öl.,https://www.reddit.com/r/40PlusSkinCare/comments/1rt9v2q/whats_our_opinion_on_oil/oad3w5t/,https://www.reddit.com/r/40PlusSkinCare/comments/1rt9v2q/whats_our_opinion_on_oil/,C015,r/40PlusSkinCare,reply,new_competitor_oil,medium,OSEA als Premium-Körperölreferenz.,,whole_body,
A0421,Objections,I just can’t get over the thought of the beef fat.,Kann Gedanken an Rinderfett nicht ertragen.,https://www.reddit.com/r/40PlusSkinCare/comments/1rt9v2q/whats_our_opinion_on_oil/oad3w5t/,https://www.reddit.com/r/40PlusSkinCare/comments/1rt9v2q/whats_our_opinion_on_oil/,C015,r/40PlusSkinCare,reply,new_tallow,medium,Ekel vor tierischen Fetten – Botanik-Präferenz.,,whole_body,
A0422,Ingredient / mechanism beliefs,"They’re not magical, but they can help lock in moisture and provide some extra antioxidants or fatty acids depending on the oil.","Öle nicht magisch, aber schließen Feuchtigkeit ein, liefern Fettsäuren.",https://www.reddit.com/r/40PlusSkinCare/comments/1rt9v2q/whats_our_opinion_on_oil/oaei744/,https://www.reddit.com/r/40PlusSkinCare/comments/1rt9v2q/whats_our_opinion_on_oil/,C015,r/40PlusSkinCare,reply,oil_seals_not_hydrates,medium,"Realistische Öl-Erwartung; ""lock in"".",,whole_body,
A0423,Product / routine preferences,"Jojoba oil 🥰 whenever I need to moisten my elbows, knees or lips","Jojobaöl für Ellbogen, Knie, Lippen.",https://www.reddit.com/r/40PlusSkinCare/comments/1rt9v2q/whats_our_opinion_on_oil/oacsd03/,https://www.reddit.com/r/40PlusSkinCare/comments/1rt9v2q/whats_our_opinion_on_oil/,C015,r/40PlusSkinCare,reply,crepey_knees,medium,Spot-Anwendung von Öl.,,knees,
A0424,Product / routine preferences,I add argan oil to my moisturizer every day for my entire body and face.,Arganöl täglich in Feuchtigkeitscreme für Körper.,https://www.reddit.com/r/40PlusSkinCare/comments/1rt9v2q/whats_our_opinion_on_oil/oacq8z1/,https://www.reddit.com/r/40PlusSkinCare/comments/1rt9v2q/whats_our_opinion_on_oil/,C015,r/40PlusSkinCare,reply,cheap_oil_alternative,medium,Öl als Additiv.,,whole_body,
A0425,Skepticism,"Castor oil is like tallow. If you say anything against it, the zealots come out and attack.",Rizinus wie Talg: Fanatiker greifen an.,https://www.reddit.com/r/40PlusSkinCare/comments/1rt9v2q/whats_our_opinion_on_oil/oaepkan/,https://www.reddit.com/r/40PlusSkinCare/comments/1rt9v2q/whats_our_opinion_on_oil/,C015,r/40PlusSkinCare,reply,marketing_distrust,medium,Polarisierte Öl-Diskurse.,,face_transfer,face_only_transferable
A0426,Product / routine preferences,I love using oils in place of moisturizers. I change them based on the season. Lighter oils in the spring/summer heavier oils fall/winter.,"Öle statt Creme, saisonal leicht/schwer.",https://www.reddit.com/r/40PlusSkinCare/comments/1rt9v2q/whats_our_opinion_on_oil/oaoklab/,https://www.reddit.com/r/40PlusSkinCare/comments/1rt9v2q/whats_our_opinion_on_oil/,C015,r/40PlusSkinCare,reply,winter_dryness;summer_trigger,medium,Saisonale Ölwahl.,,whole_body,
A0427,Purchase criteria,Just be sure they are pure carrier oils.,Nur reine Trägeröle.,https://www.reddit.com/r/40PlusSkinCare/comments/1rt9v2q/whats_our_opinion_on_oil/oaoklab/,https://www.reddit.com/r/40PlusSkinCare/comments/1rt9v2q/whats_our_opinion_on_oil/,C015,r/40PlusSkinCare,reply,new_botanical_origin,medium,Reinheit als Kriterium.,,whole_body,
A0428,Product / routine preferences,"It is the absolute best moisturizer for my arms, legs, feet or really dry places.","Talg bestes Mittel für Arme, Beine, Füße.",https://www.reddit.com/r/40PlusSkinCare/comments/1rt9v2q/whats_our_opinion_on_oil/oae4glf/,https://www.reddit.com/r/40PlusSkinCare/comments/1rt9v2q/whats_our_opinion_on_oil/,C015,r/40PlusSkinCare,reply,new_tallow,medium,Talg als Konkurrent bei trockenen Zonen.,,arms,
A0429,Ingredient / mechanism beliefs,It seals in my hydrating products and gives me a glow that lasts all day.,"Jojoba versiegelt Feuchtigkeit, Glow den ganzen Tag.",https://www.reddit.com/r/40PlusSkinCare/comments/1rt9v2q/whats_our_opinion_on_oil/oaelb0o/,https://www.reddit.com/r/40PlusSkinCare/comments/1rt9v2q/whats_our_opinion_on_oil/,C015,r/40PlusSkinCare,reply,oil_seals_not_hydrates;glow_desire,medium,Siegel + Glow als Öl-Nutzen.,,face_transfer,face_only_transferable
A0430,Skepticism,Have avoided these expensive brands that show little improvement. I love them but need to respect my $$$.,Meidet teure Marken mit wenig Effekt.,https://www.reddit.com/r/40PlusSkinCare/comments/1rt9v2q/whats_our_opinion_on_oil/oag2ci6/,https://www.reddit.com/r/40PlusSkinCare/comments/1rt9v2q/whats_our_opinion_on_oil/,C015,r/40PlusSkinCare,reply,price_value,medium,Preisrespekt; DIY-Nachbau.,,face_transfer,face_only_transferable
A0431,Skepticism,It sounds like you’re using so many oils on your skin which might not be a good thing longterm.,Zu viele Öle könnten langfristig schaden.,https://www.reddit.com/r/40PlusSkinCare/comments/1rt9v2q/whats_our_opinion_on_oil/oagoupw/,https://www.reddit.com/r/40PlusSkinCare/comments/1rt9v2q/whats_our_opinion_on_oil/,C015,r/40PlusSkinCare,reply,new_ingredient_fear,medium,Skepsis gegen Öl-Überladung.,,whole_body,
A0432,Product / routine preferences,I also use it on the body where I need to combat the sagging.,Distelöl auch am Körper gegen Erschlaffung.,https://www.reddit.com/r/40PlusSkinCare/comments/1rt9v2q/whats_our_opinion_on_oil/oahr2kf/,https://www.reddit.com/r/40PlusSkinCare/comments/1rt9v2q/whats_our_opinion_on_oil/,C015,r/40PlusSkinCare,reply,new_firming_claim,medium,Öl gegen Erschlaffung (Laienglaube).,,whole_body,
A0433,Skepticism,i’ve tried a bunch i feel like most are the same,Die meisten Öle sind gleich.,https://www.reddit.com/r/40PlusSkinCare/comments/1rt9v2q/whats_our_opinion_on_oil/ocp49t8/,https://www.reddit.com/r/40PlusSkinCare/comments/1rt9v2q/whats_our_opinion_on_oil/,C015,r/40PlusSkinCare,reply,price_value,medium,Austauschbarkeit von Ölen – Differenzierungsbedarf.,,whole_body,
A0434,Successful attempts,I saw someone post that the blue and white tub of amlactin works for crepey neck skin.,Reddit-Post führte zu AmLactin für kreppigen Hals.,https://www.reddit.com/r/40PlusSkinCare/comments/1s2225s/amlactin_works_on_crepey_neck_thank_you/,https://www.reddit.com/r/40PlusSkinCare/comments/1s2225s/amlactin_works_on_crepey_neck_thank_you/,C016,r/40PlusSkinCare,OP before/after,amlactin_lactic;peer_proof,medium,Vorher/Nachher-Posts als starke Kauftreiber.,,neck,
A0435,Time-to-result expectations,First pic is March 5th second pic is today March 23rd.,"Ergebnis nach ca. 2,5 Wochen.",https://www.reddit.com/r/40PlusSkinCare/comments/1s2225s/amlactin_works_on_crepey_neck_thank_you/,https://www.reddit.com/r/40PlusSkinCare/comments/1s2225s/amlactin_works_on_crepey_neck_thank_you/,C016,r/40PlusSkinCare,OP,time_to_result,medium,"~18 Tage als sichtbares Fenster (umstritten, s. Winkel-Kritik).",,neck,
A0436,Ingredient / mechanism beliefs,"15% lactic acid and an occlusive (it has mineral oil, which I would rather avoid",15% Milchsäure plus Okklusiv; Mineralöl lieber vermeiden.,https://www.reddit.com/r/40PlusSkinCare/comments/1s2225s/amlactin_works_on_crepey_neck_thank_you/oc54itt/,https://www.reddit.com/r/40PlusSkinCare/comments/1s2225s/amlactin_works_on_crepey_neck_thank_you/,C016,r/40PlusSkinCare,reply,amlactin_lactic;new_ingredient_fear,medium,Mineralöl-Vermeidung als Präferenz.,,neck,
A0437,Objections,"it has mineral oil too, not a fan of mineral oil anywhere around my face",Mag kein Mineralöl in Gesichtsnähe.,https://www.reddit.com/r/40PlusSkinCare/comments/1s2225s/amlactin_works_on_crepey_neck_thank_you/oh8dg2t/,https://www.reddit.com/r/40PlusSkinCare/comments/1s2225s/amlactin_works_on_crepey_neck_thank_you/,C016,r/40PlusSkinCare,reply,new_ingredient_fear,medium,Mineralöl-Abneigung wiederkehrend.,,neck,
A0438,Exact phrases / metaphors / repeated wording,It smells like cat pee/spoiled maple syrup,Riecht nach Katzenurin/verdorbenem Ahornsirup.,https://www.reddit.com/r/40PlusSkinCare/comments/1s2225s/amlactin_works_on_crepey_neck_thank_you/oc86qj1/,https://www.reddit.com/r/40PlusSkinCare/comments/1s2225s/amlactin_works_on_crepey_neck_thank_you/,C016,r/40PlusSkinCare,reply,amlactin_lactic;fragrance_sensitivity,medium,Geruchsmetaphern.,,neck,
A0439,Objections,I cannot stand the smell of amlactin and some say it dissipates but I could always smell it until I washed it off,"Ertrug Geruch nicht, roch ihn bis zum Abwaschen.",https://www.reddit.com/r/40PlusSkinCare/comments/1s2225s/amlactin_works_on_crepey_neck_thank_you/ocbfkrg/,https://www.reddit.com/r/40PlusSkinCare/comments/1s2225s/amlactin_works_on_crepey_neck_thank_you/,C016,r/40PlusSkinCare,reply,amlactin_lactic;fragrance_sensitivity,medium,Geruch verfliegt nicht für alle.,,neck,
A0440,Objections,I keep hearing it smells like manure I don’t want to stink.,"Hört, es riecht nach Mist; will nicht stinken.",https://www.reddit.com/r/40PlusSkinCare/comments/1s2225s/amlactin_works_on_crepey_neck_thank_you/oc7orjk/,https://www.reddit.com/r/40PlusSkinCare/comments/1s2225s/amlactin_works_on_crepey_neck_thank_you/,C016,r/40PlusSkinCare,reply,amlactin_lactic;fragrance_sensitivity,medium,Geruch schreckt vor Erstkauf ab.,,neck,
A0441,Skepticism,Your head is at a completely different angle and stretching your neck in the second photo,Kopfwinkel im zweiten Foto anders.,https://www.reddit.com/r/40PlusSkinCare/comments/1s2225s/amlactin_works_on_crepey_neck_thank_you/oc55pm9/,https://www.reddit.com/r/40PlusSkinCare/comments/1s2225s/amlactin_works_on_crepey_neck_thank_you/,C016,r/40PlusSkinCare,reply,marketing_distrust,medium,Vorher/Nachher-Skepsis (Winkel/Licht).,,neck,
A0442,Failed attempts,I jumped in too fast and ended up with some gnarly skin irritation that made the crepiness worse because I dried the area out.,Zu schnell gestartet – Irritation machte Krepp schlimmer.,https://www.reddit.com/r/40PlusSkinCare/comments/1s2225s/amlactin_works_on_crepey_neck_thank_you/oe4ulfl/,https://www.reddit.com/r/40PlusSkinCare/comments/1s2225s/amlactin_works_on_crepey_neck_thank_you/,C016,r/40PlusSkinCare,reply,amlactin_lactic,medium,Übernutzung verschlimmert; sanfte Pflege als Kontrast.,,neck,
A0443,Emotional reactions,now my neck looks like it belongs on a 100 year old. Fingers crossed the reaction I had will go away!,Hals sieht aus wie bei einer 100-Jährigen nach Reaktion.,https://www.reddit.com/r/40PlusSkinCare/comments/1s2225s/amlactin_works_on_crepey_neck_thank_you/okxd7sv/,https://www.reddit.com/r/40PlusSkinCare/comments/1s2225s/amlactin_works_on_crepey_neck_thank_you/,C016,r/40PlusSkinCare,reply,old_lady_identity,medium,Angst vor Verschlimmerung durch Säuren.,,neck,
A0444,Purchase criteria,"I can't afford neck tox anymore. It works, but doesn't last.",Kann sich Neck-Botox nicht mehr leisten; hält nicht.,https://www.reddit.com/r/40PlusSkinCare/comments/1s2225s/amlactin_works_on_crepey_neck_thank_you/oc7nupy/,https://www.reddit.com/r/40PlusSkinCare/comments/1s2225s/amlactin_works_on_crepey_neck_thank_you/,C016,r/40PlusSkinCare,reply,price_value;only_procedures_work,medium,Prozeduren zu teuer → Topika-Suche.,,neck,
A0445,Objections,"it has petroleum and EDTA, which are horrible. I'm going to look for something else with lactic acid that's clean","Petroleum und EDTA ""schrecklich""; sucht ""clean"".",https://www.reddit.com/r/40PlusSkinCare/comments/1s2225s/amlactin_works_on_crepey_neck_thank_you/oc86ggk/,https://www.reddit.com/r/40PlusSkinCare/comments/1s2225s/amlactin_works_on_crepey_neck_thank_you/,C016,r/40PlusSkinCare,reply,new_ingredient_fear,medium,"""Clean""-Präferenz als Kaufkriterium.",,neck,
A0446,Desired outcomes,Finally a solution that isn’t a neck lift!,Endlich eine Lösung ohne Halslift.,https://www.reddit.com/r/40PlusSkinCare/comments/1s2225s/amlactin_works_on_crepey_neck_thank_you/oca0hf9/,https://www.reddit.com/r/40PlusSkinCare/comments/1s2225s/amlactin_works_on_crepey_neck_thank_you/,C016,r/40PlusSkinCare,reply,new_topical_only,medium,Wunsch nach nicht-invasiver Lösung.,,neck,
A0447,Skepticism,"I am very skeptical of believing people when they say a cream or a serum did anything for them...because you know...camera angle, lighting, blah blah...but this really works!!","Sehr skeptisch bei Cremeversprechen (Winkel, Licht) – aber das wirkt.",https://www.reddit.com/r/40PlusSkinCare/comments/1s2225s/amlactin_works_on_crepey_neck_thank_you/oca33pf/,https://www.reddit.com/r/40PlusSkinCare/comments/1s2225s/amlactin_works_on_crepey_neck_thank_you/,C016,r/40PlusSkinCare,reply,marketing_distrust,medium,Grundskepsis gegenüber Topika-Belegen.,,neck,
A0448,Purchase criteria,since all of these Reddit posts price for Amlactin tub has gone up from $12 to now $24 everywhere,Preis stieg durch Reddit-Hype von 12 auf 24 $.,https://www.reddit.com/r/40PlusSkinCare/comments/1s2225s/amlactin_works_on_crepey_neck_thank_you/ocahyi5/,https://www.reddit.com/r/40PlusSkinCare/comments/1s2225s/amlactin_works_on_crepey_neck_thank_you/,C016,r/40PlusSkinCare,reply,price_value;marketing_distrust,medium,Preisbewusstsein und Hype-Wahrnehmung.,,neck,
A0449,Skepticism,"The neck in the after photo is pulled tighter and smoother because the chin is higher. So ""results"" are false.","Ergebnis falsch, weil Kinn höher.",https://www.reddit.com/r/40PlusSkinCare/comments/1s2225s/amlactin_works_on_crepey_neck_thank_you/oc9ga1f/,https://www.reddit.com/r/40PlusSkinCare/comments/1s2225s/amlactin_works_on_crepey_neck_thank_you/,C016,r/40PlusSkinCare,reply,marketing_distrust,medium,Misstrauen gegenüber Vorher/Nachher.,,neck,
A0450,Objections,"Stung too bad, but maybe I could have stuck with it.",Brannte zu sehr.,https://www.reddit.com/r/40PlusSkinCare/comments/1s2225s/amlactin_works_on_crepey_neck_thank_you/oc75ln6/,https://www.reddit.com/r/40PlusSkinCare/comments/1s2225s/amlactin_works_on_crepey_neck_thank_you/,C016,r/40PlusSkinCare,reply,amlactin_lactic,medium,Brennen als Abbruchgrund.,,neck,
A0451,Failed attempts,"I've been trying to use the 12% version but my neck gets red, itchy and irritated.","12%-Version macht Hals rot, juckend.",https://www.reddit.com/r/40PlusSkinCare/comments/1s2225s/amlactin_works_on_crepey_neck_thank_you/oca9uxw/,https://www.reddit.com/r/40PlusSkinCare/comments/1s2225s/amlactin_works_on_crepey_neck_thank_you/,C016,r/40PlusSkinCare,reply,amlactin_lactic;itch_flake,medium,Säure-Unverträglichkeit.,,neck,
A0452,Tactile descriptions,It absorbs well and my skin is noticeably softer.,"Zieht gut ein, Haut merklich weicher.",https://www.reddit.com/r/40PlusSkinCare/comments/1s2225s/amlactin_works_on_crepey_neck_thank_you/ocavmu0/,https://www.reddit.com/r/40PlusSkinCare/comments/1s2225s/amlactin_works_on_crepey_neck_thank_you/,C016,r/40PlusSkinCare,reply,soft_smooth_desire,medium,Weichheit.,,whole_body,
A0453,Skepticism,nobody close to me has ever said anything.,Niemand Nahestehendes hat etwas zum Geruch gesagt.,https://www.reddit.com/r/40PlusSkinCare/comments/1s2225s/amlactin_works_on_crepey_neck_thank_you/ocavmu0/,https://www.reddit.com/r/40PlusSkinCare/comments/1s2225s/amlactin_works_on_crepey_neck_thank_you/,C016,r/40PlusSkinCare,reply,fragrance_sensitivity,medium,Sozialer Geruchstest.,,whole_body,
A0454,Symptoms / visible texture descriptions,crepey skin and also rough bumpy skin,"Krepphaut und raue, unebene Haut.",https://www.reddit.com/r/40PlusSkinCare/comments/1s2225s/amlactin_works_on_crepey_neck_thank_you/och0hn8/,https://www.reddit.com/r/40PlusSkinCare/comments/1s2225s/amlactin_works_on_crepey_neck_thank_you/,C016,r/40PlusSkinCare,reply,crepey_arms;crepey_legs,medium,"Oberschenkel, Hals, Oberarme.",,whole_body,
A0455,Successful attempts,My dermatologist really noticed how nice my body skin looked ( I am 73)and felt,Hautärztin bemerkte schöne Körperhaut mit 73.,https://www.reddit.com/r/40PlusSkinCare/comments/1s2225s/amlactin_works_on_crepey_neck_thank_you/ochtrka/,https://www.reddit.com/r/40PlusSkinCare/comments/1s2225s/amlactin_works_on_crepey_neck_thank_you/,C016,r/40PlusSkinCare,"reply, 73",derm_recommendation;peer_proof,medium,Fremdbestätigung durch Ärztin.,73,whole_body,
A0456,Product / routine preferences,I always applied it after bathing and often covered it with with a body oil or other moisturizer especially during winter months,"Nach dem Baden auftragen, im Winter mit Körperöl abdecken.",https://www.reddit.com/r/40PlusSkinCare/comments/1s2225s/amlactin_works_on_crepey_neck_thank_you/ochtrka/,https://www.reddit.com/r/40PlusSkinCare/comments/1s2225s/amlactin_works_on_crepey_neck_thank_you/,C016,r/40PlusSkinCare,"reply, 73",winter_dryness;question_order_of_application;oil_seals_not_hydrates,medium,Öl als Winter-Deckschicht über Wirkstoff.,73,whole_body,
A0457,Time-to-result expectations,"It doesn't get rid of the crepey skin for good, but as long as you use it, your skin won't look all tiled and crepey all the time.","Beseitigt Krepp nicht dauerhaft, nur bei fortlaufender Anwendung.",https://www.reddit.com/r/40PlusSkinCare/comments/1s2225s/amlactin_works_on_crepey_neck_thank_you/ochtrka/,https://www.reddit.com/r/40PlusSkinCare/comments/1s2225s/amlactin_works_on_crepey_neck_thank_you/,C016,r/40PlusSkinCare,"reply, 73",consistency_effort;lotion_temporary,medium,Realistische Erwartung: Wirkung nur bei Daueranwendung.,73,whole_body,
A0458,Exact phrases / metaphors / repeated wording,tiled and crepey,"""gefliest und kreppig"".",https://www.reddit.com/r/40PlusSkinCare/comments/1s2225s/amlactin_works_on_crepey_neck_thank_you/ochtrka/,https://www.reddit.com/r/40PlusSkinCare/comments/1s2225s/amlactin_works_on_crepey_neck_thank_you/,C016,r/40PlusSkinCare,"reply, 73",crepey_arms,medium,"Metapher ""tiled"" für Hautmuster.",73,whole_body,
A0459,Situational triggers,I like wearing sundresses in the summer. However my legs are white and dry.,"Trägt gern Sommerkleider, aber Beine weiß und trocken.",https://www.reddit.com/r/40PlusSkinCare/comments/1s618gn/summer_legs_moisture_and_bronze_without_smell/,https://www.reddit.com/r/40PlusSkinCare/comments/1s618gn/summer_legs_moisture_and_bronze_without_smell/,C017,r/40PlusSkinCare,OP,summer_trigger;shorts_dresses_avoidance,medium,Sommerkleid-Saison als Auslöser für Beinpflege.,,legs,
A0460,Desired outcomes,What do you use that may be browning and also moisturizing for your legs when you want them out?,"Sucht etwas, das bräunt und pflegt, wenn Beine gezeigt werden.",https://www.reddit.com/r/40PlusSkinCare/comments/1s618gn/summer_legs_moisture_and_bronze_without_smell/,https://www.reddit.com/r/40PlusSkinCare/comments/1s618gn/summer_legs_moisture_and_bronze_without_smell/,C017,r/40PlusSkinCare,OP,glow_desire;summer_trigger,medium,Kombibedürfnis Pflege + optische Verbesserung (Farbe/Glow).,,legs,
A0461,Objections,Using self tanners the smell is quite awful. Ugh.,Selbstbräuner riechen furchtbar.,https://www.reddit.com/r/40PlusSkinCare/comments/1s618gn/summer_legs_moisture_and_bronze_without_smell/,https://www.reddit.com/r/40PlusSkinCare/comments/1s618gn/summer_legs_moisture_and_bronze_without_smell/,C017,r/40PlusSkinCare,OP,fragrance_sensitivity,medium,Geruch als Kategorie-Barriere.,,legs,
A0462,Ingredient / mechanism beliefs,camouflages to even-out tone just because of the way it reflects light,Mica-Schimmer kaschiert durch Lichtreflexion.,https://www.reddit.com/r/40PlusSkinCare/comments/1s618gn/summer_legs_moisture_and_bronze_without_smell/ocyk3bd/,https://www.reddit.com/r/40PlusSkinCare/comments/1s618gn/summer_legs_moisture_and_bronze_without_smell/,C017,r/40PlusSkinCare,reply,glow_desire,medium,Lichtreflexion als Kaschiermechanismus – Glanz/Schimmer-Bedürfnis.,,legs,
A0463,Ingredient / mechanism beliefs,"For the absolute best results, you should exfoliate and moisturize first; because dry areas uptake the DHA heavier","Vorher peelen und pflegen, sonst fleckig.",https://www.reddit.com/r/40PlusSkinCare/comments/1s618gn/summer_legs_moisture_and_bronze_without_smell/ocyk3bd/,https://www.reddit.com/r/40PlusSkinCare/comments/1s618gn/summer_legs_moisture_and_bronze_without_smell/,C017,r/40PlusSkinCare,reply,exfoliation_dry_brush,medium,Feuchtigkeit als Vorbereitungsschritt.,,legs,
A0464,Product / routine preferences,"I get migraines from strong smells, but mostly white flowers like jasmine, gardenia, etc.","Migräne bei starken Düften, v.a. weiße Blüten.",https://www.reddit.com/r/40PlusSkinCare/comments/1s618gn/summer_legs_moisture_and_bronze_without_smell/ocz2mkv/,https://www.reddit.com/r/40PlusSkinCare/comments/1s618gn/summer_legs_moisture_and_bronze_without_smell/,C017,r/40PlusSkinCare,reply,fragrance_sensitivity,medium,Duftempfindlichkeit differenziert nach Duftfamilien.,,legs,
A0465,Product / routine preferences,I am obsessed with smelling good and I CaNNoT with self tanning smell.,"Besessen von gutem Duft, erträgt Selbstbräunergeruch nicht.",https://www.reddit.com/r/40PlusSkinCare/comments/1s618gn/summer_legs_moisture_and_bronze_without_smell/ocyrhea/,https://www.reddit.com/r/40PlusSkinCare/comments/1s618gn/summer_legs_moisture_and_bronze_without_smell/,C017,r/40PlusSkinCare,reply,scent_love,medium,Duft-Identität.,,legs,
A0466,Tactile descriptions,my skin is as soft as snow,Haut weich wie Schnee.,https://www.reddit.com/r/40PlusSkinCare/comments/1s618gn/summer_legs_moisture_and_bronze_without_smell/ocyrhea/,https://www.reddit.com/r/40PlusSkinCare/comments/1s618gn/summer_legs_moisture_and_bronze_without_smell/,C017,r/40PlusSkinCare,reply,soft_smooth_desire,medium,Metapher.,,legs,
A0467,Identity / social implications,it gives me color and confidence to wear what I want!,"Farbe und Selbstvertrauen, zu tragen, was sie will.",https://www.reddit.com/r/40PlusSkinCare/comments/1s618gn/summer_legs_moisture_and_bronze_without_smell/ocyrhea/,https://www.reddit.com/r/40PlusSkinCare/comments/1s618gn/summer_legs_moisture_and_bronze_without_smell/,C017,r/40PlusSkinCare,reply,confidence_desire;shorts_dresses_avoidance,medium,Kleidungsfreiheit als Ziel.,,legs,
A0468,Product / routine preferences,I can wear my signature scent and smell amazing all day,Kann ihren Signature-Duft tragen.,https://www.reddit.com/r/40PlusSkinCare/comments/1s618gn/summer_legs_moisture_and_bronze_without_smell/ocyrhea/,https://www.reddit.com/r/40PlusSkinCare/comments/1s618gn/summer_legs_moisture_and_bronze_without_smell/,C017,r/40PlusSkinCare,reply,scent_love,medium,Duftkonflikt zwischen Pflegeprodukt und Parfüm.,,legs,
A0469,Questions customers repeatedly ask,Does or transfer to sheets or your clothing?,Färbt es auf Bettwäsche/Kleidung ab?,https://www.reddit.com/r/40PlusSkinCare/comments/1s618gn/summer_legs_moisture_and_bronze_without_smell/oczsmxx/,https://www.reddit.com/r/40PlusSkinCare/comments/1s618gn/summer_legs_moisture_and_bronze_without_smell/,C017,r/40PlusSkinCare,OP,oil_greasy_staining,medium,Transfer-Angst wiederkehrend.,,legs,
A0470,Purchase criteria,I see it's in stock at the local CVS but is $33! Wow.,33 $ bei CVS – zu teuer.,https://www.reddit.com/r/40PlusSkinCare/comments/1s618gn/summer_legs_moisture_and_bronze_without_smell/oczsmxx/,https://www.reddit.com/r/40PlusSkinCare/comments/1s618gn/summer_legs_moisture_and_bronze_without_smell/,C017,r/40PlusSkinCare,OP,price_value,medium,Preisschwelle ~$30 als hoch empfunden.,,legs,
A0471,Objections,It feels a little sticky at first,Anfangs leicht klebrig.,https://www.reddit.com/r/40PlusSkinCare/comments/1s618gn/summer_legs_moisture_and_bronze_without_smell/od0zmyh/,https://www.reddit.com/r/40PlusSkinCare/comments/1s618gn/summer_legs_moisture_and_bronze_without_smell/,C017,r/40PlusSkinCare,reply,new_sticky_sheets,medium,Klebrigkeit.,,legs,
A0472,Purchase criteria,I’m looking for body lotion recommendations that don’t leave your skin sticky.,Sucht nicht-klebrige Bodylotion.,https://www.reddit.com/r/40PlusSkinCare/comments/1t9ldxt/non_sticky_body_lotion/,https://www.reddit.com/r/40PlusSkinCare/comments/1t9ldxt/non_sticky_body_lotion/,C018,r/40PlusSkinCare,OP,oil_absorbs_fast;new_sticky_sheets,medium,Nicht-klebrig als Hauptkriterium.,,whole_body,
A0473,Routine friction,"I take morning showers, so I need something I can put on right after and head straight to work.","Morgendusche, muss direkt zur Arbeit.",https://www.reddit.com/r/40PlusSkinCare/comments/1t9ldxt/non_sticky_body_lotion/,https://www.reddit.com/r/40PlusSkinCare/comments/1t9ldxt/non_sticky_body_lotion/,C018,r/40PlusSkinCare,OP,oil_absorbs_fast,medium,Zeitdruck morgens.,,whole_body,
A0474,Tactile descriptions,feels very very natural but lasts the whole day,"Fühlt sich natürlich an, hält den ganzen Tag.",https://www.reddit.com/r/40PlusSkinCare/comments/1t9ldxt/non_sticky_body_lotion/ol2xrtu/,https://www.reddit.com/r/40PlusSkinCare/comments/1t9ldxt/non_sticky_body_lotion/,C018,r/40PlusSkinCare,"reply, 19",new_skin_feel,low,Unter-40-Stimme.,19,whole_body,under_40_signal
A0475,Product / routine preferences,I bought a spray bottle and mix a toner and body oil 50/50 and spray my whole body down after my morning shower. It’s absorbed in just a couple mins.,Toner + Körperöl 50/50 als Spray nach der Dusche; zieht in Minuten ein.,https://www.reddit.com/r/40PlusSkinCare/comments/1t9ldxt/non_sticky_body_lotion/ol2w6el/,https://www.reddit.com/r/40PlusSkinCare/comments/1t9ldxt/non_sticky_body_lotion/,C018,r/40PlusSkinCare,reply,oil_absorbs_fast;oil_on_damp_skin,medium,DIY-Hack für Öl-Absorption; Spray-Format.,,whole_body,
A0476,Objections,Straight body oil was too greasy,Reines Körperöl war zu fettig.,https://www.reddit.com/r/40PlusSkinCare/comments/1t9ldxt/non_sticky_body_lotion/ol2w6el/,https://www.reddit.com/r/40PlusSkinCare/comments/1t9ldxt/non_sticky_body_lotion/,C018,r/40PlusSkinCare,reply,oil_greasy_staining,medium,Öl pur = zu fettig (Barriere).,,whole_body,
A0477,Product / routine preferences,I love a body oil - Palmers rosehip scented is my favorite body oil.,"Liebt Körperöl, Palmer's Hagebutte.",https://www.reddit.com/r/40PlusSkinCare/comments/1t9ldxt/non_sticky_body_lotion/ol31fnl/,https://www.reddit.com/r/40PlusSkinCare/comments/1t9ldxt/non_sticky_body_lotion/,C018,r/40PlusSkinCare,reply,new_competitor_oil;scent_love,medium,Massenmarkt-Körperöl-Konkurrenz.,,whole_body,
A0478,Ingredient / mechanism beliefs,then some kind of lotion overtop (haven't found one I love) which helps it absorb pretty quickly,Lotion über Öl hilft beim Einziehen.,https://www.reddit.com/r/40PlusSkinCare/comments/1t9ldxt/non_sticky_body_lotion/ol31fnl/,https://www.reddit.com/r/40PlusSkinCare/comments/1t9ldxt/non_sticky_body_lotion/,C018,r/40PlusSkinCare,reply,question_order_of_application,medium,Umgekehrte Schichtung (Öl unter Lotion) als Praxis.,,whole_body,
A0479,Purchase criteria,I wanted something without a lot of weird ingredients and no mineral oil,"Ohne seltsame Inhaltsstoffe, kein Mineralöl.",https://www.reddit.com/r/40PlusSkinCare/comments/1t9ldxt/non_sticky_body_lotion/ol37d8l/,https://www.reddit.com/r/40PlusSkinCare/comments/1t9ldxt/non_sticky_body_lotion/,C018,r/40PlusSkinCare,reply,new_ingredient_fear,medium,"Kurze INCI, kein Mineralöl.",,whole_body,
A0480,Successful attempts,"This has been cheaper, easier, and quicker than using lotion so I've been able to stick with this for months now.","Günstiger, einfacher, schneller als Lotion – seit Monaten dabeigeblieben.",https://www.reddit.com/r/40PlusSkinCare/comments/1t9ldxt/non_sticky_body_lotion/ol37d8l/,https://www.reddit.com/r/40PlusSkinCare/comments/1t9ldxt/non_sticky_body_lotion/,C018,r/40PlusSkinCare,reply,consistency_effort;price_value,medium,Einfachheit fördert Durchhalten.,,whole_body,
A0481,Routine friction,Usually I get tired of some beauty routine stuff but this is really working for me.,Wird Beauty-Routinen sonst schnell leid.,https://www.reddit.com/r/40PlusSkinCare/comments/1t9ldxt/non_sticky_body_lotion/ol37d8l/,https://www.reddit.com/r/40PlusSkinCare/comments/1t9ldxt/non_sticky_body_lotion/,C018,r/40PlusSkinCare,reply,routine_fatigue,medium,Routine-Müdigkeit als Grundzustand.,,whole_body,
A0482,Desired outcomes,it's nice to look at my decolletage in the mirror now and see a hydrated glow!,"Schön, im Spiegel hydrierten Glow am Dekolleté zu sehen.",https://www.reddit.com/r/40PlusSkinCare/comments/1t9ldxt/non_sticky_body_lotion/ol37d8l/,https://www.reddit.com/r/40PlusSkinCare/comments/1t9ldxt/non_sticky_body_lotion/,C018,r/40PlusSkinCare,reply,glow_desire;crepey_chest,medium,Glow am Dekolleté als Belohnung.,,chest,
A0483,Exact phrases / metaphors / repeated wording,It's lotion for lotion-haters,Lotion für Lotion-Hasser.,https://www.reddit.com/r/40PlusSkinCare/comments/1t9ldxt/non_sticky_body_lotion/ol2y002/,https://www.reddit.com/r/40PlusSkinCare/comments/1t9ldxt/non_sticky_body_lotion/,C018,r/40PlusSkinCare,reply,routine_fatigue,medium,"Segment ""Lotion-Hasserinnen"".",,whole_body,
A0484,Purchase criteria,I honestly don’t care what it is as long as it doesn’t stay sticky on my skin.,"Egal was, Hauptsache nicht klebrig.",https://www.reddit.com/r/40PlusSkinCare/comments/1t9ldxt/non_sticky_body_lotion/ol2zn8l/,https://www.reddit.com/r/40PlusSkinCare/comments/1t9ldxt/non_sticky_body_lotion/,C018,r/40PlusSkinCare,OP,new_sticky_sheets,medium,Klebrigkeit dominiert Kriterien.,,whole_body,
A0485,Objections,I find it sticky. I hate it but it works so well,"AmLactin klebrig, aber wirkt.",https://www.reddit.com/r/40PlusSkinCare/comments/1t9ldxt/non_sticky_body_lotion/ol36p3g/,https://www.reddit.com/r/40PlusSkinCare/comments/1t9ldxt/non_sticky_body_lotion/,C018,r/40PlusSkinCare,reply,amlactin_lactic;new_sticky_sheets,medium,Trade-off Wirkung vs Textur.,,whole_body,
A0486,Objections,I hate the feeling of lotion on my hands and body,Hasst Lotiongefühl.,https://www.reddit.com/r/40PlusSkinCare/comments/1t9ldxt/non_sticky_body_lotion/ol35mty/,https://www.reddit.com/r/40PlusSkinCare/comments/1t9ldxt/non_sticky_body_lotion/,C018,r/40PlusSkinCare,reply,routine_fatigue,medium,Sensorische Abneigung.,,whole_body,
A0487,Objections,I’ve seen the retinol one recommended but worried it will be sticky.,"Sorge, dass Retinol-Version klebt.",https://www.reddit.com/r/40PlusSkinCare/comments/1t9ldxt/non_sticky_body_lotion/ol5i01y/,https://www.reddit.com/r/40PlusSkinCare/comments/1t9ldxt/non_sticky_body_lotion/,C018,r/40PlusSkinCare,OP,new_sticky_sheets,medium,Klebrigkeit als Vorab-Bedenken.,,whole_body,
A0488,Tactile descriptions,Any of the Mixa creams and lotions just disappear like magic.,Verschwinden wie von Zauberhand.,https://www.reddit.com/r/40PlusSkinCare/comments/1t9ldxt/non_sticky_body_lotion/ol2zyn3/,https://www.reddit.com/r/40PlusSkinCare/comments/1t9ldxt/non_sticky_body_lotion/,C018,r/40PlusSkinCare,reply,oil_absorbs_fast,low,"""disappear like magic""; Mixa = eher EU.",,whole_body,non_us_signal
A0489,Purchase criteria,I mostly use Nuxe dry oil. As a bonus it smells so softly clean.,"Nuxe Trockenöl, riecht sanft sauber.",https://www.reddit.com/r/40PlusSkinCare/comments/1t9ldxt/non_sticky_body_lotion/ol32t1j/,https://www.reddit.com/r/40PlusSkinCare/comments/1t9ldxt/non_sticky_body_lotion/,C018,r/40PlusSkinCare,reply,scent_love;oil_absorbs_fast,medium,Trockenöl als Format gegen Klebrigkeit.,,whole_body,
A0490,Tactile descriptions,"Neither of them are sticky, they absorb quickly.","Beide Öle nicht klebrig, ziehen schnell ein.",https://www.reddit.com/r/40PlusSkinCare/comments/1t9ldxt/non_sticky_body_lotion/ol32t1j/,https://www.reddit.com/r/40PlusSkinCare/comments/1t9ldxt/non_sticky_body_lotion/,C018,r/40PlusSkinCare,reply,oil_absorbs_fast,medium,Öl kann als nicht-klebrig erlebt werden.,,whole_body,
A0491,Purchase criteria,it smells like sherbet ( the fragrance doesn’t linger),"Riecht nach Sorbet, Duft bleibt nicht.",https://www.reddit.com/r/40PlusSkinCare/comments/1t9ldxt/non_sticky_body_lotion/ol32t3r/,https://www.reddit.com/r/40PlusSkinCare/comments/1t9ldxt/non_sticky_body_lotion/,C018,r/40PlusSkinCare,reply,scent_love,medium,Nicht-anhaftender Duft geschätzt.,,whole_body,
A0492,Product / routine preferences,the Curel wet-skin moisterizer. That's the only apply (towel) and go moisturizer I've found.,"Curel Wet-Skin – einziges ""auftragen und los"".",https://www.reddit.com/r/40PlusSkinCare/comments/1t9ldxt/non_sticky_body_lotion/ol38y1b/,https://www.reddit.com/r/40PlusSkinCare/comments/1t9ldxt/non_sticky_body_lotion/,C018,r/40PlusSkinCare,reply,oil_on_damp_skin,medium,In-shower/Wet-Skin-Format.,,whole_body,
A0493,Purchase criteria,It's the only one that absorbs and not sticky or greasy on my skin,"Einzige, die einzieht, nicht klebrig/fettig.",https://www.reddit.com/r/40PlusSkinCare/comments/1t9ldxt/non_sticky_body_lotion/ol3aj1v/,https://www.reddit.com/r/40PlusSkinCare/comments/1t9ldxt/non_sticky_body_lotion/,C018,r/40PlusSkinCare,reply,oil_absorbs_fast,medium,Doppelkriterium.,,whole_body,
A0494,Product / routine preferences,"you end up lotioned, not sticky at all and once you dry, you are ready for clothes","In-Shower-Lotion: nicht klebrig, nach dem Abtrocknen sofort anziehen.",https://www.reddit.com/r/40PlusSkinCare/comments/1t9ldxt/non_sticky_body_lotion/ol3jlm2/,https://www.reddit.com/r/40PlusSkinCare/comments/1t9ldxt/non_sticky_body_lotion/,C018,r/40PlusSkinCare,reply,oil_absorbs_fast,medium,Rinse-in als Zeitsparer.,,whole_body,
A0495,Product / routine preferences,It’s unscented which I don’t like but I put half a vial of a sample of Nest perfume oil in it,Unparfümiert gefällt nicht; mischt Parfümöl hinein.,https://www.reddit.com/r/40PlusSkinCare/comments/1t9ldxt/non_sticky_body_lotion/ol35xw5/,https://www.reddit.com/r/40PlusSkinCare/comments/1t9ldxt/non_sticky_body_lotion/,C018,r/40PlusSkinCare,reply,scent_love,medium,Duft-Customizing.,,whole_body,
A0496,Failed attempts,I’ve tried a lot of lotions. I found this lotion after trying to find one that wouldn’t break me out (Cerave did break me out).,Viele Lotionen probiert; CeraVe verursachte Ausschlag.,https://www.reddit.com/r/40PlusSkinCare/comments/1tj4xhm/the_best_body_lotion_in_my_40_years/,https://www.reddit.com/r/40PlusSkinCare/comments/1tj4xhm/the_best_body_lotion_in_my_40_years/,C019,r/40PlusSkinCare,OP,nothing_works,medium,Lange Suchgeschichte typisch.,,whole_body,
A0497,Successful attempts,My skin has never ever been so soft and Ive only used 1 full bottle. It definitely has to do with the Urea.,"Haut nie so weich, nach einer Flasche; liegt am Urea.",https://www.reddit.com/r/40PlusSkinCare/comments/1tj4xhm/the_best_body_lotion_in_my_40_years/,https://www.reddit.com/r/40PlusSkinCare/comments/1tj4xhm/the_best_body_lotion_in_my_40_years/,C019,r/40PlusSkinCare,OP,urea;soft_smooth_desire;time_to_result,medium,Eine Flasche als Testzeitraum; Wirkstoff-Zuschreibung.,,whole_body,
A0498,Emotional reactions,I was really missing out for far too long!,Hat zu lange etwas verpasst.,https://www.reddit.com/r/40PlusSkinCare/comments/1tj4xhm/the_best_body_lotion_in_my_40_years/,https://www.reddit.com/r/40PlusSkinCare/comments/1tj4xhm/the_best_body_lotion_in_my_40_years/,C019,r/40PlusSkinCare,OP,urea,medium,Entdeckungs-Euphorie.,,whole_body,
A0499,Successful attempts,No other lotion has ever worked as well for me.,Keine Lotion wirkte je so gut.,https://www.reddit.com/r/40PlusSkinCare/comments/1tj4xhm/the_best_body_lotion_in_my_40_years/omz0424/,https://www.reddit.com/r/40PlusSkinCare/comments/1tj4xhm/the_best_body_lotion_in_my_40_years/,C019,r/40PlusSkinCare,reply,urea,low,Kanada.,,whole_body,non_us_signal
A0500,Ingredient / mechanism beliefs,"Petrolleum jelly just acts like a barrier, it doesn't actively hydrate skin.","Vaseline ist nur Barriere, hydratisiert nicht aktiv.",https://www.reddit.com/r/40PlusSkinCare/comments/1tj4xhm/the_best_body_lotion_in_my_40_years/onago6i/,https://www.reddit.com/r/40PlusSkinCare/comments/1tj4xhm/the_best_body_lotion_in_my_40_years/,C019,r/40PlusSkinCare,reply (lips),oil_seals_not_hydrates,low,Barriere vs Hydratation-Unterscheidung verbreitet.,,unspecified,
A0501,Purchase criteria,it looks so plain for a gift by comparison to fancy scented creams. But it really helps.,"Schlicht im Vergleich zu duftenden Geschenkcremes, aber hilft.",https://www.reddit.com/r/40PlusSkinCare/comments/1tj4xhm/the_best_body_lotion_in_my_40_years/on4miro/,https://www.reddit.com/r/40PlusSkinCare/comments/1tj4xhm/the_best_body_lotion_in_my_40_years/,C019,r/40PlusSkinCare,reply,scent_love,low,Spannung zwischen Geschenk-Ästhetik und Wirksamkeit; UK-Signal (GPs).,,hands,non_us_signal
A0502,Objections,I got this lotion and it makes me feel so sticky I can't use it,"So klebrig, unbrauchbar.",https://www.reddit.com/r/40PlusSkinCare/comments/1tj4xhm/the_best_body_lotion_in_my_40_years/on3g4is/,https://www.reddit.com/r/40PlusSkinCare/comments/1tj4xhm/the_best_body_lotion_in_my_40_years/,C019,r/40PlusSkinCare,reply,new_sticky_sheets;urea,medium,Klebrigkeit subjektiv unterschiedlich.,,whole_body,
A0503,Tactile descriptions,I don’t feel sticky at all. I felt sticky with the Cerave,Gar nicht klebrig; CeraVe war klebrig.,https://www.reddit.com/r/40PlusSkinCare/comments/1tj4xhm/the_best_body_lotion_in_my_40_years/on40c1u/,https://www.reddit.com/r/40PlusSkinCare/comments/1tj4xhm/the_best_body_lotion_in_my_40_years/,C019,r/40PlusSkinCare,OP,new_sticky_sheets,medium,Klebrigkeit ist individuell – Sampling relevant.,,whole_body,
A0504,Product / routine preferences,"keep one next to my bed, one in the shower, one in my gym bag and one in case any of them run out","Je eine Flasche am Bett, Dusche, Sporttasche, Reserve.",https://www.reddit.com/r/40PlusSkinCare/comments/1tj4xhm/the_best_body_lotion_in_my_40_years/on0vjbx/,https://www.reddit.com/r/40PlusSkinCare/comments/1tj4xhm/the_best_body_lotion_in_my_40_years/,C019,r/40PlusSkinCare,reply,consistency_effort,medium,Verfügbarkeit an Nutzungsorten fördert Routine.,,whole_body,
A0505,Purchase criteria,"The only thing that worked better was La Roche Posay, but price wise the difference doesn’t justify it.","LRP besser, aber Preisdifferenz nicht gerechtfertigt.",https://www.reddit.com/r/40PlusSkinCare/comments/1tj4xhm/the_best_body_lotion_in_my_40_years/on0vjbx/,https://www.reddit.com/r/40PlusSkinCare/comments/1tj4xhm/the_best_body_lotion_in_my_40_years/,C019,r/40PlusSkinCare,reply,price_value,medium,Abwägung Mehrleistung vs Preis.,,whole_body,
A0506,Purchase criteria,I’m going to see if there’s a store brand (Walmart) version of this the next time I buy some.,Sucht Eigenmarke (Walmart) als günstigere Version.,https://www.reddit.com/r/40PlusSkinCare/comments/1tj4xhm/the_best_body_lotion_in_my_40_years/onc6mi4/,https://www.reddit.com/r/40PlusSkinCare/comments/1tj4xhm/the_best_body_lotion_in_my_40_years/,C019,r/40PlusSkinCare,reply,price_value,medium,Store-Brand-Substitution.,,whole_body,
A0507,Objections,I get a very itchy rash on my neck anytime I use it that takes days to heal.,Juckender Ausschlag am Hals durch Gold Bond Crepe Corrector.,https://www.reddit.com/r/40PlusSkinCare/comments/1ujsino/gold_bond_crepe_corrector_causes_itchy_rash/,https://www.reddit.com/r/40PlusSkinCare/comments/1ujsino/gold_bond_crepe_corrector_causes_itchy_rash/,C020,r/40PlusSkinCare,OP,gold_bond_crepe;itch_flake,medium,Reaktionen auf Crepe-Spezialprodukte.,,neck,
A0508,Emotional reactions,I just bought Amlactin (green and white bottle) to use instead but I’m afraid I’ll get a rash from that too.,Angst vor Ausschlag auch bei Ersatzprodukt.,https://www.reddit.com/r/40PlusSkinCare/comments/1ujsino/gold_bond_crepe_corrector_causes_itchy_rash/,https://www.reddit.com/r/40PlusSkinCare/comments/1ujsino/gold_bond_crepe_corrector_causes_itchy_rash/,C020,r/40PlusSkinCare,OP,amlactin_lactic,medium,Reaktionsangst überträgt sich auf Kategorie – Verträglichkeit als Kaufkriterium.,,neck,
A0509,Objections,Amlactin for me causes redness and slight rash. I use it like once a month otherwise it looks like hives.,AmLactin verursacht Rötung; nur einmal im Monat.,https://www.reddit.com/r/40PlusSkinCare/comments/1ujsino/gold_bond_crepe_corrector_causes_itchy_rash/ouq7ge3/,https://www.reddit.com/r/40PlusSkinCare/comments/1ujsino/gold_bond_crepe_corrector_causes_itchy_rash/,C020,r/40PlusSkinCare,reply,amlactin_lactic,medium,Säure-Intoleranz bei sensibler Haut.,,unspecified,
A0510,Identity / social implications,I know my skin is very sensitive and over reacts to things it doesn’t like,"Weiß, dass ihre Haut überreagiert.",https://www.reddit.com/r/40PlusSkinCare/comments/1ujsino/gold_bond_crepe_corrector_causes_itchy_rash/ouq7ge3/,https://www.reddit.com/r/40PlusSkinCare/comments/1ujsino/gold_bond_crepe_corrector_causes_itchy_rash/,C020,r/40PlusSkinCare,reply,fragrance_sensitivity,medium,"Selbstbild ""sensible Haut"".",,unspecified,
A0511,Ingredient / mechanism beliefs,tested as allergic to tocopherols or synthetic vitamin e. So far … I’ve learned it’s in everything!,Allergie gegen Tocopherol – steckt überall drin.,https://www.reddit.com/r/40PlusSkinCare/comments/1ujsino/gold_bond_crepe_corrector_causes_itchy_rash/outou6c/,https://www.reddit.com/r/40PlusSkinCare/comments/1ujsino/gold_bond_crepe_corrector_causes_itchy_rash/,C020,r/40PlusSkinCare,reply (husband),new_ingredient_fear,low,Spezifische Allergene (Vitamin E) relevant für Öl-Formulierungen.,,unspecified,
A0512,Objections,I used their crepe lotion on my legs and broke out as well.,Crepe-Lotion an Beinen verursachte Ausschlag.,https://www.reddit.com/r/40PlusSkinCare/comments/1ujsino/gold_bond_crepe_corrector_causes_itchy_rash/ouqrzup/,https://www.reddit.com/r/40PlusSkinCare/comments/1ujsino/gold_bond_crepe_corrector_causes_itchy_rash/,C020,r/40PlusSkinCare,"reply, perimenopause",gold_bond_crepe,medium,Bein-Reaktion.,,legs,hrt_medical_context
A0513,Purchase criteria,It smooths my skin and makes it look veey hydrated w/o being greasy or sticky.,"Glättet, sieht hydriert aus, ohne fettig/klebrig.",https://www.reddit.com/r/40PlusSkinCare/comments/1ujsino/gold_bond_crepe_corrector_causes_itchy_rash/ouqrzup/,https://www.reddit.com/r/40PlusSkinCare/comments/1ujsino/gold_bond_crepe_corrector_causes_itchy_rash/,C020,r/40PlusSkinCare,reply,soft_smooth_desire,medium,Gewünschtes Ergebnis-Bündel.,,face_transfer,face_only_transferable
A0514,Ingredient / mechanism beliefs,"Neck skin can be thin, delicate and react to these.",Halshaut dünn und empfindlich.,https://www.reddit.com/r/40PlusSkinCare/comments/1ujsino/gold_bond_crepe_corrector_causes_itchy_rash/ourgcn3/,https://www.reddit.com/r/40PlusSkinCare/comments/1ujsino/gold_bond_crepe_corrector_causes_itchy_rash/,C020,r/40PlusSkinCare,reply,thin_skin_bruising,medium,Zarte Zonen brauchen milde Pflege.,,neck,
A0515,Failed attempts,Had to stop using within 2 days!,Nach 2 Tagen abgebrochen.,https://www.reddit.com/r/40PlusSkinCare/comments/1ujsino/gold_bond_crepe_corrector_causes_itchy_rash/ouswtym/,https://www.reddit.com/r/40PlusSkinCare/comments/1ujsino/gold_bond_crepe_corrector_causes_itchy_rash/,C020,r/40PlusSkinCare,reply,gold_bond_crepe,medium,Schnelle Reaktion.,,neck,
A0516,Product / routine preferences,"I got some avocado oil and put it in a glass pump bottle with rosemary oil, and rose hip oil.","DIY: Avocado-, Rosmarin-, Hagebuttenöl in Glaspumpflasche.",https://www.reddit.com/r/40PlusSkinCare/comments/1ujsino/gold_bond_crepe_corrector_causes_itchy_rash/outv9qj/,https://www.reddit.com/r/40PlusSkinCare/comments/1ujsino/gold_bond_crepe_corrector_causes_itchy_rash/,C020,r/40PlusSkinCare,reply,cheap_oil_alternative,medium,Nach Reaktion Rückzug auf Pflanzenöle (Derm-IG-Tipp).,,neck,
A0517,Skepticism,Don’t honestly know if it’s making a big difference but the lines don’t seem to be getting worse.,"Unklar ob großer Unterschied, aber nicht schlimmer.",https://www.reddit.com/r/40PlusSkinCare/comments/1ujsino/gold_bond_crepe_corrector_causes_itchy_rash/outv9qj/,https://www.reddit.com/r/40PlusSkinCare/comments/1ujsino/gold_bond_crepe_corrector_causes_itchy_rash/,C020,r/40PlusSkinCare,reply,time_to_result,medium,Stabilisierung als bescheidenes Erfolgskriterium.,,neck,
A0518,Situational triggers,I’ve been using them for months and it just started,Nach Monaten plötzlich Reaktion.,https://www.reddit.com/r/40PlusSkinCare/comments/1ujsino/gold_bond_crepe_corrector_causes_itchy_rash/ov5mfae/,https://www.reddit.com/r/40PlusSkinCare/comments/1ujsino/gold_bond_crepe_corrector_causes_itchy_rash/,C020,r/40PlusSkinCare,reply,gold_bond_crepe,low,Verzögerte Reaktion; Kanada-User.,,neck,non_us_signal
A0519,Emotional reactions,"woke up at 3 am with a burning sore, had to take a shower and a benadryl for some relief","Um 3 Uhr brennender Schmerz, Dusche und Benadryl.",https://www.reddit.com/r/40PlusSkinCare/comments/1ujsino/gold_bond_crepe_corrector_causes_itchy_rash/p4ww8id/,https://www.reddit.com/r/40PlusSkinCare/comments/1ujsino/gold_bond_crepe_corrector_causes_itchy_rash/,C020,r/40PlusSkinCare,reply,gold_bond_crepe,medium,Drastische Reaktionsschilderung.,,arms,
A0520,Situational triggers,"I’ve been on a glp1 for 2 years and have slowly lost 20 lbs, so I think weight loss and my age are both factors.",GLP-1 und Gewichtsverlust plus Alter als Ursache.,https://www.reddit.com/r/40PlusSkinCare/comments/1uxgoxd/crepey_skin_help/,https://www.reddit.com/r/40PlusSkinCare/comments/1uxgoxd/crepey_skin_help/,C021,r/40PlusSkinCare,"OP, 43",weight_loss_glp1,high,GLP-1 als neuer Auslöser für Krepphaut.,43,neck,
A0521,Emotional reactions,I swear these crepey lines came out of nowhere and I am so self conscious about them. What can I do???,"Krepp-Linien aus dem Nichts, sehr unsicher deswegen.",https://www.reddit.com/r/40PlusSkinCare/comments/1uxgoxd/crepey_skin_help/,https://www.reddit.com/r/40PlusSkinCare/comments/1uxgoxd/crepey_skin_help/,C021,r/40PlusSkinCare,"OP, 43",sudden_onset;weight_loss_glp1,high,Selbstbewusstsein beeinträchtigt.,43,neck,
A0522,Questions customers repeatedly ask,What can I do other than a neck lift?,Was außer Halslift?,https://www.reddit.com/r/40PlusSkinCare/comments/1uxgoxd/crepey_skin_help/,https://www.reddit.com/r/40PlusSkinCare/comments/1uxgoxd/crepey_skin_help/,C021,r/40PlusSkinCare,"OP, 43",question_what_works,high,Suche nach nicht-chirurgischen Optionen.,43,neck,
A0523,Exact phrases / metaphors / repeated wording,It’s a souvenir from weight loss.,"""Souvenir"" vom Abnehmen.",https://www.reddit.com/r/40PlusSkinCare/comments/1uxgoxd/crepey_skin_help/oxs07np/,https://www.reddit.com/r/40PlusSkinCare/comments/1uxgoxd/crepey_skin_help/,C021,r/40PlusSkinCare,reply,weight_loss_glp1,medium,Humorvolle Umdeutung.,,neck,
A0524,Successful attempts,Amlacitin reversed this on my neck. I just turned 45.,"AmLactin hat es am Hals umgekehrt, 45.",https://www.reddit.com/r/40PlusSkinCare/comments/1uxgoxd/crepey_skin_help/oxymio2/,https://www.reddit.com/r/40PlusSkinCare/comments/1uxgoxd/crepey_skin_help/,C021,r/40PlusSkinCare,"reply, 45",amlactin_lactic,high,Starke Wirksamkeitsbehauptung.,45,neck,
A0525,Time-to-result expectations,In the beginning it was morning and night. I saw improvement in about a week.,Anfangs morgens und abends; Verbesserung nach etwa einer Woche.,https://www.reddit.com/r/40PlusSkinCare/comments/1uxgoxd/crepey_skin_help/oxyy71s/,https://www.reddit.com/r/40PlusSkinCare/comments/1uxgoxd/crepey_skin_help/,C021,r/40PlusSkinCare,"reply, 45",time_to_result;amlactin_lactic,high,1-Wochen-Erwartung.,45,neck,
A0526,Routine friction,I made the mistake of trying too many new things at once.,Fehler: zu viele neue Produkte gleichzeitig.,https://www.reddit.com/r/40PlusSkinCare/comments/1uxgoxd/crepey_skin_help/oy0deu6/,https://www.reddit.com/r/40PlusSkinCare/comments/1uxgoxd/crepey_skin_help/,C021,r/40PlusSkinCare,OP,routine_fatigue,high,Überforderung durch Produktvielfalt.,43,neck,
A0527,Symptoms / visible texture descriptions,I’ve never been heavy and I have the wattle,Nie schwer gewesen und trotzdem Hautlappen am Hals.,https://www.reddit.com/r/40PlusSkinCare/comments/1uxgoxd/crepey_skin_help/oyjohkx/,https://www.reddit.com/r/40PlusSkinCare/comments/1uxgoxd/crepey_skin_help/,C021,r/40PlusSkinCare,reply,old_lady_identity,medium,"""wattle"" Metapher.",,neck,
A0528,Skepticism,"I use all of the amazing medical grade skincare, and it will help a little but not reverse it!","Medical-Grade-Pflege hilft etwas, kehrt aber nicht um.",https://www.reddit.com/r/40PlusSkinCare/comments/1uxgoxd/crepey_skin_help/oxsnlh1/,https://www.reddit.com/r/40PlusSkinCare/comments/1uxgoxd/crepey_skin_help/,C021,r/40PlusSkinCare,"reply, 46",only_procedures_work,high,Topika-Grenzen-Narrativ.,46,neck,
A0529,Purchase criteria,"If money is not an issue, SkinMedica Neck Correct Cream … I just can’t justify the price personally.","Bestes Produkt, aber Preis nicht zu rechtfertigen.",https://www.reddit.com/r/40PlusSkinCare/comments/1uxgoxd/crepey_skin_help/oxwn6w9/,https://www.reddit.com/r/40PlusSkinCare/comments/1uxgoxd/crepey_skin_help/,C021,r/40PlusSkinCare,"reply, 57",price_value,high,Preisbremse auch bei Überzeugung.,57,neck,
A0530,Successful attempts,Both products have worked really well for me. Has eliminated the crepe.,Krepp beseitigt.,https://www.reddit.com/r/40PlusSkinCare/comments/1uxgoxd/crepey_skin_help/oxwn6w9/,https://www.reddit.com/r/40PlusSkinCare/comments/1uxgoxd/crepey_skin_help/,C021,r/40PlusSkinCare,"reply, 57, GLP-1",weight_loss_glp1,high,Erfolgsnarrativ.,57,neck,
A0531,Purchase criteria,Always stock up at Costco online when they are on sale.,Kauft bei Costco im Angebot auf Vorrat.,https://www.reddit.com/r/40PlusSkinCare/comments/1uxgoxd/crepey_skin_help/oxwn6w9/,https://www.reddit.com/r/40PlusSkinCare/comments/1uxgoxd/crepey_skin_help/,C021,r/40PlusSkinCare,"reply, 57",price_value,high,Deal-Verhalten.,57,neck,
A0532,Emotional reactions,I have to live with the fact that I did this to myself,"Muss damit leben, es sich selbst angetan zu haben.",https://www.reddit.com/r/40PlusSkinCare/comments/1uxgoxd/crepey_skin_help/oxr61f3/,https://www.reddit.com/r/40PlusSkinCare/comments/1uxgoxd/crepey_skin_help/,C021,r/40PlusSkinCare,"reply, 43",weight_loss_glp1,high,Schuldgefühle nach GLP-1.,43,neck,
A0533,Skepticism,topical products will only hydrate and not really help with the volume loss,"Topika hydratisieren nur, helfen nicht bei Volumenverlust.",https://www.reddit.com/r/40PlusSkinCare/comments/1uxgoxd/crepey_skin_help/oxsh3vz/,https://www.reddit.com/r/40PlusSkinCare/comments/1uxgoxd/crepey_skin_help/,C021,r/40PlusSkinCare,reply,only_procedures_work;lotion_temporary,medium,Hydration ≠ Volumen; Erwartungsmanagement.,,neck,
A0534,Successful attempts,"Plain, straight Shea butter and a drop of jojoba oil emulsified and generously applied to neck and chest gives a youthful appearance to the skin",Sheabutter + Tropfen Jojoba an Hals/Dekolleté: jugendliches Aussehen.,https://www.reddit.com/r/40PlusSkinCare/comments/1uxgoxd/crepey_skin_help/oxtte4o/,https://www.reddit.com/r/40PlusSkinCare/comments/1uxgoxd/crepey_skin_help/,C021,r/40PlusSkinCare,reply,cheap_oil_alternative;crepey_chest,medium,Einfache Butter-Öl-Mischung schlägt teure Cremes.,,chest,
A0535,Skepticism,I have tried a lot of neck creams in all price ranges. Sisley Paris bring the most expensive.,Viele Halscremes aller Preisklassen probiert.,https://www.reddit.com/r/40PlusSkinCare/comments/1uxgoxd/crepey_skin_help/oxtte4o/,https://www.reddit.com/r/40PlusSkinCare/comments/1uxgoxd/crepey_skin_help/,C021,r/40PlusSkinCare,reply,price_value,medium,Teuer ≠ besser.,,neck,
A0536,Time-to-result expectations,Crepey skin disappears for 2 days and you have a glow.,"Krepp verschwindet für 2 Tage, Glow.",https://www.reddit.com/r/40PlusSkinCare/comments/1uxgoxd/crepey_skin_help/oy6nkyf/,https://www.reddit.com/r/40PlusSkinCare/comments/1uxgoxd/crepey_skin_help/,C021,r/40PlusSkinCare,reply,lotion_temporary;glow_desire,medium,Temporärer optischer Effekt wird geschätzt.,,chest,
A0537,Tactile descriptions,It sets on top of your skin so you may not want it for your whole body,"Liegt auf der Haut, nicht für ganzen Körper.",https://www.reddit.com/r/40PlusSkinCare/comments/1uxgoxd/crepey_skin_help/oy6nkyf/,https://www.reddit.com/r/40PlusSkinCare/comments/1uxgoxd/crepey_skin_help/,C021,r/40PlusSkinCare,reply,oil_greasy_staining,medium,Okklusive Schicht vs Ganzkörperkomfort.,,chest,
A0538,Time-to-result expectations,Results are slow... much slower than injections or surgery. But they do come.,"Ergebnisse langsam, aber sie kommen.",https://www.reddit.com/r/40PlusSkinCare/comments/1uxgoxd/crepey_skin_help/oy3g5km/,https://www.reddit.com/r/40PlusSkinCare/comments/1uxgoxd/crepey_skin_help/,C021,r/40PlusSkinCare,"reply, lost 100 lbs",time_to_result;consistency_effort,medium,Geduld als Haltung.,,neck,
A0539,Emotional reactions,It encouraged me to start a skincare routine.,"Ermutigte sie, eine Routine zu starten.",https://www.reddit.com/r/40PlusSkinCare/comments/1uxgoxd/crepey_skin_help/oxrvvax/,https://www.reddit.com/r/40PlusSkinCare/comments/1uxgoxd/crepey_skin_help/,C021,r/40PlusSkinCare,reply,self_care_ritual,medium,Problem als Einstieg in Routine.,,neck,
A0540,Emotional reactions,I feel like something new and unwanted pops up weekly now,"Gefühl, jede Woche taucht Neues auf.",https://www.reddit.com/r/40PlusSkinCare/comments/1uxgoxd/crepey_skin_help/oxvuvws/,https://www.reddit.com/r/40PlusSkinCare/comments/1uxgoxd/crepey_skin_help/,C021,r/40PlusSkinCare,OP,sudden_onset,high,Wöchentliche Veränderungen.,43,neck,
A0541,Skepticism,Unsexy “grandma” brands like Gold Bond have stuck around forever because they actually work.,"Unsexy ""Oma-Marken"" wie Gold Bond wirken.",https://www.reddit.com/r/40PlusSkinCare/comments/1uxgoxd/crepey_skin_help/oykx86z/,https://www.reddit.com/r/40PlusSkinCare/comments/1uxgoxd/crepey_skin_help/,C021,r/40PlusSkinCare,reply,gold_bond_crepe,medium,"""Oma-Marke"" als Image.",,neck,
A0542,Desired outcomes,"None are miracle workers, but all can help support you through the changing tides of time.","Keine Wundermittel, aber Unterstützung.",https://www.reddit.com/r/40PlusSkinCare/comments/1uxgoxd/crepey_skin_help/oykx86z/,https://www.reddit.com/r/40PlusSkinCare/comments/1uxgoxd/crepey_skin_help/,C021,r/40PlusSkinCare,reply,acceptance_aging,medium,Realistische Erwartungen.,,neck,
A0543,Objections,it doesn’t sting (or stink! I hate the way amlactin smells; even worse when it gets on my hands then accidentally in my mouth),AmLactin brennt und stinkt.,https://www.reddit.com/r/40PlusSkinCare/comments/1uxgoxd/crepey_skin_help/oxr5rc1/,https://www.reddit.com/r/40PlusSkinCare/comments/1uxgoxd/crepey_skin_help/,C021,r/40PlusSkinCare,"reply, 43",amlactin_lactic;fragrance_sensitivity,medium,Brennen + Geruch.,,neck,
A0544,Skepticism,SM is driving everyone crazy. Lots of people end up looking weird and wasting so much time and money obsessing about this stuff.,Social Media macht verrückt; Zeit-/Geldverschwendung.,https://www.reddit.com/r/40PlusSkinCare/comments/1uxgoxd/crepey_skin_help/oxw1dxv/,https://www.reddit.com/r/40PlusSkinCare/comments/1uxgoxd/crepey_skin_help/,C021,r/40PlusSkinCare,reply,marketing_distrust,medium,Social-Media-Skepsis.,,unspecified,
A0545,Identity / social implications,I’ve been pretty lazy about skin care so probably time to start … ,"War faul mit Hautpflege, Zeit anzufangen.",https://www.reddit.com/r/40PlusSkinCare/comments/1uxgoxd/crepey_skin_help/oxvva66/,https://www.reddit.com/r/40PlusSkinCare/comments/1uxgoxd/crepey_skin_help/,C021,r/40PlusSkinCare,OP,consistency_effort,high,Einstiegsmoment.,43,neck,
A0546,Successful attempts,I think this amlactin might have worked serious magic on my neck.,AmLactin hat am Hals echte Magie bewirkt.,https://www.reddit.com/r/40PlusSkinCare/comments/1wncimu/miracle_product/,https://www.reddit.com/r/40PlusSkinCare/comments/1wncimu/miracle_product/,C022,r/40PlusSkinCare,"OP, 43",amlactin_lactic,high,"""magic""-Sprache bei Erfolg.",43,neck,
A0547,Symptoms / visible texture descriptions,I (43) had really noticed an increase in crepeiness.,Mit 43 deutlich mehr Krepp bemerkt.,https://www.reddit.com/r/40PlusSkinCare/comments/1wncimu/miracle_product/,https://www.reddit.com/r/40PlusSkinCare/comments/1wncimu/miracle_product/,C022,r/40PlusSkinCare,"OP, 43",sudden_onset,high,Onset 43.,43,neck,
A0548,Situational triggers,"I’ve been stretching my neck out in different lights, from different angles etc",Prüft den Hals in verschiedenen Lichtern und Winkeln.,https://www.reddit.com/r/40PlusSkinCare/comments/1wncimu/miracle_product/,https://www.reddit.com/r/40PlusSkinCare/comments/1wncimu/miracle_product/,C022,r/40PlusSkinCare,"OP, 43",new_mirror_trigger,high,Kontrollritual vor Spiegel/Licht.,43,neck,
A0549,Emotional reactions,my neck just is much smoother. I can’t believe it!,Hals viel glatter – kann es nicht glauben.,https://www.reddit.com/r/40PlusSkinCare/comments/1wncimu/miracle_product/,https://www.reddit.com/r/40PlusSkinCare/comments/1wncimu/miracle_product/,C022,r/40PlusSkinCare,"OP, 43",soft_smooth_desire,high,Überraschung/Freude.,43,neck,
A0550,Objections,be careful to not use every night - it can strip the skin too much,Nicht jede Nacht – kann Haut zu sehr angreifen.,https://www.reddit.com/r/40PlusSkinCare/comments/1wncimu/miracle_product/pbduq2o/,https://www.reddit.com/r/40PlusSkinCare/comments/1wncimu/miracle_product/,C022,r/40PlusSkinCare,reply,amlactin_lactic,medium,Überstrippen-Sorge.,,neck,
A0551,Objections,it settled into all those neck lines and gave me a peeling rash,"Setzte sich in Halsfalten, schälender Ausschlag.",https://www.reddit.com/r/40PlusSkinCare/comments/1wncimu/miracle_product/pbekrps/,https://www.reddit.com/r/40PlusSkinCare/comments/1wncimu/miracle_product/,C022,r/40PlusSkinCare,reply,amlactin_lactic,medium,Nebenwirkung in Falten.,,neck,
A0552,Successful attempts,"When i did too much, the rash ointment was what reversed the tight-and-dry feeling.",Wundsalbe kehrte Spann- und Trockengefühl um.,https://www.reddit.com/r/40PlusSkinCare/comments/1wncimu/miracle_product/pbhkbzk/,https://www.reddit.com/r/40PlusSkinCare/comments/1wncimu/miracle_product/,C022,r/40PlusSkinCare,reply,oil_seals_not_hydrates,medium,"""tight-and-dry feeling"" Tastsprache.",,neck,
A0553,Product / routine preferences,I’m basically slathered alllll of the time.,Ständig eingecremt.,https://www.reddit.com/r/40PlusSkinCare/comments/1wncimu/miracle_product/pbesvok/,https://www.reddit.com/r/40PlusSkinCare/comments/1wncimu/miracle_product/,C022,r/40PlusSkinCare,"reply, 46",consistency_effort,high,Daueranwendung.,46,neck,
A0554,Purchase criteria,I have very sensitive skin so work really hard to not strip the barrier,"Sensible Haut, achtet auf Barriere.",https://www.reddit.com/r/40PlusSkinCare/comments/1wncimu/miracle_product/pbesvok/,https://www.reddit.com/r/40PlusSkinCare/comments/1wncimu/miracle_product/,C022,r/40PlusSkinCare,"reply, 46",new_barrier_repair,high,Barriereschutz als Kriterium.,46,neck,
A0555,Routine friction,I’m pretty inconsistent with any skin care routine,Sehr inkonsequent mit Routinen.,https://www.reddit.com/r/40PlusSkinCare/comments/1wncimu/miracle_product/pbixvfk/,https://www.reddit.com/r/40PlusSkinCare/comments/1wncimu/miracle_product/,C022,r/40PlusSkinCare,"OP, 43",consistency_effort;routine_fatigue,high,Inkonsequenz auch bei Erfolgreichen.,43,neck,
A0556,Emotional reactions,"I’m so jealous of people who can use this consistently. It gives me an itchy, hivey neck rash","Neidisch auf Leute, die es vertragen.",https://www.reddit.com/r/40PlusSkinCare/comments/1wncimu/miracle_product/pbgcueu/,https://www.reddit.com/r/40PlusSkinCare/comments/1wncimu/miracle_product/,C022,r/40PlusSkinCare,reply,amlactin_lactic;itch_flake,medium,Ausgeschlossene Nutzerinnen – sanfte Alternativen.,,neck,
A0557,Time-to-result expectations,I find certain moisturizers help the appearance but after an hour or so the crepeiness is back.,"Feuchtigkeitscremes helfen kurz, nach einer Stunde Krepp zurück.",https://www.reddit.com/r/40PlusSkinCare/comments/1wncimu/miracle_product/pbmo0np/,https://www.reddit.com/r/40PlusSkinCare/comments/1wncimu/miracle_product/,C022,r/40PlusSkinCare,reply,lotion_temporary;time_to_result,medium,Temporäreffekt als Kernfrustration.,,neck,
A0558,Questions customers repeatedly ask,How long does that last?,Wie lange hält das?,https://www.reddit.com/r/40PlusSkinCare/comments/1wncimu/miracle_product/pbmo0np/,https://www.reddit.com/r/40PlusSkinCare/comments/1wncimu/miracle_product/,C022,r/40PlusSkinCare,reply,lotion_temporary,medium,Haltbarkeit des Effekts als Frage.,,neck,
A0559,Questions customers repeatedly ask,Does this smell bad?,Riecht es schlecht?,https://www.reddit.com/r/40PlusSkinCare/comments/1wncimu/miracle_product/pbefgh4/,https://www.reddit.com/r/40PlusSkinCare/comments/1wncimu/miracle_product/,C022,r/40PlusSkinCare,reply,fragrance_sensitivity,medium,Standardfrage.,,neck,
A0560,Routine friction,I added a very fragrant regular moisturizer and it got rid of that smell,Mit stark duftender Creme Geruch überdeckt.,https://www.reddit.com/r/40PlusSkinCare/comments/1wncimu/miracle_product/pbifu59/,https://www.reddit.com/r/40PlusSkinCare/comments/1wncimu/miracle_product/,C022,r/40PlusSkinCare,reply,scent_love,medium,Duft-Layering.,,neck,
A0561,Successful attempts,my KP was out of control this summer & using this 100% saved the skin on my arms,KP außer Kontrolle; Produkt rettete Armhaut.,https://www.reddit.com/r/40PlusSkinCare/comments/1wncimu/miracle_product/pbdu5g9/,https://www.reddit.com/r/40PlusSkinCare/comments/1wncimu/miracle_product/,C022,r/40PlusSkinCare,reply,amlactin_lactic;summer_trigger,medium,Sommer-KP.,,arms,
A0562,Successful attempts,"If you have bumpy skin on your body (I get it on my upper arms), it will completely get rid of it.",Beseitigt unebene Haut an Oberarmen.,https://www.reddit.com/r/40PlusSkinCare/comments/1wncimu/miracle_product/pbewhiz/,https://www.reddit.com/r/40PlusSkinCare/comments/1wncimu/miracle_product/,C022,r/40PlusSkinCare,reply,amlactin_lactic;crepey_arms,medium,Arme-Erfolg.,,arms,
A0563,Product / routine preferences,She agreed it’s good.,Hautärztin bestätigt AmLactin.,https://www.reddit.com/r/40PlusSkinCare/comments/1wncimu/miracle_product/pbg6a6s/,https://www.reddit.com/r/40PlusSkinCare/comments/1wncimu/miracle_product/,C022,r/40PlusSkinCare,"reply, 50",derm_recommendation,medium,Ärztliche Bestätigung als Vertrauen.,,unspecified,
A0564,Ingredient / mechanism beliefs,These ingredients at effective doses will teach your skin to rebuild the barrier and fight off enzymes that destroy your collagen.,"Inhaltsstoffe ""lehren"" Haut, Barriere aufzubauen.",https://www.reddit.com/r/40PlusSkinCare/comments/1wncimu/miracle_product/pbh6mia/,https://www.reddit.com/r/40PlusSkinCare/comments/1wncimu/miracle_product/,C022,r/40PlusSkinCare,"reply by ""RESET_skin_protocol""",new_seeding_suspected,low,Account-Name/Ton deutet auf Marke – flaggen.,,neck,possible_seeding
A0565,Objections,"First night it seemed like a miracle product, second night I couldn’t sleep because it burned so badly","Erste Nacht Wunder, zweite Nacht Brennen.",https://www.reddit.com/r/40PlusSkinCare/comments/1wncimu/miracle_product/pbh63hd/,https://www.reddit.com/r/40PlusSkinCare/comments/1wncimu/miracle_product/,C022,r/40PlusSkinCare,reply,amlactin_lactic,medium,Brennen als Nebenwirkung.,,neck,
A0566,Objections,my skin said WTF and broke out into painful cysts. Worked great on my body.,"Am Hals Zysten, am Körper gut.",https://www.reddit.com/r/40PlusSkinCare/comments/1wncimu/miracle_product/pbehxnf/,https://www.reddit.com/r/40PlusSkinCare/comments/1wncimu/miracle_product/,C022,r/40PlusSkinCare,"reply, 43 (same as C006 OP)",amlactin_lactic,medium,Zonenabhängige Verträglichkeit.,,neck,
A0567,Ingredient / mechanism beliefs,I believe it is from the mineral oil which clogs pores,"Glaubt, Mineralöl verstopft Poren.",https://www.reddit.com/r/40PlusSkinCare/comments/1wncimu/miracle_product/pbgli57/,https://www.reddit.com/r/40PlusSkinCare/comments/1wncimu/miracle_product/,C022,r/40PlusSkinCare,reply,new_ingredient_fear,medium,Mineralöl-Angst wiederkehrend.,,neck,
A0568,Failed attempts,"It definitely hydrates, but I don’t see it helping with wrinkles. I’ve been using it daily for about 4 months.","Hydratisiert, aber nach 4 Monaten keine Faltenhilfe.",https://www.reddit.com/r/40PlusSkinCare/comments/1wncimu/miracle_product/pbfgu5k/,https://www.reddit.com/r/40PlusSkinCare/comments/1wncimu/miracle_product/,C022,r/40PlusSkinCare,reply,time_to_result;lotion_temporary,medium,Hydratation ≠ Faltenreduktion.,,neck,
A0569,Time-to-result expectations,It takes about 2 weeks for the sting/ peel to go away.,Ca. 2 Wochen bis Brennen/Schälen aufhört.,https://www.reddit.com/r/40PlusSkinCare/comments/1wncimu/miracle_product/pbphzrc/,https://www.reddit.com/r/40PlusSkinCare/comments/1wncimu/miracle_product/,C022,r/40PlusSkinCare,reply,time_to_result;amlactin_lactic,medium,Eingewöhnungsphase.,,neck,
A0570,Purchase criteria,"I only use products that are vegan & cruelty free, which this doesn’t fit into unfortunately.",Nur vegan & cruelty-free.,https://www.reddit.com/r/40PlusSkinCare/comments/1wncimu/miracle_product/pcoel30/,https://www.reddit.com/r/40PlusSkinCare/comments/1wncimu/miracle_product/,C022,r/40PlusSkinCare,reply,new_ethics,medium,Ethik-Kriterium schließt Produkte aus.,,unspecified,
A0571,Product / routine preferences,I literally just screenshot this product off Facebook for smooth skin!,Produkt von Facebook gescreenshottet.,https://www.reddit.com/r/40PlusSkinCare/comments/1wncimu/miracle_product/pbgwn13/,https://www.reddit.com/r/40PlusSkinCare/comments/1wncimu/miracle_product/,C022,r/40PlusSkinCare,reply,new_impulse_purchase,medium,Social-Discovery.,,unspecified,
A0572,Objections,My dermatologist recommended it but I really hate the smell.,"Hautärztin empfahl es, hasst den Geruch.",https://www.reddit.com/r/40PlusSkinCare/comments/1wncimu/miracle_product/pbiqrtc/,https://www.reddit.com/r/40PlusSkinCare/comments/1wncimu/miracle_product/,C022,r/40PlusSkinCare,reply,derm_recommendation;fragrance_sensitivity,medium,Geruch trotz ärztlicher Empfehlung.,,unspecified,
A0573,Routine friction,i want to try it with tret but fear doing too much to my skin at once,"Angst, zu viel auf einmal zu machen.",https://www.reddit.com/r/40PlusSkinCare/comments/1wncimu/miracle_product/pbjggmu/,https://www.reddit.com/r/40PlusSkinCare/comments/1wncimu/miracle_product/,C022,r/40PlusSkinCare,reply,routine_fatigue,medium,Überforderung/Layering-Angst.,,unspecified,
A0574,Tactile descriptions,my skin has never felt or looked better,Haut fühlte und sah nie besser aus.,https://www.reddit.com/r/40PlusSkinCare/comments/1wncimu/miracle_product/pc84xhg/,https://www.reddit.com/r/40PlusSkinCare/comments/1wncimu/miracle_product/,C022,r/40PlusSkinCare,reply,soft_smooth_desire,medium,Fühlen + Aussehen.,,whole_body,
A0575,Failed attempts,"I did notice a difference for a long time, but now, all of a sudden, it doesn’t seem to be working the same.","Wirkte lange, jetzt plötzlich nicht mehr.",https://www.reddit.com/r/40PlusSkinCare/comments/1wncimu/miracle_product/pcehfdc/,https://www.reddit.com/r/40PlusSkinCare/comments/1wncimu/miracle_product/,C022,r/40PlusSkinCare,reply,nothing_works,medium,Wirkungsabnahme/Gewöhnung.,,neck,
A0576,Skepticism,"It is the structural breakdown of skin, and honestly there is nothing that’s going to tighten it up",Elastose; nichts wird es straffen.,https://www.reddit.com/r/40PlusSkinCare/comments/1wncimu/miracle_product/pchmxlr/,https://www.reddit.com/r/40PlusSkinCare/comments/1wncimu/miracle_product/,C022,r/40PlusSkinCare,reply,nothing_works;only_procedures_work,medium,Fatalistische Fachsprache.,,neck,
A0577,Situational triggers,It’s winter where I’m at and my skin is getting so dry.,Winter macht Haut sehr trocken.,https://www.reddit.com/r/45PlusSkincare/comments/190412g/best_body_oil/,https://www.reddit.com/r/45PlusSkincare/comments/190412g/best_body_oil/,C023,r/45PlusSkincare,"OP, r/45PlusSkincare",winter_dryness,medium,Winter als Hauptauslöser für Ölkauf.,,whole_body,
A0578,Purchase criteria,have used O’Shea body oil in the past but it’s so expensive and I’m looking for a good alternative,"OSEA-Körperöl zu teuer, sucht Alternative.",https://www.reddit.com/r/45PlusSkincare/comments/190412g/best_body_oil/,https://www.reddit.com/r/45PlusSkincare/comments/190412g/best_body_oil/,C023,r/45PlusSkincare,OP,price_value;new_competitor_oil,medium,"Premium-Körperöl (OSEA) als Preisanker, der Abwanderung auslöst.",,whole_body,
A0579,Purchase criteria,Neutrogena Sesame. I adore the scent!,Neutrogena Sesam – liebt den Duft.,https://www.reddit.com/r/45PlusSkincare/comments/190412g/best_body_oil/kglq1k3/,https://www.reddit.com/r/45PlusSkincare/comments/190412g/best_body_oil/,C023,r/45PlusSkincare,reply,scent_love;new_competitor_oil,medium,Duft als Bindungsfaktor beim Massenmarkt-Öl.,,whole_body,
A0580,Successful attempts,My doctor recommended the Neutrogena Sesame for my dry skin in the winter. The hydration is amazing!,Ärztin empfahl Neutrogena Sesam im Winter; Hydratation großartig.,https://www.reddit.com/r/45PlusSkincare/comments/190412g/best_body_oil/kgm3ctz/,https://www.reddit.com/r/45PlusSkincare/comments/190412g/best_body_oil/,C023,r/45PlusSkincare,reply,derm_recommendation;winter_dryness,medium,Ärztliche Empfehlung für Drogerie-Öl.,,whole_body,
A0581,Purchase criteria,I buy a huge bottle from Costco and it lasts a long time.,"Riesenflasche bei Costco, hält lange.",https://www.reddit.com/r/45PlusSkincare/comments/190412g/best_body_oil/kgoauyh/,https://www.reddit.com/r/45PlusSkincare/comments/190412g/best_body_oil/,C023,r/45PlusSkincare,reply,price_value,medium,Großgebinde/Ergiebigkeit.,,whole_body,
A0582,Product / routine preferences,I put some in a roller ball and rub it on my wrists as perfume!,Füllt Öl in Roller und nutzt es als Parfüm.,https://www.reddit.com/r/45PlusSkincare/comments/190412g/best_body_oil/kgohkkr/,https://www.reddit.com/r/45PlusSkincare/comments/190412g/best_body_oil/,C023,r/45PlusSkincare,reply,scent_love,medium,"Duft so geliebt, dass als Parfüm genutzt.",,whole_body,
A0583,Ingredient / mechanism beliefs,Sweet almond and jojoba are very moisturizing.,Süßmandel und Jojoba sehr feuchtigkeitsspendend.,https://www.reddit.com/r/45PlusSkincare/comments/190412g/best_body_oil/kglutag/,https://www.reddit.com/r/45PlusSkincare/comments/190412g/best_body_oil/,C023,r/45PlusSkincare,reply,cheap_oil_alternative,medium,Einzelöle als Basiswissen.,,whole_body,
A0584,Ingredient / mechanism beliefs,My best trick is mixing an oil with my moisturizer in my hands before smoothing it on. Spreads better and lasts longer than either alone.,"Öl mit Creme in der Hand mischen – verteilt sich besser, hält länger.",https://www.reddit.com/r/45PlusSkincare/comments/190412g/best_body_oil/kgo9stz/,https://www.reddit.com/r/45PlusSkincare/comments/190412g/best_body_oil/,C023,r/45PlusSkincare,reply,oil_vs_lotion_confusion;question_order_of_application,medium,Mischanwendung Öl+Creme als Peer-Trick.,,whole_body,
A0585,Exact phrases / metaphors / repeated wording,Why doesn't anyone tell us these things?,Warum sagt einem das keiner?,https://www.reddit.com/r/45PlusSkincare/comments/190412g/best_body_oil/kgo9stz/,https://www.reddit.com/r/45PlusSkincare/comments/190412g/best_body_oil/,C023,r/45PlusSkincare,reply,question_order_of_application,medium,Gefühl fehlender Anwendungsaufklärung.,,whole_body,
A0586,Purchase criteria,Light sesame scent so it won't mess with allergies or asthma,"Leichter Sesamduft, unproblematisch für Allergien/Asthma.",https://www.reddit.com/r/45PlusSkincare/comments/190412g/best_body_oil/kgm3iwf/,https://www.reddit.com/r/45PlusSkincare/comments/190412g/best_body_oil/,C023,r/45PlusSkincare,reply,fragrance_sensitivity,medium,Dezenter Duft für Sensible.,,whole_body,
A0587,Ingredient / mechanism beliefs,Put it on after patting dry and it works even better,Nach Abtupfen auftragen wirkt besser.,https://www.reddit.com/r/45PlusSkincare/comments/190412g/best_body_oil/kgm3iwf/,https://www.reddit.com/r/45PlusSkincare/comments/190412g/best_body_oil/,C023,r/45PlusSkincare,reply,oil_on_damp_skin,medium,Damp-Skin bei Öl.,,whole_body,
A0588,Successful attempts,I mix a glob of Cereve with a glob of coconut oil and put it everywhere after I lightly dry off after I shower. It is saving my skin this winter!,CeraVe + Kokosöl nach dem Duschen – rettet die Haut im Winter.,https://www.reddit.com/r/45PlusSkincare/comments/190412g/best_body_oil/kgmd2ez/,https://www.reddit.com/r/45PlusSkincare/comments/190412g/best_body_oil/,C023,r/45PlusSkincare,reply,cheap_oil_alternative;winter_dryness,medium,Selbstmischung.,,whole_body,
A0589,Situational triggers,"I shower too often, live in a desert, and have super sensitive skin.","Duscht oft, lebt in Wüste, empfindliche Haut.",https://www.reddit.com/r/45PlusSkincare/comments/190412g/best_body_oil/kgoc9r8/,https://www.reddit.com/r/45PlusSkincare/comments/190412g/best_body_oil/,C023,r/45PlusSkincare,reply,new_dry_climate,medium,Klima/Duschfrequenz als Trigger.,,whole_body,
A0590,Ingredient / mechanism beliefs,I also apply to slightly damp skin. I swear it makes a difference.,Auf leicht feuchte Haut – macht Unterschied.,https://www.reddit.com/r/45PlusSkincare/comments/190412g/best_body_oil/ki2lpzg/,https://www.reddit.com/r/45PlusSkincare/comments/190412g/best_body_oil/,C023,r/45PlusSkincare,reply,oil_on_damp_skin,medium,Damp-Skin-Bestätigung.,,whole_body,
A0591,Tactile descriptions,Sometimes rubbing with the towel just feels so good!,Abrubbeln mit Handtuch fühlt sich so gut an.,https://www.reddit.com/r/45PlusSkincare/comments/190412g/best_body_oil/ki2n3ly/,https://www.reddit.com/r/45PlusSkincare/comments/190412g/best_body_oil/,C023,r/45PlusSkincare,reply,self_care_ritual,medium,Sinnliches Duschritual als Konkurrenz zur Damp-Skin-Regel.,,whole_body,
A0592,Purchase criteria,I use the coconut oil that’s in the cooking aisle at the grocery store.,Kokosöl aus dem Kochregal.,https://www.reddit.com/r/45PlusSkincare/comments/190412g/best_body_oil/kgmhr5x/,https://www.reddit.com/r/45PlusSkincare/comments/190412g/best_body_oil/,C023,r/45PlusSkincare,reply,cheap_oil_alternative,medium,Lebensmittelöl als Billigalternative.,,whole_body,
A0593,Purchase criteria,Do not spend more than like $20 on a bottle for big brand names.,Nicht mehr als 20 $ für Markennamen ausgeben.,https://www.reddit.com/r/45PlusSkincare/comments/190412g/best_body_oil/kgmobkj/,https://www.reddit.com/r/45PlusSkincare/comments/190412g/best_body_oil/,C023,r/45PlusSkincare,reply,price_value;marketing_distrust,medium,Preisobergrenze ~$20 für Öl in diesem Segment.,,whole_body,
A0594,Product / routine preferences,Use this under whatever more occlusive oil or lotion you like,Unter okklusivem Öl/Lotion verwenden.,https://www.reddit.com/r/45PlusSkincare/comments/190412g/best_body_oil/kglzkap/,https://www.reddit.com/r/45PlusSkincare/comments/190412g/best_body_oil/,C023,r/45PlusSkincare,reply,oil_seals_not_hydrates;question_order_of_application,medium,Öl als okklusiver Abschluss.,,whole_body,
A0595,Successful attempts,"My elbows are crazy soft now, wasn’t expecting that but I’ll take it!",Ellbogen jetzt super weich.,https://www.reddit.com/r/45PlusSkincare/comments/190412g/best_body_oil/kgrj1dd/,https://www.reddit.com/r/45PlusSkincare/comments/190412g/best_body_oil/,C023,r/45PlusSkincare,reply,soft_smooth_desire,medium,Unerwartete Weichheit.,,arms,
A0596,Tactile descriptions,"Smells good, sinks in and very healthy.","Riecht gut, zieht ein, sehr gesund.",https://www.reddit.com/r/45PlusSkincare/comments/190412g/best_body_oil/kgmrv0x/,https://www.reddit.com/r/45PlusSkincare/comments/190412g/best_body_oil/,C023,r/45PlusSkincare,reply on Weleda oil,scent_love;oil_absorbs_fast,medium,"Trias Duft/Einziehen/""healthy"".",,whole_body,
A0597,Purchase criteria,I prefer the pump on the Weleda over the spray on the Moroccan which can be difficult if your hands are oily. The Weleda pump is very easy to use.,Pumpe besser als Spray bei öligen Händen.,https://www.reddit.com/r/45PlusSkincare/comments/190412g/best_body_oil/kgmrv0x/,https://www.reddit.com/r/45PlusSkincare/comments/190412g/best_body_oil/,C023,r/45PlusSkincare,reply,new_packaging_dispenser,medium,Spender-Handling als Kaufkriterium bei Öl.,,whole_body,
A0598,Ingredient / mechanism beliefs,"Coconut oil for skin is a very light moisturizer that sinks in quickly, which appeals to a lot of people because it doesn’t leave a greasy feeling","Kokosöl leicht, zieht schnell ein, nicht fettig.",https://www.reddit.com/r/45PlusSkincare/comments/190412g/best_body_oil/kgmo7kj/,https://www.reddit.com/r/45PlusSkincare/comments/190412g/best_body_oil/,C023,r/45PlusSkincare,reply,oil_absorbs_fast,medium,Laienwissen zu Okklusivität einzelner Öle.,,whole_body,
A0599,Ingredient / mechanism beliefs,"Dry skin needs something more occlusive than coconut oil, but less so than petroleum jelly.","Trockene Haut braucht mehr Okklusion als Kokos, weniger als Vaseline.",https://www.reddit.com/r/45PlusSkincare/comments/190412g/best_body_oil/kgmo7kj/,https://www.reddit.com/r/45PlusSkincare/comments/190412g/best_body_oil/,C023,r/45PlusSkincare,reply,oil_seals_not_hydrates,medium,Okklusions-Spektrum als Denkmodell.,,whole_body,
A0600,Product / routine preferences,Make sure you are using a good moisturizer first.,"Erst gute Feuchtigkeitscreme, dann Öl.",https://www.reddit.com/r/45PlusSkincare/comments/190412g/best_body_oil/kgmo7kj/,https://www.reddit.com/r/45PlusSkincare/comments/190412g/best_body_oil/,C023,r/45PlusSkincare,reply,question_order_of_application,medium,Reihenfolge Creme→Öl.,,whole_body,
A0601,Successful attempts,It has helped more than any product I have ever tried (no matter how expensive).,"Fraktioniertes Kokosöl half mehr als alles, egal wie teuer.",https://www.reddit.com/r/45PlusSkincare/comments/190412g/best_body_oil/kgm8jzv/,https://www.reddit.com/r/45PlusSkincare/comments/190412g/best_body_oil/,C023,r/45PlusSkincare,reply,cheap_oil_alternative;price_value,medium,Billig schlägt teuer.,,whole_body,
A0602,Purchase criteria,"I have multiple chemical sensitivities, so most commercial grade body products are a no-go for me.","Chemikalien-Sensitivität, kommerzielle Produkte No-Go.",https://www.reddit.com/r/45PlusSkincare/comments/190412g/best_body_oil/kgnxyex/,https://www.reddit.com/r/45PlusSkincare/comments/190412g/best_body_oil/,C023,r/45PlusSkincare,reply,fragrance_sensitivity;new_ingredient_fear,medium,Segment mit DIY wegen Unverträglichkeit.,,whole_body,
A0603,Purchase criteria,"it's usually under $17, sometimes closer to $14 on sale","Meist unter 17 $, im Angebot 14 $.",https://www.reddit.com/r/45PlusSkincare/comments/190412g/best_body_oil/kglyq1w/,https://www.reddit.com/r/45PlusSkincare/comments/190412g/best_body_oil/,C023,r/45PlusSkincare,reply on EO body oil,price_value,medium,Preisanker Körperöl ~$14-17.,,whole_body,
A0604,Skepticism,"I actually like it better than the Osea one, which I felt really smelled great but didn't moisturize as well.","OSEA roch toll, pflegte aber schlechter.",https://www.reddit.com/r/45PlusSkincare/comments/190412g/best_body_oil/kglyq1w/,https://www.reddit.com/r/45PlusSkincare/comments/190412g/best_body_oil/,C023,r/45PlusSkincare,reply,new_competitor_oil;scent_love,medium,Duft allein reicht nicht – Pflegeleistung entscheidet.,,whole_body,
A0605,Skepticism,I also tried Osea and felt underwhelmed with the moisture properties.,OSEA enttäuschte bei Feuchtigkeit.,https://www.reddit.com/r/45PlusSkincare/comments/190412g/best_body_oil/kgmqah3/,https://www.reddit.com/r/45PlusSkincare/comments/190412g/best_body_oil/,C023,r/45PlusSkincare,reply,new_competitor_oil,medium,Premium-Öl-Enttäuschung.,,whole_body,
A0606,Product / routine preferences,"In the winter I do a moisturizer, then seal it in with oil!","Im Winter Creme, dann mit Öl versiegeln.",https://www.reddit.com/r/45PlusSkincare/comments/190412g/best_body_oil/kgm0usc/,https://www.reddit.com/r/45PlusSkincare/comments/190412g/best_body_oil/,C023,r/45PlusSkincare,reply,oil_seals_not_hydrates;winter_dryness,medium,"""seal it in"" Öl-Rolle.",,whole_body,
A0607,Routine friction,Manufacturer says to apply twice daily but I can only use it once because of the amount of time it takes to sink in before you can get dressed.,"Nur einmal täglich, weil Einziehzeit vor dem Anziehen zu lang.",https://www.reddit.com/r/45PlusSkincare/comments/190412g/best_body_oil/kgqjk44/,https://www.reddit.com/r/45PlusSkincare/comments/190412g/best_body_oil/,C023,r/45PlusSkincare,reply,oil_absorbs_fast;routine_fatigue,medium,Einziehzeit begrenzt Anwendungsfrequenz.,,whole_body,
A0608,Routine friction,I have an old bath robe I wear after I put the Bio Oil on and sit on the couch. I have to do it an hour before bed to give it time to absorb.,"Alter Bademantel, eine Stunde vor dem Schlafen einwirken lassen.",https://www.reddit.com/r/45PlusSkincare/comments/190412g/best_body_oil/kgqjk44/,https://www.reddit.com/r/45PlusSkincare/comments/190412g/best_body_oil/,C023,r/45PlusSkincare,reply,oil_greasy_staining;oil_absorbs_fast,medium,Workaround gegen Flecken/Einziehzeit.,,whole_body,
A0609,Tactile descriptions,My legs are so soft.,Beine so weich.,https://www.reddit.com/r/45PlusSkincare/comments/190412g/best_body_oil/kgqjk44/,https://www.reddit.com/r/45PlusSkincare/comments/190412g/best_body_oil/,C023,r/45PlusSkincare,reply,soft_smooth_desire,medium,Ergebnis trotz Aufwand.,,legs,
A0610,Product / routine preferences,straight coconut oil. I let it melt on my skin from solid and rub it in.,Kokosöl auf Haut schmelzen lassen.,https://www.reddit.com/r/45PlusSkincare/comments/190412g/best_body_oil/kglrpgg/,https://www.reddit.com/r/45PlusSkincare/comments/190412g/best_body_oil/,C023,r/45PlusSkincare,reply,cheap_oil_alternative,medium,Sinnliche Anwendung.,,whole_body,
A0611,Product / routine preferences,"My doctor just recommended coconut oil to me too, she said to just buy it in the grocery store",Ärztin empfahl Kokosöl aus dem Supermarkt.,https://www.reddit.com/r/45PlusSkincare/comments/190412g/best_body_oil/kgmk40s/,https://www.reddit.com/r/45PlusSkincare/comments/190412g/best_body_oil/,C023,r/45PlusSkincare,reply,derm_recommendation;cheap_oil_alternative,medium,Ärztliche Legitimation billiger Öle.,,whole_body,
A0612,Purchase criteria,Bottle is pricey but it lasts me a while. I like that’s its clean without chemicals and “fragrance”.,"Teuer, aber ergiebig; ""clean"" ohne Chemie und ""Duftstoff"".",https://www.reddit.com/r/45PlusSkincare/comments/190412g/best_body_oil/kgupo9n/,https://www.reddit.com/r/45PlusSkincare/comments/190412g/best_body_oil/,C023,r/45PlusSkincare,reply,price_value;new_ingredient_fear,medium,"""clean""-Kriterium; Misstrauen gegenüber ""fragrance"".",,whole_body,
A0613,Symptoms / visible texture descriptions,I'm 63 and the past few months my forearms skin has dramatically changed- it's seriously like alligator skin!,Mit 63 Unterarmhaut in Monaten dramatisch verändert – wie Alligatorhaut.,https://www.reddit.com/r/45PlusSkincare/comments/1dldr06/severe_crepey_arm_skin/,https://www.reddit.com/r/45PlusSkincare/comments/1dldr06/severe_crepey_arm_skin/,C024,r/45PlusSkincare,"OP, 63",crepey_arms;sudden_onset,high,"""alligator skin"" Metapher; schnelle Veränderung auch mit 63.",63,arms,
A0614,Identity / social implications,"it's making me feel uncomfortable with short sleeves, it's so bad!",Fühlt sich in kurzen Ärmeln unwohl.,https://www.reddit.com/r/45PlusSkincare/comments/1dldr06/severe_crepey_arm_skin/,https://www.reddit.com/r/45PlusSkincare/comments/1dldr06/severe_crepey_arm_skin/,C024,r/45PlusSkincare,"OP, 63",hiding_arms_sleeveless,high,Ärmel-Vermeidung.,63,arms,
A0615,Failed attempts,After 2 months it's just getting worse.,Nach 2 Monaten schlimmer.,https://www.reddit.com/r/45PlusSkincare/comments/1dldr06/severe_crepey_arm_skin/,https://www.reddit.com/r/45PlusSkincare/comments/1dldr06/severe_crepey_arm_skin/,C024,r/45PlusSkincare,"OP, 63",nothing_works;time_to_result,high,Verschlechterung trotz Routine.,63,arms,
A0616,Failed attempts,"I have tried Eucerin, Gold Bond and several other creams- nothing is helping.","Eucerin, Gold Bond u.a. – nichts hilft.",https://www.reddit.com/r/45PlusSkincare/comments/1dldr06/severe_crepey_arm_skin/,https://www.reddit.com/r/45PlusSkincare/comments/1dldr06/severe_crepey_arm_skin/,C024,r/45PlusSkincare,"OP, 63",nothing_works;gold_bond_crepe,high,Mehrfaches Scheitern.,63,arms,
A0617,Questions customers repeatedly ask,does anyone have any ideas what will actually help?,Was hilft wirklich?,https://www.reddit.com/r/45PlusSkincare/comments/1dldr06/severe_crepey_arm_skin/,https://www.reddit.com/r/45PlusSkincare/comments/1dldr06/severe_crepey_arm_skin/,C024,r/45PlusSkincare,"OP, 63",question_what_works,high,"""actually"" signalisiert Enttäuschung.",63,arms,
A0618,Ingredient / mechanism beliefs,At our age (64 here) things are changing quickly - muscle loss as well as collagen and thinning of skin and connective tissue.,"Mit 64 schnelle Veränderungen: Muskel, Kollagen, dünne Haut.",https://www.reddit.com/r/45PlusSkincare/comments/1dldr06/severe_crepey_arm_skin/l9pf7ti/,https://www.reddit.com/r/45PlusSkincare/comments/1dldr06/severe_crepey_arm_skin/,C024,r/45PlusSkincare,"reply, 64",thin_skin_bruising,high,Ganzheitliches Alterungsmodell.,64,whole_body,
A0619,Desired outcomes,It’s all gotta be done in earnest.,Alles muss ernsthaft betrieben werden.,https://www.reddit.com/r/45PlusSkincare/comments/1dldr06/severe_crepey_arm_skin/l9pf7ti/,https://www.reddit.com/r/45PlusSkincare/comments/1dldr06/severe_crepey_arm_skin/,C024,r/45PlusSkincare,"reply, 64",consistency_effort,high,Ernsthaftigkeit/Disziplin.,64,whole_body,
A0620,Ingredient / mechanism beliefs,It sounds like you’re doing to much exfoliating.,Zu viel Peeling.,https://www.reddit.com/r/45PlusSkincare/comments/1dldr06/severe_crepey_arm_skin/l9p7rmv/,https://www.reddit.com/r/45PlusSkincare/comments/1dldr06/severe_crepey_arm_skin/,C024,r/45PlusSkincare,reply,exfoliation_dry_brush,medium,Über-Exfoliation als Ursache.,,arms,
A0621,Ingredient / mechanism beliefs,Your skin is probably very dry.,Haut ist wahrscheinlich sehr trocken.,https://www.reddit.com/r/45PlusSkincare/comments/1dldr06/severe_crepey_arm_skin/l9p7rmv/,https://www.reddit.com/r/45PlusSkincare/comments/1dldr06/severe_crepey_arm_skin/,C024,r/45PlusSkincare,reply,winter_dryness,medium,Trockenheit als Grunddiagnose.,,arms,
A0622,Product / routine preferences,doesn’t smell great but do it at night and the smell doesn’t stick around for me,"Riecht nicht toll, nachts auftragen.",https://www.reddit.com/r/45PlusSkincare/comments/1dldr06/severe_crepey_arm_skin/l9p1yri/,https://www.reddit.com/r/45PlusSkincare/comments/1dldr06/severe_crepey_arm_skin/,C024,r/45PlusSkincare,reply,amlactin_lactic,medium,Nacht-Workaround.,,arms,
A0623,Objections,can’t get past that burnt maple syrup smell!!! Makes me gag!,"Verbrannter Ahornsirup-Geruch, Würgereiz.",https://www.reddit.com/r/45PlusSkincare/comments/1dldr06/severe_crepey_arm_skin/l9rrvfm/,https://www.reddit.com/r/45PlusSkincare/comments/1dldr06/severe_crepey_arm_skin/,C024,r/45PlusSkincare,reply,amlactin_lactic;fragrance_sensitivity,medium,Starke Geruchsablehnung.,,arms,
A0624,Situational triggers,My crepey arm skin just start about 6 months ago.,Kreppige Armhaut seit etwa 6 Monaten.,https://www.reddit.com/r/45PlusSkincare/comments/1dldr06/severe_crepey_arm_skin/l9pf26h/,https://www.reddit.com/r/45PlusSkincare/comments/1dldr06/severe_crepey_arm_skin/,C024,r/45PlusSkincare,"reply, ~63",crepey_arms;sudden_onset,high,Onset spät 50er/60er.,63,arms,
A0625,Objections,My skin feels terrible when it use it...like there is a film that doesn't absorb and it doesn't give NEAR enough moisture.,"Gold Bond Crepe: Film, zieht nicht ein, zu wenig Feuchtigkeit.",https://www.reddit.com/r/45PlusSkincare/comments/1dldr06/severe_crepey_arm_skin/l9x9g4g/,https://www.reddit.com/r/45PlusSkincare/comments/1dldr06/severe_crepey_arm_skin/,C024,r/45PlusSkincare,reply,gold_bond_crepe;lotion_temporary,medium,Filmgefühl als Ablehnung.,,arms,
A0626,Successful attempts,"I just discovered Gold Bond Crepe cream about 2 months ago, and I'm very happy with it.","Gold Bond Crepe seit 2 Monaten, zufrieden.",https://www.reddit.com/r/45PlusSkincare/comments/1dldr06/severe_crepey_arm_skin/l9rrldd/,https://www.reddit.com/r/45PlusSkincare/comments/1dldr06/severe_crepey_arm_skin/,C024,r/45PlusSkincare,"reply, 52, perimenopause",gold_bond_crepe;time_to_result,high,Gemischte Gold-Bond-Erfahrungen.,52,arms,hrt_medical_context
A0627,Purchase criteria,It smells much better than Amlactin.,Riecht viel besser als AmLactin.,https://www.reddit.com/r/45PlusSkincare/comments/1dldr06/severe_crepey_arm_skin/l9ohueo/,https://www.reddit.com/r/45PlusSkincare/comments/1dldr06/severe_crepey_arm_skin/,C024,r/45PlusSkincare,reply,scent_love;amlactin_lactic,medium,Duftvergleich als Kriterium.,,arms,
A0628,Symptoms / visible texture descriptions,when I was doing a plank in a sports bra I noticed that the skin in my stomach was hanging down and wrinkly,Beim Plank Bauchhaut hängend und faltig.,https://www.reddit.com/r/45PlusSkincare/comments/1dldr06/severe_crepey_arm_skin/l9ps4ma/,https://www.reddit.com/r/45PlusSkincare/comments/1dldr06/severe_crepey_arm_skin/,C024,r/45PlusSkincare,"reply, 63",crepey_arms;new_mirror_trigger,high,Sport-Moment als Entdeckung.,63,abdomen,
A0629,Emotional reactions,I've tried a variety of products but nothing had made much of a difference. It's discouraging,"Viele Produkte, kaum Unterschied – entmutigend.",https://www.reddit.com/r/45PlusSkincare/comments/1dldr06/severe_crepey_arm_skin/l9ps4ma/,https://www.reddit.com/r/45PlusSkincare/comments/1dldr06/severe_crepey_arm_skin/,C024,r/45PlusSkincare,"reply, 63",nothing_works,high,Entmutigung.,63,whole_body,
A0630,Identity / social implications,I am thin and lift weights 4x/week sonI have visible abs.,"Schlank, trainiert, sichtbare Bauchmuskeln.",https://www.reddit.com/r/45PlusSkincare/comments/1dldr06/severe_crepey_arm_skin/l9ps4ma/,https://www.reddit.com/r/45PlusSkincare/comments/1dldr06/severe_crepey_arm_skin/,C024,r/45PlusSkincare,"reply, 63",feel_like_myself,high,Fitness ≠ Hautbild.,63,abdomen,
A0631,Emotional reactions,"My skin is sagging when I’m in a plank, even though I have visible abs. 😭",Haut hängt beim Plank trotz Bauchmuskeln.,https://www.reddit.com/r/45PlusSkincare/comments/1dldr06/severe_crepey_arm_skin/ljtr03n/,https://www.reddit.com/r/45PlusSkincare/comments/1dldr06/severe_crepey_arm_skin/,C024,r/45PlusSkincare,"reply, 49",feel_like_myself,high,Frust bei fitten Frauen.,49,abdomen,
A0632,Symptoms / visible texture descriptions,My hands look terrible. Crepey thin with tons of age spots. I’m 57.,"Hände schrecklich: kreppig, dünn, Altersflecken.",https://www.reddit.com/r/45PlusSkincare/comments/1dldr06/severe_crepey_arm_skin/l9rtk98/,https://www.reddit.com/r/45PlusSkincare/comments/1dldr06/severe_crepey_arm_skin/,C024,r/45PlusSkincare,"reply, 57, nurse",crepey_hands;thin_skin_bruising,high,Hände als Problemzone.,57,hands,
A0633,Identity / social implications,My mother who is 82 hands look great compared to mine.,Hände der 82-jährigen Mutter sehen besser aus.,https://www.reddit.com/r/45PlusSkincare/comments/1dldr06/severe_crepey_arm_skin/l9rtk98/,https://www.reddit.com/r/45PlusSkincare/comments/1dldr06/severe_crepey_arm_skin/,C024,r/45PlusSkincare,"reply, 57",mothers_skin,high,Mutter-Vergleich.,57,hands,
A0634,Situational triggers,it’s quite thick for summer. I really like it for winter though.,"Für Sommer zu dick, gut für Winter.",https://www.reddit.com/r/45PlusSkincare/comments/1dldr06/severe_crepey_arm_skin/l9ogmfk/,https://www.reddit.com/r/45PlusSkincare/comments/1dldr06/severe_crepey_arm_skin/,C024,r/45PlusSkincare,reply,summer_trigger;winter_dryness,medium,Saisonale Texturwahl.,,arms,
A0635,Ingredient / mechanism beliefs,"Get some kind of body oil, slather it in, then put a good body lotion over that","Körperöl einmassieren, dann Lotion darüber.",https://www.reddit.com/r/45PlusSkincare/comments/1dldr06/severe_crepey_arm_skin/l9q1788/,https://www.reddit.com/r/45PlusSkincare/comments/1dldr06/severe_crepey_arm_skin/,C024,r/45PlusSkincare,reply,question_order_of_application,medium,Öl unter Lotion als Empfehlung.,,arms,
A0636,Ingredient / mechanism beliefs,"this is dry skin plus sun damage, and it's about re-hydrating it, not scrubbing it off",Trockenheit + Sonnenschaden: rehydrieren statt abschrubben.,https://www.reddit.com/r/45PlusSkincare/comments/1dldr06/severe_crepey_arm_skin/l9q1788/,https://www.reddit.com/r/45PlusSkincare/comments/1dldr06/severe_crepey_arm_skin/,C024,r/45PlusSkincare,reply,sunscreen_sun_damage;exfoliation_dry_brush,medium,Rehydrations-Narrativ vs Peeling.,,arms,
A0637,Ingredient / mechanism beliefs,Lanolin is pure cholesterol and is very healing to the skin.,"Lanolin sei reines Cholesterin, heilend.",https://www.reddit.com/r/45PlusSkincare/comments/1dldr06/severe_crepey_arm_skin/l9ro2rt/,https://www.reddit.com/r/45PlusSkincare/comments/1dldr06/severe_crepey_arm_skin/,C024,r/45PlusSkincare,reply,new_ingredient_belief,low,Pseudo-Mechanismen verbreitet.,,arms,
A0638,Successful attempts,she’s almost 70 and she said she saw a difference in her crepey arms within a month,Mutter (fast 70) sah nach einem Monat Unterschied.,https://www.reddit.com/r/45PlusSkincare/comments/1dldr06/severe_crepey_arm_skin/l9s2vqe/,https://www.reddit.com/r/45PlusSkincare/comments/1dldr06/severe_crepey_arm_skin/,C024,r/45PlusSkincare,reply promoting Oliveda (offers DM for stock),collagen_supplement,low,"Verkaufsmuster (DM, Restock) – Seeding/MLM.",,arms,possible_seeding
A0639,Ingredient / mechanism beliefs,Lactic acid n milk is very gentle n cheap.,Milchsäure/Milch sanft und billig.,https://www.reddit.com/r/45PlusSkincare/comments/1dldr06/severe_crepey_arm_skin/l9ukf9z/,https://www.reddit.com/r/45PlusSkincare/comments/1dldr06/severe_crepey_arm_skin/,C024,r/45PlusSkincare,reply,cheap_oil_alternative,low,DIY-Hausmittel.,,arms,
A0640,Product / routine preferences,I (61f) add some hyaluronic serum (The Ordinary brand) to a good body cream.,61: HA-Serum in Körpercreme gemischt.,https://www.reddit.com/r/45PlusSkincare/comments/1dldr06/severe_crepey_arm_skin/l9xfsmr/,https://www.reddit.com/r/45PlusSkincare/comments/1dldr06/severe_crepey_arm_skin/,C024,r/45PlusSkincare,"reply, 61",consistency_effort,high,Mischroutinen.,61,whole_body,
A0641,Situational triggers,I have really dry skin and live in a dry climate so I’m Definitely a 2x/dayer,"Trockenes Klima, cremt 2x täglich.",https://www.reddit.com/r/45PlusSkincare/comments/1dldr06/severe_crepey_arm_skin/l9xfsmr/,https://www.reddit.com/r/45PlusSkincare/comments/1dldr06/severe_crepey_arm_skin/,C024,r/45PlusSkincare,"reply, 61",new_dry_climate;consistency_effort,high,Frequenz 2x täglich.,61,whole_body,
A0642,Product / routine preferences,What has helped is being consistent with exfoliating and using body oils to really lock in moisture.,Konsequentes Peeling und Körperöle zum Einschließen.,https://www.reddit.com/r/45PlusSkincare/comments/1dldr06/severe_crepey_arm_skin/la7y2xw/,https://www.reddit.com/r/45PlusSkincare/comments/1dldr06/severe_crepey_arm_skin/,C024,r/45PlusSkincare,"reply promoting Esker (body plane + body oil), 30s",oil_seals_not_hydrates,low,"Werblicher Ton, Unter-40 – Seeding-Verdacht.",,arms,possible_seeding;under_40_signal
A0643,Product / routine preferences,I ordered several products that were recommended here- and some fragrance free body oil.,Bestellte empfohlene Produkte und duftfreies Körperöl.,https://www.reddit.com/r/45PlusSkincare/comments/1dldr06/severe_crepey_arm_skin/la83xez/,https://www.reddit.com/r/45PlusSkincare/comments/1dldr06/severe_crepey_arm_skin/,C024,r/45PlusSkincare,"OP, 63",fragrance_sensitivity;peer_proof,high,Duftfreies Körperöl als Wahl einer 63-Jährigen.,63,arms,
A0644,Skepticism,"I'm done with creams, they only make the wrinkles less noticeable for a few hours. I want permanent solutions.","Fertig mit Cremes, wirken nur Stunden; will Dauerlösung.",https://www.reddit.com/r/45PlusSkincare/comments/1dldr06/severe_crepey_arm_skin/my5m13g/,https://www.reddit.com/r/45PlusSkincare/comments/1dldr06/severe_crepey_arm_skin/,C024,r/45PlusSkincare,reply,lotion_temporary;only_procedures_work,medium,Temporär-Frust → Prozeduren.,,arms,
A0645,Questions customers repeatedly ask,"Gold bond skin cream vs amlactin, what’s better for crepey arms and legs ?",Gold Bond oder AmLactin für Arme/Beine?,https://www.reddit.com/r/45PlusSkincare/comments/1dldr06/severe_crepey_arm_skin/n9cfrig/,https://www.reddit.com/r/45PlusSkincare/comments/1dldr06/severe_crepey_arm_skin/,C024,r/45PlusSkincare,reply,gold_bond_crepe;amlactin_lactic;question_what_works,medium,Benchmark-Vergleichsfrage.,,arms,
A0646,Situational triggers,The years of vacationing in the sun have definitely shown up and w a vengeance,Jahre der Sonnenurlaube zeigen sich mit Wucht.,https://www.reddit.com/r/45PlusSkincare/comments/1dldr06/severe_crepey_arm_skin/nk02uxw/,https://www.reddit.com/r/45PlusSkincare/comments/1dldr06/severe_crepey_arm_skin/,C024,r/45PlusSkincare,reply,sunscreen_sun_damage,medium,Sonnen-Reue.,,arms,
A0647,Identity / social implications,It’s also on my legs but my arms are much harder to hide.,"Beine auch, aber Arme schwerer zu verstecken.",https://www.reddit.com/r/45PlusSkincare/comments/1dldr06/severe_crepey_arm_skin/nk02uxw/,https://www.reddit.com/r/45PlusSkincare/comments/1dldr06/severe_crepey_arm_skin/,C024,r/45PlusSkincare,reply,crepey_arms;hiding_arms_sleeveless,medium,Arme sichtbarste Zone.,,arms,
A0648,Failed attempts,everything seems to make it worse.,Alles macht es schlimmer.,https://www.reddit.com/r/45PlusSkincare/comments/1dldr06/severe_crepey_arm_skin/o0c0l4i/,https://www.reddit.com/r/45PlusSkincare/comments/1dldr06/severe_crepey_arm_skin/,C024,r/45PlusSkincare,reply,nothing_works,medium,Verzweiflung.,,arms,
A0649,Product / routine preferences,I love a heavy thick body moisturizer after I shower but I’ve long outgrown bath and body works shea butter.,"Liebt dicke Pflege nach dem Duschen, aus BBW herausgewachsen.",https://www.reddit.com/r/45PlusSkincare/comments/1en6t65/very_dry_skinwhole_body_moisturizer_help_needed/,https://www.reddit.com/r/45PlusSkincare/comments/1en6t65/very_dry_skinwhole_body_moisturizer_help_needed/,C025,r/45PlusSkincare,OP,new_rich_texture,medium,"""outgrown"" BBW – Reifeschritt zu wirksameren Produkten.",,whole_body,
A0650,Problem descriptions,I need something for more mature very dry skin.,"Braucht etwas für reife, sehr trockene Haut.",https://www.reddit.com/r/45PlusSkincare/comments/1en6t65/very_dry_skinwhole_body_moisturizer_help_needed/,https://www.reddit.com/r/45PlusSkincare/comments/1en6t65/very_dry_skinwhole_body_moisturizer_help_needed/,C025,r/45PlusSkincare,OP,new_mature_skin_label,medium,"""mature very dry skin"" als Selbstbeschreibung.",,whole_body,
A0651,Exact phrases / metaphors / repeated wording,My son calls my legs “dragon scales”,"Sohn nennt ihre Beine ""Drachenschuppen"".",https://www.reddit.com/r/45PlusSkincare/comments/1en6t65/very_dry_skinwhole_body_moisturizer_help_needed/,https://www.reddit.com/r/45PlusSkincare/comments/1en6t65/very_dry_skinwhole_body_moisturizer_help_needed/,C025,r/45PlusSkincare,OP,new_reptile_metaphor;crepey_legs,medium,"Familiäre Kommentare, Reptilienmetapher.",,legs,
A0652,Questions customers repeatedly ask,I’ve read that some of you use a mitt in the shower then an oil? I’m lost-help.,"Mitt in der Dusche, dann Öl? Bin verloren.",https://www.reddit.com/r/45PlusSkincare/comments/1en6t65/very_dry_skinwhole_body_moisturizer_help_needed/,https://www.reddit.com/r/45PlusSkincare/comments/1en6t65/very_dry_skinwhole_body_moisturizer_help_needed/,C025,r/45PlusSkincare,OP,question_order_of_application;question_oil_or_lotion,medium,Orientierungslosigkeit bei Routinen – Erklärbedarf.,,whole_body,
A0653,Tactile descriptions,I think my arms look a little bit better:) perhaps if I exercised they might look even better😬 but my skin feels great.,Arme etwas besser; Haut fühlt sich toll an.,https://www.reddit.com/r/45PlusSkincare/comments/1en6t65/very_dry_skinwhole_body_moisturizer_help_needed/lh5qyrh/,https://www.reddit.com/r/45PlusSkincare/comments/1en6t65/very_dry_skinwhole_body_moisturizer_help_needed/,C025,r/45PlusSkincare,reply,soft_smooth_desire,medium,Fühlen vor Sehen – Haptik als früher Nutzen.,,arms,
A0654,Skepticism,I'm skeptical about exercise helping. I work out every day and am still getting crepey skin at 36,"Skeptisch, dass Sport hilft; mit 36 kreppig.",https://www.reddit.com/r/45PlusSkincare/comments/1en6t65/very_dry_skinwhole_body_moisturizer_help_needed/lh6yo9w/,https://www.reddit.com/r/45PlusSkincare/comments/1en6t65/very_dry_skinwhole_body_moisturizer_help_needed/,C025,r/45PlusSkincare,"reply, 36",new_exercise_debate,low,Unter-40.,36,arms,under_40_signal
A0655,Questions customers repeatedly ask,does this leave a greasy film on your skin?,Hinterlässt es Fettfilm?,https://www.reddit.com/r/45PlusSkincare/comments/1en6t65/very_dry_skinwhole_body_moisturizer_help_needed/mshp2yh/,https://www.reddit.com/r/45PlusSkincare/comments/1en6t65/very_dry_skinwhole_body_moisturizer_help_needed/,C025,r/45PlusSkincare,"reply, Texas",oil_greasy_staining,medium,Fettfilm-Frage bei Hitze.,,whole_body,
A0656,Situational triggers,"I live in Texas, summer here is starting at 96 and the humid is no joke.",Texas-Sommer heiß und feucht.,https://www.reddit.com/r/45PlusSkincare/comments/1en6t65/very_dry_skinwhole_body_moisturizer_help_needed/msjsiko/,https://www.reddit.com/r/45PlusSkincare/comments/1en6t65/very_dry_skinwhole_body_moisturizer_help_needed/,C025,r/45PlusSkincare,reply,summer_trigger,medium,Hitze/Feuchte → leichte Texturen.,,whole_body,
A0657,Successful attempts,It reeks but the smell goes away after it dries and your dragon scales are banished,"Stinkt, verfliegt; Drachenschuppen weg.",https://www.reddit.com/r/45PlusSkincare/comments/1en6t65/very_dry_skinwhole_body_moisturizer_help_needed/lh4wnxf/,https://www.reddit.com/r/45PlusSkincare/comments/1en6t65/very_dry_skinwhole_body_moisturizer_help_needed/,C025,r/45PlusSkincare,reply,amlactin_lactic;oil_on_damp_skin,medium,Trade-off Geruch vs. Wirkung.,,legs,
A0658,Tactile descriptions,I love how it softens everything.,"Liebt, wie es alles weich macht.",https://www.reddit.com/r/45PlusSkincare/comments/1en6t65/very_dry_skinwhole_body_moisturizer_help_needed/lh5mur2/,https://www.reddit.com/r/45PlusSkincare/comments/1en6t65/very_dry_skinwhole_body_moisturizer_help_needed/,C025,r/45PlusSkincare,reply on Vanicream,soft_smooth_desire,medium,Weichheit.,,whole_body,
A0659,Ingredient / mechanism beliefs,"if you’re currently using “lotion,” switch it out for a more nourishing “cream.”",Von Lotion auf nährende Creme wechseln.,https://www.reddit.com/r/45PlusSkincare/comments/1en6t65/very_dry_skinwhole_body_moisturizer_help_needed/lh4ne9v/,https://www.reddit.com/r/45PlusSkincare/comments/1en6t65/very_dry_skinwhole_body_moisturizer_help_needed/,C025,r/45PlusSkincare,reply,new_rich_texture,medium,Textur-Hierarchie Lotion<Creme.,,whole_body,
A0660,Product / routine preferences,"Body oil post-shower also helps me—any of these: pure jojoba, almond, olive, apricot coconut, grapeseed, and argan.","Körperöl nach dem Duschen – Jojoba, Mandel, Olive etc.",https://www.reddit.com/r/45PlusSkincare/comments/1en6t65/very_dry_skinwhole_body_moisturizer_help_needed/lh4ne9v/,https://www.reddit.com/r/45PlusSkincare/comments/1en6t65/very_dry_skinwhole_body_moisturizer_help_needed/,C025,r/45PlusSkincare,reply,cheap_oil_alternative,medium,Einzelöle austauschbar wahrgenommen.,,whole_body,
A0661,Product / routine preferences,"you can use the hydrating oils I mentioned after you step out of the shower, in lieu of lotion or cream. Pat your skin dry and rub it in.",Öle statt Lotion nach dem Duschen; abtupfen und einreiben.,https://www.reddit.com/r/45PlusSkincare/comments/1en6t65/very_dry_skinwhole_body_moisturizer_help_needed/lh4okzp/,https://www.reddit.com/r/45PlusSkincare/comments/1en6t65/very_dry_skinwhole_body_moisturizer_help_needed/,C025,r/45PlusSkincare,reply,oil_vs_lotion_confusion;oil_on_damp_skin,medium,Öl als Lotion-Ersatz.,,whole_body,
A0662,Emotional reactions,Thank you for explaining this to me. I appreciate it. I have a lot to learn.,Danke für die Erklärung; viel zu lernen.,https://www.reddit.com/r/45PlusSkincare/comments/1en6t65/very_dry_skinwhole_body_moisturizer_help_needed/lh4x4zv/,https://www.reddit.com/r/45PlusSkincare/comments/1en6t65/very_dry_skinwhole_body_moisturizer_help_needed/,C025,r/45PlusSkincare,OP,question_order_of_application,medium,Lernbedarf; Einsteigerinnen.,,whole_body,
A0663,Questions customers repeatedly ask,Is this a thick lotion or is it thinner?,Dick oder dünn?,https://www.reddit.com/r/45PlusSkincare/comments/1en6t65/very_dry_skinwhole_body_moisturizer_help_needed/lh4wz5c/,https://www.reddit.com/r/45PlusSkincare/comments/1en6t65/very_dry_skinwhole_body_moisturizer_help_needed/,C025,r/45PlusSkincare,OP,new_rich_texture,medium,Texturfrage.,,whole_body,
A0664,Ingredient / mechanism beliefs,Progesterone helped me more than any lotion/exfoliation routine,Progesteron half mehr als Lotion/Peeling.,https://www.reddit.com/r/45PlusSkincare/comments/1en6t65/very_dry_skinwhole_body_moisturizer_help_needed/lh70tb5/,https://www.reddit.com/r/45PlusSkincare/comments/1en6t65/very_dry_skinwhole_body_moisturizer_help_needed/,C025,r/45PlusSkincare,reply,hrt_estrogen_skin,medium,Hormon vs Topika.,,whole_body,hrt_medical_context
A0665,Situational triggers,The itchy skin came back with a vengeance.,Juckende Haut kam mit Wucht zurück.,https://www.reddit.com/r/45PlusSkincare/comments/1en6t65/very_dry_skinwhole_body_moisturizer_help_needed/lmq43l9/,https://www.reddit.com/r/45PlusSkincare/comments/1en6t65/very_dry_skinwhole_body_moisturizer_help_needed/,C025,r/45PlusSkincare,reply,itch_flake,medium,Juckreiz.,,whole_body,hrt_medical_context
A0666,Product / routine preferences,Try applying OSEA Undaria Algae Body Oil on slightly damp skin after you get out of the shower. Get the travel size to see if you like it.,OSEA-Öl auf leicht feuchte Haut; erst Reisegröße testen.,https://www.reddit.com/r/45PlusSkincare/comments/1en6t65/very_dry_skinwhole_body_moisturizer_help_needed/lh435xd/,https://www.reddit.com/r/45PlusSkincare/comments/1en6t65/very_dry_skinwhole_body_moisturizer_help_needed/,C025,r/45PlusSkincare,reply,new_competitor_oil;oil_on_damp_skin,medium,Reisegröße als Einstieg/Risikoreduktion.,,whole_body,
A0667,Purchase criteria,"The reviews are great on the Ulta site and if you don’t trust those, I’m pretty sure you’ll find good reviews on reddit too.","Ulta-Reviews; wer denen nicht traut, Reddit.",https://www.reddit.com/r/45PlusSkincare/comments/1en6t65/very_dry_skinwhole_body_moisturizer_help_needed/lh435xd/,https://www.reddit.com/r/45PlusSkincare/comments/1en6t65/very_dry_skinwhole_body_moisturizer_help_needed/,C025,r/45PlusSkincare,reply,peer_proof;marketing_distrust,medium,Reddit als vertrauenswürdigere Review-Quelle.,,whole_body,
A0668,Purchase criteria,Osea has been great during the New England winter but pricey. I also found Neutrogena body oil to work very well too.,"OSEA gut im Winter, aber teuer; Neutrogena auch gut.",https://www.reddit.com/r/45PlusSkincare/comments/1en6t65/very_dry_skinwhole_body_moisturizer_help_needed/lh6e1kk/,https://www.reddit.com/r/45PlusSkincare/comments/1en6t65/very_dry_skinwhole_body_moisturizer_help_needed/,C025,r/45PlusSkincare,reply,price_value;winter_dryness,medium,Premium vs Drogerie-Öl.,,whole_body,
A0669,Product / routine preferences,I always come back to it. I also love to pair it with the Anti-Aging Balm,"Kommt immer zurück; kombiniert mit Balsam, riecht toll.",https://www.reddit.com/r/45PlusSkincare/comments/1en6t65/very_dry_skinwhole_body_moisturizer_help_needed/lhb1oxm/,https://www.reddit.com/r/45PlusSkincare/comments/1en6t65/very_dry_skinwhole_body_moisturizer_help_needed/,C025,r/45PlusSkincare,reply,scent_love;new_competitor_oil,medium,Loyalität durch Duft.,,whole_body,
A0670,Symptoms / visible texture descriptions,I would get not just ashy butI would call it body dandruff. I would see skin flying in the air when I changed.,"Nicht nur aschig, ""Körperschuppen"", Haut flog beim Umziehen.",https://www.reddit.com/r/45PlusSkincare/comments/1en6t65/very_dry_skinwhole_body_moisturizer_help_needed/lh62sbq/,https://www.reddit.com/r/45PlusSkincare/comments/1en6t65/very_dry_skinwhole_body_moisturizer_help_needed/,C025,r/45PlusSkincare,"reply, 51, high-altitude dry climate",itch_flake;new_dry_climate,high,Drastische Trockenheitssymptome.,51,whole_body,
A0671,Exact phrases / metaphors / repeated wording,My bra would look like a dandruff commercial.,BH sah aus wie Schuppen-Werbung.,https://www.reddit.com/r/45PlusSkincare/comments/1en6t65/very_dry_skinwhole_body_moisturizer_help_needed/lh62sbq/,https://www.reddit.com/r/45PlusSkincare/comments/1en6t65/very_dry_skinwhole_body_moisturizer_help_needed/,C025,r/45PlusSkincare,"reply, 51",itch_flake,high,Bildhafte Metapher.,51,chest,
A0672,Product / routine preferences,before I get out I douse myself with neutrogena sesame oil. Then blot dry.,"Vor dem Aussteigen mit Neutrogena-Sesamöl übergießen, dann abtupfen.",https://www.reddit.com/r/45PlusSkincare/comments/1en6t65/very_dry_skinwhole_body_moisturizer_help_needed/lh62sbq/,https://www.reddit.com/r/45PlusSkincare/comments/1en6t65/very_dry_skinwhole_body_moisturizer_help_needed/,C025,r/45PlusSkincare,"reply, 51",oil_on_damp_skin,high,Öl in der Dusche.,51,whole_body,
A0673,Routine friction,So many steps and this is just body. This isn’t starting on face or hair.,So viele Schritte – und das nur für den Körper.,https://www.reddit.com/r/45PlusSkincare/comments/1en6t65/very_dry_skinwhole_body_moisturizer_help_needed/lh62sbq/,https://www.reddit.com/r/45PlusSkincare/comments/1en6t65/very_dry_skinwhole_body_moisturizer_help_needed/,C025,r/45PlusSkincare,"reply, 51",routine_fatigue,high,Routine-Last.,51,whole_body,
A0674,Purchase criteria,"It's cheap, so I buy it in big 33oz bottles and keep them all over my house and I can moisturize as much as I want throughout the day.","Günstig, große Flaschen überall im Haus.",https://www.reddit.com/r/45PlusSkincare/comments/1en6t65/very_dry_skinwhole_body_moisturizer_help_needed/lh5vts7/,https://www.reddit.com/r/45PlusSkincare/comments/1en6t65/very_dry_skinwhole_body_moisturizer_help_needed/,C025,r/45PlusSkincare,reply,price_value;consistency_effort,medium,Günstigkeit erlaubt großzügige Anwendung.,,whole_body,
A0675,Objections,I find amlactin and other moisturizers with “actives” (acids and whatnot) to sometimes be smelly or sticky or suffocating on my skin.,"Produkte mit Wirkstoffen manchmal stinkig, klebrig, ""erstickend"".",https://www.reddit.com/r/45PlusSkincare/comments/1en6t65/very_dry_skinwhole_body_moisturizer_help_needed/lh7cwan/,https://www.reddit.com/r/45PlusSkincare/comments/1en6t65/very_dry_skinwhole_body_moisturizer_help_needed/,C025,r/45PlusSkincare,reply,amlactin_lactic;fragrance_sensitivity,medium,"""suffocating"" Tastsprache; Segment ohne Säuren.",,whole_body,
A0676,Purchase criteria,"the L'Occitane product is the real deal, with 25% shea butter","L'Occitane mit 25% Shea ist ""the real deal"".",https://www.reddit.com/r/45PlusSkincare/comments/1en6t65/very_dry_skinwhole_body_moisturizer_help_needed/lh67u9k/,https://www.reddit.com/r/45PlusSkincare/comments/1en6t65/very_dry_skinwhole_body_moisturizer_help_needed/,C025,r/45PlusSkincare,reply,new_rich_texture,medium,Prozentangaben als Qualitätsbeleg.,,whole_body,
A0677,Ingredient / mechanism beliefs,If you put body oil on after bath or shower when you're still wet it will absorb into your skin better.,Körperöl auf nasser Haut zieht besser ein.,https://www.reddit.com/r/45PlusSkincare/comments/1en6t65/very_dry_skinwhole_body_moisturizer_help_needed/lh875s3/,https://www.reddit.com/r/45PlusSkincare/comments/1en6t65/very_dry_skinwhole_body_moisturizer_help_needed/,C025,r/45PlusSkincare,reply,oil_on_damp_skin;oil_absorbs_fast,medium,Damp-Skin für Öl.,,whole_body,
A0678,Time-to-result expectations,I see and feel a difference from the first day using it.,Ab dem ersten Tag Unterschied sicht- und fühlbar.,https://www.reddit.com/r/45PlusSkincare/comments/1en6t65/very_dry_skinwhole_body_moisturizer_help_needed/lh8c6d0/,https://www.reddit.com/r/45PlusSkincare/comments/1en6t65/very_dry_skinwhole_body_moisturizer_help_needed/,C025,r/45PlusSkincare,reply,time_to_result,medium,Sofort-Effekt.,,arms,
A0679,Skepticism,the American consumer doesn’t stand a chance of finding safe products,Amerikanische Verbraucher finden kaum sichere Produkte.,https://www.reddit.com/r/45PlusSkincare/comments/1en6t65/very_dry_skinwhole_body_moisturizer_help_needed/lh5742i/,https://www.reddit.com/r/45PlusSkincare/comments/1en6t65/very_dry_skinwhole_body_moisturizer_help_needed/,C025,r/45PlusSkincare,reply recommending Yuka app,new_ingredient_fear,medium,"Inhaltsstoff-Sicherheitsangst, EU-Standards als Referenz.",,whole_body,
A0680,Skepticism,"Yuka is over-simplistic, fearmongering, anti-science","Yuka sei angstmachend, unwissenschaftlich.",https://www.reddit.com/r/45PlusSkincare/comments/1en6t65/very_dry_skinwhole_body_moisturizer_help_needed/lh6w0gx/,https://www.reddit.com/r/45PlusSkincare/comments/1en6t65/very_dry_skinwhole_body_moisturizer_help_needed/,C025,r/45PlusSkincare,reply,marketing_distrust,medium,Gegenstimme: Clean-Angst-Skepsis.,,whole_body,
A0681,Tactile descriptions,it’s silky texture is exactly what you need!,Seidige Textur.,https://www.reddit.com/r/45PlusSkincare/comments/1en6t65/very_dry_skinwhole_body_moisturizer_help_needed/lha43kp/,https://www.reddit.com/r/45PlusSkincare/comments/1en6t65/very_dry_skinwhole_body_moisturizer_help_needed/,C025,r/45PlusSkincare,reply,soft_smooth_desire,medium,"""silky"".",,whole_body,
A0682,Product / routine preferences,It smells soooo good and and not expensive!!! Www.whitelabelbodycare.com,"Riecht toll, günstig – mit Shop-Link.",https://www.reddit.com/r/45PlusSkincare/comments/1en6t65/very_dry_skinwhole_body_moisturizer_help_needed/lhq70ny/,https://www.reddit.com/r/45PlusSkincare/comments/1en6t65/very_dry_skinwhole_body_moisturizer_help_needed/,C025,r/45PlusSkincare,reply with shop link,new_seeding_suspected,low,Link zu Kleinmarke – Seeding-Verdacht.,,whole_body,possible_seeding
A0683,Product / routine preferences,What's really helped me is dry brushing before showering a few times a week to slough off that scaly skin. I recommend Esker's dry brush,Trockenbürsten mit Esker-Bürste.,https://www.reddit.com/r/45PlusSkincare/comments/1en6t65/very_dry_skinwhole_body_moisturizer_help_needed/lhrhjpb/,https://www.reddit.com/r/45PlusSkincare/comments/1en6t65/very_dry_skinwhole_body_moisturizer_help_needed/,C025,r/45PlusSkincare,reply by account that also pushes Esker in C024,exfoliation_dry_brush,low,Wiederholte Markennennung desselben Accounts (Esker) – Seeding.,,whole_body,possible_seeding
A0684,Product / routine preferences,found that Josie Maran's Body butter helps a lot...it's made of argan oil and quite hydrating,Josie Maran Body Butter mit Arganöl.,https://www.reddit.com/r/45PlusSkincare/comments/1en6t65/very_dry_skinwhole_body_moisturizer_help_needed/li11nhc/,https://www.reddit.com/r/45PlusSkincare/comments/1en6t65/very_dry_skinwhole_body_moisturizer_help_needed/,C025,r/45PlusSkincare,"reply by ""cleanbeautybytina""",new_seeding_suspected,low,Influencer-ähnlicher Accountname.,,whole_body,possible_seeding
A0685,Objections,I opened a new bottle a few weeks ago and used it like normal and woke up in the middle of the night with a rash/hives/itchiness.,Neue Flasche – nachts Ausschlag/Nesselsucht/Juckreiz.,https://www.reddit.com/r/45PlusSkincare/comments/1gz99xt/do_not_use_gold_bond_crepe_corrector_who_got_a/,https://www.reddit.com/r/45PlusSkincare/comments/1gz99xt/do_not_use_gold_bond_crepe_corrector_who_got_a/,C026,r/45PlusSkincare,OP,gold_bond_crepe;itch_flake,medium,Reaktion nach neuer Charge – Formel-Misstrauen.,,whole_body,
A0686,Emotional reactions,Woke up at 4 am itching. Covered in raised red welts.,"Um 4 Uhr juckend, voller roter Quaddeln.",https://www.reddit.com/r/45PlusSkincare/comments/1gz99xt/do_not_use_gold_bond_crepe_corrector_who_got_a/,https://www.reddit.com/r/45PlusSkincare/comments/1gz99xt/do_not_use_gold_bond_crepe_corrector_who_got_a/,C026,r/45PlusSkincare,OP,gold_bond_crepe,medium,Drastische Schilderung.,,whole_body,
A0687,Skepticism,sometimes I wonder if they are dupes repacked to look real,Vermutet umverpackte Fälschungen.,https://www.reddit.com/r/45PlusSkincare/comments/1gz99xt/do_not_use_gold_bond_crepe_corrector_who_got_a/lyumg9c/,https://www.reddit.com/r/45PlusSkincare/comments/1gz99xt/do_not_use_gold_bond_crepe_corrector_who_got_a/,C026,r/45PlusSkincare,reply,new_counterfeit_worry,medium,Fälschungsangst.,,whole_body,
A0688,Skepticism,"Mostly in the last 4 months, so I'm wondering if they changed the formula.","Fragt sich, ob Formel geändert wurde.",https://www.reddit.com/r/45PlusSkincare/comments/1gz99xt/do_not_use_gold_bond_crepe_corrector_who_got_a/lywiv4v/,https://www.reddit.com/r/45PlusSkincare/comments/1gz99xt/do_not_use_gold_bond_crepe_corrector_who_got_a/,C026,r/45PlusSkincare,reply,new_reformulation_distrust,medium,Reformulierungs-Misstrauen.,,whole_body,
A0689,Purchase criteria,"I just went to the target website, and there are a lot of reviews there saying the same thing.",Target-Reviews zeigen gleiche Probleme.,https://www.reddit.com/r/45PlusSkincare/comments/1gz99xt/do_not_use_gold_bond_crepe_corrector_who_got_a/lywiv4v/,https://www.reddit.com/r/45PlusSkincare/comments/1gz99xt/do_not_use_gold_bond_crepe_corrector_who_got_a/,C026,r/45PlusSkincare,reply,peer_proof,medium,Reviews als Warnsystem.,,whole_body,
A0690,Successful attempts,I started using it for little bumps on the back of my thighs and it worked very well.,Gegen Bumps hinten an Oberschenkeln gut gewirkt.,https://www.reddit.com/r/45PlusSkincare/comments/1gz99xt/do_not_use_gold_bond_crepe_corrector_who_got_a/lzobko9/,https://www.reddit.com/r/45PlusSkincare/comments/1gz99xt/do_not_use_gold_bond_crepe_corrector_who_got_a/,C026,r/45PlusSkincare,reply,gold_bond_crepe,medium,Anfängliche Wirkung.,,legs,
A0691,Skepticism,amazon and many 3rd party sites / sellers are well known to sell counterfeit skincare and makeup products from China,Amazon/Drittanbieter verkaufen Fälschungen.,https://www.reddit.com/r/45PlusSkincare/comments/1gz99xt/do_not_use_gold_bond_crepe_corrector_who_got_a/lyuwahj/,https://www.reddit.com/r/45PlusSkincare/comments/1gz99xt/do_not_use_gold_bond_crepe_corrector_who_got_a/,C026,r/45PlusSkincare,reply,new_counterfeit_worry,medium,Kanal-Vertrauen relevant.,,unspecified,
A0692,Purchase criteria,When I was running low I bought a two pack from amazon. I have a budget!,Kaufte Doppelpack auf Amazon – Budget.,https://www.reddit.com/r/45PlusSkincare/comments/1gz99xt/do_not_use_gold_bond_crepe_corrector_who_got_a/lz0lz97/,https://www.reddit.com/r/45PlusSkincare/comments/1gz99xt/do_not_use_gold_bond_crepe_corrector_who_got_a/,C026,r/45PlusSkincare,OP,price_value,medium,Budgetzwänge.,,unspecified,
A0693,Skepticism,These companies reformulate constantly and don't make it clear.,Firmen reformulieren ständig und sagen es nicht.,https://www.reddit.com/r/45PlusSkincare/comments/1gz99xt/do_not_use_gold_bond_crepe_corrector_who_got_a/lyvrube/,https://www.reddit.com/r/45PlusSkincare/comments/1gz99xt/do_not_use_gold_bond_crepe_corrector_who_got_a/,C026,r/45PlusSkincare,reply,new_reformulation_distrust;marketing_distrust,medium,Transparenzbedarf bei Formeländerungen.,,unspecified,
A0694,Skepticism,This push to put every trendy active all in one product is not good for many people,"Trend, alle Wirkstoffe in ein Produkt zu packen, schadet vielen.",https://www.reddit.com/r/45PlusSkincare/comments/1gz99xt/do_not_use_gold_bond_crepe_corrector_who_got_a/lyvrube/,https://www.reddit.com/r/45PlusSkincare/comments/1gz99xt/do_not_use_gold_bond_crepe_corrector_who_got_a/,C026,r/45PlusSkincare,reply,new_ingredient_fear,medium,Wunsch nach einfachen Formeln.,,unspecified,
A0695,Ingredient / mechanism beliefs,You may have developed an allergy to propylene glycol. It's becoming more common.,Mögliche Propylenglykol-Allergie.,https://www.reddit.com/r/45PlusSkincare/comments/1gz99xt/do_not_use_gold_bond_crepe_corrector_who_got_a/lyw7ket/,https://www.reddit.com/r/45PlusSkincare/comments/1gz99xt/do_not_use_gold_bond_crepe_corrector_who_got_a/,C026,r/45PlusSkincare,reply,new_ingredient_fear,medium,Inhaltsstoff-Allergiewissen.,,unspecified,
A0696,Situational triggers,I assumed it was my Wegovy causing it.,"Dachte, Wegovy verursacht es.",https://www.reddit.com/r/45PlusSkincare/comments/1gz99xt/do_not_use_gold_bond_crepe_corrector_who_got_a/lyz7ypm/,https://www.reddit.com/r/45PlusSkincare/comments/1gz99xt/do_not_use_gold_bond_crepe_corrector_who_got_a/,C026,r/45PlusSkincare,reply,weight_loss_glp1,medium,GLP-1-Kontext.,,unspecified,
A0697,Objections,I’ve been dealing with a rash and couldn’t figure out why since I’m using all the same products as usual. Just a new bottle of crepe corrector.,"Ausschlag, nur neue Flasche Crepe Corrector.",https://www.reddit.com/r/45PlusSkincare/comments/1gz99xt/do_not_use_gold_bond_crepe_corrector_who_got_a/lyvv9a0/,https://www.reddit.com/r/45PlusSkincare/comments/1gz99xt/do_not_use_gold_bond_crepe_corrector_who_got_a/,C026,r/45PlusSkincare,reply,gold_bond_crepe,medium,Charge-Effekt.,,unspecified,
A0698,Objections,Broke out in a red itchy rash. Had to jump in the shower and slather on some cortisone cream. Never again.,Roter juckender Ausschlag – nie wieder.,https://www.reddit.com/r/45PlusSkincare/comments/1gz99xt/do_not_use_gold_bond_crepe_corrector_who_got_a/lyuny4r/,https://www.reddit.com/r/45PlusSkincare/comments/1gz99xt/do_not_use_gold_bond_crepe_corrector_who_got_a/,C026,r/45PlusSkincare,reply,gold_bond_crepe;itch_flake,medium,Markenabbruch nach Reaktion.,,unspecified,
A0699,Situational triggers,It never crossed my mind because I’ve been using this stuff daily for like a year or so.,"Kam nicht drauf, da seit einem Jahr täglich benutzt.",https://www.reddit.com/r/45PlusSkincare/comments/1gz99xt/do_not_use_gold_bond_crepe_corrector_who_got_a/lyvb3gs/,https://www.reddit.com/r/45PlusSkincare/comments/1gz99xt/do_not_use_gold_bond_crepe_corrector_who_got_a/,C026,r/45PlusSkincare,reply,gold_bond_crepe,medium,Spätreaktionen.,,neck,
A0700,Successful attempts,Its the only thing i can use. I recently tried two different lotions and ive had a reaction.,"Einzige Lotion, die sie verträgt.",https://www.reddit.com/r/45PlusSkincare/comments/1gz99xt/do_not_use_gold_bond_crepe_corrector_who_got_a/lyuxnny/,https://www.reddit.com/r/45PlusSkincare/comments/1gz99xt/do_not_use_gold_bond_crepe_corrector_who_got_a/,C026,r/45PlusSkincare,reply,gold_bond_crepe,medium,Individuelle Verträglichkeit.,,unspecified,
A0701,Emotional reactions,Oh no! I was going to order some.,Wollte es gerade bestellen.,https://www.reddit.com/r/45PlusSkincare/comments/1gz99xt/do_not_use_gold_bond_crepe_corrector_who_got_a/lyuxmve/,https://www.reddit.com/r/45PlusSkincare/comments/1gz99xt/do_not_use_gold_bond_crepe_corrector_who_got_a/,C026,r/45PlusSkincare,reply,gold_bond_crepe,medium,Negative Threads stoppen Käufe.,,unspecified,
A0702,Successful attempts,"LOVE this lotion, it’s really reduced the lines on my neck!","Liebt die Lotion, Halslinien reduziert.",https://www.reddit.com/r/45PlusSkincare/comments/1gz99xt/do_not_use_gold_bond_crepe_corrector_who_got_a/lyx4n8o/,https://www.reddit.com/r/45PlusSkincare/comments/1gz99xt/do_not_use_gold_bond_crepe_corrector_who_got_a/,C026,r/45PlusSkincare,reply,gold_bond_crepe,medium,Gegenstimme.,,neck,
A0703,Skepticism,"the products were crap, despite the 50,000 5 star ratings🙄",Produkte Mist trotz 50.000 5-Sterne-Bewertungen.,https://www.reddit.com/r/45PlusSkincare/comments/1gz99xt/do_not_use_gold_bond_crepe_corrector_who_got_a/lyx4n8o/,https://www.reddit.com/r/45PlusSkincare/comments/1gz99xt/do_not_use_gold_bond_crepe_corrector_who_got_a/,C026,r/45PlusSkincare,reply,marketing_distrust,medium,Misstrauen gegenüber Amazon-Ratings.,,unspecified,
A0704,Successful attempts,Now I use pure vitamin E oil and eucerin lotion for sensitive skin right out of the shower. It’s not a miracle but it does hydrate and reduce the crepey look.,"Reines Vitamin-E-Öl + Eucerin: kein Wunder, aber reduziert Krepp-Look.",https://www.reddit.com/r/45PlusSkincare/comments/1gz99xt/do_not_use_gold_bond_crepe_corrector_who_got_a/lyum73v/,https://www.reddit.com/r/45PlusSkincare/comments/1gz99xt/do_not_use_gold_bond_crepe_corrector_who_got_a/,C026,r/45PlusSkincare,reply,oil_on_damp_skin;lotion_temporary,medium,Rückzug auf einfaches Öl nach Reaktion; bescheidene Erwartungen.,,unspecified,
A0705,Ingredient / mechanism beliefs,"Gold bond puts some heavy-hitting ingredients in their stuff! They have retinol, vitamin c, and all kinds of other actives.",Gold Bond enthält viele starke Wirkstoffe.,https://www.reddit.com/r/45PlusSkincare/comments/1gz99xt/do_not_use_gold_bond_crepe_corrector_who_got_a/lyvizam/,https://www.reddit.com/r/45PlusSkincare/comments/1gz99xt/do_not_use_gold_bond_crepe_corrector_who_got_a/,C026,r/45PlusSkincare,reply,gold_bond_crepe,medium,Überladung mit Actives als Risiko.,,unspecified,
A0706,Skepticism,It should come with warnings so people don’t inadvertently mix it with incompatible ingredients.,Sollte Warnhinweise haben.,https://www.reddit.com/r/45PlusSkincare/comments/1gz99xt/do_not_use_gold_bond_crepe_corrector_who_got_a/lyz8ilr/,https://www.reddit.com/r/45PlusSkincare/comments/1gz99xt/do_not_use_gold_bond_crepe_corrector_who_got_a/,C026,r/45PlusSkincare,reply,marketing_distrust,medium,Wunsch nach Warnhinweisen.,,unspecified,
A0707,Identity / social implications,I was self conscious enough about my old lady skin and then I get this from a cream that I hoped would help a little bit.,"Schon unsicher wegen ""Alte-Damen-Haut"", dann das von einer Creme.",https://www.reddit.com/r/45PlusSkincare/comments/1gz99xt/do_not_use_gold_bond_crepe_corrector_who_got_a/lyv2kw9/,https://www.reddit.com/r/45PlusSkincare/comments/1gz99xt/do_not_use_gold_bond_crepe_corrector_who_got_a/,C026,r/45PlusSkincare,OP,old_lady_identity;gold_bond_crepe,medium,Doppelte Scham: Haut + Reaktion.,,whole_body,
A0708,Emotional reactions,Another thing to be embarrassed about.,"Noch etwas, wofür man sich schämt.",https://www.reddit.com/r/45PlusSkincare/comments/1gz99xt/do_not_use_gold_bond_crepe_corrector_who_got_a/lyv2kw9/,https://www.reddit.com/r/45PlusSkincare/comments/1gz99xt/do_not_use_gold_bond_crepe_corrector_who_got_a/,C026,r/45PlusSkincare,OP,old_lady_identity,medium,Scham-Kaskade.,,whole_body,
A0709,Time-to-result expectations,Crepe corrector did help for a few months and I loved it until I started a new bottle,"Half einige Monate, bis neue Flasche.",https://www.reddit.com/r/45PlusSkincare/comments/1gz99xt/do_not_use_gold_bond_crepe_corrector_who_got_a/lyv2kw9/,https://www.reddit.com/r/45PlusSkincare/comments/1gz99xt/do_not_use_gold_bond_crepe_corrector_who_got_a/,C026,r/45PlusSkincare,OP,gold_bond_crepe,medium,Vertrauensbruch nach Charge.,,whole_body,
A0710,Objections,The skin became even crepier than before while it healed.,Haut wurde beim Heilen noch kreppiger.,https://www.reddit.com/r/45PlusSkincare/comments/1gz99xt/do_not_use_gold_bond_crepe_corrector_who_got_a/mzc1beo/,https://www.reddit.com/r/45PlusSkincare/comments/1gz99xt/do_not_use_gold_bond_crepe_corrector_who_got_a/,C026,r/45PlusSkincare,reply,gold_bond_crepe,medium,Reaktion verschlimmert Problem.,,arms,
A0711,Successful attempts,"I really like the lotion, it worked","Mochte die Lotion, wirkte.",https://www.reddit.com/r/45PlusSkincare/comments/1gz99xt/do_not_use_gold_bond_crepe_corrector_who_got_a/n4rxfpk/,https://www.reddit.com/r/45PlusSkincare/comments/1gz99xt/do_not_use_gold_bond_crepe_corrector_who_got_a/,C026,r/45PlusSkincare,reply,gold_bond_crepe,medium,Ambivalenz Wirkung vs. Reaktion.,,unspecified,
A0712,Successful attempts,"I love how hydrated it left my skin, so I was really hoping it was just the crepe.",Liebte die Hydratation.,https://www.reddit.com/r/45PlusSkincare/comments/1gz99xt/do_not_use_gold_bond_crepe_corrector_who_got_a/nfrk8af/,https://www.reddit.com/r/45PlusSkincare/comments/1gz99xt/do_not_use_gold_bond_crepe_corrector_who_got_a/,C026,r/45PlusSkincare,reply,gold_bond_crepe,medium,Hydratation als wahrgenommener Nutzen.,,unspecified,
A0713,Questions customers repeatedly ask,Does anyone know what the culprit of irritation might be? I’d love to avoid it in the future!,Welcher Inhaltsstoff ist schuld?,https://www.reddit.com/r/45PlusSkincare/comments/1gz99xt/do_not_use_gold_bond_crepe_corrector_who_got_a/nfrk8af/,https://www.reddit.com/r/45PlusSkincare/comments/1gz99xt/do_not_use_gold_bond_crepe_corrector_who_got_a/,C026,r/45PlusSkincare,reply,new_ingredient_fear,medium,Inhaltsstoff-Transparenzbedarf.,,unspecified,
A0714,Emotional reactions,So bummed because I love this stuff but not with the misery of a rash.,"Enttäuscht – liebt es, aber nicht mit Ausschlag.",https://www.reddit.com/r/45PlusSkincare/comments/1gz99xt/do_not_use_gold_bond_crepe_corrector_who_got_a/nulg8um/,https://www.reddit.com/r/45PlusSkincare/comments/1gz99xt/do_not_use_gold_bond_crepe_corrector_who_got_a/,C026,r/45PlusSkincare,reply,gold_bond_crepe,medium,Verlust eines geliebten Produkts.,,legs,
A0715,Questions customers repeatedly ask,Wonder what ingredient changed and wish I knew what it was so I can avoid in other things.,Welcher Inhaltsstoff geändert wurde.,https://www.reddit.com/r/45PlusSkincare/comments/1gz99xt/do_not_use_gold_bond_crepe_corrector_who_got_a/nulg8um/,https://www.reddit.com/r/45PlusSkincare/comments/1gz99xt/do_not_use_gold_bond_crepe_corrector_who_got_a/,C026,r/45PlusSkincare,reply,new_reformulation_distrust,medium,INCI-Transparenz.,,legs,
A0716,Exact phrases / metaphors / repeated wording,I’m 53 and have granny hands and arms.,"Mit 53 ""Oma-Hände und -Arme"".",https://www.reddit.com/r/45PlusSkincare/comments/1ll5c8n/best_cream_for_crepey_skin/,https://www.reddit.com/r/45PlusSkincare/comments/1ll5c8n/best_cream_for_crepey_skin/,C027,r/45PlusSkincare,"OP, 53",old_lady_identity;crepey_hands;crepey_arms,high,"""granny"" als Altersstigma-Sprache.",53,hands,
A0717,Questions customers repeatedly ask,What is the best cream for crepey skin on my arms and hands?,Beste Creme für kreppige Arme und Hände?,https://www.reddit.com/r/45PlusSkincare/comments/1ll5c8n/best_cream_for_crepey_skin/,https://www.reddit.com/r/45PlusSkincare/comments/1ll5c8n/best_cream_for_crepey_skin/,C027,r/45PlusSkincare,"OP, 53",question_what_works,high,Kernfrage.,53,arms,
A0718,Product / routine preferences,"I use Neutrogrena hyaluronic acid based lotion, then when it soaks in I put a layer of Eucerin original over it.","HA-Lotion, dann Eucerin-Schicht darüber.",https://www.reddit.com/r/45PlusSkincare/comments/1ll5c8n/best_cream_for_crepey_skin/mzx2y5s/,https://www.reddit.com/r/45PlusSkincare/comments/1ll5c8n/best_cream_for_crepey_skin/,C027,r/45PlusSkincare,reply,question_order_of_application;oil_seals_not_hydrates,medium,Zweischicht-Logik (Hydratation + Versiegelung).,,arms,
A0719,Routine friction,It takes a while before it's not sticky but worth it.,"Dauert, bis es nicht mehr klebt, lohnt sich.",https://www.reddit.com/r/45PlusSkincare/comments/1ll5c8n/best_cream_for_crepey_skin/mzx2y5s/,https://www.reddit.com/r/45PlusSkincare/comments/1ll5c8n/best_cream_for_crepey_skin/,C027,r/45PlusSkincare,reply,new_sticky_sheets,medium,Klebrigkeit toleriert für Wirkung.,,arms,
A0720,Routine friction,I need to do better about reapplying moisturizer throughout the day though.,Muss tagsüber öfter nachcremen.,https://www.reddit.com/r/45PlusSkincare/comments/1ll5c8n/best_cream_for_crepey_skin/mzx8rcn/,https://www.reddit.com/r/45PlusSkincare/comments/1ll5c8n/best_cream_for_crepey_skin/,C027,r/45PlusSkincare,reply,consistency_effort,medium,Nachcremen als Lücke.,,hands,
A0721,Successful attempts,Really helps reduce the crepe!,Reduziert Krepp wirklich.,https://www.reddit.com/r/45PlusSkincare/comments/1ll5c8n/best_cream_for_crepey_skin/mzyimr8/,https://www.reddit.com/r/45PlusSkincare/comments/1ll5c8n/best_cream_for_crepey_skin/,C027,r/45PlusSkincare,reply,amlactin_lactic,medium,AmLactin + Gel-Lotion Layering.,,arms,
A0722,Successful attempts,I use the 15% on my upper arms and my crepes are gone.,"15% an Oberarmen, Krepp weg.",https://www.reddit.com/r/45PlusSkincare/comments/1ll5c8n/best_cream_for_crepey_skin/mzz68ur/,https://www.reddit.com/r/45PlusSkincare/comments/1ll5c8n/best_cream_for_crepey_skin/,C027,r/45PlusSkincare,reply,amlactin_lactic;crepey_arms,medium,Arme-Erfolg.,,arms,
A0723,Objections,I can't hack the smell of the regular and was going to check out urea products instead.,"Erträgt Geruch nicht, wechselt zu Urea.",https://www.reddit.com/r/45PlusSkincare/comments/1ll5c8n/best_cream_for_crepey_skin/mzypzqe/,https://www.reddit.com/r/45PlusSkincare/comments/1ll5c8n/best_cream_for_crepey_skin/,C027,r/45PlusSkincare,reply,amlactin_lactic;fragrance_sensitivity;urea,medium,Geruch treibt Kategorienwechsel.,,arms,
A0724,Exact phrases / metaphors / repeated wording,It’s disgusting. I can’t believe how bad. No description bc literally nothing compares. League of its own.,"Ekelhaft, unbeschreiblich schlecht.",https://www.reddit.com/r/45PlusSkincare/comments/1ll5c8n/best_cream_for_crepey_skin/mzzysex/,https://www.reddit.com/r/45PlusSkincare/comments/1ll5c8n/best_cream_for_crepey_skin/,C027,r/45PlusSkincare,reply,amlactin_lactic;fragrance_sensitivity,medium,Extreme Geruchsablehnung.,,arms,
A0725,Product / routine preferences,"Try overnight slugging with Cerave Healing Ointment, it is a full body game changer.","Über Nacht ""Slugging"" mit Salbe – Ganzkörper-Game-Changer.",https://www.reddit.com/r/45PlusSkincare/comments/1ll5c8n/best_cream_for_crepey_skin/mzwwod8/,https://www.reddit.com/r/45PlusSkincare/comments/1ll5c8n/best_cream_for_crepey_skin/,C027,r/45PlusSkincare,reply,oil_seals_not_hydrates,medium,Okklusion über Nacht.,,whole_body,
A0726,Failed attempts,I use Gold Bond crepe corrector and haven’t noticed any improvement.,Gold Bond ohne Verbesserung.,https://www.reddit.com/r/45PlusSkincare/comments/1ll5c8n/best_cream_for_crepey_skin/mzzb03y/,https://www.reddit.com/r/45PlusSkincare/comments/1ll5c8n/best_cream_for_crepey_skin/,C027,r/45PlusSkincare,reply,gold_bond_crepe;nothing_works,medium,Gemischte Ergebnisse.,,arms,
A0727,Situational triggers,hot climate on top of hot flashes,Heißes Klima plus Hitzewallungen.,https://www.reddit.com/r/45PlusSkincare/comments/1ll5c8n/best_cream_for_crepey_skin/mzytm49/,https://www.reddit.com/r/45PlusSkincare/comments/1ll5c8n/best_cream_for_crepey_skin/,C027,r/45PlusSkincare,reply,summer_trigger,medium,Hitze-Kontext (Menopause als Kontext).,,whole_body,hrt_medical_context
A0728,Exact phrases / metaphors / repeated wording,"I was looking like a blonde raisin, using oils and creams constantly.",Sah aus wie eine blonde Rosine trotz ständiger Öle/Cremes.,https://www.reddit.com/r/45PlusSkincare/comments/1ll5c8n/best_cream_for_crepey_skin/mzytm49/,https://www.reddit.com/r/45PlusSkincare/comments/1ll5c8n/best_cream_for_crepey_skin/,C027,r/45PlusSkincare,reply,new_raisin_metaphor;nothing_works,medium,"""raisin"" Metapher; Öle allein reichten nicht.",,whole_body,
A0729,Time-to-result expectations,"After 2 weeks, everyone noticed how soft and the crepe skin are barely noticeable even in the sun.",Nach 2 Wochen bemerkten alle Weichheit; Krepp kaum sichtbar.,https://www.reddit.com/r/45PlusSkincare/comments/1ll5c8n/best_cream_for_crepey_skin/mzytm49/,https://www.reddit.com/r/45PlusSkincare/comments/1ll5c8n/best_cream_for_crepey_skin/,C027,r/45PlusSkincare,reply,gold_bond_crepe;time_to_result;peer_proof,medium,Sozialer Bestätigungseffekt nach 2 Wochen.,,whole_body,
A0730,Time-to-result expectations,"My hands look great using it , worked quickly","Hände sehen toll aus, wirkte schnell.",https://www.reddit.com/r/45PlusSkincare/comments/1ll5c8n/best_cream_for_crepey_skin/mzxwtas/,https://www.reddit.com/r/45PlusSkincare/comments/1ll5c8n/best_cream_for_crepey_skin/,C027,r/45PlusSkincare,reply,gold_bond_crepe;time_to_result,medium,Schnelligkeit.,,hands,
A0731,Ingredient / mechanism beliefs,It’s wild how much moisture your skin emits in the night and this keeps it in!,"Haut gibt nachts viel Feuchtigkeit ab, Salbe hält sie drin.",https://www.reddit.com/r/45PlusSkincare/comments/1ll5c8n/best_cream_for_crepey_skin/n005k3u/,https://www.reddit.com/r/45PlusSkincare/comments/1ll5c8n/best_cream_for_crepey_skin/,C027,r/45PlusSkincare,reply,oil_seals_not_hydrates,medium,Nacht-Okklusions-Glaube.,,whole_body,
A0732,Purchase criteria,She recommended laser treatment and I just had 3 on my face. I can’t afford all this! 😩,Ärztin empfahl Laser – kann sie sich nicht leisten.,https://www.reddit.com/r/45PlusSkincare/comments/1ll5c8n/best_cream_for_crepey_skin/mzzyosy/,https://www.reddit.com/r/45PlusSkincare/comments/1ll5c8n/best_cream_for_crepey_skin/,C027,r/45PlusSkincare,"OP, 53",price_value;only_procedures_work,high,Kostenbarriere für Prozeduren.,53,arms,
A0733,Skepticism,"I honestly steer clear of those derms, they have an incentive to push expensive treatments.",Meidet Hautärzte mit Med-Spa-Anreiz.,https://www.reddit.com/r/45PlusSkincare/comments/1ll5c8n/best_cream_for_crepey_skin/n07t2vs/,https://www.reddit.com/r/45PlusSkincare/comments/1ll5c8n/best_cream_for_crepey_skin/,C027,r/45PlusSkincare,reply,marketing_distrust;derm_recommendation,medium,Misstrauen gegenüber kommerziellen Empfehlungen.,,unspecified,
A0734,Product / routine preferences,"I use any that didn't agree with my face, or free samples, product giveaways I don't want to try on my face and focus on areas prone to crepeing.",Nutzt Gesichts-Reste/Proben für kreppige Körperzonen.,https://www.reddit.com/r/45PlusSkincare/comments/1ll5c8n/best_cream_for_crepey_skin/mzx7fep/,https://www.reddit.com/r/45PlusSkincare/comments/1ll5c8n/best_cream_for_crepey_skin/,C027,r/45PlusSkincare,reply,new_face_products_on_body,medium,Resteverwertung wiederkehrend.,,arms,
A0735,Ingredient / mechanism beliefs,you’re not going to have much luck fighting crepey skin without some kind of retinoid,Ohne Retinoid kaum Erfolg gegen Krepp.,https://www.reddit.com/r/45PlusSkincare/comments/1ll5c8n/best_cream_for_crepey_skin/mzy8a6e/,https://www.reddit.com/r/45PlusSkincare/comments/1ll5c8n/best_cream_for_crepey_skin/,C027,r/45PlusSkincare,reply,retinol_body,medium,Retinoid-Glaube als Benchmark.,,arms,
A0736,Exact phrases / metaphors / repeated wording,I need a decision tree.,Braucht einen Entscheidungsbaum.,https://www.reddit.com/r/45PlusSkincare/comments/1ll5c8n/best_cream_for_crepey_skin/mzzs6ur/,https://www.reddit.com/r/45PlusSkincare/comments/1ll5c8n/best_cream_for_crepey_skin/,C027,r/45PlusSkincare,reply,routine_fatigue,medium,Informationsüberlastung.,,unspecified,
A0737,Skepticism,"although who knows, those may be covert marketing tactics",Könnte verdecktes Marketing sein.,https://www.reddit.com/r/45PlusSkincare/comments/1ll5c8n/best_cream_for_crepey_skin/n05ipie/,https://www.reddit.com/r/45PlusSkincare/comments/1ll5c8n/best_cream_for_crepey_skin/,C027,r/45PlusSkincare,reply,marketing_distrust,medium,Seeding-Bewusstsein in Community.,,unspecified,
A0738,Time-to-result expectations,I've had good luck with Gold Bond Crepe Erasure--but you have to use it regularly. I can see a difference almost immediately,Regelmäßig nötig; Unterschied fast sofort.,https://www.reddit.com/r/45PlusSkincare/comments/1ll5c8n/best_cream_for_crepey_skin/n03ivvt/,https://www.reddit.com/r/45PlusSkincare/comments/1ll5c8n/best_cream_for_crepey_skin/,C027,r/45PlusSkincare,reply,gold_bond_crepe;consistency_effort,medium,Sofort + Regelmäßigkeit.,,arms,
A0739,Successful attempts,The best thing I've found so far is mixing my own body oil. I just pour a mixture into a spray bottle and use that after I shower.,Bestes bisher: selbstgemischtes Körperöl als Spray nach dem Duschen.,https://www.reddit.com/r/45PlusSkincare/comments/1ll5c8n/best_cream_for_crepey_skin/mzz1w0i/,https://www.reddit.com/r/45PlusSkincare/comments/1ll5c8n/best_cream_for_crepey_skin/,C027,r/45PlusSkincare,reply,cheap_oil_alternative;oil_on_damp_skin,medium,DIY-Körperöl als Lösung für Arme/Hände.,,arms,
A0740,Tactile descriptions,A little oily but it absorbs after a bit.,"Etwas ölig, zieht nach einer Weile ein.",https://www.reddit.com/r/45PlusSkincare/comments/1ll5c8n/best_cream_for_crepey_skin/mzz1w0i/,https://www.reddit.com/r/45PlusSkincare/comments/1ll5c8n/best_cream_for_crepey_skin/,C027,r/45PlusSkincare,reply,oil_greasy_staining;oil_absorbs_fast,medium,Toleranz gegenüber leichtem Ölfilm.,,arms,
A0741,Questions customers repeatedly ask,Can applying cream on your skin will fix it?,Kann Creme es überhaupt beheben?,https://www.reddit.com/r/45PlusSkincare/comments/1ll5c8n/best_cream_for_crepey_skin/n018ytu/,https://www.reddit.com/r/45PlusSkincare/comments/1ll5c8n/best_cream_for_crepey_skin/,C027,r/45PlusSkincare,reply,question_what_works;nothing_works,medium,Grundzweifel an Topika.,,arms,
A0742,Successful attempts,I think it’s helping the crepey skin in my arms and knees and keeping my face smooth. I’m 55.,Mit 55: Peptidprodukt hilft Armen/Knien.,https://www.reddit.com/r/45PlusSkincare/comments/1ll5c8n/best_cream_for_crepey_skin/n06wibl/,https://www.reddit.com/r/45PlusSkincare/comments/1ll5c8n/best_cream_for_crepey_skin/,C027,r/45PlusSkincare,"reply, 55",new_peptides;crepey_knees,high,Peptide als Hoffnungsträger.,55,arms,
A0743,Product / routine preferences,Mix a good lotion with fractionated coconut oil. You will be a little greasy but it helps a lot.,"Lotion mit fraktioniertem Kokosöl – etwas fettig, hilft viel.",https://www.reddit.com/r/45PlusSkincare/comments/1ll5c8n/best_cream_for_crepey_skin/mzy31pf/,https://www.reddit.com/r/45PlusSkincare/comments/1ll5c8n/best_cream_for_crepey_skin/,C027,r/45PlusSkincare,reply,cheap_oil_alternative;oil_greasy_staining,medium,Fettigkeit als akzeptierter Preis.,,arms,
A0744,Product / routine preferences,"Lubriderm & a drop of moisturizing body oil (jojoba, vit e in it, etc.) right after the shower. Damp skin is best.",Lubriderm + Tropfen Körperöl nach dem Duschen; feuchte Haut am besten.,https://www.reddit.com/r/45PlusSkincare/comments/1ll5c8n/best_cream_for_crepey_skin/mzyfgg2/,https://www.reddit.com/r/45PlusSkincare/comments/1ll5c8n/best_cream_for_crepey_skin/,C027,r/45PlusSkincare,reply,oil_on_damp_skin,medium,Öl als Booster.,,arms,
A0745,Purchase criteria,"I’m using Verita at the moment, but it is expensive! Any other recommendations?","Nutzt Verita, aber teuer.",https://www.reddit.com/r/45PlusSkincare/comments/1ll5c8n/best_cream_for_crepey_skin/n03c2ze/,https://www.reddit.com/r/45PlusSkincare/comments/1ll5c8n/best_cream_for_crepey_skin/,C027,r/45PlusSkincare,"OP, 53",price_value,high,Preis treibt Suche nach Alternativen.,53,arms,
A0746,Time-to-result expectations,"creams like Crepe Erase are very effective. However, the crepey skin returns if you stop using. Pick your poison!","Crepe Erase wirkt, aber Krepp kehrt zurück, wenn man aufhört.",https://www.reddit.com/r/45PlusSkincare/comments/1ll5c8n/best_cream_for_crepey_skin/mzzua3b/,https://www.reddit.com/r/45PlusSkincare/comments/1ll5c8n/best_cream_for_crepey_skin/,C027,r/45PlusSkincare,reply,crepe_erase;lotion_temporary;consistency_effort,medium,Daueranwendungs-Abhängigkeit als bekannter Trade-off.,,arms,
A0747,Problem descriptions,I am 51 and have the worst crepey skin.,Mit 51 schlimmste Krepphaut.,https://www.reddit.com/r/45PlusSkincare/comments/1q30h9u/drop_your_middleaged_skin_routines_for_crepeydry/,https://www.reddit.com/r/45PlusSkincare/comments/1q30h9u/drop_your_middleaged_skin_routines_for_crepeydry/,C028,r/45PlusSkincare,"OP, 51, Texas",crepey_hands;crepey_legs,high,Kernzielgruppe in eigenen Worten.,51,whole_body,
A0748,Situational triggers,I’m terrible at drinking water and I live on hot baths.,"Trinkt wenig, liebt heiße Bäder.",https://www.reddit.com/r/45PlusSkincare/comments/1q30h9u/drop_your_middleaged_skin_routines_for_crepeydry/,https://www.reddit.com/r/45PlusSkincare/comments/1q30h9u/drop_your_middleaged_skin_routines_for_crepeydry/,C028,r/45PlusSkincare,"OP, 51",new_hot_bath_trigger,high,Heiße Bäder als Trockenheitsfaktor; Bad-Ritual als Anknüpfungspunkt.,51,whole_body,
A0749,Routine friction,"I’m getting overwhelmed reading about all of the serums, etc … that should be applied daily, AND they have to be applied in a specific order … ?!?!",Überfordert von Seren und Reihenfolgen.,https://www.reddit.com/r/45PlusSkincare/comments/1q30h9u/drop_your_middleaged_skin_routines_for_crepeydry/,https://www.reddit.com/r/45PlusSkincare/comments/1q30h9u/drop_your_middleaged_skin_routines_for_crepeydry/,C028,r/45PlusSkincare,"OP, 51",routine_fatigue;question_order_of_application,high,Komplexität als Barriere – Einfachheit als Wert.,51,whole_body,
A0750,Purchase criteria,"Budget-friendly, please.",Bitte budgetfreundlich.,https://www.reddit.com/r/45PlusSkincare/comments/1q30h9u/drop_your_middleaged_skin_routines_for_crepeydry/,https://www.reddit.com/r/45PlusSkincare/comments/1q30h9u/drop_your_middleaged_skin_routines_for_crepeydry/,C028,r/45PlusSkincare,"OP, 51",price_value,high,Budget als Kernkriterium.,51,whole_body,
A0751,Skepticism,The water thing is way overblown,Wasser-Trinken wird überbewertet.,https://www.reddit.com/r/45PlusSkincare/comments/1q30h9u/drop_your_middleaged_skin_routines_for_crepeydry/nxh2wnd/,https://www.reddit.com/r/45PlusSkincare/comments/1q30h9u/drop_your_middleaged_skin_routines_for_crepeydry/,C028,r/45PlusSkincare,reply,new_hydration_myth,medium,"Gegenposition zu ""viel trinken"".",,whole_body,
A0752,Purchase criteria,It comes in a large bottle and will last a while. Around $22 US.,"Große Flasche, hält lange, ca. 22 $.",https://www.reddit.com/r/45PlusSkincare/comments/1q30h9u/drop_your_middleaged_skin_routines_for_crepeydry/nxh2wnd/,https://www.reddit.com/r/45PlusSkincare/comments/1q30h9u/drop_your_middleaged_skin_routines_for_crepeydry/,C028,r/45PlusSkincare,reply,price_value;urea,medium,Preisanker ~$22.,,whole_body,
A0753,Product / routine preferences,I plan to add more but I intro things one at a time just to be safe.,"Führt Produkte einzeln ein, sicherheitshalber.",https://www.reddit.com/r/45PlusSkincare/comments/1q30h9u/drop_your_middleaged_skin_routines_for_crepeydry/nxi5oqm/,https://www.reddit.com/r/45PlusSkincare/comments/1q30h9u/drop_your_middleaged_skin_routines_for_crepeydry/,C028,r/45PlusSkincare,"reply, 50",new_patch_test_caution,high,Vorsichtige Einführung.,50,whole_body,
A0754,Purchase criteria,when I look at all the $$ I have spent on drugstore /sephora/ ulta beauty stuff w no results it is totally worth it!,Viel Geld für ergebnislose Produkte ausgegeben – Rezeptprodukt lohnt.,https://www.reddit.com/r/45PlusSkincare/comments/1q30h9u/drop_your_middleaged_skin_routines_for_crepeydry/nxhhny3/,https://www.reddit.com/r/45PlusSkincare/comments/1q30h9u/drop_your_middleaged_skin_routines_for_crepeydry/,C028,r/45PlusSkincare,"reply, 50s, former sun worshipper",price_value;nothing_works,high,Akkumulierte Fehlkäufe.,,whole_body,
A0755,Identity / social implications,It got to the point I didn’t like showing skin because of the damage.,Wollte wegen Schäden keine Haut mehr zeigen.,https://www.reddit.com/r/45PlusSkincare/comments/1q30h9u/drop_your_middleaged_skin_routines_for_crepeydry/nxk6yim/,https://www.reddit.com/r/45PlusSkincare/comments/1q30h9u/drop_your_middleaged_skin_routines_for_crepeydry/,C028,r/45PlusSkincare,reply,hiding_arms_sleeveless;sunscreen_sun_damage,high,Vermeidung.,,whole_body,
A0756,Identity / social implications,I’m a happier person in the winter because my skin is covered.,"Im Winter glücklicher, weil Haut bedeckt.",https://www.reddit.com/r/45PlusSkincare/comments/1q30h9u/drop_your_middleaged_skin_routines_for_crepeydry/nxmzmqh/,https://www.reddit.com/r/45PlusSkincare/comments/1q30h9u/drop_your_middleaged_skin_routines_for_crepeydry/,C028,r/45PlusSkincare,reply,summer_trigger;hiding_arms_sleeveless,medium,Saisonale Stimmung durch Hautscham.,,whole_body,
A0757,Identity / social implications,when I was younger I used to be a sundress/tank top gal and I wondered if I was becoming more conservative as I get older or what,"Früher Sommerkleid/Top, dachte sie werde konservativer.",https://www.reddit.com/r/45PlusSkincare/comments/1q30h9u/drop_your_middleaged_skin_routines_for_crepeydry/nxnvilp/,https://www.reddit.com/r/45PlusSkincare/comments/1q30h9u/drop_your_middleaged_skin_routines_for_crepeydry/,C028,r/45PlusSkincare,reply,hiding_arms_sleeveless;shorts_dresses_avoidance,high,Kleidungswandel als verdeckte Scham.,,whole_body,
A0758,Emotional reactions,"The truth is, I was embarrassed of my skin!",In Wahrheit schämte sie sich für ihre Haut.,https://www.reddit.com/r/45PlusSkincare/comments/1q30h9u/drop_your_middleaged_skin_routines_for_crepeydry/nxnvilp/,https://www.reddit.com/r/45PlusSkincare/comments/1q30h9u/drop_your_middleaged_skin_routines_for_crepeydry/,C028,r/45PlusSkincare,reply,confidence_desire,high,Scham als verborgener Treiber.,,whole_body,
A0759,Objections,it’s kinda sticky and you kind of have to let it dry a bit on your skin which can feel … icky. I don’t love the feel of lotion/serum/oil on my body,"Klebrig, muss antrocknen, fühlt sich eklig an; mag Lotion/Öl-Gefühl nicht.",https://www.reddit.com/r/45PlusSkincare/comments/1q30h9u/drop_your_middleaged_skin_routines_for_crepeydry/nxnvilp/,https://www.reddit.com/r/45PlusSkincare/comments/1q30h9u/drop_your_middleaged_skin_routines_for_crepeydry/,C028,r/45PlusSkincare,reply,new_sticky_sheets;oil_greasy_staining,high,Sensorische Abneigung gegen Körperpflege generell.,,whole_body,
A0760,Exact phrases / metaphors / repeated wording,I grease up (yep that’s what I call it) daily with CeraVe,"""grease up"" – täglich eincremen.",https://www.reddit.com/r/45PlusSkincare/comments/1q30h9u/drop_your_middleaged_skin_routines_for_crepeydry/nxofprk/,https://www.reddit.com/r/45PlusSkincare/comments/1q30h9u/drop_your_middleaged_skin_routines_for_crepeydry/,C028,r/45PlusSkincare,reply,consistency_effort,medium,Umgangssprache.,,whole_body,
A0761,Product / routine preferences,castor oil mixed 50/50 with Gold Bond Crepe lotion. game changer.,Rizinusöl 50/50 mit Gold Bond Crepe – Game Changer.,https://www.reddit.com/r/45PlusSkincare/comments/1q30h9u/drop_your_middleaged_skin_routines_for_crepeydry/nxj2cqh/,https://www.reddit.com/r/45PlusSkincare/comments/1q30h9u/drop_your_middleaged_skin_routines_for_crepeydry/,C028,r/45PlusSkincare,"reply by ""BiohackingBabe""",gold_bond_crepe;cheap_oil_alternative,low,Öl als Booster für Crepe-Lotion.,,whole_body,
A0762,Ingredient / mechanism beliefs,The amount of hyaluronic acid decreases precipitously as we age.,Hyaluronsäure nimmt mit dem Alter stark ab.,https://www.reddit.com/r/45PlusSkincare/comments/1q30h9u/drop_your_middleaged_skin_routines_for_crepeydry/nxh3tu3/,https://www.reddit.com/r/45PlusSkincare/comments/1q30h9u/drop_your_middleaged_skin_routines_for_crepeydry/,C028,r/45PlusSkincare,reply,new_ingredient_belief,medium,Mechanismusglaube.,,whole_body,
A0763,Objections,I got bad melasma from applying estrogen cream on the face just fyi.,Melasma durch Östrogencreme im Gesicht.,https://www.reddit.com/r/45PlusSkincare/comments/1q30h9u/drop_your_middleaged_skin_routines_for_crepeydry/nxh4scy/,https://www.reddit.com/r/45PlusSkincare/comments/1q30h9u/drop_your_middleaged_skin_routines_for_crepeydry/,C028,r/45PlusSkincare,reply,hrt_estrogen_skin,medium,Nebenwirkungsrisiko bei Off-label-Hacks.,,face_transfer,hrt_medical_context;face_only_transferable
A0764,Product / routine preferences,Carrier oils mixed with a thick lotion for the body.,Trägeröle mit dicker Lotion mischen.,https://www.reddit.com/r/45PlusSkincare/comments/1q30h9u/drop_your_middleaged_skin_routines_for_crepeydry/nxhho5c/,https://www.reddit.com/r/45PlusSkincare/comments/1q30h9u/drop_your_middleaged_skin_routines_for_crepeydry/,C028,r/45PlusSkincare,reply,cheap_oil_alternative,medium,Öl-Lotion-Mix wiederkehrend.,,whole_body,
A0765,Time-to-result expectations,It takes a week or so before you start noticing a difference.,Etwa eine Woche bis zum Unterschied.,https://www.reddit.com/r/45PlusSkincare/comments/1q30h9u/drop_your_middleaged_skin_routines_for_crepeydry/nxj4vh8/,https://www.reddit.com/r/45PlusSkincare/comments/1q30h9u/drop_your_middleaged_skin_routines_for_crepeydry/,C028,r/45PlusSkincare,reply,time_to_result,medium,1-Woche-Erwartung.,,whole_body,
A0766,Successful attempts,even my esthetician (who knows my age) says my skin looks great,Kosmetikerin lobt Haut.,https://www.reddit.com/r/45PlusSkincare/comments/1q30h9u/drop_your_middleaged_skin_routines_for_crepeydry/nxj4vh8/,https://www.reddit.com/r/45PlusSkincare/comments/1q30h9u/drop_your_middleaged_skin_routines_for_crepeydry/,C028,r/45PlusSkincare,reply,peer_proof,medium,Fremdbestätigung.,,whole_body,
A0767,Product / routine preferences,"anything extra I put on my arms and hands, as well as my shins where my legs are the driest","Reste auf Arme, Hände, Schienbeine.",https://www.reddit.com/r/45PlusSkincare/comments/1q30h9u/drop_your_middleaged_skin_routines_for_crepeydry/nxi4htr/,https://www.reddit.com/r/45PlusSkincare/comments/1q30h9u/drop_your_middleaged_skin_routines_for_crepeydry/,C028,r/45PlusSkincare,"reply, mid 50s, postmenopausal",crepey_legs;new_face_products_on_body,high,Schienbein als trockenste Zone.,,legs,
A0768,Successful attempts,I noticed my hair and cuticles and then eventually my skin becoming more shiny/glowy/less prone to flaking.,"Haut glänzender, weniger schuppig (Fischöl).",https://www.reddit.com/r/45PlusSkincare/comments/1q30h9u/drop_your_middleaged_skin_routines_for_crepeydry/nxj7vbm/,https://www.reddit.com/r/45PlusSkincare/comments/1q30h9u/drop_your_middleaged_skin_routines_for_crepeydry/,C028,r/45PlusSkincare,"reply, mid 50s",glow_desire;itch_flake,high,Glow + weniger Schuppen als Ergebnisse.,,whole_body,
A0769,Product / routine preferences,I use ósea Malibu body oil during the summer and ósea body butter in the winter.,"OSEA-Öl im Sommer, Butter im Winter.",https://www.reddit.com/r/45PlusSkincare/comments/1q30h9u/drop_your_middleaged_skin_routines_for_crepeydry/nxigy9y/,https://www.reddit.com/r/45PlusSkincare/comments/1q30h9u/drop_your_middleaged_skin_routines_for_crepeydry/,C028,r/45PlusSkincare,"reply, 45",new_competitor_oil;summer_trigger,high,Öl als leichte Sommer-Option.,45,whole_body,
A0770,Routine friction,This is ALL to just maintain my 45 year old skin 🫣,"Alles nur, um 45-jährige Haut zu erhalten.",https://www.reddit.com/r/45PlusSkincare/comments/1q30h9u/drop_your_middleaged_skin_routines_for_crepeydry/nxigy9y/,https://www.reddit.com/r/45PlusSkincare/comments/1q30h9u/drop_your_middleaged_skin_routines_for_crepeydry/,C028,r/45PlusSkincare,"reply, 45",routine_fatigue,high,Aufwand als Last.,45,whole_body,
A0771,Identity / social implications,I am quite lazy here,Am Körper eher faul.,https://www.reddit.com/r/45PlusSkincare/comments/1q30h9u/drop_your_middleaged_skin_routines_for_crepeydry/nxi2lca/,https://www.reddit.com/r/45PlusSkincare/comments/1q30h9u/drop_your_middleaged_skin_routines_for_crepeydry/,C028,r/45PlusSkincare,reply,new_body_neglect_vs_face,low,Körper vs Gesicht; AUD/Australien.,,whole_body,non_us_signal
A0772,Time-to-result expectations,She said consistency was key when using products. I am 72,Hautärztin: Konsequenz ist entscheidend; 72.,https://www.reddit.com/r/45PlusSkincare/comments/1q30h9u/drop_your_middleaged_skin_routines_for_crepeydry/nxydtpu/,https://www.reddit.com/r/45PlusSkincare/comments/1q30h9u/drop_your_middleaged_skin_routines_for_crepeydry/,C028,r/45PlusSkincare,"reply, 72",consistency_effort;derm_recommendation,medium,"""consistency is key"".",72,whole_body,
A0773,Time-to-result expectations,"Wet skin+Hyaluronic Acid+ Gold Bond Crepe Corrector lotion= plump,crepe free arms or legs for several hours.",Nasse Haut + HA + Gold Bond = pralle krepp-freie Arme für Stunden.,https://www.reddit.com/r/45PlusSkincare/comments/1q30h9u/drop_your_middleaged_skin_routines_for_crepeydry/nxjwcn7/,https://www.reddit.com/r/45PlusSkincare/comments/1q30h9u/drop_your_middleaged_skin_routines_for_crepeydry/,C028,r/45PlusSkincare,reply,oil_on_damp_skin;lotion_temporary;gold_bond_crepe,medium,Temporärer optischer Effekt als akzeptiertes Ziel.,,arms,
A0774,Ingredient / mechanism beliefs,"Layer on humectants and seal them in with a moisturizer. Dry, crepey skin needs lots of humectants.","Feuchthaltemittel schichten, mit Creme versiegeln.",https://www.reddit.com/r/45PlusSkincare/comments/1q30h9u/drop_your_middleaged_skin_routines_for_crepeydry/nxnt3wf/,https://www.reddit.com/r/45PlusSkincare/comments/1q30h9u/drop_your_middleaged_skin_routines_for_crepeydry/,C028,r/45PlusSkincare,reply,oil_seals_not_hydrates,medium,Humektant + Siegel-Modell.,,whole_body,
A0775,Failed attempts,"I have tried the CeraVe and Gold Bond with limited results, but willing to give it another go!",CeraVe und Gold Bond mit begrenztem Erfolg.,https://www.reddit.com/r/45PlusSkincare/comments/1q30h9u/drop_your_middleaged_skin_routines_for_crepeydry/nxt6yne/,https://www.reddit.com/r/45PlusSkincare/comments/1q30h9u/drop_your_middleaged_skin_routines_for_crepeydry/,C028,r/45PlusSkincare,"OP, 51",gold_bond_crepe;nothing_works,high,Bereitschaft zum zweiten Versuch.,51,whole_body,
A0776,Time-to-result expectations,"I used these 2 products from Gold Bond twice a day and in 4 days, it was GONE!",Nach 4 Tagen weg.,https://www.reddit.com/r/45PlusSkincare/comments/1q30h9u/drop_your_middleaged_skin_routines_for_crepeydry/nycbdoo/,https://www.reddit.com/r/45PlusSkincare/comments/1q30h9u/drop_your_middleaged_skin_routines_for_crepeydry/,C028,r/45PlusSkincare,"reply, weight loss",gold_bond_crepe;time_to_result;weight_loss_glp1,medium,Sehr schnelle Wirkbehauptung.,,neck,
A0777,Skepticism,"I wish I’d taken before and after pics, it really is unbelievable",Wünscht sich Vorher/Nachher-Fotos.,https://www.reddit.com/r/45PlusSkincare/comments/1q30h9u/drop_your_middleaged_skin_routines_for_crepeydry/nycbdoo/,https://www.reddit.com/r/45PlusSkincare/comments/1q30h9u/drop_your_middleaged_skin_routines_for_crepeydry/,C028,r/45PlusSkincare,reply,peer_proof,medium,Beweisbedürfnis.,,neck,
A0778,Time-to-result expectations,I'm using 5% Urea (Ucerine) and I am already seeing huge improvements after 5 days!,5% Urea – nach 5 Tagen große Verbesserung.,https://www.reddit.com/r/45PlusSkincare/comments/1tk4zmu/what_are_we_doing_about_desert_shins/,https://www.reddit.com/r/45PlusSkincare/comments/1tk4zmu/what_are_we_doing_about_desert_shins/,C029,r/45PlusSkincare,OP update,urea;time_to_result,medium,Schnelle Ergebnisse bei Urea.,,legs,
A0779,Symptoms / visible texture descriptions,They are awful! They are almost scaly! The rest of my body is nowhere near this dry.,"Schienbeine schrecklich, fast schuppig.",https://www.reddit.com/r/45PlusSkincare/comments/1tk4zmu/what_are_we_doing_about_desert_shins/,https://www.reddit.com/r/45PlusSkincare/comments/1tk4zmu/what_are_we_doing_about_desert_shins/,C029,r/45PlusSkincare,OP,crepey_legs;itch_flake,medium,Schienbein als isolierte Problemzone.,,legs,
A0780,Failed attempts,"Nothing seems to absorb, even if I use oils/creams in damp skin.","Nichts zieht ein, auch Öle/Cremes auf feuchter Haut nicht.",https://www.reddit.com/r/45PlusSkincare/comments/1tk4zmu/what_are_we_doing_about_desert_shins/,https://www.reddit.com/r/45PlusSkincare/comments/1tk4zmu/what_are_we_doing_about_desert_shins/,C029,r/45PlusSkincare,OP,nothing_works;oil_on_damp_skin,medium,Selbst Öl auf feuchter Haut scheitert – Grenze des Damp-Skin-Versprechens.,,legs,
A0781,Questions customers repeatedly ask,Anyone have any *therapeutic* routines that actually improve the texture over time?,"Therapeutische Routinen, die Textur langfristig verbessern?",https://www.reddit.com/r/45PlusSkincare/comments/1tk4zmu/what_are_we_doing_about_desert_shins/,https://www.reddit.com/r/45PlusSkincare/comments/1tk4zmu/what_are_we_doing_about_desert_shins/,C029,r/45PlusSkincare,OP,question_what_works;time_to_result,medium,"""therapeutic"" vs. kosmetisch – Wirkungserwartung.",,legs,
A0782,Identity / social implications,It's summer! I wanna wear shorts without being self-conscious about my damn shins!,Sommer – will Shorts ohne Scham tragen.,https://www.reddit.com/r/45PlusSkincare/comments/1tk4zmu/what_are_we_doing_about_desert_shins/,https://www.reddit.com/r/45PlusSkincare/comments/1tk4zmu/what_are_we_doing_about_desert_shins/,C029,r/45PlusSkincare,OP,summer_trigger;shorts_dresses_avoidance,medium,Shorts-Saison als Trigger.,,legs,
A0783,Exact phrases / metaphors / repeated wording,Smells like ass but it truly works.,"Riecht übel, wirkt aber.",https://www.reddit.com/r/45PlusSkincare/comments/1tk4zmu/what_are_we_doing_about_desert_shins/ond0kia/,https://www.reddit.com/r/45PlusSkincare/comments/1tk4zmu/what_are_we_doing_about_desert_shins/,C029,r/45PlusSkincare,reply,amlactin_lactic;fragrance_sensitivity,medium,Trade-off-Formel.,,legs,
A0784,Purchase criteria,Any drug store brands that you'd recommend? I'm not rich lol,Drogeriemarken? Bin nicht reich.,https://www.reddit.com/r/45PlusSkincare/comments/1tk4zmu/what_are_we_doing_about_desert_shins/on6wrwg/,https://www.reddit.com/r/45PlusSkincare/comments/1tk4zmu/what_are_we_doing_about_desert_shins/,C029,r/45PlusSkincare,OP,price_value,medium,Budget.,,legs,
A0785,Routine friction,"It is definitely a before bed lotion, not a ""lets lotion up and put on some shorts and go out"" lotion!","Eine Vor-dem-Schlafen-Lotion, nicht zum Shorts-Anziehen.",https://www.reddit.com/r/45PlusSkincare/comments/1tk4zmu/what_are_we_doing_about_desert_shins/on7kev2/,https://www.reddit.com/r/45PlusSkincare/comments/1tk4zmu/what_are_we_doing_about_desert_shins/,C029,r/45PlusSkincare,reply,amlactin_lactic;oil_absorbs_fast,medium,Tageszeit-Eignung.,,legs,
A0786,Purchase criteria,for around $15 for a big bottle that will last quite a while,Ca. 15 $ für große Flasche.,https://www.reddit.com/r/45PlusSkincare/comments/1tk4zmu/what_are_we_doing_about_desert_shins/on70lz2/,https://www.reddit.com/r/45PlusSkincare/comments/1tk4zmu/what_are_we_doing_about_desert_shins/,C029,r/45PlusSkincare,reply,price_value,medium,Preisanker.,,legs,
A0787,Failed attempts,"I buy the Palmers stuff. It's nice at first, but doesn't treat the issue.","Palmer's Kakaobutter angenehm, behandelt das Problem aber nicht.",https://www.reddit.com/r/45PlusSkincare/comments/1tk4zmu/what_are_we_doing_about_desert_shins/on685ew/,https://www.reddit.com/r/45PlusSkincare/comments/1tk4zmu/what_are_we_doing_about_desert_shins/,C029,r/45PlusSkincare,OP,lotion_temporary,medium,"""nice but doesn't treat"" – Wirkungslücke von Butter/Öl.",,legs,
A0788,Ingredient / mechanism beliefs,"It's more to seal in moisturizer and moisture, at opposed to treating on its own","Kakaobutter versiegelt eher, behandelt nicht allein.",https://www.reddit.com/r/45PlusSkincare/comments/1tk4zmu/what_are_we_doing_about_desert_shins/onbl9x3/,https://www.reddit.com/r/45PlusSkincare/comments/1tk4zmu/what_are_we_doing_about_desert_shins/,C029,r/45PlusSkincare,reply,oil_seals_not_hydrates,medium,"Glaube: Fette/Öle versiegeln, behandeln nicht.",,legs,
A0789,Ingredient / mechanism beliefs,It turns out my lizard skin happened because I react to SLS.,"""Echsenhaut"" kam von SLS-Reaktion.",https://www.reddit.com/r/45PlusSkincare/comments/1tk4zmu/what_are_we_doing_about_desert_shins/on7v41p/,https://www.reddit.com/r/45PlusSkincare/comments/1tk4zmu/what_are_we_doing_about_desert_shins/,C029,r/45PlusSkincare,reply,new_reptile_metaphor;new_ingredient_fear,medium,Reinigung als Ursache.,,legs,
A0790,Successful attempts,Changing to goats milk soap and/or shower oils with non-SLS and very gentle surfactants took me from legs like your picture to not needing to use moisturizer most of the time.,Milde Seife/Duschöl – braucht kaum noch Creme.,https://www.reddit.com/r/45PlusSkincare/comments/1tk4zmu/what_are_we_doing_about_desert_shins/on7v41p/,https://www.reddit.com/r/45PlusSkincare/comments/1tk4zmu/what_are_we_doing_about_desert_shins/,C029,r/45PlusSkincare,reply,new_cleanser_focus,medium,Duschöl als Teil der Lösung.,,legs,
A0791,Identity / social implications,I just let them be 🤣 they are none of my business.,"Lässt sie einfach, geht sie nichts an.",https://www.reddit.com/r/45PlusSkincare/comments/1tk4zmu/what_are_we_doing_about_desert_shins/on9hgw3/,https://www.reddit.com/r/45PlusSkincare/comments/1tk4zmu/what_are_we_doing_about_desert_shins/,C029,r/45PlusSkincare,reply,acceptance_aging,medium,Gelassenheit.,,legs,
A0792,Exact phrases / metaphors / repeated wording,I’ll be buried with a bottle to keep my corpse supple.,"Wird mit einer Flasche begraben, damit die Leiche geschmeidig bleibt.",https://www.reddit.com/r/45PlusSkincare/comments/1tk4zmu/what_are_we_doing_about_desert_shins/onb4jzb/,https://www.reddit.com/r/45PlusSkincare/comments/1tk4zmu/what_are_we_doing_about_desert_shins/,C029,r/45PlusSkincare,"reply, 15 yrs AmLactin",amlactin_lactic,medium,Loyalitäts-Humor.,,whole_body,
A0793,Symptoms / visible texture descriptions,flakiness so bad my shins look furry 😭,"So schuppig, dass Schienbeine pelzig aussehen.",https://www.reddit.com/r/45PlusSkincare/comments/1tk4zmu/what_are_we_doing_about_desert_shins/on6f9kj/,https://www.reddit.com/r/45PlusSkincare/comments/1tk4zmu/what_are_we_doing_about_desert_shins/,C029,r/45PlusSkincare,reply,itch_flake;crepey_legs,medium,"""furry shins"" Metapher.",,legs,
A0794,Purchase criteria,a hand cream with a non-greasy/waxy finish to minimize TWL,Nicht fettiges/wachsiges Finish.,https://www.reddit.com/r/45PlusSkincare/comments/1tk4zmu/what_are_we_doing_about_desert_shins/on6f9kj/,https://www.reddit.com/r/45PlusSkincare/comments/1tk4zmu/what_are_we_doing_about_desert_shins/,C029,r/45PlusSkincare,reply,oil_greasy_staining,medium,Finish-Kriterium.,,legs,
A0795,Product / routine preferences,I slather Vaseline on top of lotion and put on knee socks to sleep in.,"Vaseline über Lotion, Kniestrümpfe zum Schlafen.",https://www.reddit.com/r/45PlusSkincare/comments/1tk4zmu/what_are_we_doing_about_desert_shins/on6kfmk/,https://www.reddit.com/r/45PlusSkincare/comments/1tk4zmu/what_are_we_doing_about_desert_shins/,C029,r/45PlusSkincare,reply,oil_seals_not_hydrates,medium,Okklusion-Workaround.,,legs,
A0796,Situational triggers,It’s the only way I don’t wake up ashy and itchy.,Nur so wacht sie nicht aschig und juckend auf.,https://www.reddit.com/r/45PlusSkincare/comments/1tk4zmu/what_are_we_doing_about_desert_shins/on6kfmk/,https://www.reddit.com/r/45PlusSkincare/comments/1tk4zmu/what_are_we_doing_about_desert_shins/,C029,r/45PlusSkincare,reply,itch_flake,medium,"""ashy and itchy"".",,legs,
A0797,Product / routine preferences,"Wet from showers, then HA, then body oil, and then a heavier cream.","Nass, HA, Körperöl, dann schwere Creme.",https://www.reddit.com/r/45PlusSkincare/comments/1tk4zmu/what_are_we_doing_about_desert_shins/on6e000/,https://www.reddit.com/r/45PlusSkincare/comments/1tk4zmu/what_are_we_doing_about_desert_shins/,C029,r/45PlusSkincare,reply,question_order_of_application;oil_on_damp_skin,medium,Öl zwischen Serum und Creme.,,whole_body,
A0798,Failed attempts,I've been scrubbing! Omg I scrub! I actually think it's making things worse?,"Schrubbt viel, macht es wohl schlimmer.",https://www.reddit.com/r/45PlusSkincare/comments/1tk4zmu/what_are_we_doing_about_desert_shins/on6wxut/,https://www.reddit.com/r/45PlusSkincare/comments/1tk4zmu/what_are_we_doing_about_desert_shins/,C029,r/45PlusSkincare,OP,exfoliation_dry_brush,medium,Über-Exfoliation.,,legs,
A0799,Successful attempts,Naturium 5% urea body serum cuts through this like a knife through butter. I can’t be without it.,Urea-Serum wie Messer durch Butter.,https://www.reddit.com/r/45PlusSkincare/comments/1tk4zmu/what_are_we_doing_about_desert_shins/on7xjsk/,https://www.reddit.com/r/45PlusSkincare/comments/1tk4zmu/what_are_we_doing_about_desert_shins/,C029,r/45PlusSkincare,"reply, desert dweller",urea;new_dry_climate,medium,Urea-Benchmark.,,legs,
A0800,Ingredient / mechanism beliefs,There is a difference between surface moisture and deep skin hydration. This needs both.,Unterschied Oberflächenfeuchte vs. tiefe Hydratation.,https://www.reddit.com/r/45PlusSkincare/comments/1tk4zmu/what_are_we_doing_about_desert_shins/on9o8q4/,https://www.reddit.com/r/45PlusSkincare/comments/1tk4zmu/what_are_we_doing_about_desert_shins/,C029,r/45PlusSkincare,reply,oil_seals_not_hydrates;lotion_temporary,medium,Zweistufenmodell.,,legs,
A0801,Desired outcomes,This along with a good scrub from time to time makes my legs shine.,Beine glänzen.,https://www.reddit.com/r/45PlusSkincare/comments/1tk4zmu/what_are_we_doing_about_desert_shins/on9o8q4/,https://www.reddit.com/r/45PlusSkincare/comments/1tk4zmu/what_are_we_doing_about_desert_shins/,C029,r/45PlusSkincare,reply,glow_desire,medium,"""shine"" als Ziel.",,legs,
A0802,Exact phrases / metaphors / repeated wording,Wow you're really working for your skin over there!,Du arbeitest wirklich für deine Haut.,https://www.reddit.com/r/45PlusSkincare/comments/1tk4zmu/what_are_we_doing_about_desert_shins/onfq4r0/,https://www.reddit.com/r/45PlusSkincare/comments/1tk4zmu/what_are_we_doing_about_desert_shins/,C029,r/45PlusSkincare,OP,routine_fatigue,medium,"Aufwand bewundert, aber abschreckend.",,legs,
A0803,Exact phrases / metaphors / repeated wording,I thought I was alone in the dinosaur skin shin thing.,"Dachte, allein mit ""Dinosaurierhaut"".",https://www.reddit.com/r/45PlusSkincare/comments/1tk4zmu/what_are_we_doing_about_desert_shins/onasqen/,https://www.reddit.com/r/45PlusSkincare/comments/1tk4zmu/what_are_we_doing_about_desert_shins/,C029,r/45PlusSkincare,reply,new_reptile_metaphor,medium,Reptilienmetapher + Isolation.,,legs,
A0804,Successful attempts,my legs have never been softer or prettier,Beine nie weicher oder hübscher (Rizinusöl nachts).,https://www.reddit.com/r/45PlusSkincare/comments/1tk4zmu/what_are_we_doing_about_desert_shins/onbs1sj/,https://www.reddit.com/r/45PlusSkincare/comments/1tk4zmu/what_are_we_doing_about_desert_shins/,C029,r/45PlusSkincare,reply,cheap_oil_alternative;soft_smooth_desire,medium,Öl-Erfolgsgeschichte.,,legs,
A0805,Ingredient / mechanism beliefs,It works because it has urea in it. There are far cheaper urea products,Wirkt wegen Urea; es gibt billigere.,https://www.reddit.com/r/45PlusSkincare/comments/1tk4zmu/what_are_we_doing_about_desert_shins/on7ptqk/,https://www.reddit.com/r/45PlusSkincare/comments/1tk4zmu/what_are_we_doing_about_desert_shins/,C029,r/45PlusSkincare,reply,crepe_erase;urea;price_value,medium,Entzauberung Markenprodukte via Wirkstoff.,,legs,
A0806,Exact phrases / metaphors / repeated wording,"I love that term, ""desert shins.""","Liebt den Begriff ""desert shins"".",https://www.reddit.com/r/45PlusSkincare/comments/1tk4zmu/what_are_we_doing_about_desert_shins/ongfeuz/,https://www.reddit.com/r/45PlusSkincare/comments/1tk4zmu/what_are_we_doing_about_desert_shins/,C029,r/45PlusSkincare,reply,new_desert_metaphor,medium,Community-Begriff.,,legs,
A0807,Successful attempts,"Nothing fancy (Jergens Revitalizing with Vitamin E), but it has made a big difference from when I used to only moisturize after shaving.","Nichts Besonderes, aber täglich eincremen machte großen Unterschied.",https://www.reddit.com/r/45PlusSkincare/comments/1tk4zmu/what_are_we_doing_about_desert_shins/ongfeuz/,https://www.reddit.com/r/45PlusSkincare/comments/1tk4zmu/what_are_we_doing_about_desert_shins/,C029,r/45PlusSkincare,"reply, dry climate",consistency_effort,medium,Konsequenz > Produkt.,,legs,
A0808,Routine friction,I just hate the routine and the feeling of putting on thick lotions so I don't. Due to the sensory issues,Hasst Routine und Gefühl dicker Lotionen (sensorisch).,https://www.reddit.com/r/45PlusSkincare/comments/1tk4zmu/what_are_we_doing_about_desert_shins/onsn8z9/,https://www.reddit.com/r/45PlusSkincare/comments/1tk4zmu/what_are_we_doing_about_desert_shins/,C029,r/45PlusSkincare,reply,routine_fatigue;new_sticky_sheets,medium,Sensorische Hürde verhindert Pflege.,,legs,
A0809,Symptoms / visible texture descriptions,There are actual scales on mine from DEEP dehydration.,Echte Schuppen durch tiefe Dehydration.,https://www.reddit.com/r/45PlusSkincare/comments/1tk4zmu/what_are_we_doing_about_desert_shins/onsn8z9/,https://www.reddit.com/r/45PlusSkincare/comments/1tk4zmu/what_are_we_doing_about_desert_shins/,C029,r/45PlusSkincare,reply,itch_flake,medium,Schuppen.,,legs,
A0810,Emotional reactions,Still bothers me though.,Stört sie trotzdem.,https://www.reddit.com/r/45PlusSkincare/comments/1tk4zmu/what_are_we_doing_about_desert_shins/ons202i/,https://www.reddit.com/r/45PlusSkincare/comments/1tk4zmu/what_are_we_doing_about_desert_shins/,C029,r/45PlusSkincare,OP,feel_like_myself,medium,Beruhigung hilft nicht.,,legs,
A0811,Situational triggers,This crap just started about 6 months ago.,Begann vor etwa 6 Monaten.,https://www.reddit.com/r/45PlusSkincare/comments/1ufeafm/crepey_skin_on_hands/,https://www.reddit.com/r/45PlusSkincare/comments/1ufeafm/crepey_skin_on_hands/,C030,r/45PlusSkincare,"OP, 49",sudden_onset;crepey_hands,high,Plötzlicher Beginn.,49,hands,
A0812,Emotional reactions,the horror of my hands right now is killing me!,Der Horror ihrer Hände bringt sie um.,https://www.reddit.com/r/45PlusSkincare/comments/1ufeafm/crepey_skin_on_hands/,https://www.reddit.com/r/45PlusSkincare/comments/1ufeafm/crepey_skin_on_hands/,C030,r/45PlusSkincare,"OP, 49",crepey_hands,high,Starke Emotion.,49,hands,
A0813,Problem descriptions,I have a good skin routine for my face and I’m happy with how that’s going,"Gesichtsroutine gut, Hände ohne Routine.",https://www.reddit.com/r/45PlusSkincare/comments/1ufeafm/crepey_skin_on_hands/,https://www.reddit.com/r/45PlusSkincare/comments/1ufeafm/crepey_skin_on_hands/,C030,r/45PlusSkincare,"OP, 49",new_body_neglect_vs_face,high,"Gesicht gepflegt, Körper vernachlässigt.",49,hands,
A0814,Identity / social implications,My hands look ten years older than my face. 😭,Hände sehen zehn Jahre älter aus als Gesicht.,https://www.reddit.com/r/45PlusSkincare/comments/1ufeafm/crepey_skin_on_hands/,https://www.reddit.com/r/45PlusSkincare/comments/1ufeafm/crepey_skin_on_hands/,C030,r/45PlusSkincare,"OP, 49",crepey_hands;feel_like_myself,high,Diskrepanz Gesicht vs Körper als Schmerzpunkt.,49,hands,
A0815,Questions customers repeatedly ask,Anyone found something that helps? Tret? Serums? Lasers? Anything?,"Irgendetwas, das hilft?",https://www.reddit.com/r/45PlusSkincare/comments/1ufeafm/crepey_skin_on_hands/,https://www.reddit.com/r/45PlusSkincare/comments/1ufeafm/crepey_skin_on_hands/,C030,r/45PlusSkincare,"OP, 49",question_what_works,high,Offene Suche.,49,hands,
A0816,Desired outcomes,"I’m going to start treating my hands like my face, including the tret and sunscreen.",Hände wie Gesicht behandeln.,https://www.reddit.com/r/45PlusSkincare/comments/1ufeafm/crepey_skin_on_hands/,https://www.reddit.com/r/45PlusSkincare/comments/1ufeafm/crepey_skin_on_hands/,C030,r/45PlusSkincare,OP edit,new_face_products_on_body,high,Übertragung Gesichtsroutine.,49,hands,
A0817,Successful attempts,"If I drink more water and put that lotion on at bedtime, my arms and hands are 100% better.",Mehr Wasser + Lotion abends: Arme/Hände 100% besser.,https://www.reddit.com/r/45PlusSkincare/comments/1ufeafm/crepey_skin_on_hands/otr775l/,https://www.reddit.com/r/45PlusSkincare/comments/1ufeafm/crepey_skin_on_hands/,C030,r/45PlusSkincare,"reply, 47",amlactin_lactic,high,Abendroutine.,47,hands,
A0818,Time-to-result expectations,it’s visibly different in one use. Amazing stuff.,Nach einer Anwendung sichtbar anders.,https://www.reddit.com/r/45PlusSkincare/comments/1ufeafm/crepey_skin_on_hands/ottw1az/,https://www.reddit.com/r/45PlusSkincare/comments/1ufeafm/crepey_skin_on_hands/,C030,r/45PlusSkincare,reply,amlactin_lactic;time_to_result,medium,Sofort-Effekt.,,hands,
A0819,Objections,Even with sun block I had the worst sunburn all over my body.,Trotz Sonnenschutz schlimmster Sonnenbrand (AmLactin).,https://www.reddit.com/r/45PlusSkincare/comments/1ufeafm/crepey_skin_on_hands/oumdbh9/,https://www.reddit.com/r/45PlusSkincare/comments/1ufeafm/crepey_skin_on_hands/,C030,r/45PlusSkincare,reply,amlactin_lactic;sunscreen_sun_damage,medium,Säure + Sonne Risiko.,,whole_body,
A0820,Objections,I tried Amlactin and can’t get past the smell,Kommt über den Geruch nicht hinweg.,https://www.reddit.com/r/45PlusSkincare/comments/1ufeafm/crepey_skin_on_hands/otunofp/,https://www.reddit.com/r/45PlusSkincare/comments/1ufeafm/crepey_skin_on_hands/,C030,r/45PlusSkincare,reply,amlactin_lactic;fragrance_sensitivity,medium,Geruchsbarriere.,,hands,
A0821,Routine friction,"I use the extra strength amlactin and mix it with my other lotions … bath and body works, jergens … I don’t notice the smell",Mischt AmLactin mit Duftlotionen.,https://www.reddit.com/r/45PlusSkincare/comments/1ufeafm/crepey_skin_on_hands/otz7j0g/,https://www.reddit.com/r/45PlusSkincare/comments/1ufeafm/crepey_skin_on_hands/,C030,r/45PlusSkincare,reply,amlactin_lactic;scent_love,medium,Duft-Maskierung.,,hands,
A0822,Objections,And it’s sticky,Und es klebt.,https://www.reddit.com/r/45PlusSkincare/comments/1ufeafm/crepey_skin_on_hands/ou0rizu/,https://www.reddit.com/r/45PlusSkincare/comments/1ufeafm/crepey_skin_on_hands/,C030,r/45PlusSkincare,reply,amlactin_lactic;new_sticky_sheets,medium,Klebrigkeit.,,hands,
A0823,Time-to-result expectations,Immediately. Overnight. I'm not kidding. I'm 47 though,"Sofort, über Nacht.",https://www.reddit.com/r/45PlusSkincare/comments/1ufeafm/crepey_skin_on_hands/ottvjyj/,https://www.reddit.com/r/45PlusSkincare/comments/1ufeafm/crepey_skin_on_hands/,C030,r/45PlusSkincare,"reply, 47",time_to_result,high,Über-Nacht-Erwartung.,47,hands,
A0824,Routine friction,"I actually already drink 2-3l of water daily, but am not great with the external hydration.","Trinkt viel, aber äußerliche Pflege schwach.",https://www.reddit.com/r/45PlusSkincare/comments/1ufeafm/crepey_skin_on_hands/otr9u81/,https://www.reddit.com/r/45PlusSkincare/comments/1ufeafm/crepey_skin_on_hands/,C030,r/45PlusSkincare,"OP, 49",consistency_effort,high,Lücke äußere Pflege.,49,hands,
A0825,Product / routine preferences,I use tretinoin on the back of my hands and use jojoba oil several times a day after I wash my hands.,Jojobaöl mehrmals täglich nach Händewaschen.,https://www.reddit.com/r/45PlusSkincare/comments/1ufeafm/crepey_skin_on_hands/ottl1y2/,https://www.reddit.com/r/45PlusSkincare/comments/1ufeafm/crepey_skin_on_hands/,C030,r/45PlusSkincare,reply,cheap_oil_alternative;crepey_hands,medium,Öl als Handpflege nach Waschen.,,hands,
A0826,Emotional reactions,What the hell I turn 50 and my skin goes to shit automatically.,Mit 50 wird die Haut automatisch schlecht.,https://www.reddit.com/r/45PlusSkincare/comments/1ufeafm/crepey_skin_on_hands/ou6pn00/,https://www.reddit.com/r/45PlusSkincare/comments/1ufeafm/crepey_skin_on_hands/,C030,r/45PlusSkincare,"reply, 50",sudden_onset,high,Wut über Schwelle 50.,50,whole_body,hrt_medical_context
A0827,Symptoms / visible texture descriptions,The skin around my boob my upper arms. The skin on my legs is super rough.,"Haut an Brust, Oberarmen; Beine sehr rau.",https://www.reddit.com/r/45PlusSkincare/comments/1ufeafm/crepey_skin_on_hands/ou6pn00/,https://www.reddit.com/r/45PlusSkincare/comments/1ufeafm/crepey_skin_on_hands/,C030,r/45PlusSkincare,"reply, 50",crepey_chest;crepey_arms;crepey_legs,high,Multiple Zonen.,50,whole_body,
A0828,Emotional reactions,I didn’t deserve this! … This is BS.,Hat das nicht verdient – Bullshit.,https://www.reddit.com/r/45PlusSkincare/comments/1ufeafm/crepey_skin_on_hands/ou6pn00/,https://www.reddit.com/r/45PlusSkincare/comments/1ufeafm/crepey_skin_on_hands/,C030,r/45PlusSkincare,"reply, 50",feel_like_myself,high,Ungerechtigkeitsgefühl.,50,whole_body,
A0829,Routine friction,We just got over a heat wave so I haven’t been using it regularly like I should,Hitzewelle – nicht regelmäßig angewendet.,https://www.reddit.com/r/45PlusSkincare/comments/1ufeafm/crepey_skin_on_hands/ou7cfpl/,https://www.reddit.com/r/45PlusSkincare/comments/1ufeafm/crepey_skin_on_hands/,C030,r/45PlusSkincare,"reply, 43",summer_trigger;consistency_effort,high,Hitze unterbricht Routine.,43,hands,
A0830,Purchase criteria,you can find it at most stores and a good price point! The pics I saw online of before and after were enough for me to give it a shot!,"Überall erhältlich, guter Preis; Online-Vorher/Nachher überzeugten.",https://www.reddit.com/r/45PlusSkincare/comments/1ufeafm/crepey_skin_on_hands/ou7cfpl/,https://www.reddit.com/r/45PlusSkincare/comments/1ufeafm/crepey_skin_on_hands/,C030,r/45PlusSkincare,"reply, 43",price_value;peer_proof,high,Verfügbarkeit + Preis + Fotos als Kauftreiber.,43,hands,
A0831,Product / routine preferences,"I keep GoldBond crepe corrector, retinol renew next to my handwashing areas at home.",Gold Bond neben Waschbecken platziert.,https://www.reddit.com/r/45PlusSkincare/comments/1ufeafm/crepey_skin_on_hands/ottlaz8/,https://www.reddit.com/r/45PlusSkincare/comments/1ufeafm/crepey_skin_on_hands/,C030,r/45PlusSkincare,reply,gold_bond_crepe;consistency_effort,medium,Platzierung am Nutzungsort.,,hands,
A0832,Time-to-result expectations,It helped my arms almost immediately.,Half den Armen fast sofort.,https://www.reddit.com/r/45PlusSkincare/comments/1ufeafm/crepey_skin_on_hands/otub42l/,https://www.reddit.com/r/45PlusSkincare/comments/1ufeafm/crepey_skin_on_hands/,C030,r/45PlusSkincare,reply,gold_bond_crepe;time_to_result,medium,Sofortwirkung.,,arms,
A0833,Purchase criteria,"I love that it’s available in a smaller tube, too. Perfect for carrying in purse for daytime use.",Kleine Tube für die Handtasche.,https://www.reddit.com/r/45PlusSkincare/comments/1ufeafm/crepey_skin_on_hands/otwmab0/,https://www.reddit.com/r/45PlusSkincare/comments/1ufeafm/crepey_skin_on_hands/,C030,r/45PlusSkincare,reply,new_packaging_dispenser,medium,Tragbares Format.,,hands,
A0834,Situational triggers,my hands looked wrinkle and crepe-free my adult life until about 6 months ago. I’m 49. Definitely peri related.,"Hände bis vor 6 Monaten faltenfrei; 49, Perimenopause.",https://www.reddit.com/r/45PlusSkincare/comments/1ufeafm/crepey_skin_on_hands/otumgs7/,https://www.reddit.com/r/45PlusSkincare/comments/1ufeafm/crepey_skin_on_hands/,C030,r/45PlusSkincare,OP,sudden_onset;crepey_hands,high,Onset ~49.,49,hands,hrt_medical_context
A0835,Tactile descriptions,Feels so nice & really helps with exfoliation.,DIY-Zucker-Olivenöl-Peeling fühlt sich schön an.,https://www.reddit.com/r/45PlusSkincare/comments/1ufeafm/crepey_skin_on_hands/otr7ct4/,https://www.reddit.com/r/45PlusSkincare/comments/1ufeafm/crepey_skin_on_hands/,C030,r/45PlusSkincare,reply,cheap_oil_alternative;exfoliation_dry_brush,medium,Kitchen-DIY mit Öl.,,hands,
A0836,Routine friction,if I don’t immediately make more when I run out I’ll forget about it for a few weeks until I start regretting my life choices because my hands feel like 🗑️,"Vergisst Nachmachen, bis Hände sich wie Müll anfühlen.",https://www.reddit.com/r/45PlusSkincare/comments/1ufeafm/crepey_skin_on_hands/otsmhk8/,https://www.reddit.com/r/45PlusSkincare/comments/1ufeafm/crepey_skin_on_hands/,C030,r/45PlusSkincare,reply,routine_fatigue;consistency_effort,medium,Routine-Lücken.,,hands,
A0837,Tactile descriptions,they are soft after doing it consistently,Weich nach konsequenter Anwendung.,https://www.reddit.com/r/45PlusSkincare/comments/1ufeafm/crepey_skin_on_hands/otv9fj7/,https://www.reddit.com/r/45PlusSkincare/comments/1ufeafm/crepey_skin_on_hands/,C030,r/45PlusSkincare,reply,consistency_effort;soft_smooth_desire,medium,Konsequenz → Weichheit.,,hands,
A0838,Symptoms / visible texture descriptions,My hands especially look so old lately though.,Hände sehen in letzter Zeit so alt aus.,https://www.reddit.com/r/45PlusSkincare/comments/1ufeafm/crepey_skin_on_hands/ou35u36/,https://www.reddit.com/r/45PlusSkincare/comments/1ufeafm/crepey_skin_on_hands/,C030,r/45PlusSkincare,"reply, 63",crepey_hands,low,"Kanadierin, 63.",63,hands,non_us_signal
A0839,Time-to-result expectations,It says 6 months to up to a year for good improvement. It takes time to make the changes and stimulate the collagen.,6 Monate bis ein Jahr für deutliche Verbesserung.,https://www.reddit.com/r/45PlusSkincare/comments/1ufeafm/crepey_skin_on_hands/ou35u36/,https://www.reddit.com/r/45PlusSkincare/comments/1ufeafm/crepey_skin_on_hands/,C030,r/45PlusSkincare,"reply, 63",time_to_result;retinol_body,low,Langfrist-Erwartung bei Retinoiden.,63,hands,non_us_signal
A0840,Desired outcomes,At my age I am not expecting miracles,In ihrem Alter erwartet sie keine Wunder.,https://www.reddit.com/r/45PlusSkincare/comments/1ufeafm/crepey_skin_on_hands/ou35u36/,https://www.reddit.com/r/45PlusSkincare/comments/1ufeafm/crepey_skin_on_hands/,C030,r/45PlusSkincare,"reply, 63",acceptance_aging,low,Realistische Erwartung.,63,hands,non_us_signal
A0841,Product / routine preferences,I am doing some major self care every day before bed to try to improve my skin.,Tägliche Selbstfürsorge vor dem Schlafen.,https://www.reddit.com/r/45PlusSkincare/comments/1ufeafm/crepey_skin_on_hands/ou35u36/,https://www.reddit.com/r/45PlusSkincare/comments/1ufeafm/crepey_skin_on_hands/,C030,r/45PlusSkincare,"reply, 63",self_care_ritual,low,Abendritual.,63,whole_body,non_us_signal
A0842,Exact phrases / metaphors / repeated wording,my old lady upper arm crinkles,"""Alte-Damen-Oberarm-Knitter"".",https://www.reddit.com/r/45PlusSkincare/comments/1ufeafm/crepey_skin_on_hands/ots6rsa/,https://www.reddit.com/r/45PlusSkincare/comments/1ufeafm/crepey_skin_on_hands/,C030,r/45PlusSkincare,reply,old_lady_identity;crepey_arms,medium,"Wortbild ""crinkles"".",,arms,
A0843,Exact phrases / metaphors / repeated wording,I lost all of my moisture and collagen overnight when peri started.,Mit Peri über Nacht alle Feuchtigkeit/Kollagen verloren.,https://www.reddit.com/r/45PlusSkincare/comments/1ufeafm/crepey_skin_on_hands/otrl3c1/,https://www.reddit.com/r/45PlusSkincare/comments/1ufeafm/crepey_skin_on_hands/,C030,r/45PlusSkincare,"reply, 43",sudden_onset,high,Plötzlichkeits-Narrativ.,43,hands,hrt_medical_context
A0844,Failed attempts,Amlactin seems to be working on my neck but not my hands just yet.,"AmLactin wirkt am Hals, an Händen noch nicht.",https://www.reddit.com/r/45PlusSkincare/comments/1ufeafm/crepey_skin_on_hands/otrl3c1/,https://www.reddit.com/r/45PlusSkincare/comments/1ufeafm/crepey_skin_on_hands/,C030,r/45PlusSkincare,"reply, 43",amlactin_lactic,high,Zonenabhängige Wirkung.,43,hands,
A0845,Successful attempts,using products to restore the skin barrier made a huge difference for me almost immediately,Barriere-Produkte machten fast sofort großen Unterschied.,https://www.reddit.com/r/45PlusSkincare/comments/1ufeafm/crepey_skin_on_hands/otrnnwp/,https://www.reddit.com/r/45PlusSkincare/comments/1ufeafm/crepey_skin_on_hands/,C030,r/45PlusSkincare,reply,new_barrier_repair;time_to_result,medium,Barrierepflege mit Sofortwirkung.,,hands,
A0846,Successful attempts,"Not a miracle, but it definitely improved by at least 50%.","Kein Wunder, aber mind. 50% besser (Radiesse).",https://www.reddit.com/r/45PlusSkincare/comments/1ufeafm/crepey_skin_on_hands/ott0fab/,https://www.reddit.com/r/45PlusSkincare/comments/1ufeafm/crepey_skin_on_hands/,C030,r/45PlusSkincare,reply,only_procedures_work,medium,Prozedur-Ergebnis-Sprache.,,hands,
A0847,Ingredient / mechanism beliefs,if I wash my hands with something that strips them I’m back to square one,Austrocknende Seife wirft sie zurück.,https://www.reddit.com/r/45PlusSkincare/comments/1ufeafm/crepey_skin_on_hands/otthxxk/,https://www.reddit.com/r/45PlusSkincare/comments/1ufeafm/crepey_skin_on_hands/,C030,r/45PlusSkincare,reply,new_cleanser_focus,medium,Reinigung entscheidend.,,hands,
A0848,Tactile descriptions,My face and hand skin feels so soft and that’s not only when I’ve applied it.,"Haut fühlt sich weich an, nicht nur direkt nach Auftragen.",https://www.reddit.com/r/45PlusSkincare/comments/1ufeafm/crepey_skin_on_hands/otxzpvk/,https://www.reddit.com/r/45PlusSkincare/comments/1ufeafm/crepey_skin_on_hands/,C030,r/45PlusSkincare,reply,soft_smooth_desire;lotion_temporary,medium,Dauerhafte vs. momentane Weichheit.,,hands,
A0849,Skepticism,no one is noticing the backs of your hands except you,Niemand sieht deine Handrücken außer dir.,https://www.reddit.com/r/45PlusSkincare/comments/1ufeafm/crepey_skin_on_hands/otr92nk/,https://www.reddit.com/r/45PlusSkincare/comments/1ufeafm/crepey_skin_on_hands/,C030,r/45PlusSkincare,reply,acceptance_aging,medium,Selbstberuhigung.,,hands,
A0850,Exact phrases / metaphors / repeated wording,how did my mother's hands get here?,Wie kamen die Hände meiner Mutter hierher?,https://www.reddit.com/r/45PlusSkincare/comments/1ufeafm/crepey_skin_on_hands/otr92nk/,https://www.reddit.com/r/45PlusSkincare/comments/1ufeafm/crepey_skin_on_hands/,C030,r/45PlusSkincare,reply,mothers_skin;crepey_hands,medium,"""mother's hands"" Metapher.",,hands,
