ad_id,source,page_name,brand/domain,status,start_date,days_running,variant_count,format,hook,headline,body_excerpt,angle,desire,problem_framing,mechanism,promise_claim,awareness_level,big_idea,story_structure,cta_offer,visual_pattern,landing_url,landing_page_pattern,evidence_strength,notes
4208470512761373,"Meta Ad Library (US, public, logged-out)",Ageless Glow Today,Evora Body / evorabody.com,listed active but last delivery 2026-09-21 (likely paused/stopped),2026-07-13,70,1 (library 'ads use this creative'); concept IDs in sample: 3 across 2 page(s),VIDEO,Let's be honest — most body firming lotion and creams don't actually work.,Why most body lotions & creams don't work,"Let's be honest — most body firming lotion and creams don't actually work.
⠀
The reason: they're 70 to 80 percent water. They sit on the surface, evaporate within an hour, and never reach the deeper layer where firmness actually lives.
⠀
That's why women are switching to Evora Botanical Body Oil.
⠀
A French-inspired fo [...]",Mechanism-led problem/solution,Finally something that works on crepey arms/papery chest/hands,"'most body firming lotion and creams don't actually work' — 70-80% water, evaporate, never reach deeper layer","Water-based creams/lotions evaporate & sit on surface; oil melts through the lipid barrier to 'the layer where crepey skin starts'; six cold-pressed oils replace lipids skin 'stopped making' after 50/menopause; named oils: Wakame Algae, Brazil Nut, Passionflower Seed, Rice Bran (+ argan, vitamin E)",Results by week six / 'two minutes a day'; full refund if no change,Problem-aware / solution-aware,Lotions are mostly water — an oil that matches the skin's lipid barrier reaches where creams can't,"Short direct-response (≈400-1,500 chars): call-out/question → reason-why → named ingredients → bullets → guarantee",CTA button: Shop now | link description: 90 Day Money Back Guarantee,[VIDEO] This ad not viewed. Concept examples viewed: Image viewed for 1934644087249957: 'NATURAL BOTOX IN A BOTTLE?' product-callout graphic (Smooths crepey skin / Rebuilds the lipid barrier / Firmer arms / Trusted by thousands of women over 50 / Absorbs in seconds / Developed by dermatologists / 'NOW 50% OFF'); 1808170097172717 video thumb: stylised blue woman reading letter 'To every Evora customer',https://evorabody.com/products/botanical-body-oil,"Shopify PDP: 'Botanical Body Oil™' $49.00 (compare $69.00); 'WAREHOUSE CLEARANCE: UP TO 50% OFF'; 1/2/3-bottle tiers $49 / $39 / $34 per bottle; subscription pre-selected ('Refill Ships in 30 Days') with 'BUY ONCE - NO SAVINGS →' link; '89% sold' scarcity bar; 90-Day Money-Back Guarantee; (1,560) reviews, 'Isabelle and 50.000+ others purchased'; mechanism block (oil 'melts directly through the skin's lipid barrier'); 6 hero ingredients + full INCI; Day 1 → Week 8-12 results timeline; 'Why Evora? vs Others' table; FAQ (raw/landing/evora_pdp.txt)",HIGH-historical (now stopped; last delivery 2026-09-21): longevity 70d; cross-page (2 pages) [concept: 3 IDs / 2 page(s) / collation sum 3 in our sample],Persona/advertorial page linking to evorabody.com | days_since_start_asof_2026-10-03=82; surfaced by: kw_evorabody_pre2026-08.jsonl
1076748835007888,"Meta Ad Library (US, public, logged-out)",Ageless Glow Today,Evora Body / evorabody.com,ACTIVE (library end_date 2026-10-03 = still delivering),2026-08-22,42,2 (library 'ads use this creative'); concept IDs in sample: 41 across 3 page(s),VIDEO,THIS is what Oil does for your skin…,Here’s What Actually Works…,THIS is what Oil does for your skin…,"Story-video shell (one caption, many different videos)","Varies by video: insider luxury secret, life-event transformation",In video (not in text),In video (not in text),Body text only: 'THIS is what Oil does for your skin…',"Unaware → problem-aware (story-first, product late)",Short-form story reels with the oil as the twist; same headline/caption used as a testing wrapper for many videos,Video story; text is a 7-word curiosity caption,CTA button: Shop now,"[VIDEO] This ad not viewed. Concept examples viewed: 9:16 video. Thumbnails viewed for 12 IDs: (a) AI-generated cinematic story scenes with burned-in captions ('Three years inside', 'My son got married in June,', 'My ex-husband', 'Every August for nineteen years,', a stylised blue-skinned woman reading a letter 'To every Evora customer'); (b) green-screen grey-haired female narrator over luxury-location photos with yellow/white caption ('I stayed at the Burj Al Arab in Dubai', 'The richest family in American history', 'The family I nanny for has eight crew on their boat')",https://evorabody.com/products/botanical-body-oil,"Shopify PDP: 'Botanical Body Oil™' $49.00 (compare $69.00); 'WAREHOUSE CLEARANCE: UP TO 50% OFF'; 1/2/3-bottle tiers $49 / $39 / $34 per bottle; subscription pre-selected ('Refill Ships in 30 Days') with 'BUY ONCE - NO SAVINGS →' link; '89% sold' scarcity bar; 90-Day Money-Back Guarantee; (1,560) reviews, 'Isabelle and 50.000+ others purchased'; mechanism block (oil 'melts directly through the skin's lipid barrier'); 6 hero ingredients + full INCI; Day 1 → Week 8-12 results timeline; 'Why Evora? vs Others' table; FAQ (raw/landing/evora_pdp.txt)",MEDIUM: concept replicated in 41 ad IDs; cross-page (3 pages); still live [concept: 41 IDs / 3 page(s) / collation sum 91 in our sample],"Persona/advertorial page linking to evorabody.com | days_since_start_asof_2026-10-03=42; surfaced by: ageless_glow_today_page_all.jsonl, meta_kw_evorabody.jsonl"
939147652561504,"Meta Ad Library (US, public, logged-out)",Ageless Glow Today,Evora Body / evorabody.com,ACTIVE (library end_date 2026-10-03 = still delivering),2026-08-22,42,1 (library 'ads use this creative'); concept IDs in sample: 41 across 3 page(s),VIDEO,THIS is what Oil does for your skin…,Here’s What Actually Works…,THIS is what Oil does for your skin…,"Story-video shell (one caption, many different videos)","Varies by video: insider luxury secret, life-event transformation",In video (not in text),In video (not in text),Body text only: 'THIS is what Oil does for your skin…',"Unaware → problem-aware (story-first, product late)",Short-form story reels with the oil as the twist; same headline/caption used as a testing wrapper for many videos,Video story; text is a 7-word curiosity caption,CTA button: Shop now,"[VIDEO] This ad not viewed. Concept examples viewed: 9:16 video. Thumbnails viewed for 12 IDs: (a) AI-generated cinematic story scenes with burned-in captions ('Three years inside', 'My son got married in June,', 'My ex-husband', 'Every August for nineteen years,', a stylised blue-skinned woman reading a letter 'To every Evora customer'); (b) green-screen grey-haired female narrator over luxury-location photos with yellow/white caption ('I stayed at the Burj Al Arab in Dubai', 'The richest family in American history', 'The family I nanny for has eight crew on their boat')",https://evorabody.com/products/botanical-body-oil,"Shopify PDP: 'Botanical Body Oil™' $49.00 (compare $69.00); 'WAREHOUSE CLEARANCE: UP TO 50% OFF'; 1/2/3-bottle tiers $49 / $39 / $34 per bottle; subscription pre-selected ('Refill Ships in 30 Days') with 'BUY ONCE - NO SAVINGS →' link; '89% sold' scarcity bar; 90-Day Money-Back Guarantee; (1,560) reviews, 'Isabelle and 50.000+ others purchased'; mechanism block (oil 'melts directly through the skin's lipid barrier'); 6 hero ingredients + full INCI; Day 1 → Week 8-12 results timeline; 'Why Evora? vs Others' table; FAQ (raw/landing/evora_pdp.txt)",MEDIUM: concept replicated in 41 ad IDs; cross-page (3 pages); still live [concept: 41 IDs / 3 page(s) / collation sum 91 in our sample],Persona/advertorial page linking to evorabody.com | days_since_start_asof_2026-10-03=42; surfaced by: ageless_glow_today_page_all.jsonl
1597949738502392,"Meta Ad Library (US, public, logged-out)",Ageless Glow Today,Evora Body / evorabody.com,ACTIVE (library end_date 2026-10-03 = still delivering),2026-09-13,20,1 (library 'ads use this creative'); concept IDs in sample: 4 across 1 page(s),IMAGE,"Probablemente me van a correr por publicar esto. Pero después de tres años trabajando como niñera para una de las familias más ricas de Nueva York, ya ni me importa.",El secreto dentro de la casa de una familia rica,"Probablemente me van a correr por publicar esto. Pero después de tres años trabajando como niñera para una de las familias más ricas de Nueva York, ya ni me importa.
⠀
Porque hay exactamente una cosa en esa casa que vale la pena conocer. Y cuesta como cuarenta dólares.
⠀
Déjame contarte bien desde el principio.
⠀
Tengo [...]",Wealthy-household insider confession,"Have what rich, ageless women secretly use — for ~$40",Narrator (56-64) has thin/papery/crepey arms; rich employer at 70+ has 'arms of a woman twenty years younger',Water-based creams/lotions evaporate & sit on surface; oil melts through the lipid barrier to 'the layer where crepey skin starts'; six cold-pressed oils replace lipids skin 'stopped making' after 50/menopause (revealed mid-story),"Arms/skin like the wealthy woman's; 'Say goodbye to crepey, saggy & dry skin... results in 3–4 weeks — or get your money back' (link description)",Unaware → problem-aware (curiosity entry; product revealed late),"Among all the luxury in a billionaire's home, the one thing worth copying is a ~$40 amber pump bottle of body oil",Long-form first-person advertorial (8-11k chars): forbidden-confession opener ('I'm going to lose this job / get fired for posting this') → 'Let me rewind' → narrator age & job → luxury inventory with dollar figures → minimalist bathroom shelf (one amber pump bottle) → narrator tries it → spouse/others notice → mechanism → offer,"CTA button: Shop now | link description: Dile adiós a la piel crepé, flácida y seca. Este aceite corporal botánico devuelve visiblemente la firmeza y la suavidad en solo 2 minutos al día. Resultados reales en 3–4 semanas — o te devolvemos tu dinero.","[IMAGE] This ad not viewed. Concept examples viewed: Image viewed for 1476760844282623: people jumping off a superyacht; 1021976634228403: selfie-style narrator inset over first-class cabin with kids, caption 'I'm a nanny for a family in New York' — native/UGC, product not shown",https://evorabody.com/es/products/botanical-body-oil-es,Spanish-language PDP variant (not rendered),LOW: still live [concept: 4 IDs / 1 page(s) / collation sum 4 in our sample],Spanish-language variant for US Hispanic audience | Persona/advertorial page linking to evorabody.com | days_since_start_asof_2026-10-03=20; surfaced by: ageless_glow_today_page_all.jsonl
1412098424438636,"Meta Ad Library (US, public, logged-out)",Ageless Glow Today,Evora Body / evorabody.com,ACTIVE (library end_date 2026-10-03 = still delivering),2026-09-24,9,2 (library 'ads use this creative'); concept IDs in sample: 2 across 1 page(s),VIDEO,ESTO es lo que el aceite hace por tu piel…,Lo que sí funciona…,ESTO es lo que el aceite hace por tu piel…,"Story-video shell (one caption, many different videos)","Varies by video: insider luxury secret, life-event transformation",In video (not in text),In video (not in text),Body text only: 'THIS is what Oil does for your skin…',"Unaware → problem-aware (story-first, product late)",Short-form story reels with the oil as the twist; same headline/caption used as a testing wrapper for many videos,Video story; text is a 7-word curiosity caption,CTA button: Shop now,"[VIDEO] This ad not viewed. Concept examples viewed: 9:16 video. Thumbnails viewed for 12 IDs: (a) AI-generated cinematic story scenes with burned-in captions ('Three years inside', 'My son got married in June,', 'My ex-husband', 'Every August for nineteen years,', a stylised blue-skinned woman reading a letter 'To every Evora customer'); (b) green-screen grey-haired female narrator over luxury-location photos with yellow/white caption ('I stayed at the Burj Al Arab in Dubai', 'The richest family in American history', 'The family I nanny for has eight crew on their boat')",https://es.evorabody.com/products/botanical-body-oil-es,Spanish-language PDP variant (not rendered),LOW: still live [concept: 2 IDs / 1 page(s) / collation sum 3 in our sample],"Spanish-language variant for US Hispanic audience | Persona/advertorial page linking to evorabody.com | days_since_start_asof_2026-10-03=9; surfaced by: ageless_glow_today_page_all.jsonl, meta_kw_evorabody.jsonl"
1325861246153422,"Meta Ad Library (US, public, logged-out)",Ageless Glow Today,Evora Body / evorabody.com,ACTIVE (library end_date 2026-10-03 = still delivering),2026-09-25,8,1 (library 'ads use this creative'); concept IDs in sample: 2 across 2 page(s),VIDEO,The richest family in American history built a house with 43 bathrooms. I've been giving tours of it for four years.,"The ""weird"" thing in all 43 Biltmore bathrooms","The richest family in American history built a house with 43 bathrooms. I've been giving tours of it for four years.
⠀
And there's exactly one thing in those bathrooms worth knowing about. Today it costs about forty dollars.
⠀
I'm 58. I give tours of the Biltmore eight times a day.
⠀
Then a ten-year-old on my tour look [...]",Historical-luxury artefact / 'what the richest family used',Use the same thing the Vanderbilts/first-class Titanic passengers used,Modern watery lotions vs. old-world oil rituals; narrator's thin arms,Pre-lotion era used oil after the bath; oil vs water-based lotion (Water-based creams/lotions evaporate & sit on surface; oil melts through the lipid barrier to 'the layer where crepey skin starts'; six cold-pressed oils replace lipids skin 'stopped making' after 50/menopause),Arms better than hers at 81 ('She answered her door in short sleeves'); ~$40 today,Unaware,The richest women in history oiled their skin after the bath — one bottle today feels exactly like it,"First-person tour-guide / history-teacher narrative → historical luxury facts (43 bathrooms, Titanic auction) → question 'what did they put on their skin?' → lady's-maid descendant / artefact → Evora",CTA button: Shop now,"[VIDEO] This ad not viewed. Concept examples viewed: Image viewed for 1117655404344095: Biltmore Estate exterior photo (native, no product); 1450059447266329 thumbnail downloaded (not inspected in sheet)",https://evorabody.com/products/botanical-body-oil,"Shopify PDP: 'Botanical Body Oil™' $49.00 (compare $69.00); 'WAREHOUSE CLEARANCE: UP TO 50% OFF'; 1/2/3-bottle tiers $49 / $39 / $34 per bottle; subscription pre-selected ('Refill Ships in 30 Days') with 'BUY ONCE - NO SAVINGS →' link; '89% sold' scarcity bar; 90-Day Money-Back Guarantee; (1,560) reviews, 'Isabelle and 50.000+ others purchased'; mechanism block (oil 'melts directly through the skin's lipid barrier'); 6 hero ingredients + full INCI; Day 1 → Week 8-12 results timeline; 'Why Evora? vs Others' table; FAQ (raw/landing/evora_pdp.txt)",MEDIUM: cross-page (2 pages); still live [concept: 2 IDs / 2 page(s) / collation sum 2 in our sample],Persona/advertorial page linking to evorabody.com | days_since_start_asof_2026-10-03=8; surfaced by: ageless_glow_today_page_all.jsonl
951974464016307,"Meta Ad Library (US, public, logged-out)",Ageless Glow Today,Evora Body / evorabody.com,ACTIVE (library end_date 2026-10-03 = still delivering),2026-09-26,7,5 (library 'ads use this creative'); concept IDs in sample: 18 across 3 page(s),VIDEO,Evora Botanical Body Oil — 50% off until midnight tonight.,Try Evora risk-free for 90 days,"Evora Botanical Body Oil — 50% off until midnight tonight.
⠀
The cold-pressed body oil women are switching to:
⠀
✔ Six cold-pressed botanicals
✔ Two minutes a day after the shower
✔ Velvety, not greasy
✔ 50,000+ happy customers
⠀
50% off ends at midnight.
⠀
Tap below before it's gone → https://evorabody.com/products/bo [...]",Direct offer / risk reversal,Get the oil at half price without risk,None (offer-only),"Light: 'Six cold-pressed botanicals', 'Velvety, not greasy'","'50% off until midnight tonight', 90-day risk-free, '50,000+ happy customers'",Most-aware (retargeting-style),Midnight deadline 50% off + 90-day risk-free trial,No story — bullet list + deadline,CTA button: Shop now | link description: 50% off till midnight,[VIDEO] This ad not viewed. Concept examples viewed: Image viewed for 1361129475914444: 'Almost sold out… Restock in 2 months' — cartoon bottle mascot running ahead of a crowd of women,https://evorabody.com/products/botanical-body-oil,"Shopify PDP: 'Botanical Body Oil™' $49.00 (compare $69.00); 'WAREHOUSE CLEARANCE: UP TO 50% OFF'; 1/2/3-bottle tiers $49 / $39 / $34 per bottle; subscription pre-selected ('Refill Ships in 30 Days') with 'BUY ONCE - NO SAVINGS →' link; '89% sold' scarcity bar; 90-Day Money-Back Guarantee; (1,560) reviews, 'Isabelle and 50.000+ others purchased'; mechanism block (oil 'melts directly through the skin's lipid barrier'); 6 hero ingredients + full INCI; Day 1 → Week 8-12 results timeline; 'Why Evora? vs Others' table; FAQ (raw/landing/evora_pdp.txt)",HIGH (concept-level; this ad ID is <60d): concept replicated in 18 ad IDs; cross-page (3 pages); 5 ads use this creative; still live [concept: 18 IDs / 3 page(s) / collation sum 32 in our sample],Persona/advertorial page linking to evorabody.com | days_since_start_asof_2026-10-03=7; surfaced by: ageless_glow_today_page_all.jsonl
1832900801401172,"Meta Ad Library (US, public, logged-out)",Ageless Glow Today,Evora Body / evorabody.com,ACTIVE (library end_date 2026-10-03 = still delivering),2026-09-26,7,6 (library 'ads use this creative'); concept IDs in sample: 41 across 3 page(s),VIDEO,THIS is what Oil does for your skin…,Here’s What Actually Works…,THIS is what Oil does for your skin…,"Story-video shell (one caption, many different videos)","Varies by video: insider luxury secret, life-event transformation",In video (not in text),In video (not in text),Body text only: 'THIS is what Oil does for your skin…',"Unaware → problem-aware (story-first, product late)",Short-form story reels with the oil as the twist; same headline/caption used as a testing wrapper for many videos,Video story; text is a 7-word curiosity caption,CTA button: Shop now,"[VIDEO] thumbnail downloaded (thumbs/1832900801401172.jpg) but not individually described. Concept examples: 9:16 video. Thumbnails viewed for 12 IDs: (a) AI-generated cinematic story scenes with burned-in captions ('Three years inside', 'My son got married in June,', 'My ex-husband', 'Every August for nineteen years,', a stylised blue-skinned woman reading a letter 'To every Evora customer'); (b) green-screen grey-haired female narrator over luxury-location photos with yellow/white caption ('I stayed at the Burj Al Arab in Dubai', 'The richest family in American history', 'The family I nanny for has eight crew on their boat')",https://evorabody.com/products/botanical-body-oil,"Shopify PDP: 'Botanical Body Oil™' $49.00 (compare $69.00); 'WAREHOUSE CLEARANCE: UP TO 50% OFF'; 1/2/3-bottle tiers $49 / $39 / $34 per bottle; subscription pre-selected ('Refill Ships in 30 Days') with 'BUY ONCE - NO SAVINGS →' link; '89% sold' scarcity bar; 90-Day Money-Back Guarantee; (1,560) reviews, 'Isabelle and 50.000+ others purchased'; mechanism block (oil 'melts directly through the skin's lipid barrier'); 6 hero ingredients + full INCI; Day 1 → Week 8-12 results timeline; 'Why Evora? vs Others' table; FAQ (raw/landing/evora_pdp.txt)",HIGH (concept-level; this ad ID is <60d): concept replicated in 41 ad IDs; cross-page (3 pages); 6 ads use this creative; still live [concept: 41 IDs / 3 page(s) / collation sum 91 in our sample],Persona/advertorial page linking to evorabody.com | days_since_start_asof_2026-10-03=7; surfaced by: ageless_glow_today_page_all.jsonl
2356767951823146,"Meta Ad Library (US, public, logged-out)",Ageless Glow Today,Evora Body / evorabody.com,ACTIVE (library end_date 2026-10-03 = still delivering),2026-09-28,5,1 (library 'ads use this creative'); concept IDs in sample: 2 across 2 page(s),IMAGE,"Crepey arms, papery skin, hands that look a decade older?",Most body lotions & creams don't absorb. This Oil can.,"Crepey arms, papery skin, hands that look a decade older?
⠀
Introducing Evora Botanical Body Oil — a cold-pressed six-oil formula that replaces what your skin stopped making after 50.
⠀
✨ Softens crepey texture on arms and elbows
✨ Rebuilds papery skin across the chest
✨ Restores the hands that stopped looking like you [...]",Mechanism-led problem/solution,Finally something that works on crepey arms/papery chest/hands,"'most body firming lotion and creams don't actually work' — 70-80% water, evaporate, never reach deeper layer","Water-based creams/lotions evaporate & sit on surface; oil melts through the lipid barrier to 'the layer where crepey skin starts'; six cold-pressed oils replace lipids skin 'stopped making' after 50/menopause; named oils: Wakame Algae, Brazil Nut, Passionflower Seed, Rice Bran (+ argan, vitamin E)",Results by week six / 'two minutes a day'; full refund if no change,Problem-aware / solution-aware,Lotions are mostly water — an oil that matches the skin's lipid barrier reaches where creams can't,"Short direct-response (≈400-1,500 chars): call-out/question → reason-why → named ingredients → bullets → guarantee",CTA button: Shop now | link description: 90 Day Money Back Guarantee,[IMAGE] This ad not viewed. Concept examples viewed: Image viewed for 1934644087249957: 'NATURAL BOTOX IN A BOTTLE?' product-callout graphic (Smooths crepey skin / Rebuilds the lipid barrier / Firmer arms / Trusted by thousands of women over 50 / Absorbs in seconds / Developed by dermatologists / 'NOW 50% OFF'); 1808170097172717 video thumb: stylised blue woman reading letter 'To every Evora customer',https://evorabody.com/products/botanical-body-oil,"Shopify PDP: 'Botanical Body Oil™' $49.00 (compare $69.00); 'WAREHOUSE CLEARANCE: UP TO 50% OFF'; 1/2/3-bottle tiers $49 / $39 / $34 per bottle; subscription pre-selected ('Refill Ships in 30 Days') with 'BUY ONCE - NO SAVINGS →' link; '89% sold' scarcity bar; 90-Day Money-Back Guarantee; (1,560) reviews, 'Isabelle and 50.000+ others purchased'; mechanism block (oil 'melts directly through the skin's lipid barrier'); 6 hero ingredients + full INCI; Day 1 → Week 8-12 results timeline; 'Why Evora? vs Others' table; FAQ (raw/landing/evora_pdp.txt)",MEDIUM: cross-page (2 pages); still live [concept: 2 IDs / 2 page(s) / collation sum 2 in our sample],Persona/advertorial page linking to evorabody.com | days_since_start_asof_2026-10-03=5; surfaced by: ageless_glow_today_page_all.jsonl
2232516884207916,"Meta Ad Library (US, public, logged-out)",Daily Discounts,Evora Body / evorabody.com,ACTIVE (library end_date 2026-10-03 = still delivering),2026-08-26,38,6 (library 'ads use this creative'); concept IDs in sample: 44 across 2 page(s),VIDEO,"LIVE UPDATE: Stock dropping faster than we can count. The body oil that went viral for actually reaching where lotions never could is causing checkout chaos right now. 83% of this batch sold in the last 90 minutes. If you've been ""watching"" or ""researching"" — this is your moment. Everyone who hesitated yesterday is scrambling today. Don't be the one refreshing for restock notifications next week.",437 Orders in Last Hour — Almost gone,"LIVE UPDATE: Stock dropping faster than we can count. The body oil that went viral for actually reaching where lotions never could is causing checkout chaos right now. 83% of this batch sold in the last 90 minutes. If you've been ""watching"" or ""researching"" — this is your moment. Everyone who hesitated yesterday is scr [...]",Scarcity / viral-demand 'live update',Not miss out on the product other women are rushing to buy,Implicit: 'reaching where lotions never could' (lotions fail),Only implied ('actually reaching where lotions never could'),None explicit beyond virality; guarantee in link description,Product-aware / most-aware (assumes prior 'watching or researching'),Live stock-drop bulletin: the viral body oil is selling out right now,No story — breaking-news/'LIVE UPDATE' format with fabricated-looking urgency stats ('83% of this batch sold in the last 90 minutes'),CTA button: Shop now | link description: 90 Day Money Back Guarantee,[VIDEO] This ad not viewed. Concept examples viewed: Image viewed for 4075847312708860: product line-up + headline 'EVORA SENIOR SALE – ENDS MIDNIGHT' and '50% OFF SITEWIDE + EXTRA 12% WITH CODE SENIOR62' (creative content differs from copy); other variants not viewed,https://evorabody.com/products/botanical-body-oil,"Shopify PDP: 'Botanical Body Oil™' $49.00 (compare $69.00); 'WAREHOUSE CLEARANCE: UP TO 50% OFF'; 1/2/3-bottle tiers $49 / $39 / $34 per bottle; subscription pre-selected ('Refill Ships in 30 Days') with 'BUY ONCE - NO SAVINGS →' link; '89% sold' scarcity bar; 90-Day Money-Back Guarantee; (1,560) reviews, 'Isabelle and 50.000+ others purchased'; mechanism block (oil 'melts directly through the skin's lipid barrier'); 6 hero ingredients + full INCI; Day 1 → Week 8-12 results timeline; 'Why Evora? vs Others' table; FAQ (raw/landing/evora_pdp.txt)",HIGH (concept-level; this ad ID is <60d): concept replicated in 44 ad IDs; cross-page (2 pages); 6 ads use this creative; still live [concept: 44 IDs / 2 page(s) / collation sum 66 in our sample],"Persona/advertorial page linking to evorabody.com | days_since_start_asof_2026-10-03=38; surfaced by: daily_discounts_page_all.jsonl, meta_kw_evorabody.jsonl"
1054293097231172,"Meta Ad Library (US, public, logged-out)",Daily Discounts,Evora Body / evorabody.com,ACTIVE (library end_date 2026-10-03 = still delivering),2026-09-07,26,1 (library 'ads use this creative'); concept IDs in sample: 18 across 3 page(s),VIDEO,Evora Botanical Body Oil — 50% off until midnight tonight.,Try Evora risk-free for 90 days,"Evora Botanical Body Oil — 50% off until midnight tonight.
⠀
The cold-pressed body oil women are switching to:
⠀
✔ Six cold-pressed botanicals
✔ Two minutes a day after the shower
✔ Velvety, not greasy
✔ 50,000+ happy customers
⠀
50% off ends at midnight.
⠀
Tap below before it's gone → https://evorabody.com/products/bo [...]",Direct offer / risk reversal,Get the oil at half price without risk,None (offer-only),"Light: 'Six cold-pressed botanicals', 'Velvety, not greasy'","'50% off until midnight tonight', 90-day risk-free, '50,000+ happy customers'",Most-aware (retargeting-style),Midnight deadline 50% off + 90-day risk-free trial,No story — bullet list + deadline,CTA button: Shop now | link description: 50% off till midnight,[VIDEO] This ad not viewed. Concept examples viewed: Image viewed for 1361129475914444: 'Almost sold out… Restock in 2 months' — cartoon bottle mascot running ahead of a crowd of women,https://evorabody.com/products/botanical-body-oil,"Shopify PDP: 'Botanical Body Oil™' $49.00 (compare $69.00); 'WAREHOUSE CLEARANCE: UP TO 50% OFF'; 1/2/3-bottle tiers $49 / $39 / $34 per bottle; subscription pre-selected ('Refill Ships in 30 Days') with 'BUY ONCE - NO SAVINGS →' link; '89% sold' scarcity bar; 90-Day Money-Back Guarantee; (1,560) reviews, 'Isabelle and 50.000+ others purchased'; mechanism block (oil 'melts directly through the skin's lipid barrier'); 6 hero ingredients + full INCI; Day 1 → Week 8-12 results timeline; 'Why Evora? vs Others' table; FAQ (raw/landing/evora_pdp.txt)",MEDIUM: concept replicated in 18 ad IDs; cross-page (3 pages); still live [concept: 18 IDs / 3 page(s) / collation sum 32 in our sample],Persona/advertorial page linking to evorabody.com | days_since_start_asof_2026-10-03=26; surfaced by: daily_discounts_page_all.jsonl
933885069780904,"Meta Ad Library (US, public, logged-out)",Daily Discounts,Evora Body / evorabody.com,ACTIVE (library end_date 2026-10-03 = still delivering),2026-09-12,21,3 (library 'ads use this creative'); concept IDs in sample: 9 across 4 page(s),VIDEO,You said: “I want Evora… but I can’t afford it.”,I Paid Full Price — Now It’s On Sale 😭,"You said: “I want Evora… but I can’t afford it.”
⠀
We heard you.
⠀
For Labor Day, get 50% OFF automatically + an extra 14% OFF with code LABOR64 — that’s 64% in total.
⠀
✨ Visibly smoother skin you can actually see
✨ Pure ingredients that make a difference
✨ 90-day money-back guarantee
⠀
Stock is moving fast.
⠀
👉 https [...]",Sale announcement disguised as customer regret,Get it cheaper ('64% in total'),'I want Evora… but I can't afford it.' (price objection),Light: 'six oils... replace a lipid your skin stopped making after menopause' in some variants,Visibly smoother skin; 90-day MBG,Most-aware,Holiday sale (Labor Day 50% + code LABOR64) framed as 'I paid full price — now it's on sale 😭',Short: objection quote → 'We heard you' → stacked discount → bullets → link,CTA button: Shop now,[VIDEO] THIS AD VIEWED. Image thumbnail for 933885069780904 downloaded; not inspected,https://evorabody.com/products/botanical-body-oil,"Shopify PDP: 'Botanical Body Oil™' $49.00 (compare $69.00); 'WAREHOUSE CLEARANCE: UP TO 50% OFF'; 1/2/3-bottle tiers $49 / $39 / $34 per bottle; subscription pre-selected ('Refill Ships in 30 Days') with 'BUY ONCE - NO SAVINGS →' link; '89% sold' scarcity bar; 90-Day Money-Back Guarantee; (1,560) reviews, 'Isabelle and 50.000+ others purchased'; mechanism block (oil 'melts directly through the skin's lipid barrier'); 6 hero ingredients + full INCI; Day 1 → Week 8-12 results timeline; 'Why Evora? vs Others' table; FAQ (raw/landing/evora_pdp.txt)",MEDIUM: cross-page (4 pages); 3 ads use this creative; still live [concept: 9 IDs / 4 page(s) / collation sum 11 in our sample],Persona/advertorial page linking to evorabody.com | days_since_start_asof_2026-10-03=21; surfaced by: daily_discounts_page_all.jsonl
1094353849622035,"Meta Ad Library (US, public, logged-out)",Daily Discounts,Evora Body / evorabody.com,ACTIVE (library end_date 2026-10-03 = still delivering),2026-09-21,12,5 (library 'ads use this creative'); concept IDs in sample: 18 across 3 page(s),VIDEO,Evora Botanical Body Oil — 50% off until midnight tonight.,Try Evora risk-free for 90 days,"Evora Botanical Body Oil — 50% off until midnight tonight.
⠀
The cold-pressed body oil women are switching to:
⠀
✔ Six cold-pressed botanicals
✔ Two minutes a day after the shower
✔ Velvety, not greasy
✔ 50,000+ happy customers
⠀
50% off ends at midnight.
⠀
Tap below before it's gone → https://evorabody.com/products/bo [...]",Direct offer / risk reversal,Get the oil at half price without risk,None (offer-only),"Light: 'Six cold-pressed botanicals', 'Velvety, not greasy'","'50% off until midnight tonight', 90-day risk-free, '50,000+ happy customers'",Most-aware (retargeting-style),Midnight deadline 50% off + 90-day risk-free trial,No story — bullet list + deadline,CTA button: Shop now | link description: 50% off till midnight,[VIDEO] This ad not viewed. Concept examples viewed: Image viewed for 1361129475914444: 'Almost sold out… Restock in 2 months' — cartoon bottle mascot running ahead of a crowd of women,https://evorabody.com/products/botanical-body-oil,"Shopify PDP: 'Botanical Body Oil™' $49.00 (compare $69.00); 'WAREHOUSE CLEARANCE: UP TO 50% OFF'; 1/2/3-bottle tiers $49 / $39 / $34 per bottle; subscription pre-selected ('Refill Ships in 30 Days') with 'BUY ONCE - NO SAVINGS →' link; '89% sold' scarcity bar; 90-Day Money-Back Guarantee; (1,560) reviews, 'Isabelle and 50.000+ others purchased'; mechanism block (oil 'melts directly through the skin's lipid barrier'); 6 hero ingredients + full INCI; Day 1 → Week 8-12 results timeline; 'Why Evora? vs Others' table; FAQ (raw/landing/evora_pdp.txt)",HIGH (concept-level; this ad ID is <60d): concept replicated in 18 ad IDs; cross-page (3 pages); 5 ads use this creative; still live [concept: 18 IDs / 3 page(s) / collation sum 32 in our sample],Persona/advertorial page linking to evorabody.com | days_since_start_asof_2026-10-03=12; surfaced by: daily_discounts_page_all.jsonl
3602532919897313,"Meta Ad Library (US, public, logged-out)",Daily Discounts,Evora Body / evorabody.com,ACTIVE (library end_date 2026-10-03 = still delivering),2026-09-23,10,5 (library 'ads use this creative'); concept IDs in sample: 44 across 2 page(s),VIDEO,LIVE UPDATE: Stock dropping faster than we can count.,437 Orders in Last Hour — Almost gone,"LIVE UPDATE: Stock dropping faster than we can count.
⠀
The body oil that went viral for actually reaching where lotions never could is causing checkout chaos right now.
⠀
83% of this batch sold in the last 90 minutes.
⠀
If you’ve been ""watching"" or ""researching"" — this is your moment.
⠀
Everyone who hesitated yesterda [...]",Scarcity / viral-demand 'live update',Not miss out on the product other women are rushing to buy,Implicit: 'reaching where lotions never could' (lotions fail),Only implied ('actually reaching where lotions never could'),None explicit beyond virality; guarantee in link description,Product-aware / most-aware (assumes prior 'watching or researching'),Live stock-drop bulletin: the viral body oil is selling out right now,No story — breaking-news/'LIVE UPDATE' format with fabricated-looking urgency stats ('83% of this batch sold in the last 90 minutes'),CTA button: Shop now | link description: 90 Day Money Back Guarantee,[VIDEO] This ad not viewed. Concept examples viewed: Image viewed for 4075847312708860: product line-up + headline 'EVORA SENIOR SALE – ENDS MIDNIGHT' and '50% OFF SITEWIDE + EXTRA 12% WITH CODE SENIOR62' (creative content differs from copy); other variants not viewed,https://evorabody.com/products/botanical-body-oil,"Shopify PDP: 'Botanical Body Oil™' $49.00 (compare $69.00); 'WAREHOUSE CLEARANCE: UP TO 50% OFF'; 1/2/3-bottle tiers $49 / $39 / $34 per bottle; subscription pre-selected ('Refill Ships in 30 Days') with 'BUY ONCE - NO SAVINGS →' link; '89% sold' scarcity bar; 90-Day Money-Back Guarantee; (1,560) reviews, 'Isabelle and 50.000+ others purchased'; mechanism block (oil 'melts directly through the skin's lipid barrier'); 6 hero ingredients + full INCI; Day 1 → Week 8-12 results timeline; 'Why Evora? vs Others' table; FAQ (raw/landing/evora_pdp.txt)",HIGH (concept-level; this ad ID is <60d): concept replicated in 44 ad IDs; cross-page (2 pages); 5 ads use this creative; still live [concept: 44 IDs / 2 page(s) / collation sum 66 in our sample],Persona/advertorial page linking to evorabody.com | days_since_start_asof_2026-10-03=10; surfaced by: daily_discounts_page_all.jsonl
2172632513687171,"Meta Ad Library (US, public, logged-out)",Daily Discounts,Evora Body / evorabody.com,ACTIVE (library end_date 2026-10-03 = still delivering),2026-09-23,10,4 (library 'ads use this creative'); concept IDs in sample: 44 across 2 page(s),VIDEO,LIVE UPDATE: Stock dropping faster than we can count.,437 Orders in Last Hour — Almost gone,"LIVE UPDATE: Stock dropping faster than we can count.
⠀
The body oil that went viral for actually reaching where lotions never could is causing checkout chaos right now.
⠀
83% of this batch sold in the last 90 minutes.
⠀
If you’ve been ""watching"" or ""researching"" — this is your moment.
⠀
Everyone who hesitated yesterda [...]",Scarcity / viral-demand 'live update',Not miss out on the product other women are rushing to buy,Implicit: 'reaching where lotions never could' (lotions fail),Only implied ('actually reaching where lotions never could'),None explicit beyond virality; guarantee in link description,Product-aware / most-aware (assumes prior 'watching or researching'),Live stock-drop bulletin: the viral body oil is selling out right now,No story — breaking-news/'LIVE UPDATE' format with fabricated-looking urgency stats ('83% of this batch sold in the last 90 minutes'),CTA button: Shop now | link description: 90 Day Money Back Guarantee,[VIDEO] This ad not viewed. Concept examples viewed: Image viewed for 4075847312708860: product line-up + headline 'EVORA SENIOR SALE – ENDS MIDNIGHT' and '50% OFF SITEWIDE + EXTRA 12% WITH CODE SENIOR62' (creative content differs from copy); other variants not viewed,https://evorabody.com/products/botanical-body-oil,"Shopify PDP: 'Botanical Body Oil™' $49.00 (compare $69.00); 'WAREHOUSE CLEARANCE: UP TO 50% OFF'; 1/2/3-bottle tiers $49 / $39 / $34 per bottle; subscription pre-selected ('Refill Ships in 30 Days') with 'BUY ONCE - NO SAVINGS →' link; '89% sold' scarcity bar; 90-Day Money-Back Guarantee; (1,560) reviews, 'Isabelle and 50.000+ others purchased'; mechanism block (oil 'melts directly through the skin's lipid barrier'); 6 hero ingredients + full INCI; Day 1 → Week 8-12 results timeline; 'Why Evora? vs Others' table; FAQ (raw/landing/evora_pdp.txt)",HIGH (concept-level; this ad ID is <60d): concept replicated in 44 ad IDs; cross-page (2 pages); 4 ads use this creative; still live [concept: 44 IDs / 2 page(s) / collation sum 66 in our sample],Persona/advertorial page linking to evorabody.com | days_since_start_asof_2026-10-03=10; surfaced by: daily_discounts_page_all.jsonl
1361129475914444,"Meta Ad Library (US, public, logged-out)",Evora Body,Evora Body / evorabody.com,ACTIVE (library end_date 2026-10-02 = still delivering),2026-06-16,108,1 (library 'ads use this creative'); concept IDs in sample: 18 across 3 page(s),IMAGE,Evora Botanical Body Oil — 50% off until midnight tonight.,Try Evora risk-free for 90 days,"Evora Botanical Body Oil — 50% off until midnight tonight.
⠀
The cold-pressed body oil women are switching to:
⠀
✔ Six cold-pressed botanicals
✔ Two minutes a day after the shower
✔ Velvety, not greasy
✔ 50,000+ happy customers
⠀
50% off ends at midnight.
⠀
Tap below before it's gone → https://evorabody.com/products/bo [...]",Direct offer / risk reversal,Get the oil at half price without risk,None (offer-only),"Light: 'Six cold-pressed botanicals', 'Velvety, not greasy'","'50% off until midnight tonight', 90-day risk-free, '50,000+ happy customers'",Most-aware (retargeting-style),Midnight deadline 50% off + 90-day risk-free trial,No story — bullet list + deadline,CTA button: Shop now | link description: 50% off till midnight,[IMAGE] THIS AD VIEWED. Image viewed for 1361129475914444: 'Almost sold out… Restock in 2 months' — cartoon bottle mascot running ahead of a crowd of women,https://evorabody.com/products/botanical-body-oil,"Shopify PDP: 'Botanical Body Oil™' $49.00 (compare $69.00); 'WAREHOUSE CLEARANCE: UP TO 50% OFF'; 1/2/3-bottle tiers $49 / $39 / $34 per bottle; subscription pre-selected ('Refill Ships in 30 Days') with 'BUY ONCE - NO SAVINGS →' link; '89% sold' scarcity bar; 90-Day Money-Back Guarantee; (1,560) reviews, 'Isabelle and 50.000+ others purchased'; mechanism block (oil 'melts directly through the skin's lipid barrier'); 6 hero ingredients + full INCI; Day 1 → Week 8-12 results timeline; 'Why Evora? vs Others' table; FAQ (raw/landing/evora_pdp.txt)",HIGH: longevity 108d; concept replicated in 18 ad IDs; cross-page (3 pages); still live [concept: 18 IDs / 3 page(s) / collation sum 32 in our sample],"days_since_start_asof_2026-10-03=109; surfaced by: evora_page_all_2026-08.jsonl, evora_page_all_2026-09-01_15.jsonl, evora_page_all_2026-09plus.jsonl, evora_page_all_pre2026-08.jsonl, kw_evorabody_pre2026-08.jsonl, meta_page_evorabody_1031841923353593.jsonl"
2515907112242718,"Meta Ad Library (US, public, logged-out)",Evora Body,Evora Body / evorabody.com,listed active but last delivery 2026-09-20 (likely paused/stopped),2026-07-03,79,1 (library 'ads use this creative'); concept IDs in sample: 44 across 2 page(s),IMAGE,LIVE UPDATE: Stock dropping faster than we can count.,437 Orders in Last Hour — Almost gone,"LIVE UPDATE: Stock dropping faster than we can count.

The body oil that went viral for actually reaching where lotions never could is causing checkout chaos right now.

83% of this batch sold in the last 90 minutes.

If you’ve been “watching” or “researching” — this is your moment.

Everyone who hesitated yesterday is [...]",Scarcity / viral-demand 'live update',Not miss out on the product other women are rushing to buy,Implicit: 'reaching where lotions never could' (lotions fail),Only implied ('actually reaching where lotions never could'),None explicit beyond virality; guarantee in link description,Product-aware / most-aware (assumes prior 'watching or researching'),Live stock-drop bulletin: the viral body oil is selling out right now,No story — breaking-news/'LIVE UPDATE' format with fabricated-looking urgency stats ('83% of this batch sold in the last 90 minutes'),CTA button: Shop now | link description: 90 Day Money Back Guarantee,[IMAGE] This ad not viewed. Concept examples viewed: Image viewed for 4075847312708860: product line-up + headline 'EVORA SENIOR SALE – ENDS MIDNIGHT' and '50% OFF SITEWIDE + EXTRA 12% WITH CODE SENIOR62' (creative content differs from copy); other variants not viewed,https://evorabody.com/products/botanical-body-oil,"Shopify PDP: 'Botanical Body Oil™' $49.00 (compare $69.00); 'WAREHOUSE CLEARANCE: UP TO 50% OFF'; 1/2/3-bottle tiers $49 / $39 / $34 per bottle; subscription pre-selected ('Refill Ships in 30 Days') with 'BUY ONCE - NO SAVINGS →' link; '89% sold' scarcity bar; 90-Day Money-Back Guarantee; (1,560) reviews, 'Isabelle and 50.000+ others purchased'; mechanism block (oil 'melts directly through the skin's lipid barrier'); 6 hero ingredients + full INCI; Day 1 → Week 8-12 results timeline; 'Why Evora? vs Others' table; FAQ (raw/landing/evora_pdp.txt)",HIGH-historical (now stopped; last delivery 2026-09-20): longevity 79d; concept replicated in 44 ad IDs; cross-page (2 pages) [concept: 44 IDs / 2 page(s) / collation sum 66 in our sample],"days_since_start_asof_2026-10-03=92; surfaced by: evora_page_all_2026-08.jsonl, evora_page_all_2026-09-01_15.jsonl, evora_page_all_pre2026-08.jsonl, kw_evorabody_pre2026-08.jsonl"
854380807531360,"Meta Ad Library (US, public, logged-out)",Evora Body,Evora Body / evorabody.com,ACTIVE (library end_date 2026-10-03 = still delivering),2026-07-17,78,1 (library 'ads use this creative'); concept IDs in sample: 44 across 2 page(s),IMAGE,LIVE UPDATE: Stock dropping faster than we can count.,437 Orders in Last Hour — Almost gone,"LIVE UPDATE: Stock dropping faster than we can count.

The body oil that went viral for actually reaching where lotions never could is causing checkout chaos right now.

83% of this batch sold in the last 90 minutes.

If you’ve been “watching” or “researching” — this is your moment.

Everyone who hesitated yesterday is [...]",Scarcity / viral-demand 'live update',Not miss out on the product other women are rushing to buy,Implicit: 'reaching where lotions never could' (lotions fail),Only implied ('actually reaching where lotions never could'),None explicit beyond virality; guarantee in link description,Product-aware / most-aware (assumes prior 'watching or researching'),Live stock-drop bulletin: the viral body oil is selling out right now,No story — breaking-news/'LIVE UPDATE' format with fabricated-looking urgency stats ('83% of this batch sold in the last 90 minutes'),CTA button: Shop now | link description: 90 Day Money Back Guarantee,[IMAGE] This ad not viewed. Concept examples viewed: Image viewed for 4075847312708860: product line-up + headline 'EVORA SENIOR SALE – ENDS MIDNIGHT' and '50% OFF SITEWIDE + EXTRA 12% WITH CODE SENIOR62' (creative content differs from copy); other variants not viewed,https://evorabody.com/products/botanical-body-oil,"Shopify PDP: 'Botanical Body Oil™' $49.00 (compare $69.00); 'WAREHOUSE CLEARANCE: UP TO 50% OFF'; 1/2/3-bottle tiers $49 / $39 / $34 per bottle; subscription pre-selected ('Refill Ships in 30 Days') with 'BUY ONCE - NO SAVINGS →' link; '89% sold' scarcity bar; 90-Day Money-Back Guarantee; (1,560) reviews, 'Isabelle and 50.000+ others purchased'; mechanism block (oil 'melts directly through the skin's lipid barrier'); 6 hero ingredients + full INCI; Day 1 → Week 8-12 results timeline; 'Why Evora? vs Others' table; FAQ (raw/landing/evora_pdp.txt)",HIGH: longevity 78d; concept replicated in 44 ad IDs; cross-page (2 pages); still live [concept: 44 IDs / 2 page(s) / collation sum 66 in our sample],"days_since_start_asof_2026-10-03=78; surfaced by: evora_page_all_2026-08.jsonl, evora_page_all_2026-09-01_15.jsonl, evora_page_all_pre2026-08.jsonl, kw_evorabody_pre2026-08.jsonl"
1706136800647003,"Meta Ad Library (US, public, logged-out)",Evora Body,Evora Body / evorabody.com,ACTIVE (library end_date 2026-10-03 = still delivering),2026-07-17,78,1 (library 'ads use this creative'); concept IDs in sample: 44 across 2 page(s),IMAGE,"LIVE UPDATE: Stock dropping faster than we can count. The body oil that went viral for actually reaching where lotions never could is causing checkout chaos right now. 83% of this batch sold in the last 90 minutes. If you've been ""watching"" or ""researching"" — this is your moment. Everyone who hesitated yesterday is scrambling today. Don't be the one refreshing for restock notifications next week.",437 Orders in Last Hour — Almost gone,"LIVE UPDATE: Stock dropping faster than we can count. The body oil that went viral for actually reaching where lotions never could is causing checkout chaos right now. 83% of this batch sold in the last 90 minutes. If you've been ""watching"" or ""researching"" — this is your moment. Everyone who hesitated yesterday is scr [...]",Scarcity / viral-demand 'live update',Not miss out on the product other women are rushing to buy,Implicit: 'reaching where lotions never could' (lotions fail),Only implied ('actually reaching where lotions never could'),None explicit beyond virality; guarantee in link description,Product-aware / most-aware (assumes prior 'watching or researching'),Live stock-drop bulletin: the viral body oil is selling out right now,No story — breaking-news/'LIVE UPDATE' format with fabricated-looking urgency stats ('83% of this batch sold in the last 90 minutes'),CTA button: Shop now | link description: 90 Day Money Back Guarantee,[IMAGE] This ad not viewed. Concept examples viewed: Image viewed for 4075847312708860: product line-up + headline 'EVORA SENIOR SALE – ENDS MIDNIGHT' and '50% OFF SITEWIDE + EXTRA 12% WITH CODE SENIOR62' (creative content differs from copy); other variants not viewed,https://evorabody.com/products/botanical-body-oil,"Shopify PDP: 'Botanical Body Oil™' $49.00 (compare $69.00); 'WAREHOUSE CLEARANCE: UP TO 50% OFF'; 1/2/3-bottle tiers $49 / $39 / $34 per bottle; subscription pre-selected ('Refill Ships in 30 Days') with 'BUY ONCE - NO SAVINGS →' link; '89% sold' scarcity bar; 90-Day Money-Back Guarantee; (1,560) reviews, 'Isabelle and 50.000+ others purchased'; mechanism block (oil 'melts directly through the skin's lipid barrier'); 6 hero ingredients + full INCI; Day 1 → Week 8-12 results timeline; 'Why Evora? vs Others' table; FAQ (raw/landing/evora_pdp.txt)",HIGH: longevity 78d; concept replicated in 44 ad IDs; cross-page (2 pages); still live [concept: 44 IDs / 2 page(s) / collation sum 66 in our sample],"days_since_start_asof_2026-10-03=78; surfaced by: evora_page_all_2026-08.jsonl, evora_page_all_pre2026-08.jsonl, kw_evorabody_pre2026-08.jsonl"
1946069069443202,"Meta Ad Library (US, public, logged-out)",Evora Body,Evora Body / evorabody.com,listed active but last delivery 2026-09-30 (likely paused/stopped),2026-07-17,75,1 (library 'ads use this creative'); concept IDs in sample: 18 across 3 page(s),VIDEO,Evora Botanical Body Oil — 50% off until midnight tonight.,Try Evora risk-free for 90 days,"Evora Botanical Body Oil — 50% off until midnight tonight.
⠀
The cold-pressed body oil women are switching to:
⠀
✔ Six cold-pressed botanicals
✔ Two minutes a day after the shower
✔ Velvety, not greasy
✔ 50,000+ happy customers
⠀
50% off ends at midnight.
⠀
Tap below before it's gone → https://evorabody.com/products/bo [...]",Direct offer / risk reversal,Get the oil at half price without risk,None (offer-only),"Light: 'Six cold-pressed botanicals', 'Velvety, not greasy'","'50% off until midnight tonight', 90-day risk-free, '50,000+ happy customers'",Most-aware (retargeting-style),Midnight deadline 50% off + 90-day risk-free trial,No story — bullet list + deadline,CTA button: Shop now | link description: 50% off till midnight,[VIDEO] This ad not viewed. Concept examples viewed: Image viewed for 1361129475914444: 'Almost sold out… Restock in 2 months' — cartoon bottle mascot running ahead of a crowd of women,https://evorabody.com/products/botanical-body-oil,"Shopify PDP: 'Botanical Body Oil™' $49.00 (compare $69.00); 'WAREHOUSE CLEARANCE: UP TO 50% OFF'; 1/2/3-bottle tiers $49 / $39 / $34 per bottle; subscription pre-selected ('Refill Ships in 30 Days') with 'BUY ONCE - NO SAVINGS →' link; '89% sold' scarcity bar; 90-Day Money-Back Guarantee; (1,560) reviews, 'Isabelle and 50.000+ others purchased'; mechanism block (oil 'melts directly through the skin's lipid barrier'); 6 hero ingredients + full INCI; Day 1 → Week 8-12 results timeline; 'Why Evora? vs Others' table; FAQ (raw/landing/evora_pdp.txt)",HIGH-historical (now stopped; last delivery 2026-09-30): longevity 75d; concept replicated in 18 ad IDs; cross-page (3 pages) [concept: 18 IDs / 3 page(s) / collation sum 32 in our sample],"days_since_start_asof_2026-10-03=78; surfaced by: evora_page_all_pre2026-08.jsonl, kw_evorabody_pre2026-08.jsonl"
1589287216049945,"Meta Ad Library (US, public, logged-out)",Evora Body,Evora Body / evorabody.com,listed active but last delivery 2026-09-28 (likely paused/stopped),2026-07-17,73,1 (library 'ads use this creative'); concept IDs in sample: 18 across 3 page(s),VIDEO,Evora Botanical Body Oil — 50% off until midnight tonight.,Try Evora risk-free for 90 days,"Evora Botanical Body Oil — 50% off until midnight tonight.

The cold-pressed body oil women are switching to:

✔ Six cold-pressed botanicals
✔ Two minutes a day after the shower
✔ Velvety, not greasy
✔ 50,000+ happy customers

50% off ends at midnight.

Tap below before it's gone → https://evorabody.com/products/botani [...]",Direct offer / risk reversal,Get the oil at half price without risk,None (offer-only),"Light: 'Six cold-pressed botanicals', 'Velvety, not greasy'","'50% off until midnight tonight', 90-day risk-free, '50,000+ happy customers'",Most-aware (retargeting-style),Midnight deadline 50% off + 90-day risk-free trial,No story — bullet list + deadline,CTA button: Shop now,[VIDEO] This ad not viewed. Concept examples viewed: Image viewed for 1361129475914444: 'Almost sold out… Restock in 2 months' — cartoon bottle mascot running ahead of a crowd of women,https://evorabody.com/products/botanical-body-oil,"Shopify PDP: 'Botanical Body Oil™' $49.00 (compare $69.00); 'WAREHOUSE CLEARANCE: UP TO 50% OFF'; 1/2/3-bottle tiers $49 / $39 / $34 per bottle; subscription pre-selected ('Refill Ships in 30 Days') with 'BUY ONCE - NO SAVINGS →' link; '89% sold' scarcity bar; 90-Day Money-Back Guarantee; (1,560) reviews, 'Isabelle and 50.000+ others purchased'; mechanism block (oil 'melts directly through the skin's lipid barrier'); 6 hero ingredients + full INCI; Day 1 → Week 8-12 results timeline; 'Why Evora? vs Others' table; FAQ (raw/landing/evora_pdp.txt)",HIGH-historical (now stopped; last delivery 2026-09-28): longevity 73d; concept replicated in 18 ad IDs; cross-page (3 pages) [concept: 18 IDs / 3 page(s) / collation sum 32 in our sample],"days_since_start_asof_2026-10-03=78; surfaced by: evora_page_all_2026-08.jsonl, evora_page_all_2026-09-01_15.jsonl, evora_page_all_pre2026-08.jsonl, kw_evorabody_pre2026-08.jsonl"
1570129684499222,"Meta Ad Library (US, public, logged-out)",Evora Body,Evora Body / evorabody.com,ACTIVE (library end_date 2026-10-03 = still delivering),2026-07-18,77,1 (library 'ads use this creative'); concept IDs in sample: 3 across 2 page(s),IMAGE,Let's be honest — most body firming lotion and creams don't actually work.,Why most body lotions & creams don't work,"Let's be honest — most body firming lotion and creams don't actually work.
⠀
The reason: they're 70 to 80 percent water. They sit on the surface, evaporate within an hour, and never reach the deeper layer where firmness actually lives.
⠀
That's why women are switching to Evora Botanical Body Oil.
⠀
A French-inspired fo [...]",Mechanism-led problem/solution,Finally something that works on crepey arms/papery chest/hands,"'most body firming lotion and creams don't actually work' — 70-80% water, evaporate, never reach deeper layer","Water-based creams/lotions evaporate & sit on surface; oil melts through the lipid barrier to 'the layer where crepey skin starts'; six cold-pressed oils replace lipids skin 'stopped making' after 50/menopause; named oils: Wakame Algae, Brazil Nut, Passionflower Seed, Rice Bran (+ argan, vitamin E)",Results by week six / 'two minutes a day'; full refund if no change,Problem-aware / solution-aware,Lotions are mostly water — an oil that matches the skin's lipid barrier reaches where creams can't,"Short direct-response (≈400-1,500 chars): call-out/question → reason-why → named ingredients → bullets → guarantee",CTA button: Shop now | link description: 90 Day Money Back Guarantee,[IMAGE] This ad not viewed. Concept examples viewed: Image viewed for 1934644087249957: 'NATURAL BOTOX IN A BOTTLE?' product-callout graphic (Smooths crepey skin / Rebuilds the lipid barrier / Firmer arms / Trusted by thousands of women over 50 / Absorbs in seconds / Developed by dermatologists / 'NOW 50% OFF'); 1808170097172717 video thumb: stylised blue woman reading letter 'To every Evora customer',https://evorabody.com/products/botanical-body-oil,"Shopify PDP: 'Botanical Body Oil™' $49.00 (compare $69.00); 'WAREHOUSE CLEARANCE: UP TO 50% OFF'; 1/2/3-bottle tiers $49 / $39 / $34 per bottle; subscription pre-selected ('Refill Ships in 30 Days') with 'BUY ONCE - NO SAVINGS →' link; '89% sold' scarcity bar; 90-Day Money-Back Guarantee; (1,560) reviews, 'Isabelle and 50.000+ others purchased'; mechanism block (oil 'melts directly through the skin's lipid barrier'); 6 hero ingredients + full INCI; Day 1 → Week 8-12 results timeline; 'Why Evora? vs Others' table; FAQ (raw/landing/evora_pdp.txt)",HIGH: longevity 77d; cross-page (2 pages); still live [concept: 3 IDs / 2 page(s) / collation sum 3 in our sample],"days_since_start_asof_2026-10-03=77; surfaced by: evora_page_all_2026-08.jsonl, evora_page_all_pre2026-08.jsonl, kw_evorabody_pre2026-08.jsonl"
1326957292854229,"Meta Ad Library (US, public, logged-out)",Evora Body,Evora Body / evorabody.com,listed active but last delivery 2026-09-25 (likely paused/stopped),2026-08-19,37,4 (library 'ads use this creative'); concept IDs in sample: 18 across 3 page(s),VIDEO,Evora Botanical Body Oil — 50% off until midnight tonight.,Try Evora risk-free for 90 days,"Evora Botanical Body Oil — 50% off until midnight tonight.
⠀
The cold-pressed body oil women are switching to:
⠀
✔ Six cold-pressed botanicals
✔ Two minutes a day after the shower
✔ Velvety, not greasy
✔ 50,000+ happy customers
⠀
50% off ends at midnight.
⠀
Tap below before it's gone → https://evorabody.com/products/bo [...]",Direct offer / risk reversal,Get the oil at half price without risk,None (offer-only),"Light: 'Six cold-pressed botanicals', 'Velvety, not greasy'","'50% off until midnight tonight', 90-day risk-free, '50,000+ happy customers'",Most-aware (retargeting-style),Midnight deadline 50% off + 90-day risk-free trial,No story — bullet list + deadline,CTA button: Shop now | link description: 50% off till midnight,[VIDEO] This ad not viewed. Concept examples viewed: Image viewed for 1361129475914444: 'Almost sold out… Restock in 2 months' — cartoon bottle mascot running ahead of a crowd of women,https://evorabody.com/products/botanical-body-oil,"Shopify PDP: 'Botanical Body Oil™' $49.00 (compare $69.00); 'WAREHOUSE CLEARANCE: UP TO 50% OFF'; 1/2/3-bottle tiers $49 / $39 / $34 per bottle; subscription pre-selected ('Refill Ships in 30 Days') with 'BUY ONCE - NO SAVINGS →' link; '89% sold' scarcity bar; 90-Day Money-Back Guarantee; (1,560) reviews, 'Isabelle and 50.000+ others purchased'; mechanism block (oil 'melts directly through the skin's lipid barrier'); 6 hero ingredients + full INCI; Day 1 → Week 8-12 results timeline; 'Why Evora? vs Others' table; FAQ (raw/landing/evora_pdp.txt)",MEDIUM (not currently delivering): concept replicated in 18 ad IDs; cross-page (3 pages); 4 ads use this creative [concept: 18 IDs / 3 page(s) / collation sum 32 in our sample],"days_since_start_asof_2026-10-03=45; surfaced by: evora_page_active_video.jsonl, evora_page_all_2026-08.jsonl, evora_page_all_2026-09-01_15.jsonl"
1954753225212676,"Meta Ad Library (US, public, logged-out)",Evora Body,Evora Body / evorabody.com,ACTIVE (library end_date 2026-10-03 = still delivering),2026-08-22,42,4 (library 'ads use this creative'); concept IDs in sample: 41 across 3 page(s),VIDEO,THIS is what Oil does for your skin…,Here’s What Actually Works…,THIS is what Oil does for your skin…,"Story-video shell (one caption, many different videos)","Varies by video: insider luxury secret, life-event transformation",In video (not in text),In video (not in text),Body text only: 'THIS is what Oil does for your skin…',"Unaware → problem-aware (story-first, product late)",Short-form story reels with the oil as the twist; same headline/caption used as a testing wrapper for many videos,Video story; text is a 7-word curiosity caption,CTA button: Shop now,"[VIDEO] thumbnail downloaded (thumbs/1954753225212676.jpg) but not individually described. Concept examples: 9:16 video. Thumbnails viewed for 12 IDs: (a) AI-generated cinematic story scenes with burned-in captions ('Three years inside', 'My son got married in June,', 'My ex-husband', 'Every August for nineteen years,', a stylised blue-skinned woman reading a letter 'To every Evora customer'); (b) green-screen grey-haired female narrator over luxury-location photos with yellow/white caption ('I stayed at the Burj Al Arab in Dubai', 'The richest family in American history', 'The family I nanny for has eight crew on their boat')",https://evorabody.com/products/botanical-body-oil,"Shopify PDP: 'Botanical Body Oil™' $49.00 (compare $69.00); 'WAREHOUSE CLEARANCE: UP TO 50% OFF'; 1/2/3-bottle tiers $49 / $39 / $34 per bottle; subscription pre-selected ('Refill Ships in 30 Days') with 'BUY ONCE - NO SAVINGS →' link; '89% sold' scarcity bar; 90-Day Money-Back Guarantee; (1,560) reviews, 'Isabelle and 50.000+ others purchased'; mechanism block (oil 'melts directly through the skin's lipid barrier'); 6 hero ingredients + full INCI; Day 1 → Week 8-12 results timeline; 'Why Evora? vs Others' table; FAQ (raw/landing/evora_pdp.txt)",HIGH (concept-level; this ad ID is <60d): concept replicated in 41 ad IDs; cross-page (3 pages); 4 ads use this creative; still live [concept: 41 IDs / 3 page(s) / collation sum 91 in our sample],"days_since_start_asof_2026-10-03=42; surfaced by: evora_page_active_video.jsonl, evora_page_all_2026-08.jsonl, evora_page_all_2026-09-01_15.jsonl, evora_page_all_2026-09plus.jsonl, meta_kw_evorabody.jsonl, meta_page_evorabody_1031841923353593.jsonl"
1065483879623641,"Meta Ad Library (US, public, logged-out)",Evora Body,Evora Body / evorabody.com,ACTIVE (library end_date 2026-10-03 = still delivering),2026-09-09,24,1 (library 'ads use this creative'); concept IDs in sample: 9 across 4 page(s),IMAGE,You said: “I want Evora… but I can’t afford it.”,I Paid Full Price — Now It’s On Sale 😭,"You said: “I want Evora… but I can’t afford it.”
⠀
We heard you.
⠀
For Labor Day, get 50% OFF automatically + an extra 14% OFF with code LABOR64 — that’s 64% in total.
⠀
✨ Visibly smoother skin you can actually see
✨ Pure ingredients that make a difference
✨ 90-day money-back guarantee
⠀
Stock is moving fast.
⠀
👉 https [...]",Sale announcement disguised as customer regret,Get it cheaper ('64% in total'),'I want Evora… but I can't afford it.' (price objection),Light: 'six oils... replace a lipid your skin stopped making after menopause' in some variants,Visibly smoother skin; 90-day MBG,Most-aware,Holiday sale (Labor Day 50% + code LABOR64) framed as 'I paid full price — now it's on sale 😭',Short: objection quote → 'We heard you' → stacked discount → bullets → link,"CTA button: Shop now | link description: Say goodbye to crepey, saggy & dry skin. This botanical body oil visibly restores firmness and smoothness in just 2 minutes a day. See real results in 3–4 weeks — or get your money back.",[IMAGE] This ad not viewed. Concept examples viewed: Image thumbnail for 933885069780904 downloaded; not inspected,https://evorabody.com/products/botanical-body-oil,"Shopify PDP: 'Botanical Body Oil™' $49.00 (compare $69.00); 'WAREHOUSE CLEARANCE: UP TO 50% OFF'; 1/2/3-bottle tiers $49 / $39 / $34 per bottle; subscription pre-selected ('Refill Ships in 30 Days') with 'BUY ONCE - NO SAVINGS →' link; '89% sold' scarcity bar; 90-Day Money-Back Guarantee; (1,560) reviews, 'Isabelle and 50.000+ others purchased'; mechanism block (oil 'melts directly through the skin's lipid barrier'); 6 hero ingredients + full INCI; Day 1 → Week 8-12 results timeline; 'Why Evora? vs Others' table; FAQ (raw/landing/evora_pdp.txt)",MEDIUM: cross-page (4 pages); still live [concept: 9 IDs / 4 page(s) / collation sum 11 in our sample],"days_since_start_asof_2026-10-03=24; surfaced by: evora_page_all_2026-09-01_15.jsonl, evora_page_all_2026-09plus.jsonl, meta_page_evorabody_1031841923353593.jsonl"
1808170097172717,"Meta Ad Library (US, public, logged-out)",Evora Body,Evora Body / evorabody.com,ACTIVE (library end_date 2026-10-03 = still delivering),2026-09-12,21,1 (library 'ads use this creative'); concept IDs in sample: 2 across 2 page(s),VIDEO,"Crepey arms, papery skin, hands that look a decade older?",Most body lotions & creams don't absorb. This Oil can.,"Crepey arms, papery skin, hands that look a decade older?
⠀
Introducing Evora Botanical Body Oil — a cold-pressed six-oil formula that replaces what your skin stopped making after 50.
⠀
✨ Softens crepey texture on arms and elbows
✨ Rebuilds papery skin across the chest
✨ Restores the hands that stopped looking like you [...]",Mechanism-led problem/solution,Finally something that works on crepey arms/papery chest/hands,"'most body firming lotion and creams don't actually work' — 70-80% water, evaporate, never reach deeper layer","Water-based creams/lotions evaporate & sit on surface; oil melts through the lipid barrier to 'the layer where crepey skin starts'; six cold-pressed oils replace lipids skin 'stopped making' after 50/menopause; named oils: Wakame Algae, Brazil Nut, Passionflower Seed, Rice Bran (+ argan, vitamin E)",Results by week six / 'two minutes a day'; full refund if no change,Problem-aware / solution-aware,Lotions are mostly water — an oil that matches the skin's lipid barrier reaches where creams can't,"Short direct-response (≈400-1,500 chars): call-out/question → reason-why → named ingredients → bullets → guarantee",CTA button: Shop now | link description: 90 Day Money Back Guarantee,[VIDEO] THIS AD VIEWED. Image viewed for 1934644087249957: 'NATURAL BOTOX IN A BOTTLE?' product-callout graphic (Smooths crepey skin / Rebuilds the lipid barrier / Firmer arms / Trusted by thousands of women over 50 / Absorbs in seconds / Developed by dermatologists / 'NOW 50% OFF'); 1808170097172717 video thumb: stylised blue woman reading letter 'To every Evora customer',https://evorabody.com/products/botanical-body-oil,"Shopify PDP: 'Botanical Body Oil™' $49.00 (compare $69.00); 'WAREHOUSE CLEARANCE: UP TO 50% OFF'; 1/2/3-bottle tiers $49 / $39 / $34 per bottle; subscription pre-selected ('Refill Ships in 30 Days') with 'BUY ONCE - NO SAVINGS →' link; '89% sold' scarcity bar; 90-Day Money-Back Guarantee; (1,560) reviews, 'Isabelle and 50.000+ others purchased'; mechanism block (oil 'melts directly through the skin's lipid barrier'); 6 hero ingredients + full INCI; Day 1 → Week 8-12 results timeline; 'Why Evora? vs Others' table; FAQ (raw/landing/evora_pdp.txt)",MEDIUM: cross-page (2 pages); still live [concept: 2 IDs / 2 page(s) / collation sum 2 in our sample],"days_since_start_asof_2026-10-03=21; surfaced by: evora_page_active_video.jsonl, evora_page_all_2026-09-01_15.jsonl"
1140179468691458,"Meta Ad Library (US, public, logged-out)",Evora Body,Evora Body / evorabody.com,ACTIVE (library end_date 2026-10-03 = still delivering),2026-09-22,11,6 (library 'ads use this creative'); concept IDs in sample: 41 across 3 page(s),VIDEO,THIS is what Oil does for your skin…,Here’s What Actually Works…,THIS is what Oil does for your skin…,"Story-video shell (one caption, many different videos)","Varies by video: insider luxury secret, life-event transformation",In video (not in text),In video (not in text),Body text only: 'THIS is what Oil does for your skin…',"Unaware → problem-aware (story-first, product late)",Short-form story reels with the oil as the twist; same headline/caption used as a testing wrapper for many videos,Video story; text is a 7-word curiosity caption,CTA button: Shop now,"[VIDEO] thumbnail downloaded (thumbs/1140179468691458.jpg) but not individually described. Concept examples: 9:16 video. Thumbnails viewed for 12 IDs: (a) AI-generated cinematic story scenes with burned-in captions ('Three years inside', 'My son got married in June,', 'My ex-husband', 'Every August for nineteen years,', a stylised blue-skinned woman reading a letter 'To every Evora customer'); (b) green-screen grey-haired female narrator over luxury-location photos with yellow/white caption ('I stayed at the Burj Al Arab in Dubai', 'The richest family in American history', 'The family I nanny for has eight crew on their boat')",https://evorabody.com/products/botanical-body-oil,"Shopify PDP: 'Botanical Body Oil™' $49.00 (compare $69.00); 'WAREHOUSE CLEARANCE: UP TO 50% OFF'; 1/2/3-bottle tiers $49 / $39 / $34 per bottle; subscription pre-selected ('Refill Ships in 30 Days') with 'BUY ONCE - NO SAVINGS →' link; '89% sold' scarcity bar; 90-Day Money-Back Guarantee; (1,560) reviews, 'Isabelle and 50.000+ others purchased'; mechanism block (oil 'melts directly through the skin's lipid barrier'); 6 hero ingredients + full INCI; Day 1 → Week 8-12 results timeline; 'Why Evora? vs Others' table; FAQ (raw/landing/evora_pdp.txt)",HIGH (concept-level; this ad ID is <60d): concept replicated in 41 ad IDs; cross-page (3 pages); 6 ads use this creative; still live [concept: 41 IDs / 3 page(s) / collation sum 91 in our sample],"days_since_start_asof_2026-10-03=11; surfaced by: evora_page_active_video.jsonl, evora_page_all_2026-09plus.jsonl, meta_kw_evorabody.jsonl, meta_page_evorabody_1031841923353593.jsonl"
1084231137834363,"Meta Ad Library (US, public, logged-out)",Evora Body,Evora Body / evorabody.com,ACTIVE (library end_date 2026-10-03 = still delivering),2026-09-25,8,6 (library 'ads use this creative'); concept IDs in sample: 41 across 3 page(s),VIDEO,THIS is what Oil does for your skin…,Here’s What Actually Works…,THIS is what Oil does for your skin…,"Story-video shell (one caption, many different videos)","Varies by video: insider luxury secret, life-event transformation",In video (not in text),In video (not in text),Body text only: 'THIS is what Oil does for your skin…',"Unaware → problem-aware (story-first, product late)",Short-form story reels with the oil as the twist; same headline/caption used as a testing wrapper for many videos,Video story; text is a 7-word curiosity caption,CTA button: Shop now,"[VIDEO] thumbnail downloaded (thumbs/1084231137834363.jpg) but not individually described. Concept examples: 9:16 video. Thumbnails viewed for 12 IDs: (a) AI-generated cinematic story scenes with burned-in captions ('Three years inside', 'My son got married in June,', 'My ex-husband', 'Every August for nineteen years,', a stylised blue-skinned woman reading a letter 'To every Evora customer'); (b) green-screen grey-haired female narrator over luxury-location photos with yellow/white caption ('I stayed at the Burj Al Arab in Dubai', 'The richest family in American history', 'The family I nanny for has eight crew on their boat')",https://evorabody.com/products/botanical-body-oil,"Shopify PDP: 'Botanical Body Oil™' $49.00 (compare $69.00); 'WAREHOUSE CLEARANCE: UP TO 50% OFF'; 1/2/3-bottle tiers $49 / $39 / $34 per bottle; subscription pre-selected ('Refill Ships in 30 Days') with 'BUY ONCE - NO SAVINGS →' link; '89% sold' scarcity bar; 90-Day Money-Back Guarantee; (1,560) reviews, 'Isabelle and 50.000+ others purchased'; mechanism block (oil 'melts directly through the skin's lipid barrier'); 6 hero ingredients + full INCI; Day 1 → Week 8-12 results timeline; 'Why Evora? vs Others' table; FAQ (raw/landing/evora_pdp.txt)",HIGH (concept-level; this ad ID is <60d): concept replicated in 41 ad IDs; cross-page (3 pages); 6 ads use this creative; still live [concept: 41 IDs / 3 page(s) / collation sum 91 in our sample],"days_since_start_asof_2026-10-03=8; surfaced by: evora_page_active_video.jsonl, evora_page_all_2026-09plus.jsonl, meta_kw_evorabody.jsonl, meta_page_evorabody_1031841923353593.jsonl"
1363837298864640,"Meta Ad Library (US, public, logged-out)",Evora Body,Evora Body / evorabody.com,ACTIVE (library end_date 2026-10-03 = still delivering),2026-09-30,3,1 (library 'ads use this creative'); concept IDs in sample: 1 across 1 page(s),VIDEO,Evora Botanical Body Oil — 50 % de descuento hasta la medianoche de hoy.,Prueba Evora sin riesgo por 90 días,"Evora Botanical Body Oil — 50 % de descuento hasta la medianoche de hoy.
⠀
El aceite corporal prensado en frío al que se están pasando las mujeres:
⠀
✔ Seis aceites botánicos prensados en frío
✔ Dos minutos al día después de la ducha
✔ Aterciopelado, no grasoso
✔ Más de 50,000 clientas felices
⠀
El 50 % de descuento te [...]",Direct offer / risk reversal,Get the oil at half price without risk,None (offer-only),"Light: 'Six cold-pressed botanicals', 'Velvety, not greasy'","'50% off until midnight tonight', 90-day risk-free, '50,000+ happy customers'",Most-aware (retargeting-style),Midnight deadline 50% off + 90-day risk-free trial,No story — bullet list + deadline,CTA button: Shop now | link description: 50 % de descuento hasta medianoche,[VIDEO] This ad not viewed. Concept examples viewed: Image viewed for 1361129475914444: 'Almost sold out… Restock in 2 months' — cartoon bottle mascot running ahead of a crowd of women,https://es.evorabody.com/products/botanical-body-oil-es,Spanish-language PDP variant (not rendered),LOW: still live [concept: 1 IDs / 1 page(s) / collation sum 1 in our sample],Spanish-language variant for US Hispanic audience | days_since_start_asof_2026-10-03=3; surfaced by: evora_page_active_video.jsonl
2329433507867811,"Meta Ad Library (US, public, logged-out)",Hannah Lewis,Evora Body / evorabody.com,ACTIVE (library end_date 2026-10-03 = still delivering),2026-07-20,75,7 (library 'ads use this creative'); concept IDs in sample: 6 across 1 page(s),IMAGE,"I own a day spa. Last month, a client left a voicemail I've listened to four times now.",The Spa Owner's Personal Oil,"I own a day spa. Last month, a client left a voicemail I've listened to four times now.
""I need you to call me back about whatever you put on my arms during my body treatment earlier. I want to be clear — I'm not calling to complain. I'm calling because I've been running my hand down my own arm all afternoon and I can' [...]",Luxury-experience / professional-insider discovery ('the weird oil in the bathroom'),Feel like the pampered woman in the five-star setting; arms that feel 'like mine again',"Thin, papery, crepey arms/chest/hands after 50; lotions evaporate; hiding in sleeves",Water-based creams/lotions evaporate & sit on surface; oil melts through the lipid barrier to 'the layer where crepey skin starts'; six cold-pressed oils replace lipids skin 'stopped making' after 50/menopause,Visibly firmer/smoother arms; strangers/husband notice; 90-day guarantee,Unaware → problem-aware,The most valuable thing from a five-star hotel / first-class flight / spa / cruise was a <$40 unbranded amber bottle of body oil,Long-form first-person narrative: luxury setting with sensory/dollar detail → the 'weird'/'odd' bottle → emotional reaction (often a note/voicemail from a guest) → 'Let me rewind' → discovery of Evora → mechanism → offer,"CTA button: Shop now | link description: Step 2: Apply straight after, while your skin is still warm. 2–3 pumps onto your arms, chest, or wherever you need it most.","[IMAGE] THIS AD VIEWED. Images viewed: 1788648425514311 Ritz Paris street scene with caption text overlay; 857286387379018 Honolulu police SUV in front of hotel (curiosity, ties to 'stole a bottle'); 2329433507867811 women in robes in a sauna — native lifestyle photos, no product",https://evorabody.com/products/botanical-body-oil,"Shopify PDP: 'Botanical Body Oil™' $49.00 (compare $69.00); 'WAREHOUSE CLEARANCE: UP TO 50% OFF'; 1/2/3-bottle tiers $49 / $39 / $34 per bottle; subscription pre-selected ('Refill Ships in 30 Days') with 'BUY ONCE - NO SAVINGS →' link; '89% sold' scarcity bar; 90-Day Money-Back Guarantee; (1,560) reviews, 'Isabelle and 50.000+ others purchased'; mechanism block (oil 'melts directly through the skin's lipid barrier'); 6 hero ingredients + full INCI; Day 1 → Week 8-12 results timeline; 'Why Evora? vs Others' table; FAQ (raw/landing/evora_pdp.txt)",HIGH: longevity 75d; 7 ads use this creative; still live [concept: 6 IDs / 1 page(s) / collation sum 12 in our sample],"Persona/advertorial page linking to evorabody.com | days_since_start_asof_2026-10-03=75; surfaced by: hannah_lewis_page_all.jsonl, kw_evorabody_pre2026-08.jsonl"
26649798774696108,"Meta Ad Library (US, public, logged-out)",Hannah Lewis,Evora Body / evorabody.com,ACTIVE (library end_date 2026-10-03 = still delivering),2026-07-24,71,1 (library 'ads use this creative'); concept IDs in sample: 2 across 1 page(s),IMAGE,I first heard about Evora Botanical Body Oil through a friend on social media and started reading about it and looking into the ingredients and figured it would be worth my time to give it a try.,This oil changed everything for me,"I first heard about Evora Botanical Body Oil through a friend on social media and started reading about it and looking into the ingredients and figured it would be worth my time to give it a try.
I'm 59 years old and I have crepey arms, papery skin on my chest, and thin, fragile skin on the backs of my hands.
Actually, [...]",Mechanism-led problem/solution,Finally something that works on crepey arms/papery chest/hands,"'most body firming lotion and creams don't actually work' — 70-80% water, evaporate, never reach deeper layer","Water-based creams/lotions evaporate & sit on surface; oil melts through the lipid barrier to 'the layer where crepey skin starts'; six cold-pressed oils replace lipids skin 'stopped making' after 50/menopause; named oils: Wakame Algae, Brazil Nut, Passionflower Seed, Rice Bran (+ argan, vitamin E)",Results by week six / 'two minutes a day'; full refund if no change,Problem-aware / solution-aware,Lotions are mostly water — an oil that matches the skin's lipid barrier reaches where creams can't,"Short direct-response (≈400-1,500 chars): call-out/question → reason-why → named ingredients → bullets → guarantee","CTA button: Shop now | link description: Step 2: Apply straight after, while your skin is still warm. 2–3 pumps onto your arms, chest, or wherever you need it most.",[IMAGE] This ad not viewed. Concept examples viewed: Image viewed for 1934644087249957: 'NATURAL BOTOX IN A BOTTLE?' product-callout graphic (Smooths crepey skin / Rebuilds the lipid barrier / Firmer arms / Trusted by thousands of women over 50 / Absorbs in seconds / Developed by dermatologists / 'NOW 50% OFF'); 1808170097172717 video thumb: stylised blue woman reading letter 'To every Evora customer',https://evorabody.com/products/botanical-body-oil,"Shopify PDP: 'Botanical Body Oil™' $49.00 (compare $69.00); 'WAREHOUSE CLEARANCE: UP TO 50% OFF'; 1/2/3-bottle tiers $49 / $39 / $34 per bottle; subscription pre-selected ('Refill Ships in 30 Days') with 'BUY ONCE - NO SAVINGS →' link; '89% sold' scarcity bar; 90-Day Money-Back Guarantee; (1,560) reviews, 'Isabelle and 50.000+ others purchased'; mechanism block (oil 'melts directly through the skin's lipid barrier'); 6 hero ingredients + full INCI; Day 1 → Week 8-12 results timeline; 'Why Evora? vs Others' table; FAQ (raw/landing/evora_pdp.txt)",MEDIUM: longevity 71d; still live [concept: 2 IDs / 1 page(s) / collation sum 2 in our sample],"Persona/advertorial page linking to evorabody.com | days_since_start_asof_2026-10-03=71; surfaced by: hannah_lewis_page_all.jsonl, kw_evorabody_pre2026-08.jsonl"
1074835824899678,"Meta Ad Library (US, public, logged-out)",Hannah Lewis,Evora Body / evorabody.com,listed active but last delivery 2026-09-20 (likely paused/stopped),2026-07-27,55,1 (library 'ads use this creative'); concept IDs in sample: 2 across 1 page(s),IMAGE,I stayed at my best friend's house in Provence last month. She's been a luxury skincare formulator for over 20 years. I used whatever was in her guest bathroom without asking.,what a French luxury skincare formulator quietly uses on her OWN arms,"I stayed at my best friend's house in Provence last month. She's been a luxury skincare formulator for over 20 years. I used whatever was in her guest bathroom without asking.
⠀
When I got home two days later, my husband looked at me across the kitchen and said:
⠀
""What did you do to your arms in France?""
⠀
Let me rewi [...]",Luxury-experience / professional-insider discovery ('the weird oil in the bathroom'),Feel like the pampered woman in the five-star setting; arms that feel 'like mine again',"Thin, papery, crepey arms/chest/hands after 50; lotions evaporate; hiding in sleeves",Water-based creams/lotions evaporate & sit on surface; oil melts through the lipid barrier to 'the layer where crepey skin starts'; six cold-pressed oils replace lipids skin 'stopped making' after 50/menopause,Visibly firmer/smoother arms; strangers/husband notice; 90-day guarantee,Unaware → problem-aware,The most valuable thing from a five-star hotel / first-class flight / spa / cruise was a <$40 unbranded amber bottle of body oil,Long-form first-person narrative: luxury setting with sensory/dollar detail → the 'weird'/'odd' bottle → emotional reaction (often a note/voicemail from a guest) → 'Let me rewind' → discovery of Evora → mechanism → offer,CTA button: Shop now | link description: 90 Day Money Back Guarantee,"[IMAGE] This ad not viewed. Concept examples viewed: Images viewed: 1788648425514311 Ritz Paris street scene with caption text overlay; 857286387379018 Honolulu police SUV in front of hotel (curiosity, ties to 'stole a bottle'); 2329433507867811 women in robes in a sauna — native lifestyle photos, no product",https://evorabody.com/products/botanical-body-oil,"Shopify PDP: 'Botanical Body Oil™' $49.00 (compare $69.00); 'WAREHOUSE CLEARANCE: UP TO 50% OFF'; 1/2/3-bottle tiers $49 / $39 / $34 per bottle; subscription pre-selected ('Refill Ships in 30 Days') with 'BUY ONCE - NO SAVINGS →' link; '89% sold' scarcity bar; 90-Day Money-Back Guarantee; (1,560) reviews, 'Isabelle and 50.000+ others purchased'; mechanism block (oil 'melts directly through the skin's lipid barrier'); 6 hero ingredients + full INCI; Day 1 → Week 8-12 results timeline; 'Why Evora? vs Others' table; FAQ (raw/landing/evora_pdp.txt)",LOW: single observation [concept: 2 IDs / 1 page(s) / collation sum 3 in our sample],"Persona/advertorial page linking to evorabody.com | days_since_start_asof_2026-10-03=68; surfaced by: hannah_lewis_page_all.jsonl, kw_evorabody_pre2026-08.jsonl"
1752906459225662,"Meta Ad Library (US, public, logged-out)",Hannah Lewis,Evora Body / evorabody.com,listed active but last delivery 2026-09-30 (likely paused/stopped),2026-08-06,55,2 (library 'ads use this creative'); concept IDs in sample: 4 across 2 page(s),VIDEO,I manage a vacation rental.,The “Weird Oil” In Our 5-Star Airbnb,"I manage a vacation rental.

Last week a guest sent me a message that made me put my phone down and just sit there for a minute.

""I'm not exaggerating —

I stood in your bathroom, ran my hand down my own arm, and got emotional.

I'd forgotten what it felt like to not flinch at my own skin.

Please tell me what that oi [...]",Luxury-experience / professional-insider discovery ('the weird oil in the bathroom'),Feel like the pampered woman in the five-star setting; arms that feel 'like mine again',"Thin, papery, crepey arms/chest/hands after 50; lotions evaporate; hiding in sleeves",Water-based creams/lotions evaporate & sit on surface; oil melts through the lipid barrier to 'the layer where crepey skin starts'; six cold-pressed oils replace lipids skin 'stopped making' after 50/menopause,Visibly firmer/smoother arms; strangers/husband notice; 90-day guarantee,Unaware → problem-aware,The most valuable thing from a five-star hotel / first-class flight / spa / cruise was a <$40 unbranded amber bottle of body oil,Long-form first-person narrative: luxury setting with sensory/dollar detail → the 'weird'/'odd' bottle → emotional reaction (often a note/voicemail from a guest) → 'Let me rewind' → discovery of Evora → mechanism → offer,CTA button: Shop now,"[VIDEO] This ad not viewed. Concept examples viewed: Images viewed: 1788648425514311 Ritz Paris street scene with caption text overlay; 857286387379018 Honolulu police SUV in front of hotel (curiosity, ties to 'stole a bottle'); 2329433507867811 women in robes in a sauna — native lifestyle photos, no product",https://evorabody.com/products/botanical-body-oil,"Shopify PDP: 'Botanical Body Oil™' $49.00 (compare $69.00); 'WAREHOUSE CLEARANCE: UP TO 50% OFF'; 1/2/3-bottle tiers $49 / $39 / $34 per bottle; subscription pre-selected ('Refill Ships in 30 Days') with 'BUY ONCE - NO SAVINGS →' link; '89% sold' scarcity bar; 90-Day Money-Back Guarantee; (1,560) reviews, 'Isabelle and 50.000+ others purchased'; mechanism block (oil 'melts directly through the skin's lipid barrier'); 6 hero ingredients + full INCI; Day 1 → Week 8-12 results timeline; 'Why Evora? vs Others' table; FAQ (raw/landing/evora_pdp.txt)",LOW: cross-page (2 pages) [concept: 4 IDs / 2 page(s) / collation sum 5 in our sample],Persona/advertorial page linking to evorabody.com | days_since_start_asof_2026-10-03=58; surfaced by: hannah_lewis_page_all.jsonl
1393647339038573,"Meta Ad Library (US, public, logged-out)",Hannah Lewis,Evora Body / evorabody.com,listed active but last delivery 2026-10-01 (likely paused/stopped),2026-09-07,24,1 (library 'ads use this creative'); concept IDs in sample: 9 across 2 page(s),IMAGE,"I stayed at the only 7-star hotel in the world. A Rolls Royce picked me up at the airport. The suite had gold-plated walls, a gold-plated television, and a shower lined with 24-karat gold tiles. Everything in that building was designed to make you feel like royalty.",The butler brought me this “weird” oil,"I stayed at the only 7-star hotel in the world. A Rolls Royce picked me up at the airport. The suite had gold-plated walls, a gold-plated television, and a shower lined with 24-karat gold tiles. Everything in that building was designed to make you feel like royalty.
⠀
But the most expensive thing I brought home cost le [...]",Luxury-experience / professional-insider discovery ('the weird oil in the bathroom'),Feel like the pampered woman in the five-star setting; arms that feel 'like mine again',"Thin, papery, crepey arms/chest/hands after 50; lotions evaporate; hiding in sleeves",Water-based creams/lotions evaporate & sit on surface; oil melts through the lipid barrier to 'the layer where crepey skin starts'; six cold-pressed oils replace lipids skin 'stopped making' after 50/menopause,Visibly firmer/smoother arms; strangers/husband notice; 90-day guarantee,Unaware → problem-aware,The most valuable thing from a five-star hotel / first-class flight / spa / cruise was a <$40 unbranded amber bottle of body oil,Long-form first-person narrative: luxury setting with sensory/dollar detail → the 'weird'/'odd' bottle → emotional reaction (often a note/voicemail from a guest) → 'Let me rewind' → discovery of Evora → mechanism → offer,"CTA button: Shop now | link description: Say goodbye to crepey, saggy & dry skin. This botanical body oil visibly restores firmness and smoothness in just 2 minutes a day. See real results in 3–4 weeks — or get your money back.","[IMAGE] This ad not viewed. Concept examples viewed: Images viewed: 1788648425514311 Ritz Paris street scene with caption text overlay; 857286387379018 Honolulu police SUV in front of hotel (curiosity, ties to 'stole a bottle'); 2329433507867811 women in robes in a sauna — native lifestyle photos, no product",https://evorabody.com/products/botanical-body-oil,"Shopify PDP: 'Botanical Body Oil™' $49.00 (compare $69.00); 'WAREHOUSE CLEARANCE: UP TO 50% OFF'; 1/2/3-bottle tiers $49 / $39 / $34 per bottle; subscription pre-selected ('Refill Ships in 30 Days') with 'BUY ONCE - NO SAVINGS →' link; '89% sold' scarcity bar; 90-Day Money-Back Guarantee; (1,560) reviews, 'Isabelle and 50.000+ others purchased'; mechanism block (oil 'melts directly through the skin's lipid barrier'); 6 hero ingredients + full INCI; Day 1 → Week 8-12 results timeline; 'Why Evora? vs Others' table; FAQ (raw/landing/evora_pdp.txt)",LOW: cross-page (2 pages) [concept: 9 IDs / 2 page(s) / collation sum 22 in our sample],Persona/advertorial page linking to evorabody.com | days_since_start_asof_2026-10-03=26; surfaced by: hannah_lewis_page_all.jsonl
1122913676735519,"Meta Ad Library (US, public, logged-out)",Hannah Lewis,Evora Body / evorabody.com,ACTIVE (library end_date 2026-10-03 = still delivering),2026-09-08,25,5 (library 'ads use this creative'); concept IDs in sample: 5 across 1 page(s),VIDEO,"I paid $2,300 a night for a hotel room in Tokyo that was almost completely empty.","The ""Weird Ritual"" In Our 5-Star Tokyo Hotel","I paid $2,300 a night for a hotel room in Tokyo that was almost completely empty.
⠀
No gold. No chandelier. No marble. No minibar. Almost nothing.
⠀
And it was the most shocking hotel experience of my life. Not because of what was in the room. Because of what wasn't.
⠀
I'm 62, and I'm going to tell you how that room en [...]",Luxury-experience / professional-insider discovery ('the weird oil in the bathroom'),Feel like the pampered woman in the five-star setting; arms that feel 'like mine again',"Thin, papery, crepey arms/chest/hands after 50; lotions evaporate; hiding in sleeves",Water-based creams/lotions evaporate & sit on surface; oil melts through the lipid barrier to 'the layer where crepey skin starts'; six cold-pressed oils replace lipids skin 'stopped making' after 50/menopause,Visibly firmer/smoother arms; strangers/husband notice; 90-day guarantee,Unaware → problem-aware,The most valuable thing from a five-star hotel / first-class flight / spa / cruise was a <$40 unbranded amber bottle of body oil,Long-form first-person narrative: luxury setting with sensory/dollar detail → the 'weird'/'odd' bottle → emotional reaction (often a note/voicemail from a guest) → 'Let me rewind' → discovery of Evora → mechanism → offer,CTA button: Shop now,"[VIDEO] This ad not viewed. Concept examples viewed: Images viewed: 1788648425514311 Ritz Paris street scene with caption text overlay; 857286387379018 Honolulu police SUV in front of hotel (curiosity, ties to 'stole a bottle'); 2329433507867811 women in robes in a sauna — native lifestyle photos, no product",https://evorabody.com/products/botanical-body-oil,"Shopify PDP: 'Botanical Body Oil™' $49.00 (compare $69.00); 'WAREHOUSE CLEARANCE: UP TO 50% OFF'; 1/2/3-bottle tiers $49 / $39 / $34 per bottle; subscription pre-selected ('Refill Ships in 30 Days') with 'BUY ONCE - NO SAVINGS →' link; '89% sold' scarcity bar; 90-Day Money-Back Guarantee; (1,560) reviews, 'Isabelle and 50.000+ others purchased'; mechanism block (oil 'melts directly through the skin's lipid barrier'); 6 hero ingredients + full INCI; Day 1 → Week 8-12 results timeline; 'Why Evora? vs Others' table; FAQ (raw/landing/evora_pdp.txt)",MEDIUM: 5 ads use this creative; still live [concept: 5 IDs / 1 page(s) / collation sum 9 in our sample],Persona/advertorial page linking to evorabody.com | days_since_start_asof_2026-10-03=25; surfaced by: hannah_lewis_page_all.jsonl
1368978892061147,"Meta Ad Library (US, public, logged-out)",Hannah Lewis,Evora Body / evorabody.com,ACTIVE (library end_date 2026-10-03 = still delivering),2026-09-12,21,1 (library 'ads use this creative'); concept IDs in sample: 9 across 4 page(s),IMAGE,Will Evora ever run a sale? Apparently yes — and of course I missed it and paid full price 😅,I Paid Full Price — Now It’s On Sale 😭,"Will Evora ever run a sale? Apparently yes — and of course I missed it and paid full price 😅
⠀
If you've been curious about the body oil everyone with crepey & saggy skin keeps raving about but held back because of the cost, this is your moment.
⠀
Evora's botanical peptide blend is six oils, each one chosen to replace  [...]",Sale announcement disguised as customer regret,Get it cheaper ('64% in total'),'I want Evora… but I can't afford it.' (price objection),Light: 'six oils... replace a lipid your skin stopped making after menopause' in some variants,Visibly smoother skin; 90-day MBG,Most-aware,Holiday sale (Labor Day 50% + code LABOR64) framed as 'I paid full price — now it's on sale 😭',Short: objection quote → 'We heard you' → stacked discount → bullets → link,"CTA button: Shop now | link description: Say goodbye to crepey, saggy & dry skin. This botanical body oil visibly restores firmness and smoothness in just 2 minutes a day. See real results in 3–4 weeks — or get your money back.",[IMAGE] This ad not viewed. Concept examples viewed: Image thumbnail for 933885069780904 downloaded; not inspected,https://evorabody.com/products/botanical-body-oil,"Shopify PDP: 'Botanical Body Oil™' $49.00 (compare $69.00); 'WAREHOUSE CLEARANCE: UP TO 50% OFF'; 1/2/3-bottle tiers $49 / $39 / $34 per bottle; subscription pre-selected ('Refill Ships in 30 Days') with 'BUY ONCE - NO SAVINGS →' link; '89% sold' scarcity bar; 90-Day Money-Back Guarantee; (1,560) reviews, 'Isabelle and 50.000+ others purchased'; mechanism block (oil 'melts directly through the skin's lipid barrier'); 6 hero ingredients + full INCI; Day 1 → Week 8-12 results timeline; 'Why Evora? vs Others' table; FAQ (raw/landing/evora_pdp.txt)",MEDIUM: cross-page (4 pages); still live [concept: 9 IDs / 4 page(s) / collation sum 11 in our sample],"Persona/advertorial page linking to evorabody.com | days_since_start_asof_2026-10-03=21; surfaced by: hannah_lewis_page_all.jsonl, meta_kw_evorabody.jsonl"
4594416017514186,"Meta Ad Library (US, public, logged-out)",Hannah Lewis,Evora Body / evorabody.com,listed active but last delivery 2026-09-27 (likely paused/stopped),2026-09-12,15,1 (library 'ads use this creative'); concept IDs in sample: 12 across 2 page(s),VIDEO,"I'm probably going to get fired for posting this. But after three years as a nanny for one of the wealthiest families in New York, I don't care anymore.",The secret inside a wealthy family's house,"I'm probably going to get fired for posting this. But after three years as a nanny for one of the wealthiest families in New York, I don't care anymore.
⠀
Because there is exactly one thing in that townhouse worth knowing about. And it costs about forty dollars.
⠀
Let me rewind.
⠀
I'm 56. I've been a nanny for almost t [...]",Wealthy-household insider confession,"Have what rich, ageless women secretly use — for ~$40",Narrator (56-64) has thin/papery/crepey arms; rich employer at 70+ has 'arms of a woman twenty years younger',Water-based creams/lotions evaporate & sit on surface; oil melts through the lipid barrier to 'the layer where crepey skin starts'; six cold-pressed oils replace lipids skin 'stopped making' after 50/menopause (revealed mid-story),"Arms/skin like the wealthy woman's; 'Say goodbye to crepey, saggy & dry skin... results in 3–4 weeks — or get your money back' (link description)",Unaware → problem-aware (curiosity entry; product revealed late),"Among all the luxury in a billionaire's home, the one thing worth copying is a ~$40 amber pump bottle of body oil",Long-form first-person advertorial (8-11k chars): forbidden-confession opener ('I'm going to lose this job / get fired for posting this') → 'Let me rewind' → narrator age & job → luxury inventory with dollar figures → minimalist bathroom shelf (one amber pump bottle) → narrator tries it → spouse/others notice → mechanism → offer,CTA button: Shop now,"[VIDEO] This ad not viewed. Concept examples viewed: Image viewed for 1476760844282623: people jumping off a superyacht; 1021976634228403: selfie-style narrator inset over first-class cabin with kids, caption 'I'm a nanny for a family in New York' — native/UGC, product not shown",https://quiz.evorabody.com/,Quiz funnel: 'Take This 1-Minute Quiz To Claim Your $105 Discount!'; 'Most users see first visibly results in just 3-4 weeks'; Q1 age bracket (Under 40 / 40-49 / 50-59 / 60-69 / Over 70) (raw/landing/evora_quiz.txt),MEDIUM (not currently delivering): concept replicated in 12 ad IDs; cross-page (2 pages) [concept: 12 IDs / 2 page(s) / collation sum 19 in our sample],Persona/advertorial page linking to evorabody.com | days_since_start_asof_2026-10-03=21; surfaced by: hannah_lewis_page_all.jsonl
904551685811648,"Meta Ad Library (US, public, logged-out)",Hannah Lewis,Evora Body / evorabody.com,ACTIVE (library end_date 2026-10-03 = still delivering),2026-09-14,19,1 (library 'ads use this creative'); concept IDs in sample: 4 across 1 page(s),IMAGE,"I'm going to lose this job for telling you this. But I've driven for the same woman for nine years, and last spring she made me turn the car around and drive one and a half hours back to the Hamptons for one thing. I need to tell somebody what it was.",The skincare secret of a wealthy women,"I'm going to lose this job for telling you this. But I've driven for the same woman for nine years, and last spring she made me turn the car around and drive one and a half hours back to the Hamptons for one thing. I need to tell somebody what it was.
⠀
The thing we turned around for cost forty dollars.
⠀
Let me back u [...]",Wealthy-household insider confession,"Have what rich, ageless women secretly use — for ~$40",Narrator (56-64) has thin/papery/crepey arms; rich employer at 70+ has 'arms of a woman twenty years younger',Water-based creams/lotions evaporate & sit on surface; oil melts through the lipid barrier to 'the layer where crepey skin starts'; six cold-pressed oils replace lipids skin 'stopped making' after 50/menopause (revealed mid-story),"Arms/skin like the wealthy woman's; 'Say goodbye to crepey, saggy & dry skin... results in 3–4 weeks — or get your money back' (link description)",Unaware → problem-aware (curiosity entry; product revealed late),"Among all the luxury in a billionaire's home, the one thing worth copying is a ~$40 amber pump bottle of body oil",Long-form first-person advertorial (8-11k chars): forbidden-confession opener ('I'm going to lose this job / get fired for posting this') → 'Let me rewind' → narrator age & job → luxury inventory with dollar figures → minimalist bathroom shelf (one amber pump bottle) → narrator tries it → spouse/others notice → mechanism → offer,"CTA button: Shop now | link description: Say goodbye to crepey, saggy & dry skin. This botanical body oil visibly restores firmness and smoothness in just 2 minutes a day. See real results in 3–4 weeks — or get your money back.","[IMAGE] This ad not viewed. Concept examples viewed: Image viewed for 1476760844282623: people jumping off a superyacht; 1021976634228403: selfie-style narrator inset over first-class cabin with kids, caption 'I'm a nanny for a family in New York' — native/UGC, product not shown",https://evorabody.com/products/botanical-body-oil,"Shopify PDP: 'Botanical Body Oil™' $49.00 (compare $69.00); 'WAREHOUSE CLEARANCE: UP TO 50% OFF'; 1/2/3-bottle tiers $49 / $39 / $34 per bottle; subscription pre-selected ('Refill Ships in 30 Days') with 'BUY ONCE - NO SAVINGS →' link; '89% sold' scarcity bar; 90-Day Money-Back Guarantee; (1,560) reviews, 'Isabelle and 50.000+ others purchased'; mechanism block (oil 'melts directly through the skin's lipid barrier'); 6 hero ingredients + full INCI; Day 1 → Week 8-12 results timeline; 'Why Evora? vs Others' table; FAQ (raw/landing/evora_pdp.txt)",LOW: still live [concept: 4 IDs / 1 page(s) / collation sum 4 in our sample],Persona/advertorial page linking to evorabody.com | days_since_start_asof_2026-10-03=19; surfaced by: hannah_lewis_page_all.jsonl
1959706931378835,"Meta Ad Library (US, public, logged-out)",Natalie Brooks,Evora Body / evorabody.com,listed active but last delivery 2026-09-30 (likely paused/stopped),2026-07-03,89,1 (library 'ads use this creative'); concept IDs in sample: 2 across 1 page(s),IMAGE,My husband and I just got back from Europe.,He ‘hates’ this oil now 😂,"My husband and I just got back from Europe.

Last night, he said something at dinner that made me laugh until I cried.

""Let me get this straight.

I spent four thousand euros on a five-star European vacation.

And the highlight of YOUR trip was some 30-year-old waiter at the bistro telling you your arms looked incredi [...]",Spouse-jealousy / romance comedy,Be seen and desired again; husband's renewed attention,Hid in cover-ups/cardigans for years; arms went thin and papery around fifty,Water-based creams/lotions evaporate & sit on surface; oil melts through the lipid barrier to 'the layer where crepey skin starts'; six cold-pressed oils replace lipids skin 'stopped making' after 50/menopause,'most beautiful skin on the beach'; wearing a swimsuit again,Unaware → problem-aware,A stranger complimented my skin in front of my husband — now he's ordering the bathroom body oil,Opens on husband's punchline dialogue at dinner ('Let me get this straight...') → 'Let me rewind' → trip (Maui/Europe) → hotel-bathroom oil → transformation → product,"CTA button: Shop now | link description: Say goodbye to crepey, saggy & dry skin. This botanical body oil visibly restores firmness and smoothness in just 2 minutes a day. See real results in 3–4 weeks — or get your money back.",[IMAGE] This ad not viewed. Concept examples viewed: Image viewed for 2014827096140525: woman's bare shoulder holding a lei at Hawaii airport arrivals (native photo),https://evorabody.com/products/botanical-body-oil,"Shopify PDP: 'Botanical Body Oil™' $49.00 (compare $69.00); 'WAREHOUSE CLEARANCE: UP TO 50% OFF'; 1/2/3-bottle tiers $49 / $39 / $34 per bottle; subscription pre-selected ('Refill Ships in 30 Days') with 'BUY ONCE - NO SAVINGS →' link; '89% sold' scarcity bar; 90-Day Money-Back Guarantee; (1,560) reviews, 'Isabelle and 50.000+ others purchased'; mechanism block (oil 'melts directly through the skin's lipid barrier'); 6 hero ingredients + full INCI; Day 1 → Week 8-12 results timeline; 'Why Evora? vs Others' table; FAQ (raw/landing/evora_pdp.txt)",MEDIUM (not currently delivering): longevity 89d [concept: 2 IDs / 1 page(s) / collation sum 2 in our sample],"Persona/advertorial page linking to evorabody.com | days_since_start_asof_2026-10-03=92; surfaced by: kw_evorabody_pre2026-08.jsonl, natalie_brooks_page_pre2026-09.jsonl, natalie_brooks_pre2026-09_retry.jsonl"
1544710363874243,"Meta Ad Library (US, public, logged-out)",Natalie Brooks,Evora Body / evorabody.com,listed active but last delivery 2026-09-20 (likely paused/stopped),2026-07-09,73,1 (library 'ads use this creative'); concept IDs in sample: 4 across 2 page(s),IMAGE,I manage a vacation rental.,The “Weird Oil” In Our 5-Star Airbnb,"I manage a vacation rental.

Last week a guest sent me a message that made me put my phone down and just sit there for a minute.

""I'm not exaggerating —

I stood in your bathroom, ran my hand down my own arm, and got emotional.

I'd forgotten what it felt like to not flinch at my own skin.

Please tell me what that oi [...]",Luxury-experience / professional-insider discovery ('the weird oil in the bathroom'),Feel like the pampered woman in the five-star setting; arms that feel 'like mine again',"Thin, papery, crepey arms/chest/hands after 50; lotions evaporate; hiding in sleeves",Water-based creams/lotions evaporate & sit on surface; oil melts through the lipid barrier to 'the layer where crepey skin starts'; six cold-pressed oils replace lipids skin 'stopped making' after 50/menopause,Visibly firmer/smoother arms; strangers/husband notice; 90-day guarantee,Unaware → problem-aware,The most valuable thing from a five-star hotel / first-class flight / spa / cruise was a <$40 unbranded amber bottle of body oil,Long-form first-person narrative: luxury setting with sensory/dollar detail → the 'weird'/'odd' bottle → emotional reaction (often a note/voicemail from a guest) → 'Let me rewind' → discovery of Evora → mechanism → offer,"CTA button: Shop now | link description: Say goodbye to crepey, saggy & dry skin. This botanical body oil visibly restores firmness and smoothness in just 2 minutes a day. See real results in 3–4 weeks — or get your money back.","[IMAGE] This ad not viewed. Concept examples viewed: Images viewed: 1788648425514311 Ritz Paris street scene with caption text overlay; 857286387379018 Honolulu police SUV in front of hotel (curiosity, ties to 'stole a bottle'); 2329433507867811 women in robes in a sauna — native lifestyle photos, no product",https://evorabody.com/products/botanical-body-oil,"Shopify PDP: 'Botanical Body Oil™' $49.00 (compare $69.00); 'WAREHOUSE CLEARANCE: UP TO 50% OFF'; 1/2/3-bottle tiers $49 / $39 / $34 per bottle; subscription pre-selected ('Refill Ships in 30 Days') with 'BUY ONCE - NO SAVINGS →' link; '89% sold' scarcity bar; 90-Day Money-Back Guarantee; (1,560) reviews, 'Isabelle and 50.000+ others purchased'; mechanism block (oil 'melts directly through the skin's lipid barrier'); 6 hero ingredients + full INCI; Day 1 → Week 8-12 results timeline; 'Why Evora? vs Others' table; FAQ (raw/landing/evora_pdp.txt)",HIGH-historical (now stopped; last delivery 2026-09-20): longevity 73d; cross-page (2 pages) [concept: 4 IDs / 2 page(s) / collation sum 5 in our sample],Persona/advertorial page linking to evorabody.com | days_since_start_asof_2026-10-03=86; surfaced by: kw_evorabody_pre2026-08.jsonl
3248333788670167,"Meta Ad Library (US, public, logged-out)",Natalie Brooks,Evora Body / evorabody.com,listed active but last delivery 2026-10-01 (likely paused/stopped),2026-07-11,82,1 (library 'ads use this creative'); concept IDs in sample: 2 across 1 page(s),IMAGE,"I bought one ticket to the World Cup. Not two. Not four. One. My husband said soccer's boring. My kids were ""so busy this summer."" My best friend needed ""more notice.""",I bought one ticket to the World Cup,"I bought one ticket to the World Cup. Not two. Not four. One. My husband said soccer's boring. My kids were ""so busy this summer."" My best friend needed ""more notice.""

For forty years, that's where my plans went to die.

Not this time.

Let me explain how a sixty-year-old woman ends up alone at a World Cup match, scre [...]","Life-event / emotional (solo travel, widowhood) and delivery-driver social proof",Reclaim a life of 'someday' plans; feel confident in sleeveless clothes,Grief/self-neglect; hiding arms in cardigans,Water-based creams/lotions evaporate & sit on surface; oil melts through the lipid barrier to 'the layer where crepey skin starts'; six cold-pressed oils replace lipids skin 'stopped making' after 50/menopause (late in story),Confidence to go out and be seen,Unaware,A 60-year-old woman finally does the thing alone — and her skin is part of getting her life back / women are waiting at the door for this package,Long-form personal essay with emotional arc → skin as sub-plot → product,"CTA button: Shop now | link description: Step 2: Apply straight after, while your skin is still warm. 2–3 pumps onto your arms, chest, or wherever you need it most.","[IMAGE] This ad not viewed. Concept examples viewed: Image viewed for 882082784513664: POV from a delivery truck, woman with dog waiting at the end of a rural driveway (native photo)",https://evorabody.com/products/botanical-body-oil,"Shopify PDP: 'Botanical Body Oil™' $49.00 (compare $69.00); 'WAREHOUSE CLEARANCE: UP TO 50% OFF'; 1/2/3-bottle tiers $49 / $39 / $34 per bottle; subscription pre-selected ('Refill Ships in 30 Days') with 'BUY ONCE - NO SAVINGS →' link; '89% sold' scarcity bar; 90-Day Money-Back Guarantee; (1,560) reviews, 'Isabelle and 50.000+ others purchased'; mechanism block (oil 'melts directly through the skin's lipid barrier'); 6 hero ingredients + full INCI; Day 1 → Week 8-12 results timeline; 'Why Evora? vs Others' table; FAQ (raw/landing/evora_pdp.txt)",MEDIUM (not currently delivering): longevity 82d [concept: 2 IDs / 1 page(s) / collation sum 2 in our sample],"Persona/advertorial page linking to evorabody.com | days_since_start_asof_2026-10-03=84; surfaced by: kw_evorabody_pre2026-08.jsonl, natalie_brooks_page_pre2026-09.jsonl, natalie_brooks_pre2026-09_retry.jsonl"
1540482734095150,"Meta Ad Library (US, public, logged-out)",Natalie Brooks,Evora Body / evorabody.com,ACTIVE (library end_date 2026-10-03 = still delivering),2026-07-13,82,1 (library 'ads use this creative'); concept IDs in sample: 1 across 1 page(s),IMAGE,"My husband and I had a deal for forty years: if the World Cup ever came to America, we were going. No discussion, no checking the budget. It came this summer.",My husband and I had a World Cup deal,"My husband and I had a deal for forty years: if the World Cup ever came to America, we were going. No discussion, no checking the budget. It came this summer.

He died two years ago.

I went anyway.

Let me tell you about Tom and soccer.

He fell in love with it in 1994, when the World Cup came to America the first tim [...]","Life-event / emotional (solo travel, widowhood) and delivery-driver social proof",Reclaim a life of 'someday' plans; feel confident in sleeveless clothes,Grief/self-neglect; hiding arms in cardigans,Water-based creams/lotions evaporate & sit on surface; oil melts through the lipid barrier to 'the layer where crepey skin starts'; six cold-pressed oils replace lipids skin 'stopped making' after 50/menopause (late in story),Confidence to go out and be seen,Unaware,A 60-year-old woman finally does the thing alone — and her skin is part of getting her life back / women are waiting at the door for this package,Long-form personal essay with emotional arc → skin as sub-plot → product,"CTA button: Shop now | link description: Step 2: Apply straight after, while your skin is still warm. 2–3 pumps onto your arms, chest, or wherever you need it most.","[IMAGE] This ad not viewed. Concept examples viewed: Image viewed for 882082784513664: POV from a delivery truck, woman with dog waiting at the end of a rural driveway (native photo)",https://evorabody.com/products/botanical-body-oil,"Shopify PDP: 'Botanical Body Oil™' $49.00 (compare $69.00); 'WAREHOUSE CLEARANCE: UP TO 50% OFF'; 1/2/3-bottle tiers $49 / $39 / $34 per bottle; subscription pre-selected ('Refill Ships in 30 Days') with 'BUY ONCE - NO SAVINGS →' link; '89% sold' scarcity bar; 90-Day Money-Back Guarantee; (1,560) reviews, 'Isabelle and 50.000+ others purchased'; mechanism block (oil 'melts directly through the skin's lipid barrier'); 6 hero ingredients + full INCI; Day 1 → Week 8-12 results timeline; 'Why Evora? vs Others' table; FAQ (raw/landing/evora_pdp.txt)",MEDIUM: longevity 82d; still live [concept: 1 IDs / 1 page(s) / collation sum 1 in our sample],"Persona/advertorial page linking to evorabody.com | days_since_start_asof_2026-10-03=82; surfaced by: kw_evorabody_pre2026-08.jsonl, natalie_brooks_page_pre2026-09.jsonl, natalie_brooks_pre2026-09_retry.jsonl"
882082784513664,"Meta Ad Library (US, public, logged-out)",Natalie Brooks,Evora Body / evorabody.com,ACTIVE (library end_date 2026-10-03 = still delivering),2026-07-17,78,1 (library 'ads use this creative'); concept IDs in sample: 1 across 1 page(s),IMAGE,I’ve been a delivery driver for USPS for the past 6 years.,This One Package Has Women Waiting at the Door,"I’ve been a delivery driver for USPS for the past 6 years.

I’ve seen it all.

People in their bathrobes. Dogs that want to eat me. Porch pirates. The whole deal.

But about three months ago, something WEIRD started happening.

Women started waiting at their doors.

Not just standing there casually.

I mean WAITING. Li [...]","Life-event / emotional (solo travel, widowhood) and delivery-driver social proof",Reclaim a life of 'someday' plans; feel confident in sleeveless clothes,Grief/self-neglect; hiding arms in cardigans,Water-based creams/lotions evaporate & sit on surface; oil melts through the lipid barrier to 'the layer where crepey skin starts'; six cold-pressed oils replace lipids skin 'stopped making' after 50/menopause (late in story),Confidence to go out and be seen,Unaware,A 60-year-old woman finally does the thing alone — and her skin is part of getting her life back / women are waiting at the door for this package,Long-form personal essay with emotional arc → skin as sub-plot → product,CTA button: Shop now | link description: 50% off till midnight,"[IMAGE] THIS AD VIEWED. Image viewed for 882082784513664: POV from a delivery truck, woman with dog waiting at the end of a rural driveway (native photo)",https://evorabody.com/products/botanical-body-oil,"Shopify PDP: 'Botanical Body Oil™' $49.00 (compare $69.00); 'WAREHOUSE CLEARANCE: UP TO 50% OFF'; 1/2/3-bottle tiers $49 / $39 / $34 per bottle; subscription pre-selected ('Refill Ships in 30 Days') with 'BUY ONCE - NO SAVINGS →' link; '89% sold' scarcity bar; 90-Day Money-Back Guarantee; (1,560) reviews, 'Isabelle and 50.000+ others purchased'; mechanism block (oil 'melts directly through the skin's lipid barrier'); 6 hero ingredients + full INCI; Day 1 → Week 8-12 results timeline; 'Why Evora? vs Others' table; FAQ (raw/landing/evora_pdp.txt)",MEDIUM: longevity 78d; still live [concept: 1 IDs / 1 page(s) / collation sum 1 in our sample],"Persona/advertorial page linking to evorabody.com | days_since_start_asof_2026-10-03=78; surfaced by: kw_evorabody_pre2026-08.jsonl, natalie_brooks_page_pre2026-09.jsonl, natalie_brooks_pre2026-09_retry.jsonl"
1741250287018176,"Meta Ad Library (US, public, logged-out)",Natalie Brooks,Evora Body / evorabody.com,ACTIVE (library end_date 2026-10-03 = still delivering),2026-07-17,78,1 (library 'ads use this creative'); concept IDs in sample: 5 across 1 page(s),IMAGE,My husband and I just got home from Maui.,He's still mad about a $14 drink someone else bought me 😂,"My husband and I just got home from Maui.

Last night at dinner, he said something that made me laugh until I cried.

""Let me get this straight. I spent two years saving for this trip. Oceanfront resort. The sunset sail. The whole island. And the highlight of YOUR week was some 30-year-old at the beach bar buying you a [...]",Spouse-jealousy / romance comedy,Be seen and desired again; husband's renewed attention,Hid in cover-ups/cardigans for years; arms went thin and papery around fifty,Water-based creams/lotions evaporate & sit on surface; oil melts through the lipid barrier to 'the layer where crepey skin starts'; six cold-pressed oils replace lipids skin 'stopped making' after 50/menopause,'most beautiful skin on the beach'; wearing a swimsuit again,Unaware → problem-aware,A stranger complimented my skin in front of my husband — now he's ordering the bathroom body oil,Opens on husband's punchline dialogue at dinner ('Let me get this straight...') → 'Let me rewind' → trip (Maui/Europe) → hotel-bathroom oil → transformation → product,"CTA button: Shop now | link description: Say goodbye to crepey, saggy & dry skin. This botanical body oil visibly restores firmness and smoothness in just 2 minutes a day. See real results in 3–4 weeks — or get your money back.",[IMAGE] This ad not viewed. Concept examples viewed: Image viewed for 2014827096140525: woman's bare shoulder holding a lei at Hawaii airport arrivals (native photo),https://evorabody.com/products/botanical-body-oil,"Shopify PDP: 'Botanical Body Oil™' $49.00 (compare $69.00); 'WAREHOUSE CLEARANCE: UP TO 50% OFF'; 1/2/3-bottle tiers $49 / $39 / $34 per bottle; subscription pre-selected ('Refill Ships in 30 Days') with 'BUY ONCE - NO SAVINGS →' link; '89% sold' scarcity bar; 90-Day Money-Back Guarantee; (1,560) reviews, 'Isabelle and 50.000+ others purchased'; mechanism block (oil 'melts directly through the skin's lipid barrier'); 6 hero ingredients + full INCI; Day 1 → Week 8-12 results timeline; 'Why Evora? vs Others' table; FAQ (raw/landing/evora_pdp.txt)",MEDIUM: longevity 78d; still live [concept: 5 IDs / 1 page(s) / collation sum 5 in our sample],"Persona/advertorial page linking to evorabody.com | days_since_start_asof_2026-10-03=78; surfaced by: kw_evorabody_pre2026-08.jsonl, natalie_brooks_page_pre2026-09.jsonl, natalie_brooks_pre2026-09_retry.jsonl"
2428671117599899,"Meta Ad Library (US, public, logged-out)",Natalie Brooks,Evora Body / evorabody.com,ACTIVE (library end_date 2026-10-03 = still delivering),2026-07-17,78,1 (library 'ads use this creative'); concept IDs in sample: 1 across 1 page(s),IMAGE,I manage a vacation rental. Last week a guest sent me a message that made me put my phone down and just sit there for a minute.,The “Weird Serum” In Our 5-Star Airbnb,"I manage a vacation rental. Last week a guest sent me a message that made me put my phone down and just sit there for a minute.

""I'm not exaggerating — I stood in your bathroom, ran my hand down my own arm, and got emotional. I'd forgotten what it felt like to not flinch at my own skin. Please tell me what that oil is [...]",Luxury-experience / professional-insider discovery ('the weird oil in the bathroom'),Feel like the pampered woman in the five-star setting; arms that feel 'like mine again',"Thin, papery, crepey arms/chest/hands after 50; lotions evaporate; hiding in sleeves",Water-based creams/lotions evaporate & sit on surface; oil melts through the lipid barrier to 'the layer where crepey skin starts'; six cold-pressed oils replace lipids skin 'stopped making' after 50/menopause,Visibly firmer/smoother arms; strangers/husband notice; 90-day guarantee,Unaware → problem-aware,The most valuable thing from a five-star hotel / first-class flight / spa / cruise was a <$40 unbranded amber bottle of body oil,Long-form first-person narrative: luxury setting with sensory/dollar detail → the 'weird'/'odd' bottle → emotional reaction (often a note/voicemail from a guest) → 'Let me rewind' → discovery of Evora → mechanism → offer,"CTA button: Shop now | link description: Say goodbye to crepey, saggy & dry skin. This botanical body oil visibly restores firmness and smoothness in just 2 minutes a day. See real results in 3–4 weeks — or get your money back.","[IMAGE] This ad not viewed. Concept examples viewed: Images viewed: 1788648425514311 Ritz Paris street scene with caption text overlay; 857286387379018 Honolulu police SUV in front of hotel (curiosity, ties to 'stole a bottle'); 2329433507867811 women in robes in a sauna — native lifestyle photos, no product",https://evorabody.com/products/botanical-body-oil,"Shopify PDP: 'Botanical Body Oil™' $49.00 (compare $69.00); 'WAREHOUSE CLEARANCE: UP TO 50% OFF'; 1/2/3-bottle tiers $49 / $39 / $34 per bottle; subscription pre-selected ('Refill Ships in 30 Days') with 'BUY ONCE - NO SAVINGS →' link; '89% sold' scarcity bar; 90-Day Money-Back Guarantee; (1,560) reviews, 'Isabelle and 50.000+ others purchased'; mechanism block (oil 'melts directly through the skin's lipid barrier'); 6 hero ingredients + full INCI; Day 1 → Week 8-12 results timeline; 'Why Evora? vs Others' table; FAQ (raw/landing/evora_pdp.txt)",MEDIUM: longevity 78d; still live [concept: 1 IDs / 1 page(s) / collation sum 1 in our sample],Persona/advertorial page linking to evorabody.com | days_since_start_asof_2026-10-03=78; surfaced by: kw_evorabody_pre2026-08.jsonl
1508284624378564,"Meta Ad Library (US, public, logged-out)",Natalie Brooks,Evora Body / evorabody.com,listed active but last delivery 2026-10-01 (likely paused/stopped),2026-07-18,75,1 (library 'ads use this creative'); concept IDs in sample: 1 across 1 page(s),IMAGE,My neighbor hosts skincare parties every month for about a dozen women in our community.,She doesn’t even use her own products,"My neighbor hosts skincare parties every month for about a dozen women in our community.
Last month, her own husband said something at one of those parties that still gives me chills.

Let me rewind.

I’ve been going to Linda’s monthly skincare parties religiously for the past 3 years.
I buy the products she recommends [...]",Luxury-experience / professional-insider discovery ('the weird oil in the bathroom'),Feel like the pampered woman in the five-star setting; arms that feel 'like mine again',"Thin, papery, crepey arms/chest/hands after 50; lotions evaporate; hiding in sleeves",Water-based creams/lotions evaporate & sit on surface; oil melts through the lipid barrier to 'the layer where crepey skin starts'; six cold-pressed oils replace lipids skin 'stopped making' after 50/menopause,Visibly firmer/smoother arms; strangers/husband notice; 90-day guarantee,Unaware → problem-aware,The most valuable thing from a five-star hotel / first-class flight / spa / cruise was a <$40 unbranded amber bottle of body oil,Long-form first-person narrative: luxury setting with sensory/dollar detail → the 'weird'/'odd' bottle → emotional reaction (often a note/voicemail from a guest) → 'Let me rewind' → discovery of Evora → mechanism → offer,"CTA button: Shop now | link description: Say goodbye to crepey, saggy & dry skin. This botanical body oil visibly restores firmness and smoothness in just 2 minutes a day. See real results in 3–4 weeks — or get your money back.","[IMAGE] This ad not viewed. Concept examples viewed: Images viewed: 1788648425514311 Ritz Paris street scene with caption text overlay; 857286387379018 Honolulu police SUV in front of hotel (curiosity, ties to 'stole a bottle'); 2329433507867811 women in robes in a sauna — native lifestyle photos, no product",https://evorabody.com/products/botanical-body-oil,"Shopify PDP: 'Botanical Body Oil™' $49.00 (compare $69.00); 'WAREHOUSE CLEARANCE: UP TO 50% OFF'; 1/2/3-bottle tiers $49 / $39 / $34 per bottle; subscription pre-selected ('Refill Ships in 30 Days') with 'BUY ONCE - NO SAVINGS →' link; '89% sold' scarcity bar; 90-Day Money-Back Guarantee; (1,560) reviews, 'Isabelle and 50.000+ others purchased'; mechanism block (oil 'melts directly through the skin's lipid barrier'); 6 hero ingredients + full INCI; Day 1 → Week 8-12 results timeline; 'Why Evora? vs Others' table; FAQ (raw/landing/evora_pdp.txt)",MEDIUM (not currently delivering): longevity 75d [concept: 1 IDs / 1 page(s) / collation sum 1 in our sample],Persona/advertorial page linking to evorabody.com | days_since_start_asof_2026-10-03=77; surfaced by: kw_evorabody_pre2026-08.jsonl
3166848276843966,"Meta Ad Library (US, public, logged-out)",Natalie Brooks,Evora Body / evorabody.com,listed active but last delivery 2026-09-23 (likely paused/stopped),2026-08-03,51,1 (library 'ads use this creative'); concept IDs in sample: 1 across 1 page(s),IMAGE,I'd almost given up on the skin,I'd almost given up on my skin. Then I found this 🤍,"I'd almost given up on the skin
⠀
I'd tried the drugstore brands, the expensive department-store ones, the hyaluronic serums, the retinol body creams. None of them actually changed how the skin on my arms felt.
⠀
Then I found out why: most body lotions are 70 to 80 percent water. They sit on the surface and evaporate w [...]",Mechanism-led problem/solution,Finally something that works on crepey arms/papery chest/hands,"'most body firming lotion and creams don't actually work' — 70-80% water, evaporate, never reach deeper layer","Water-based creams/lotions evaporate & sit on surface; oil melts through the lipid barrier to 'the layer where crepey skin starts'; six cold-pressed oils replace lipids skin 'stopped making' after 50/menopause; named oils: Wakame Algae, Brazil Nut, Passionflower Seed, Rice Bran (+ argan, vitamin E)",Results by week six / 'two minutes a day'; full refund if no change,Problem-aware / solution-aware,Lotions are mostly water — an oil that matches the skin's lipid barrier reaches where creams can't,"Short direct-response (≈400-1,500 chars): call-out/question → reason-why → named ingredients → bullets → guarantee",CTA button: Shop now | link description: 50% off + 90-day guarantee,[IMAGE] This ad not viewed. Concept examples viewed: Image viewed for 1934644087249957: 'NATURAL BOTOX IN A BOTTLE?' product-callout graphic (Smooths crepey skin / Rebuilds the lipid barrier / Firmer arms / Trusted by thousands of women over 50 / Absorbs in seconds / Developed by dermatologists / 'NOW 50% OFF'); 1808170097172717 video thumb: stylised blue woman reading letter 'To every Evora customer',https://evorabody.com/products/botanical-body-oil,"Shopify PDP: 'Botanical Body Oil™' $49.00 (compare $69.00); 'WAREHOUSE CLEARANCE: UP TO 50% OFF'; 1/2/3-bottle tiers $49 / $39 / $34 per bottle; subscription pre-selected ('Refill Ships in 30 Days') with 'BUY ONCE - NO SAVINGS →' link; '89% sold' scarcity bar; 90-Day Money-Back Guarantee; (1,560) reviews, 'Isabelle and 50.000+ others purchased'; mechanism block (oil 'melts directly through the skin's lipid barrier'); 6 hero ingredients + full INCI; Day 1 → Week 8-12 results timeline; 'Why Evora? vs Others' table; FAQ (raw/landing/evora_pdp.txt)",LOW: single observation [concept: 1 IDs / 1 page(s) / collation sum 1 in our sample],"Persona/advertorial page linking to evorabody.com | days_since_start_asof_2026-10-03=61; surfaced by: natalie_brooks_page_pre2026-09.jsonl, natalie_brooks_pre2026-09_retry.jsonl"
1073489765350550,"Meta Ad Library (US, public, logged-out)",Natalie Brooks,Evora Body / evorabody.com,ACTIVE (library end_date 2026-10-03 = still delivering),2026-08-06,58,1 (library 'ads use this creative'); concept IDs in sample: 1 across 1 page(s),VIDEO,"I've been a cabin attendant on a luxury cruise line for four years. Last week, a guest slipped a note under my door before she disembarked.",The 'Odd' Oil in Our Cruise Cabins,"I've been a cabin attendant on a luxury cruise line for four years. Last week, a guest slipped a note under my door before she disembarked.
⠀
It said:
⠀
""I've been on fourteen cruises.
⠀
I have never once left a ship looking better than when I boarded.
⠀
This time I did.
⠀
My arms look ten years younger than when I arr [...]",Luxury-experience / professional-insider discovery ('the weird oil in the bathroom'),Feel like the pampered woman in the five-star setting; arms that feel 'like mine again',"Thin, papery, crepey arms/chest/hands after 50; lotions evaporate; hiding in sleeves",Water-based creams/lotions evaporate & sit on surface; oil melts through the lipid barrier to 'the layer where crepey skin starts'; six cold-pressed oils replace lipids skin 'stopped making' after 50/menopause,Visibly firmer/smoother arms; strangers/husband notice; 90-day guarantee,Unaware → problem-aware,The most valuable thing from a five-star hotel / first-class flight / spa / cruise was a <$40 unbranded amber bottle of body oil,Long-form first-person narrative: luxury setting with sensory/dollar detail → the 'weird'/'odd' bottle → emotional reaction (often a note/voicemail from a guest) → 'Let me rewind' → discovery of Evora → mechanism → offer,CTA button: Shop now,"[VIDEO] This ad not viewed. Concept examples viewed: Images viewed: 1788648425514311 Ritz Paris street scene with caption text overlay; 857286387379018 Honolulu police SUV in front of hotel (curiosity, ties to 'stole a bottle'); 2329433507867811 women in robes in a sauna — native lifestyle photos, no product",https://evorabody.com/products/botanical-body-oil,"Shopify PDP: 'Botanical Body Oil™' $49.00 (compare $69.00); 'WAREHOUSE CLEARANCE: UP TO 50% OFF'; 1/2/3-bottle tiers $49 / $39 / $34 per bottle; subscription pre-selected ('Refill Ships in 30 Days') with 'BUY ONCE - NO SAVINGS →' link; '89% sold' scarcity bar; 90-Day Money-Back Guarantee; (1,560) reviews, 'Isabelle and 50.000+ others purchased'; mechanism block (oil 'melts directly through the skin's lipid barrier'); 6 hero ingredients + full INCI; Day 1 → Week 8-12 results timeline; 'Why Evora? vs Others' table; FAQ (raw/landing/evora_pdp.txt)",LOW: still live [concept: 1 IDs / 1 page(s) / collation sum 1 in our sample],"Persona/advertorial page linking to evorabody.com | days_since_start_asof_2026-10-03=58; surfaced by: natalie_brooks_page_pre2026-09.jsonl, natalie_brooks_pre2026-09_retry.jsonl"
1549719923551572,"Meta Ad Library (US, public, logged-out)",Natalie Brooks,Evora Body / evorabody.com,ACTIVE (library end_date 2026-10-03 = still delivering),2026-08-15,49,1 (library 'ads use this creative'); concept IDs in sample: 1 across 1 page(s),IMAGE,"I just spent $5,800 to hike fourteen miles a day in the Santa Monica mountains. And I need to tell you about something slightly ridiculous that happened there.","The $5,800 retreat secret that has nothing to do with hiking","I just spent $5,800 to hike fourteen miles a day in the Santa Monica mountains. And I need to tell you about something slightly ridiculous that happened there.
⠀
On the fourth evening, at dinner, the woman next to me — sixty-four, from Dallas — leaned over and said, quietly, like she was confessing:
⠀
""I have to ask yo [...]",Luxury-experience / professional-insider discovery ('the weird oil in the bathroom'),Feel like the pampered woman in the five-star setting; arms that feel 'like mine again',"Thin, papery, crepey arms/chest/hands after 50; lotions evaporate; hiding in sleeves",Water-based creams/lotions evaporate & sit on surface; oil melts through the lipid barrier to 'the layer where crepey skin starts'; six cold-pressed oils replace lipids skin 'stopped making' after 50/menopause,Visibly firmer/smoother arms; strangers/husband notice; 90-day guarantee,Unaware → problem-aware,The most valuable thing from a five-star hotel / first-class flight / spa / cruise was a <$40 unbranded amber bottle of body oil,Long-form first-person narrative: luxury setting with sensory/dollar detail → the 'weird'/'odd' bottle → emotional reaction (often a note/voicemail from a guest) → 'Let me rewind' → discovery of Evora → mechanism → offer,"CTA button: Shop now | link description: Say goodbye to crepey, saggy & dry skin. This botanical body oil visibly restores firmness and smoothness in just 2 minutes a day. See real results in 3–4 weeks — or get your money back.","[IMAGE] This ad not viewed. Concept examples viewed: Images viewed: 1788648425514311 Ritz Paris street scene with caption text overlay; 857286387379018 Honolulu police SUV in front of hotel (curiosity, ties to 'stole a bottle'); 2329433507867811 women in robes in a sauna — native lifestyle photos, no product",https://evorabody.com/products/botanical-body-oil,"Shopify PDP: 'Botanical Body Oil™' $49.00 (compare $69.00); 'WAREHOUSE CLEARANCE: UP TO 50% OFF'; 1/2/3-bottle tiers $49 / $39 / $34 per bottle; subscription pre-selected ('Refill Ships in 30 Days') with 'BUY ONCE - NO SAVINGS →' link; '89% sold' scarcity bar; 90-Day Money-Back Guarantee; (1,560) reviews, 'Isabelle and 50.000+ others purchased'; mechanism block (oil 'melts directly through the skin's lipid barrier'); 6 hero ingredients + full INCI; Day 1 → Week 8-12 results timeline; 'Why Evora? vs Others' table; FAQ (raw/landing/evora_pdp.txt)",LOW: still live [concept: 1 IDs / 1 page(s) / collation sum 1 in our sample],"Persona/advertorial page linking to evorabody.com | days_since_start_asof_2026-10-03=49; surfaced by: natalie_brooks_page_pre2026-09.jsonl, natalie_brooks_pre2026-09_retry.jsonl"
2014827096140525,"Meta Ad Library (US, public, logged-out)",Natalie Brooks,Evora Body / evorabody.com,ACTIVE (library end_date 2026-10-03 = still delivering),2026-08-19,45,1 (library 'ads use this creative'); concept IDs in sample: 3 across 1 page(s),IMAGE,My husband told me he wasn't up for three weeks in Hawaii. A trip I'd planned for us for twenty years.,My husband didn't recognize me at the airport 😂,"My husband told me he wasn't up for three weeks in Hawaii. A trip I'd planned for us for twenty years.
⠀
So I flew to Maui without him. He came out for the last week.
⠀
And last night at dinner, back home, he said something that made me laugh until I cried.
⠀
""Let me get this straight. You flew to Hawaii by yourself. I [...]",Spouse-jealousy / romance comedy,Be seen and desired again; husband's renewed attention,Hid in cover-ups/cardigans for years; arms went thin and papery around fifty,Water-based creams/lotions evaporate & sit on surface; oil melts through the lipid barrier to 'the layer where crepey skin starts'; six cold-pressed oils replace lipids skin 'stopped making' after 50/menopause,'most beautiful skin on the beach'; wearing a swimsuit again,Unaware → problem-aware,A stranger complimented my skin in front of my husband — now he's ordering the bathroom body oil,Opens on husband's punchline dialogue at dinner ('Let me get this straight...') → 'Let me rewind' → trip (Maui/Europe) → hotel-bathroom oil → transformation → product,"CTA button: Shop now | link description: Say goodbye to crepey, saggy & dry skin. This botanical body oil visibly restores firmness and smoothness in just 2 minutes a day. See real results in 3–4 weeks — or get your money back.",[IMAGE] THIS AD VIEWED. Image viewed for 2014827096140525: woman's bare shoulder holding a lei at Hawaii airport arrivals (native photo),https://evorabody.com/products/botanical-body-oil,"Shopify PDP: 'Botanical Body Oil™' $49.00 (compare $69.00); 'WAREHOUSE CLEARANCE: UP TO 50% OFF'; 1/2/3-bottle tiers $49 / $39 / $34 per bottle; subscription pre-selected ('Refill Ships in 30 Days') with 'BUY ONCE - NO SAVINGS →' link; '89% sold' scarcity bar; 90-Day Money-Back Guarantee; (1,560) reviews, 'Isabelle and 50.000+ others purchased'; mechanism block (oil 'melts directly through the skin's lipid barrier'); 6 hero ingredients + full INCI; Day 1 → Week 8-12 results timeline; 'Why Evora? vs Others' table; FAQ (raw/landing/evora_pdp.txt)",LOW: still live [concept: 3 IDs / 1 page(s) / collation sum 7 in our sample],"Persona/advertorial page linking to evorabody.com | days_since_start_asof_2026-10-03=45; surfaced by: natalie_brooks_page_all.jsonl, natalie_brooks_page_pre2026-09.jsonl, natalie_brooks_pre2026-09_retry.jsonl"
4299451543533120,"Meta Ad Library (US, public, logged-out)",Natalie Brooks,Evora Body / evorabody.com,ACTIVE (library end_date 2026-10-02 = still delivering),2026-08-19,44,1 (library 'ads use this creative'); concept IDs in sample: 1 across 1 page(s),IMAGE,"I've been a massage therapist in the spa of a luxury cruise line for five years. Last week, a guest slipped a note under the spa door before she disembarked.",The 'Odd' Oil I Finish Every Massage With,"I've been a massage therapist in the spa of a luxury cruise line for five years. Last week, a guest slipped a note under the spa door before she disembarked.
⠀
It said:
⠀
""I've sailed with this line eleven times. I've had massages on every ship in the fleet. I have never once flown home with my skin still feeling like  [...]",Luxury-experience / professional-insider discovery ('the weird oil in the bathroom'),Feel like the pampered woman in the five-star setting; arms that feel 'like mine again',"Thin, papery, crepey arms/chest/hands after 50; lotions evaporate; hiding in sleeves",Water-based creams/lotions evaporate & sit on surface; oil melts through the lipid barrier to 'the layer where crepey skin starts'; six cold-pressed oils replace lipids skin 'stopped making' after 50/menopause,Visibly firmer/smoother arms; strangers/husband notice; 90-day guarantee,Unaware → problem-aware,The most valuable thing from a five-star hotel / first-class flight / spa / cruise was a <$40 unbranded amber bottle of body oil,Long-form first-person narrative: luxury setting with sensory/dollar detail → the 'weird'/'odd' bottle → emotional reaction (often a note/voicemail from a guest) → 'Let me rewind' → discovery of Evora → mechanism → offer,"CTA button: Shop now | link description: Say goodbye to crepey, saggy & dry skin. This botanical body oil visibly restores firmness and smoothness in just 2 minutes a day. See real results in 3–4 weeks — or get your money back.","[IMAGE] This ad not viewed. Concept examples viewed: Images viewed: 1788648425514311 Ritz Paris street scene with caption text overlay; 857286387379018 Honolulu police SUV in front of hotel (curiosity, ties to 'stole a bottle'); 2329433507867811 women in robes in a sauna — native lifestyle photos, no product",https://evorabody.com/products/botanical-body-oil,"Shopify PDP: 'Botanical Body Oil™' $49.00 (compare $69.00); 'WAREHOUSE CLEARANCE: UP TO 50% OFF'; 1/2/3-bottle tiers $49 / $39 / $34 per bottle; subscription pre-selected ('Refill Ships in 30 Days') with 'BUY ONCE - NO SAVINGS →' link; '89% sold' scarcity bar; 90-Day Money-Back Guarantee; (1,560) reviews, 'Isabelle and 50.000+ others purchased'; mechanism block (oil 'melts directly through the skin's lipid barrier'); 6 hero ingredients + full INCI; Day 1 → Week 8-12 results timeline; 'Why Evora? vs Others' table; FAQ (raw/landing/evora_pdp.txt)",LOW: still live [concept: 1 IDs / 1 page(s) / collation sum 1 in our sample],"Persona/advertorial page linking to evorabody.com | days_since_start_asof_2026-10-03=45; surfaced by: natalie_brooks_page_pre2026-09.jsonl, natalie_brooks_pre2026-09_retry.jsonl"
1021976634228403,"Meta Ad Library (US, public, logged-out)",Natalie Brooks,Evora Body / evorabody.com,ACTIVE (library end_date 2026-10-03 = still delivering),2026-08-20,44,4 (library 'ads use this creative'); concept IDs in sample: 12 across 2 page(s),VIDEO,"I'm probably going to get fired for posting this. But after three years as a nanny for one of the wealthiest families in New York, I don't care anymore.",The secret inside a wealthy family's house,"I'm probably going to get fired for posting this. But after three years as a nanny for one of the wealthiest families in New York, I don't care anymore.
⠀
Because there is exactly one thing in that townhouse worth knowing about. And it costs about forty dollars.
⠀
Let me rewind.
⠀
I'm 56. I've been a nanny for almost t [...]",Wealthy-household insider confession,"Have what rich, ageless women secretly use — for ~$40",Narrator (56-64) has thin/papery/crepey arms; rich employer at 70+ has 'arms of a woman twenty years younger',Water-based creams/lotions evaporate & sit on surface; oil melts through the lipid barrier to 'the layer where crepey skin starts'; six cold-pressed oils replace lipids skin 'stopped making' after 50/menopause (revealed mid-story),"Arms/skin like the wealthy woman's; 'Say goodbye to crepey, saggy & dry skin... results in 3–4 weeks — or get your money back' (link description)",Unaware → problem-aware (curiosity entry; product revealed late),"Among all the luxury in a billionaire's home, the one thing worth copying is a ~$40 amber pump bottle of body oil",Long-form first-person advertorial (8-11k chars): forbidden-confession opener ('I'm going to lose this job / get fired for posting this') → 'Let me rewind' → narrator age & job → luxury inventory with dollar figures → minimalist bathroom shelf (one amber pump bottle) → narrator tries it → spouse/others notice → mechanism → offer,CTA button: Shop now,"[VIDEO] THIS AD VIEWED. Image viewed for 1476760844282623: people jumping off a superyacht; 1021976634228403: selfie-style narrator inset over first-class cabin with kids, caption 'I'm a nanny for a family in New York' — native/UGC, product not shown",https://quiz.evorabody.com/,Quiz funnel: 'Take This 1-Minute Quiz To Claim Your $105 Discount!'; 'Most users see first visibly results in just 3-4 weeks'; Q1 age bracket (Under 40 / 40-49 / 50-59 / 60-69 / Over 70) (raw/landing/evora_quiz.txt),HIGH (concept-level; this ad ID is <60d): concept replicated in 12 ad IDs; cross-page (2 pages); 4 ads use this creative; still live [concept: 12 IDs / 2 page(s) / collation sum 19 in our sample],"Persona/advertorial page linking to evorabody.com | days_since_start_asof_2026-10-03=44; surfaced by: meta_kw_evorabody.jsonl, natalie_brooks_page_all.jsonl, natalie_brooks_page_pre2026-09.jsonl, natalie_brooks_pre2026-09_retry.jsonl"
28319068124449468,"Meta Ad Library (US, public, logged-out)",Natalie Brooks,Evora Body / evorabody.com,ACTIVE (library end_date 2026-10-02 = still delivering),2026-08-22,41,1 (library 'ads use this creative'); concept IDs in sample: 1 across 1 page(s),IMAGE,"I'm probably going to get fired for posting this. But after three months as a caregiver for one of the wealthiest women in the Hamptons, I don't care anymore.",The secret inside a wealthy womens house,"I'm probably going to get fired for posting this. But after three months as a caregiver for one of the wealthiest women in the Hamptons, I don't care anymore.
⠀
Because there is exactly one thing in that house worth knowing about. And it costs about forty dollars.
⠀
Let me rewind.
⠀
I'm 58. The woman I take care of was [...]",Wealthy-household insider confession,"Have what rich, ageless women secretly use — for ~$40",Narrator (56-64) has thin/papery/crepey arms; rich employer at 70+ has 'arms of a woman twenty years younger',Water-based creams/lotions evaporate & sit on surface; oil melts through the lipid barrier to 'the layer where crepey skin starts'; six cold-pressed oils replace lipids skin 'stopped making' after 50/menopause (revealed mid-story),"Arms/skin like the wealthy woman's; 'Say goodbye to crepey, saggy & dry skin... results in 3–4 weeks — or get your money back' (link description)",Unaware → problem-aware (curiosity entry; product revealed late),"Among all the luxury in a billionaire's home, the one thing worth copying is a ~$40 amber pump bottle of body oil",Long-form first-person advertorial (8-11k chars): forbidden-confession opener ('I'm going to lose this job / get fired for posting this') → 'Let me rewind' → narrator age & job → luxury inventory with dollar figures → minimalist bathroom shelf (one amber pump bottle) → narrator tries it → spouse/others notice → mechanism → offer,"CTA button: Shop now | link description: Say goodbye to crepey, saggy & dry skin. This botanical body oil visibly restores firmness and smoothness in just 2 minutes a day. See real results in 3–4 weeks — or get your money back.","[IMAGE] This ad not viewed. Concept examples viewed: Image viewed for 1476760844282623: people jumping off a superyacht; 1021976634228403: selfie-style narrator inset over first-class cabin with kids, caption 'I'm a nanny for a family in New York' — native/UGC, product not shown",https://evorabody.com/products/botanical-body-oil,"Shopify PDP: 'Botanical Body Oil™' $49.00 (compare $69.00); 'WAREHOUSE CLEARANCE: UP TO 50% OFF'; 1/2/3-bottle tiers $49 / $39 / $34 per bottle; subscription pre-selected ('Refill Ships in 30 Days') with 'BUY ONCE - NO SAVINGS →' link; '89% sold' scarcity bar; 90-Day Money-Back Guarantee; (1,560) reviews, 'Isabelle and 50.000+ others purchased'; mechanism block (oil 'melts directly through the skin's lipid barrier'); 6 hero ingredients + full INCI; Day 1 → Week 8-12 results timeline; 'Why Evora? vs Others' table; FAQ (raw/landing/evora_pdp.txt)",LOW: still live [concept: 1 IDs / 1 page(s) / collation sum 1 in our sample],"Persona/advertorial page linking to evorabody.com | days_since_start_asof_2026-10-03=42; surfaced by: natalie_brooks_page_pre2026-09.jsonl, natalie_brooks_pre2026-09_retry.jsonl"
1257801753082966,"Meta Ad Library (US, public, logged-out)",Natalie Brooks,Evora Body / evorabody.com,listed active but last delivery 2026-09-29 (likely paused/stopped),2026-08-26,34,1 (library 'ads use this creative'); concept IDs in sample: 1 across 1 page(s),IMAGE,"I married into one of the oldest families in Lake Forest, Illinois. What my husband's family spends money on would honestly upset you.",The skincare secret his mother uses,"I married into one of the oldest families in Lake Forest, Illinois. What my husband's family spends money on would honestly upset you.
⠀
I grew up in Toledo. My dad worked at the glass plant. My mom did payroll for a plumbing company. Our lotion came from the drugstore in the big white tub, and it got replaced when it  [...]",Wealthy-household insider confession,"Have what rich, ageless women secretly use — for ~$40",Narrator (56-64) has thin/papery/crepey arms; rich employer at 70+ has 'arms of a woman twenty years younger',Water-based creams/lotions evaporate & sit on surface; oil melts through the lipid barrier to 'the layer where crepey skin starts'; six cold-pressed oils replace lipids skin 'stopped making' after 50/menopause (revealed mid-story),"Arms/skin like the wealthy woman's; 'Say goodbye to crepey, saggy & dry skin... results in 3–4 weeks — or get your money back' (link description)",Unaware → problem-aware (curiosity entry; product revealed late),"Among all the luxury in a billionaire's home, the one thing worth copying is a ~$40 amber pump bottle of body oil",Long-form first-person advertorial (8-11k chars): forbidden-confession opener ('I'm going to lose this job / get fired for posting this') → 'Let me rewind' → narrator age & job → luxury inventory with dollar figures → minimalist bathroom shelf (one amber pump bottle) → narrator tries it → spouse/others notice → mechanism → offer,"CTA button: Shop now | link description: Say goodbye to crepey, saggy & dry skin. This botanical body oil visibly restores firmness and smoothness in just 2 minutes a day. See real results in 3–4 weeks — or get your money back.","[IMAGE] This ad not viewed. Concept examples viewed: Image viewed for 1476760844282623: people jumping off a superyacht; 1021976634228403: selfie-style narrator inset over first-class cabin with kids, caption 'I'm a nanny for a family in New York' — native/UGC, product not shown",https://evorabody.com/products/botanical-body-oil,"Shopify PDP: 'Botanical Body Oil™' $49.00 (compare $69.00); 'WAREHOUSE CLEARANCE: UP TO 50% OFF'; 1/2/3-bottle tiers $49 / $39 / $34 per bottle; subscription pre-selected ('Refill Ships in 30 Days') with 'BUY ONCE - NO SAVINGS →' link; '89% sold' scarcity bar; 90-Day Money-Back Guarantee; (1,560) reviews, 'Isabelle and 50.000+ others purchased'; mechanism block (oil 'melts directly through the skin's lipid barrier'); 6 hero ingredients + full INCI; Day 1 → Week 8-12 results timeline; 'Why Evora? vs Others' table; FAQ (raw/landing/evora_pdp.txt)",LOW: single observation [concept: 1 IDs / 1 page(s) / collation sum 1 in our sample],"Persona/advertorial page linking to evorabody.com | days_since_start_asof_2026-10-03=38; surfaced by: natalie_brooks_page_pre2026-09.jsonl, natalie_brooks_pre2026-09_retry.jsonl"
1467338712082607,"Meta Ad Library (US, public, logged-out)",Natalie Brooks,Evora Body / evorabody.com,ACTIVE (library end_date 2026-10-03 = still delivering),2026-09-05,28,1 (library 'ads use this creative'); concept IDs in sample: 9 across 2 page(s),VIDEO,"I stayed at the Ritz Paris — one of the most prestigious hotels in the whole world. They greet you at the airport with a chauffeur who calls you madame. They greet you at the door with a doorman who already knows your name. They greet you in the suite with champagne, a butler, silk on the walls, and a bathroom where the taps are gold swans and the water comes out of the beak. Coco Chanel lived there for thirty-four years. Everything in that building was designed to make you feel like her.",The butler brought me this “weird” oil,"I stayed at the Ritz Paris — one of the most prestigious hotels in the whole world. They greet you at the airport with a chauffeur who calls you madame. They greet you at the door with a doorman who already knows your name. They greet you in the suite with champagne, a butler, silk on the walls, and a bathroom where th [...]",Luxury-experience / professional-insider discovery ('the weird oil in the bathroom'),Feel like the pampered woman in the five-star setting; arms that feel 'like mine again',"Thin, papery, crepey arms/chest/hands after 50; lotions evaporate; hiding in sleeves",Water-based creams/lotions evaporate & sit on surface; oil melts through the lipid barrier to 'the layer where crepey skin starts'; six cold-pressed oils replace lipids skin 'stopped making' after 50/menopause,Visibly firmer/smoother arms; strangers/husband notice; 90-day guarantee,Unaware → problem-aware,The most valuable thing from a five-star hotel / first-class flight / spa / cruise was a <$40 unbranded amber bottle of body oil,Long-form first-person narrative: luxury setting with sensory/dollar detail → the 'weird'/'odd' bottle → emotional reaction (often a note/voicemail from a guest) → 'Let me rewind' → discovery of Evora → mechanism → offer,CTA button: Shop now,"[VIDEO] This ad not viewed. Concept examples viewed: Images viewed: 1788648425514311 Ritz Paris street scene with caption text overlay; 857286387379018 Honolulu police SUV in front of hotel (curiosity, ties to 'stole a bottle'); 2329433507867811 women in robes in a sauna — native lifestyle photos, no product",https://evorabody.com/products/botanical-body-oil,"Shopify PDP: 'Botanical Body Oil™' $49.00 (compare $69.00); 'WAREHOUSE CLEARANCE: UP TO 50% OFF'; 1/2/3-bottle tiers $49 / $39 / $34 per bottle; subscription pre-selected ('Refill Ships in 30 Days') with 'BUY ONCE - NO SAVINGS →' link; '89% sold' scarcity bar; 90-Day Money-Back Guarantee; (1,560) reviews, 'Isabelle and 50.000+ others purchased'; mechanism block (oil 'melts directly through the skin's lipid barrier'); 6 hero ingredients + full INCI; Day 1 → Week 8-12 results timeline; 'Why Evora? vs Others' table; FAQ (raw/landing/evora_pdp.txt)",MEDIUM: cross-page (2 pages); still live [concept: 9 IDs / 2 page(s) / collation sum 22 in our sample],"Persona/advertorial page linking to evorabody.com | days_since_start_asof_2026-10-03=28; surfaced by: meta_kw_evorabody.jsonl, natalie_brooks_page_all.jsonl"
3467250826788471,"Meta Ad Library (US, public, logged-out)",Natalie Brooks,Evora Body / evorabody.com,ACTIVE (library end_date 2026-10-03 = still delivering),2026-09-07,26,1 (library 'ads use this creative'); concept IDs in sample: 9 across 4 page(s),IMAGE,Will Evora ever run a sale? Apparently yes — and of course I missed it and paid full price 😅,I Paid Full Price — Now It’s On Sale 😭,"Will Evora ever run a sale? Apparently yes — and of course I missed it and paid full price 😅
⠀
If you've been curious about the body oil everyone with crepey & saggy skin keeps raving about but held back because of the cost, this is your moment.
⠀
Evora's botanical peptide blend is six oils, each one chosen to replace  [...]",Sale announcement disguised as customer regret,Get it cheaper ('64% in total'),'I want Evora… but I can't afford it.' (price objection),Light: 'six oils... replace a lipid your skin stopped making after menopause' in some variants,Visibly smoother skin; 90-day MBG,Most-aware,Holiday sale (Labor Day 50% + code LABOR64) framed as 'I paid full price — now it's on sale 😭',Short: objection quote → 'We heard you' → stacked discount → bullets → link,"CTA button: Shop now | link description: Say goodbye to crepey, saggy & dry skin. This botanical body oil visibly restores firmness and smoothness in just 2 minutes a day. See real results in 3–4 weeks — or get your money back.",[IMAGE] This ad not viewed. Concept examples viewed: Image thumbnail for 933885069780904 downloaded; not inspected,https://evorabody.com/products/botanical-body-oil,"Shopify PDP: 'Botanical Body Oil™' $49.00 (compare $69.00); 'WAREHOUSE CLEARANCE: UP TO 50% OFF'; 1/2/3-bottle tiers $49 / $39 / $34 per bottle; subscription pre-selected ('Refill Ships in 30 Days') with 'BUY ONCE - NO SAVINGS →' link; '89% sold' scarcity bar; 90-Day Money-Back Guarantee; (1,560) reviews, 'Isabelle and 50.000+ others purchased'; mechanism block (oil 'melts directly through the skin's lipid barrier'); 6 hero ingredients + full INCI; Day 1 → Week 8-12 results timeline; 'Why Evora? vs Others' table; FAQ (raw/landing/evora_pdp.txt)",MEDIUM: cross-page (4 pages); still live [concept: 9 IDs / 4 page(s) / collation sum 11 in our sample],"Persona/advertorial page linking to evorabody.com | days_since_start_asof_2026-10-03=26; surfaced by: meta_kw_evorabody.jsonl, natalie_brooks_page_all.jsonl"
1476760844282623,"Meta Ad Library (US, public, logged-out)",Natalie Brooks,Evora Body / evorabody.com,ACTIVE (library end_date 2026-10-03 = still delivering),2026-09-11,22,1 (library 'ads use this creative'); concept IDs in sample: 6 across 1 page(s),IMAGE,I'm going to lose this job for telling you this. But after 3 years as a nanny for a billionaire family I don’t care anymore. Last month they took me on their yacht in the Bahamas. What happened on that boat changed my life.,I still can't believe what happened on that yacht,"I'm going to lose this job for telling you this. But after 3 years as a nanny for a billionaire family I don’t care anymore. Last month they took me on their yacht in the Bahamas. What happened on that boat changed my life.
⠀
I'm pretty sure 99% of people on this planet will never experience what I saw out there.
⠀
Let [...]",Wealthy-household insider confession,"Have what rich, ageless women secretly use — for ~$40",Narrator (56-64) has thin/papery/crepey arms; rich employer at 70+ has 'arms of a woman twenty years younger',Water-based creams/lotions evaporate & sit on surface; oil melts through the lipid barrier to 'the layer where crepey skin starts'; six cold-pressed oils replace lipids skin 'stopped making' after 50/menopause (revealed mid-story),"Arms/skin like the wealthy woman's; 'Say goodbye to crepey, saggy & dry skin... results in 3–4 weeks — or get your money back' (link description)",Unaware → problem-aware (curiosity entry; product revealed late),"Among all the luxury in a billionaire's home, the one thing worth copying is a ~$40 amber pump bottle of body oil",Long-form first-person advertorial (8-11k chars): forbidden-confession opener ('I'm going to lose this job / get fired for posting this') → 'Let me rewind' → narrator age & job → luxury inventory with dollar figures → minimalist bathroom shelf (one amber pump bottle) → narrator tries it → spouse/others notice → mechanism → offer,"CTA button: Shop now | link description: Say goodbye to crepey, saggy & dry skin. This botanical body oil visibly restores firmness and smoothness in just 2 minutes a day. See real results in 3–4 weeks — or get your money back.","[IMAGE] THIS AD VIEWED. Image viewed for 1476760844282623: people jumping off a superyacht; 1021976634228403: selfie-style narrator inset over first-class cabin with kids, caption 'I'm a nanny for a family in New York' — native/UGC, product not shown",https://evorabody.com/products/botanical-body-oil,"Shopify PDP: 'Botanical Body Oil™' $49.00 (compare $69.00); 'WAREHOUSE CLEARANCE: UP TO 50% OFF'; 1/2/3-bottle tiers $49 / $39 / $34 per bottle; subscription pre-selected ('Refill Ships in 30 Days') with 'BUY ONCE - NO SAVINGS →' link; '89% sold' scarcity bar; 90-Day Money-Back Guarantee; (1,560) reviews, 'Isabelle and 50.000+ others purchased'; mechanism block (oil 'melts directly through the skin's lipid barrier'); 6 hero ingredients + full INCI; Day 1 → Week 8-12 results timeline; 'Why Evora? vs Others' table; FAQ (raw/landing/evora_pdp.txt)",LOW: still live [concept: 6 IDs / 1 page(s) / collation sum 11 in our sample],"Persona/advertorial page linking to evorabody.com | days_since_start_asof_2026-10-03=22; surfaced by: kw_crepey_body_oil.jsonl, meta_kw_evorabody.jsonl, natalie_brooks_page_all.jsonl"
28617255991296084,"Meta Ad Library (US, public, logged-out)",Natalie Brooks,Evora Body / evorabody.com,ACTIVE (library end_date 2026-10-03 = still delivering),2026-09-11,22,1 (library 'ads use this creative'); concept IDs in sample: 1 across 1 page(s),IMAGE,I'm a nanny for the richest family in America. Earlier this summer they flew me to their private island. What happened on that island changed my life. I'm pretty sure 99% of people on this planet will never experience what I saw there.,I still can’t believe what happened on that island,"I'm a nanny for the richest family in America. Earlier this summer they flew me to their private island. What happened on that island changed my life. I'm pretty sure 99% of people on this planet will never experience what I saw there.
⠀
I'm 58. I've been a nanny for almost thirty years. For the past three, I've worked [...]",Wealthy-household insider confession,"Have what rich, ageless women secretly use — for ~$40",Narrator (56-64) has thin/papery/crepey arms; rich employer at 70+ has 'arms of a woman twenty years younger',Water-based creams/lotions evaporate & sit on surface; oil melts through the lipid barrier to 'the layer where crepey skin starts'; six cold-pressed oils replace lipids skin 'stopped making' after 50/menopause (revealed mid-story),"Arms/skin like the wealthy woman's; 'Say goodbye to crepey, saggy & dry skin... results in 3–4 weeks — or get your money back' (link description)",Unaware → problem-aware (curiosity entry; product revealed late),"Among all the luxury in a billionaire's home, the one thing worth copying is a ~$40 amber pump bottle of body oil",Long-form first-person advertorial (8-11k chars): forbidden-confession opener ('I'm going to lose this job / get fired for posting this') → 'Let me rewind' → narrator age & job → luxury inventory with dollar figures → minimalist bathroom shelf (one amber pump bottle) → narrator tries it → spouse/others notice → mechanism → offer,"CTA button: Shop now | link description: Say goodbye to crepey, saggy & dry skin. This botanical body oil visibly restores firmness and smoothness in just 2 minutes a day. See real results in 3–4 weeks — or get your money back.","[IMAGE] This ad not viewed. Concept examples viewed: Image viewed for 1476760844282623: people jumping off a superyacht; 1021976634228403: selfie-style narrator inset over first-class cabin with kids, caption 'I'm a nanny for a family in New York' — native/UGC, product not shown",https://evorabody.com/products/botanical-body-oil,"Shopify PDP: 'Botanical Body Oil™' $49.00 (compare $69.00); 'WAREHOUSE CLEARANCE: UP TO 50% OFF'; 1/2/3-bottle tiers $49 / $39 / $34 per bottle; subscription pre-selected ('Refill Ships in 30 Days') with 'BUY ONCE - NO SAVINGS →' link; '89% sold' scarcity bar; 90-Day Money-Back Guarantee; (1,560) reviews, 'Isabelle and 50.000+ others purchased'; mechanism block (oil 'melts directly through the skin's lipid barrier'); 6 hero ingredients + full INCI; Day 1 → Week 8-12 results timeline; 'Why Evora? vs Others' table; FAQ (raw/landing/evora_pdp.txt)",LOW: still live [concept: 1 IDs / 1 page(s) / collation sum 1 in our sample],"Persona/advertorial page linking to evorabody.com | days_since_start_asof_2026-10-03=22; surfaced by: meta_kw_evorabody.jsonl, natalie_brooks_page_all.jsonl"
2526905681155206,"Meta Ad Library (US, public, logged-out)",Natalie Brooks,Evora Body / evorabody.com,ACTIVE (library end_date 2026-10-03 = still delivering),2026-09-12,21,1 (library 'ads use this creative'); concept IDs in sample: 3 across 1 page(s),IMAGE,"1,500 people didn't survive the Titanic. Neither did the ship. But a handful of objects did, and those will shock you.",The strange little bottle carried off the Titanic,"1,500 people didn't survive the Titanic. Neither did the ship. But a handful of objects did, and those will shock you.
⠀
I'm a history teacher. I teach 16-year-olds about the 20th century in a high school outside Boston. And last winter I ended up on a three-hour drive to a small maritime auction with my father, and I  [...]",Historical-luxury artefact / 'what the richest family used',Use the same thing the Vanderbilts/first-class Titanic passengers used,Modern watery lotions vs. old-world oil rituals; narrator's thin arms,Pre-lotion era used oil after the bath; oil vs water-based lotion (Water-based creams/lotions evaporate & sit on surface; oil melts through the lipid barrier to 'the layer where crepey skin starts'; six cold-pressed oils replace lipids skin 'stopped making' after 50/menopause),Arms better than hers at 81 ('She answered her door in short sleeves'); ~$40 today,Unaware,The richest women in history oiled their skin after the bath — one bottle today feels exactly like it,"First-person tour-guide / history-teacher narrative → historical luxury facts (43 bathrooms, Titanic auction) → question 'what did they put on their skin?' → lady's-maid descendant / artefact → Evora","CTA button: Shop now | link description: Say goodbye to crepey, saggy & dry skin. This botanical body oil visibly restores firmness and smoothness in just 2 minutes a day. See real results in 3–4 weeks — or get your money back.","[IMAGE] This ad not viewed. Concept examples viewed: Image viewed for 1117655404344095: Biltmore Estate exterior photo (native, no product); 1450059447266329 thumbnail downloaded (not inspected in sheet)",https://evorabody.com/products/botanical-body-oil,"Shopify PDP: 'Botanical Body Oil™' $49.00 (compare $69.00); 'WAREHOUSE CLEARANCE: UP TO 50% OFF'; 1/2/3-bottle tiers $49 / $39 / $34 per bottle; subscription pre-selected ('Refill Ships in 30 Days') with 'BUY ONCE - NO SAVINGS →' link; '89% sold' scarcity bar; 90-Day Money-Back Guarantee; (1,560) reviews, 'Isabelle and 50.000+ others purchased'; mechanism block (oil 'melts directly through the skin's lipid barrier'); 6 hero ingredients + full INCI; Day 1 → Week 8-12 results timeline; 'Why Evora? vs Others' table; FAQ (raw/landing/evora_pdp.txt)",LOW: still live [concept: 3 IDs / 1 page(s) / collation sum 3 in our sample],Persona/advertorial page linking to evorabody.com | days_since_start_asof_2026-10-03=21; surfaced by: natalie_brooks_page_all.jsonl
1057771720579729,"Meta Ad Library (US, public, logged-out)",Natalie Brooks,Evora Body / evorabody.com,ACTIVE (library end_date 2026-10-03 = still delivering),2026-09-13,20,1 (library 'ads use this creative'); concept IDs in sample: 41 across 3 page(s),VIDEO,THIS is what Oil does for your skin…,Here’s What Actually Works…,THIS is what Oil does for your skin…,"Story-video shell (one caption, many different videos)","Varies by video: insider luxury secret, life-event transformation",In video (not in text),In video (not in text),Body text only: 'THIS is what Oil does for your skin…',"Unaware → problem-aware (story-first, product late)",Short-form story reels with the oil as the twist; same headline/caption used as a testing wrapper for many videos,Video story; text is a 7-word curiosity caption,CTA button: Shop now,"[VIDEO] This ad not viewed. Concept examples viewed: 9:16 video. Thumbnails viewed for 12 IDs: (a) AI-generated cinematic story scenes with burned-in captions ('Three years inside', 'My son got married in June,', 'My ex-husband', 'Every August for nineteen years,', a stylised blue-skinned woman reading a letter 'To every Evora customer'); (b) green-screen grey-haired female narrator over luxury-location photos with yellow/white caption ('I stayed at the Burj Al Arab in Dubai', 'The richest family in American history', 'The family I nanny for has eight crew on their boat')",https://evorabody.com/products/botanical-body-oil,"Shopify PDP: 'Botanical Body Oil™' $49.00 (compare $69.00); 'WAREHOUSE CLEARANCE: UP TO 50% OFF'; 1/2/3-bottle tiers $49 / $39 / $34 per bottle; subscription pre-selected ('Refill Ships in 30 Days') with 'BUY ONCE - NO SAVINGS →' link; '89% sold' scarcity bar; 90-Day Money-Back Guarantee; (1,560) reviews, 'Isabelle and 50.000+ others purchased'; mechanism block (oil 'melts directly through the skin's lipid barrier'); 6 hero ingredients + full INCI; Day 1 → Week 8-12 results timeline; 'Why Evora? vs Others' table; FAQ (raw/landing/evora_pdp.txt)",MEDIUM: concept replicated in 41 ad IDs; cross-page (3 pages); still live [concept: 41 IDs / 3 page(s) / collation sum 91 in our sample],"Persona/advertorial page linking to evorabody.com | days_since_start_asof_2026-10-03=20; surfaced by: meta_kw_evorabody.jsonl, natalie_brooks_page_all.jsonl"
1420654096613205,"Meta Ad Library (US, public, logged-out)",Natalie Brooks,Evora Body / evorabody.com,ACTIVE (library end_date 2026-10-03 = still delivering),2026-09-13,20,1 (library 'ads use this creative'); concept IDs in sample: 1 across 1 page(s),IMAGE,The richest family in American history built a house with 43 bathrooms. What they kept in every single one would surprise you.,What the richest women in America use on their skin,"The richest family in American history built a house with 43 bathrooms. What they kept in every single one would surprise you.
⠀
I give tours of the Biltmore for a living. If you don't know it, it's the largest private home ever built in America. 250 rooms. 35 bedrooms. 175,000 square feet in the mountains of North Car [...]",Historical-luxury artefact / 'what the richest family used',Use the same thing the Vanderbilts/first-class Titanic passengers used,Modern watery lotions vs. old-world oil rituals; narrator's thin arms,Pre-lotion era used oil after the bath; oil vs water-based lotion (Water-based creams/lotions evaporate & sit on surface; oil melts through the lipid barrier to 'the layer where crepey skin starts'; six cold-pressed oils replace lipids skin 'stopped making' after 50/menopause),Arms better than hers at 81 ('She answered her door in short sleeves'); ~$40 today,Unaware,The richest women in history oiled their skin after the bath — one bottle today feels exactly like it,"First-person tour-guide / history-teacher narrative → historical luxury facts (43 bathrooms, Titanic auction) → question 'what did they put on their skin?' → lady's-maid descendant / artefact → Evora","CTA button: Shop now | link description: Say goodbye to crepey, saggy & dry skin. This botanical body oil visibly restores firmness and smoothness in just 2 minutes a day. See real results in 3–4 weeks — or get your money back.","[IMAGE] This ad not viewed. Concept examples viewed: Image viewed for 1117655404344095: Biltmore Estate exterior photo (native, no product); 1450059447266329 thumbnail downloaded (not inspected in sheet)",https://evorabody.com/products/botanical-body-oil,"Shopify PDP: 'Botanical Body Oil™' $49.00 (compare $69.00); 'WAREHOUSE CLEARANCE: UP TO 50% OFF'; 1/2/3-bottle tiers $49 / $39 / $34 per bottle; subscription pre-selected ('Refill Ships in 30 Days') with 'BUY ONCE - NO SAVINGS →' link; '89% sold' scarcity bar; 90-Day Money-Back Guarantee; (1,560) reviews, 'Isabelle and 50.000+ others purchased'; mechanism block (oil 'melts directly through the skin's lipid barrier'); 6 hero ingredients + full INCI; Day 1 → Week 8-12 results timeline; 'Why Evora? vs Others' table; FAQ (raw/landing/evora_pdp.txt)",LOW: still live [concept: 1 IDs / 1 page(s) / collation sum 1 in our sample],Persona/advertorial page linking to evorabody.com | days_since_start_asof_2026-10-03=20; surfaced by: natalie_brooks_page_all.jsonl
1037987369237689,"Meta Ad Library (US, public, logged-out)",Natalie Brooks,Evora Body / evorabody.com,ACTIVE (library end_date 2026-10-03 = still delivering),2026-09-13,20,1 (library 'ads use this creative'); concept IDs in sample: 2 across 1 page(s),IMAGE,Last month I flew first class to Dubai. The things airlines in this class spend money on would shock you.,The flight attendant brought me this “weird” oil,"Last month I flew first class to Dubai. The things airlines in this class spend money on would shock you.
⠀
They serve caviar over the ocean, with a mother-of-pearl spoon, because metal would spoil the taste. There's a bar at the back where you stand in your socks and drink champagne, seven miles above the Pacific. You [...]",Luxury-experience / professional-insider discovery ('the weird oil in the bathroom'),Feel like the pampered woman in the five-star setting; arms that feel 'like mine again',"Thin, papery, crepey arms/chest/hands after 50; lotions evaporate; hiding in sleeves",Water-based creams/lotions evaporate & sit on surface; oil melts through the lipid barrier to 'the layer where crepey skin starts'; six cold-pressed oils replace lipids skin 'stopped making' after 50/menopause,Visibly firmer/smoother arms; strangers/husband notice; 90-day guarantee,Unaware → problem-aware,The most valuable thing from a five-star hotel / first-class flight / spa / cruise was a <$40 unbranded amber bottle of body oil,Long-form first-person narrative: luxury setting with sensory/dollar detail → the 'weird'/'odd' bottle → emotional reaction (often a note/voicemail from a guest) → 'Let me rewind' → discovery of Evora → mechanism → offer,"CTA button: Shop now | link description: Say goodbye to crepey, saggy & dry skin. This botanical body oil visibly restores firmness and smoothness in just 2 minutes a day. See real results in 3–4 weeks — or get your money back.","[IMAGE] This ad not viewed. Concept examples viewed: Images viewed: 1788648425514311 Ritz Paris street scene with caption text overlay; 857286387379018 Honolulu police SUV in front of hotel (curiosity, ties to 'stole a bottle'); 2329433507867811 women in robes in a sauna — native lifestyle photos, no product",https://evorabody.com/products/botanical-body-oil,"Shopify PDP: 'Botanical Body Oil™' $49.00 (compare $69.00); 'WAREHOUSE CLEARANCE: UP TO 50% OFF'; 1/2/3-bottle tiers $49 / $39 / $34 per bottle; subscription pre-selected ('Refill Ships in 30 Days') with 'BUY ONCE - NO SAVINGS →' link; '89% sold' scarcity bar; 90-Day Money-Back Guarantee; (1,560) reviews, 'Isabelle and 50.000+ others purchased'; mechanism block (oil 'melts directly through the skin's lipid barrier'); 6 hero ingredients + full INCI; Day 1 → Week 8-12 results timeline; 'Why Evora? vs Others' table; FAQ (raw/landing/evora_pdp.txt)",LOW: still live [concept: 2 IDs / 1 page(s) / collation sum 2 in our sample],Persona/advertorial page linking to evorabody.com | days_since_start_asof_2026-10-03=20; surfaced by: natalie_brooks_page_all.jsonl
1117655404344095,"Meta Ad Library (US, public, logged-out)",Natalie Brooks,Evora Body / evorabody.com,ACTIVE (library end_date 2026-10-03 = still delivering),2026-09-14,19,1 (library 'ads use this creative'); concept IDs in sample: 2 across 2 page(s),IMAGE,The richest family in American history built a house with 43 bathrooms. What they put in every single one would shock you.,"The ""weird"" thing in all 43 Biltmore bathrooms","The richest family in American history built a house with 43 bathrooms. What they put in every single one would shock you.
⠀
I give tours of the Biltmore for a living. If you don't know it, it's the largest private home ever built in America. 250 rooms. 35 bedrooms. 65 fireplaces. 175,000 square feet in the mountains o [...]",Historical-luxury artefact / 'what the richest family used',Use the same thing the Vanderbilts/first-class Titanic passengers used,Modern watery lotions vs. old-world oil rituals; narrator's thin arms,Pre-lotion era used oil after the bath; oil vs water-based lotion (Water-based creams/lotions evaporate & sit on surface; oil melts through the lipid barrier to 'the layer where crepey skin starts'; six cold-pressed oils replace lipids skin 'stopped making' after 50/menopause),Arms better than hers at 81 ('She answered her door in short sleeves'); ~$40 today,Unaware,The richest women in history oiled their skin after the bath — one bottle today feels exactly like it,"First-person tour-guide / history-teacher narrative → historical luxury facts (43 bathrooms, Titanic auction) → question 'what did they put on their skin?' → lady's-maid descendant / artefact → Evora","CTA button: Shop now | link description: Say goodbye to crepey, saggy & dry skin. This botanical body oil visibly restores firmness and smoothness in just 2 minutes a day. See real results in 3–4 weeks — or get your money back.","[IMAGE] THIS AD VIEWED. Image viewed for 1117655404344095: Biltmore Estate exterior photo (native, no product); 1450059447266329 thumbnail downloaded (not inspected in sheet)",https://evorabody.com/products/botanical-body-oil,"Shopify PDP: 'Botanical Body Oil™' $49.00 (compare $69.00); 'WAREHOUSE CLEARANCE: UP TO 50% OFF'; 1/2/3-bottle tiers $49 / $39 / $34 per bottle; subscription pre-selected ('Refill Ships in 30 Days') with 'BUY ONCE - NO SAVINGS →' link; '89% sold' scarcity bar; 90-Day Money-Back Guarantee; (1,560) reviews, 'Isabelle and 50.000+ others purchased'; mechanism block (oil 'melts directly through the skin's lipid barrier'); 6 hero ingredients + full INCI; Day 1 → Week 8-12 results timeline; 'Why Evora? vs Others' table; FAQ (raw/landing/evora_pdp.txt)",MEDIUM: cross-page (2 pages); still live [concept: 2 IDs / 2 page(s) / collation sum 2 in our sample],"Persona/advertorial page linking to evorabody.com | days_since_start_asof_2026-10-03=19; surfaced by: meta_kw_evorabody.jsonl, natalie_brooks_page_all.jsonl"
1568206685050938,"Meta Ad Library (US, public, logged-out)",Natalie Brooks,Evora Body / evorabody.com,ACTIVE (library end_date 2026-10-03 = still delivering),2026-09-15,18,1 (library 'ads use this creative'); concept IDs in sample: 5 across 1 page(s),IMAGE,I stole a bottle of body oil from a hotel in Maui last summer. I'm not proud of it. The general manager wrote me a letter three weeks later.,I'm not proud of what I took from suite 609,"I stole a bottle of body oil from a hotel in Maui last summer. I'm not proud of it. The general manager wrote me a letter three weeks later.
⠀
It was the third morning. We had been at the resort for three days, and in the bathroom, mounted in a little metal collar on the marble by the shower, there was a full-size ambe [...]",Luxury-experience / professional-insider discovery ('the weird oil in the bathroom'),Feel like the pampered woman in the five-star setting; arms that feel 'like mine again',"Thin, papery, crepey arms/chest/hands after 50; lotions evaporate; hiding in sleeves",Water-based creams/lotions evaporate & sit on surface; oil melts through the lipid barrier to 'the layer where crepey skin starts'; six cold-pressed oils replace lipids skin 'stopped making' after 50/menopause,Visibly firmer/smoother arms; strangers/husband notice; 90-day guarantee,Unaware → problem-aware,The most valuable thing from a five-star hotel / first-class flight / spa / cruise was a <$40 unbranded amber bottle of body oil,Long-form first-person narrative: luxury setting with sensory/dollar detail → the 'weird'/'odd' bottle → emotional reaction (often a note/voicemail from a guest) → 'Let me rewind' → discovery of Evora → mechanism → offer,"CTA button: Shop now | link description: Say goodbye to crepey, saggy & dry skin. This botanical body oil visibly restores firmness and smoothness in just 2 minutes a day. See real results in 3–4 weeks — or get your money back.","[IMAGE] This ad not viewed. Concept examples viewed: Images viewed: 1788648425514311 Ritz Paris street scene with caption text overlay; 857286387379018 Honolulu police SUV in front of hotel (curiosity, ties to 'stole a bottle'); 2329433507867811 women in robes in a sauna — native lifestyle photos, no product",https://evorabody.com/products/botanical-body-oil,"Shopify PDP: 'Botanical Body Oil™' $49.00 (compare $69.00); 'WAREHOUSE CLEARANCE: UP TO 50% OFF'; 1/2/3-bottle tiers $49 / $39 / $34 per bottle; subscription pre-selected ('Refill Ships in 30 Days') with 'BUY ONCE - NO SAVINGS →' link; '89% sold' scarcity bar; 90-Day Money-Back Guarantee; (1,560) reviews, 'Isabelle and 50.000+ others purchased'; mechanism block (oil 'melts directly through the skin's lipid barrier'); 6 hero ingredients + full INCI; Day 1 → Week 8-12 results timeline; 'Why Evora? vs Others' table; FAQ (raw/landing/evora_pdp.txt)",LOW: still live [concept: 5 IDs / 1 page(s) / collation sum 5 in our sample],Persona/advertorial page linking to evorabody.com | days_since_start_asof_2026-10-03=18; surfaced by: natalie_brooks_page_all.jsonl
1592473439201348,"Meta Ad Library (US, public, logged-out)",HealthyClub,Evora Body (via skinglowmagazine listicle) / skinglowmagazine.com,ACTIVE (library end_date 2026-10-03 = still delivering),2026-08-22,42,1 (library 'ads use this creative'); concept IDs in sample: 8 across 1 page(s),IMAGE,"The top 5 body oils for crepey and dry skin in 2026 were reviewed side by side — texture, absorption, ingredient quality, and how the skin actually feels after use.",Which Body Oil Ranked #1 in 2026?,"The top 5 body oils for crepey and dry skin in 2026 were reviewed side by side — texture, absorption, ingredient quality, and how the skin actually feels after use.
⠀
One formula clearly stood above the rest.
⠀
It outperformed the better-known brands on the ingredient deck, the absorption test, and the after-feel — all [...]",Third-party comparison / 'ranked #1',Pick the objectively best oil without wasting money,Many body oils for crepey/dry skin — which works?,"Editorial reasoning (water-free base, absorption, actives) on landing page",'One formula clearly stood above the rest... costing significantly less per bottle',Solution-aware (comparing options),Side-by-side review of the top 5 body oils for crepey skin — one clear winner,Short teaser → fake-editorial listicle,"CTA button: Learn more | link description: Cavo Glow Body Oil combines a basic cold-pressed oil blend with an accessible price point and an impressive star rating. Using firmness and hydration as its headline benefits, it claims to smooth and improve skin texture. The 100ml bottle is the smallest format in our comparison, and at its single-b...","[IMAGE] THIS AD VIEWED. Image viewed for 1592473439201348: 'READ THIS BEFORE BUYING CREPEY SKIN BODY OILS' — five legs with five bottles over a red-to-green BAD→EXCELLENT scale, 'VIEW THE RANKINGS →'",https://www.skinglowmagazine.com/top5-body-oil/,"Fake-editorial comparison listicle (labelled 'Advertorial'): 'Top 5 Body Oils for Crepey, Dry & Dimpled Skin of 2026 — Tested & Reviewed by a Dermatologist', byline 'Dr. Sarah Mitchell, Board-certified Dermatologist'; ranks Evora #1 (A+) over Eraé, Besque (D+), Goda (C), Cavo (D); hormone/structural-cause education; all CTAs 'CHECK AVAILABILITY ➜' to evorabody PDP (raw/landing/skinglow_top5.txt)",LOW: still live [concept: 8 IDs / 1 page(s) / collation sum 8 in our sample],"Persona/advertorial page linking to skinglowmagazine.com | days_since_start_asof_2026-10-03=42; surfaced by: healthyclub_page_active.jsonl, kw_crepey_body_oil.jsonl"
25994710613513758,"Meta Ad Library (US, public, logged-out)",Joanna Woodley,unknown (no landing URL) / -,ACTIVE (library end_date 2026-10-03 = still delivering),2026-03-08,209,1 (library 'ads use this creative'); concept IDs in sample: 1 across 1 page(s),TEXT,my esthetician said i need a hyaluronic acid body serum for my crepey arms. anyone have a brand they actually love?,(none),my esthetician said i need a hyaluronic acid body serum for my crepey arms. anyone have a brand they actually love?,"Fake-consumer question 'seeding' (text-only, no link)",Find a body serum that works on crepey arms,'my esthetician said i need a hyaluronic acid body serum for my crepey arms',Hyaluronic acid (named in question),None,Problem-aware,Organic-looking question post to trigger comment recommendations,"Single lowercase question, no CTA",CTA button: none,Text-only (no media),,no landing URL in library record,MEDIUM: longevity 209d; still live [concept: 1 IDs / 1 page(s) / collation sum 1 in our sample],"Advertiser/brand not identifiable from library record (no link); 75 active ads on this page per library count | days_since_start_asof_2026-10-03=209; surfaced by: joanna_woodley_page_active.jsonl, kw_crepe_skin_arms.jsonl, kw_crepey_exact.jsonl"
2143911186196169,"Meta Ad Library (US, public, logged-out)",Beauty From Bees,Beauty From Bees / beautyfrombees.ca,ACTIVE (library end_date 2026-10-03 = still delivering),2026-09-23,10,2 (library 'ads use this creative'); concept IDs in sample: 2 across 1 page(s),VIDEO,"Ladies, are you noticing dryness and dullness on your body?",6 Natural Oils for Changing Skin,"Ladies, are you noticing dryness and dullness on your body?

Discover the ultimate natural solution for your body designed to deeply nourish and rejuvenate your skin.

Expertly formulated to target dryness, our products restore essential hydration, leaving your skin firmer, smoother, and more radiant.
No shortcuts, no  [...]",Natural waterless body serum discount,"Relief from tight, flaky, itchy skin",Dry body skin,"'100% natural, waterless', 7 ingredients",Feel relief,Problem-aware,Waterless 7-ingredient body serum,Short call-out + code,CTA button: Shop now | link description: Made in Canada,[VIDEO] not viewed,https://beautyfrombees.ca/products/body-serum,Beauty From Bees (Canada) body-serum PDP (not rendered),LOW: still live [concept: 2 IDs / 1 page(s) / collation sum 4 in our sample],days_since_start_asof_2026-10-03=10; surfaced by: kw_crepey_body_oil.jsonl
28191372747167970,"Meta Ad Library (US, public, logged-out)",Beekman 1802,Beekman 1802 / beekman1802.com,ACTIVE (library end_date 2026-10-03 = still delivering),2026-08-25,39,1 (library 'ads use this creative'); concept IDs in sample: 1 across 1 page(s),DCO,"If rapid weight loss has left your skin looking loose or crepey, Milk RX Body is your better-aging prescription.",Firm Skin After Weight Loss,"If rapid weight loss has left your skin looking loose or crepey, Milk RX Body is your better-aging prescription.",Post-weight-loss firming,Firm skin after weight loss,'rapid weight loss has left your skin looking loose or crepey',"Goat milk exosomes, COLLAGEN++",Better-aging prescription,Problem-aware,Firm skin after weight loss,One-liner (DCO),CTA button: Shop now,[DCO] not viewed,https://beekman1802.com/collections/body-creams/products/milk-rx-body-crepe-smoothing-cream,"Beekman 1802 PDP: Milk RX Body Crepe Smoothing Cream 6 fl oz $55 (S&S $46.75); 'goat milk exosomes, COLLAGEN++'; 140 reviews (raw/landing/beekman_crepe.txt)",LOW: still live [concept: 1 IDs / 1 page(s) / collation sum 1 in our sample],"DCO ad: copy taken from first dynamic card | days_since_start_asof_2026-10-03=39; surfaced by: kw_crepey_exact.jsonl, meta_kw_crepey_skin_active.jsonl"
1609139254186765,"Meta Ad Library (US, public, logged-out)",40 Plus & Fabulous,Besque / besque.co,ACTIVE (library end_date 2026-10-03 = still delivering),2026-09-10,23,1 (library 'ads use this creative'); concept IDs in sample: 2 across 1 page(s),VIDEO,"You lost the weight - so why are you still hiding your arms, stomach and thighs? 😢",100% Natural Body Oil,"You lost the weight - so why are you still hiding your arms, stomach and thighs? 😢

For a lot of women after GLP-1 weight loss, the number on the scale changes faster than the way their skin looks 🤕

Body oiling naturally reverses the effects GLP-1 weight loss has on skin making it look naturally more youthful again ✨",Post-GLP-1 skin (persona page),Keep using a loved oil for less; firm skin in 50s+,"'You lost the weight - so why are you still hiding your arms, stomach and thighs?'",'Body oiling naturally reverses the effects GLP-1 weight loss has on skin',"Luminous, firm, ultra-hydrated skin; '500,000+ women'",Problem-aware (GLP-1 users),Weight's gone — the skin needs catching up,Short offer copy (brand page); first-person family story (40 Plus & Fabulous),"CTA button: Shop now | link description: Trusted by 500,000+ Mature Women","[VIDEO] This ad not viewed. Concept examples viewed: Image viewed for 3912945868841510: 'The World's No.1 Body Oil — EXCLUSIVE OFFER', Trustpilot 4.8/5 with 9,000+ reviews, $120.00 struck → $78.00, 35% OFF",https://besque.co/products/magic-body-oil,"Besque PDP: 'Besque® Magic Body Oil XL - 200ml' $120 (subscription $78 = 35% off per ads); 7 cold-pressed oils listed; '500,000+ Happy Customers'; Trustpilot (raw/landing/besque_magic_body_oil.txt)",LOW: still live [concept: 2 IDs / 1 page(s) / collation sum 2 in our sample],days_since_start_asof_2026-10-03=23; surfaced by: 40plusfabulous_page_active.jsonl
1113341161654036,"Meta Ad Library (US, public, logged-out)",40 Plus & Fabulous,Besque / besque.co,ACTIVE (library end_date 2026-10-03 = still delivering),2026-09-22,11,1 (library 'ads use this creative'); concept IDs in sample: 3 across 1 page(s),VIDEO,A new chapter after weight loss. A little extra care for the skin carrying you through it with our viral Magic Body Oil ✨,Anti-Sag Formula Now 35% OFF ➡️➡️,"A new chapter after weight loss. A little extra care for the skin carrying you through it with our viral Magic Body Oil ✨

💧 Replenishes moisture for a soft, supple feel
🌿 Helps improve the appearance of crepey skin
✨ Supports a smoother, firmer-looking finish",Post-weight-loss 'new chapter' + discount (persona page),Keep using a loved oil for less; firm skin in 50s+,Skin after weight loss,'Seven unrefined cold pressed oils','Helps improve the appearance of crepey skin',Most-aware (brand page) / problem-aware (persona page),Anti-Sag Formula now 35% off,Short offer copy (brand page); first-person family story (40 Plus & Fabulous),"CTA button: Shop now | link description: Loved by 500,000 Women Just Like You","[VIDEO] This ad not viewed. Concept examples viewed: Image viewed for 3912945868841510: 'The World's No.1 Body Oil — EXCLUSIVE OFFER', Trustpilot 4.8/5 with 9,000+ reviews, $120.00 struck → $78.00, 35% OFF",https://besque.co/products/magic-body-oil,"Besque PDP: 'Besque® Magic Body Oil XL - 200ml' $120 (subscription $78 = 35% off per ads); 7 cold-pressed oils listed; '500,000+ Happy Customers'; Trustpilot (raw/landing/besque_magic_body_oil.txt)",LOW: still live [concept: 3 IDs / 1 page(s) / collation sum 3 in our sample],days_since_start_asof_2026-10-03=11; surfaced by: 40plusfabulous_page_active.jsonl
1078737738359846,"Meta Ad Library (US, public, logged-out)",40 Plus & Fabulous,Besque / besque.co,ACTIVE (library end_date 2026-10-03 = still delivering),2026-10-02,1,1 (library 'ads use this creative'); concept IDs in sample: 4 across 1 page(s),IMAGE,"My daughter got engaged last October. I'm 61, I've been a widow for six years, and I'd been waiting for this a long time.",Why crepey arms come back every afternoon,"My daughter got engaged last October. I'm 61, I've been a widow for six years, and I'd been waiting for this a long time.

I'm not going to use the other mother's real name. Let's call her Pam. She's 58. Tennis three mornings a week, and the kind of arms you get from tennis three mornings a week. She offered to organis [...]","Persona family-event story (mother-of-the-bride, sleeveless dress)",Not be outshone in the sleeveless mothers' photo,61-year-old widow vs. 58-year-old tennis-armed co-mother; 'Why crepey arms come back every afternoon','Seven unrefined cold pressed oils',"Luminous, firm, ultra-hydrated skin; '500,000+ women'",Unaware → problem-aware,"Same sleeveless dress, two very different arms",Long-form first-person social-comparison story (persona page '40 Plus & Fabulous'),CTA button: Shop now | link description: Shop now,"[IMAGE] This ad not viewed. Concept examples viewed: Image viewed for 3912945868841510: 'The World's No.1 Body Oil — EXCLUSIVE OFFER', Trustpilot 4.8/5 with 9,000+ reviews, $120.00 struck → $78.00, 35% OFF",https://besque.co/products/magic-body-oil,"Besque PDP: 'Besque® Magic Body Oil XL - 200ml' $120 (subscription $78 = 35% off per ads); 7 cold-pressed oils listed; '500,000+ Happy Customers'; Trustpilot (raw/landing/besque_magic_body_oil.txt)",LOW: still live [concept: 4 IDs / 1 page(s) / collation sum 4 in our sample],days_since_start_asof_2026-10-03=1; surfaced by: 40plusfabulous_page_active.jsonl
3912945868841510,"Meta Ad Library (US, public, logged-out)",Besque,Besque / besque.co,ACTIVE (library end_date 2026-10-03 = still delivering),2026-07-07,88,1 (library 'ads use this creative'); concept IDs in sample: 7 across 1 page(s),IMAGE,Bigger bottle. Better value. Twice the love for your skin.,Bigger Bottle. Better Deal.,"Bigger bottle. Better value. Twice the love for your skin.

The original 100ml bottle is $60. The XL 200ml is normally $120. Subscribe today and you get the full 200ml delivered every month for just $78. That's two months of supply, delivered to your door, at 35% off! 

No running out. No reordering. Just better skin,  [...]","Offer / value (XL bottle, 35% off subscription) + persona-page stories",Keep using a loved oil for less; firm skin in 50s+,"Running out / price; crepey arms, post-GLP-1 skin (persona page)",'Seven unrefined cold pressed oils',"Luminous, firm, ultra-hydrated skin; '500,000+ women'",Most-aware (brand page) / problem-aware (persona page),"Twice the oil, 35% cheaper",Short offer copy (brand page); first-person family story (40 Plus & Fabulous),CTA button: Shop now | link description: Upgrade today while stocks last,"[IMAGE] THIS AD VIEWED. Image viewed for 3912945868841510: 'The World's No.1 Body Oil — EXCLUSIVE OFFER', Trustpilot 4.8/5 with 9,000+ reviews, $120.00 struck → $78.00, 35% OFF",https://besque.co/products/besque-magic-body-oil-xl,"Besque PDP: 'Besque® Magic Body Oil XL - 200ml' $120 (subscription $78 = 35% off per ads); 7 cold-pressed oils listed; '500,000+ Happy Customers'; Trustpilot (raw/landing/besque_magic_body_oil.txt)",MEDIUM: longevity 88d; still live [concept: 7 IDs / 1 page(s) / collation sum 7 in our sample],days_since_start_asof_2026-10-03=88; surfaced by: besque_page_active.jsonl
1004710822382362,"Meta Ad Library (US, public, logged-out)",Besque,Besque / besque.co,ACTIVE (library end_date 2026-10-03 = still delivering),2026-07-14,81,1 (library 'ads use this creative'); concept IDs in sample: 2 across 1 page(s),IMAGE,"Double the pure, unadulterated skin goodness at 35% off the price? YES Please!",35% OFF Limited Time!,"Double the pure, unadulterated skin goodness at 35% off the price? YES Please!

Thousands of you asked for a bigger bottle. So we listened. The exact same Besque Magic Body Oil formula now in a bottle that is twice as big. This bottle lasts a full month. Your new routine. Use it all over your body for softer, firmer &  [...]","Offer / value (XL bottle, 35% off subscription) + persona-page stories",Keep using a loved oil for less; firm skin in 50s+,"Running out / price; crepey arms, post-GLP-1 skin (persona page)",'Seven unrefined cold pressed oils',"Luminous, firm, ultra-hydrated skin; '500,000+ women'",Most-aware (brand page) / problem-aware (persona page),"Twice the oil, 35% cheaper",Short offer copy (brand page); first-person family story (40 Plus & Fabulous),"CTA button: Shop now | link description: Delivered monthly, never run out of your skin loving goodness again.","[IMAGE] This ad not viewed. Concept examples viewed: Image viewed for 3912945868841510: 'The World's No.1 Body Oil — EXCLUSIVE OFFER', Trustpilot 4.8/5 with 9,000+ reviews, $120.00 struck → $78.00, 35% OFF",https://besque.co/products/besque-magic-body-oil-xl,"Besque PDP: 'Besque® Magic Body Oil XL - 200ml' $120 (subscription $78 = 35% off per ads); 7 cold-pressed oils listed; '500,000+ Happy Customers'; Trustpilot (raw/landing/besque_magic_body_oil.txt)",MEDIUM: longevity 81d; still live [concept: 2 IDs / 1 page(s) / collation sum 2 in our sample],"days_since_start_asof_2026-10-03=81; surfaced by: besque_page_active.jsonl, kw_crepe_skin_arms.jsonl, kw_crepey_body_oil.jsonl, kw_crepey_exact.jsonl, meta_kw_crepey_skin_active.jsonl"
1069168172224970,"Meta Ad Library (US, public, logged-out)",Besque,Besque / besque.co,ACTIVE (library end_date 2026-10-03 = still delivering),2026-07-14,81,1 (library 'ads use this creative'); concept IDs in sample: 2 across 1 page(s),IMAGE,Thousands of you asked for a bigger bottle.,2X Bigger & 35% Cheaper,"Thousands of you asked for a bigger bottle.

We didn’t just make it bigger. We made it cheaper.

The Besque Magic Body Oil XL is finally here.

✨ Double the size
✨ 35% cheaper
✨ Exact Same transformative formula

No more running out. No more rationing. Just weeks of skin satisfaction in one bottle.

For the women who a [...]","Offer / value (XL bottle, 35% off subscription) + persona-page stories",Keep using a loved oil for less; firm skin in 50s+,"Running out / price; crepey arms, post-GLP-1 skin (persona page)",'Seven unrefined cold pressed oils',"Luminous, firm, ultra-hydrated skin; '500,000+ women'",Most-aware (brand page) / problem-aware (persona page),"Twice the oil, 35% cheaper",Short offer copy (brand page); first-person family story (40 Plus & Fabulous),CTA button: Shop now | link description: Shop Now,"[IMAGE] This ad not viewed. Concept examples viewed: Image viewed for 3912945868841510: 'The World's No.1 Body Oil — EXCLUSIVE OFFER', Trustpilot 4.8/5 with 9,000+ reviews, $120.00 struck → $78.00, 35% OFF",https://besque.co/products/besque-magic-body-oil-xl,"Besque PDP: 'Besque® Magic Body Oil XL - 200ml' $120 (subscription $78 = 35% off per ads); 7 cold-pressed oils listed; '500,000+ Happy Customers'; Trustpilot (raw/landing/besque_magic_body_oil.txt)",MEDIUM: longevity 81d; still live [concept: 2 IDs / 1 page(s) / collation sum 2 in our sample],days_since_start_asof_2026-10-03=81; surfaced by: besque_page_active.jsonl
1950562035611756,"Meta Ad Library (US, public, logged-out)",Besque,Besque / besque.co,ACTIVE (library end_date 2026-10-03 = still delivering),2026-09-04,29,1 (library 'ads use this creative'); concept IDs in sample: 4 across 1 page(s),IMAGE,"Limited time 35% off Magic Body Oil, plus a free XL Shower Oil bottle, offer won't last forever!",$240 Worth. $78 Price Tag.,"Limited time 35% off Magic Body Oil, plus a free XL Shower Oil bottle, offer won't last forever!

Pure botanical luxury delivered to your door with free shipping. Seven unrefined cold pressed oils, both bottles, at $78 instead of $240, so your entire firming routine is covered in one order. And with it, luminous, firm, [...]","Offer / value (XL bottle, 35% off subscription) + persona-page stories",Keep using a loved oil for less; firm skin in 50s+,"Running out / price; crepey arms, post-GLP-1 skin (persona page)",'Seven unrefined cold pressed oils',"Luminous, firm, ultra-hydrated skin; '500,000+ women'",Most-aware (brand page) / problem-aware (persona page),"Twice the oil, 35% cheaper",Short offer copy (brand page); first-person family story (40 Plus & Fabulous),CTA button: Shop now | link description: Free Shipping,"[IMAGE] This ad not viewed. Concept examples viewed: Image viewed for 3912945868841510: 'The World's No.1 Body Oil — EXCLUSIVE OFFER', Trustpilot 4.8/5 with 9,000+ reviews, $120.00 struck → $78.00, 35% OFF",https://besque.co/products/besque-magic-body-oil-free-so,"Besque PDP: 'Besque® Magic Body Oil XL - 200ml' $120 (subscription $78 = 35% off per ads); 7 cold-pressed oils listed; '500,000+ Happy Customers'; Trustpilot (raw/landing/besque_magic_body_oil.txt)",LOW: still live [concept: 4 IDs / 1 page(s) / collation sum 4 in our sample],"days_since_start_asof_2026-10-03=29; surfaced by: besque_page_active.jsonl, kw_body_oil_over_50.jsonl"
980035185081066,"Meta Ad Library (US, public, logged-out)",DRMTLGY,DRMTLGY / drmtlgy.com,ACTIVE (library end_date 2026-10-03 = still delivering),2026-04-01,185,1 (library 'ads use this creative'); concept IDs in sample: 50 across 3 page(s),DCO,"Experience firmer, smoother skin from the neck down 💪",Firm + Hydrate: Retinol Body Lotion That Enhances Elasticity,"Experience firmer, smoother skin from the neck down 💪
Our dermatologist-developed Retinol Body Lotion helps improve elasticity, reduce the appearance of crepey skin, and enhance tone — without irritation.

✨ Gentle, hydrating retinol
💧 Shea Butter + Ceramides for deep moisture
🩺 Dermatologist Recommended
🇺🇸 Made in the [...]",Dermatologist-developed retinol body lotion,"Firmer, smoother skin 'from the neck down'","Crepey skin, loss of elasticity, uneven tone",Gentle retinol + shea butter + ceramides,"Improved elasticity, reduced look of crepey skin; risk-free",Solution-aware,Face-grade retinol for the body,Short feature-benefit bullets (DCO catalogue format),CTA button: Shop now,[DCO] not viewed,https://www.drmtlgy.com/products/retinol-body-lotion,"DRMTLGY PDP: Retinol Body Lotion 6 oz $36 (auto-ship $27, 25% off); 'Firms + Enhances Elasticity'; '...improve the look of crepey skin'; 513 reviews; free mask on $75+; '151 people have this in their cart' (raw/landing/drmtlgy_retinol_body.txt)",HIGH: longevity 185d; concept replicated in 50 ad IDs; cross-page (3 pages); still live [concept: 50 IDs / 3 page(s) / collation sum 68 in our sample],DCO ad: copy taken from first dynamic card | days_since_start_asof_2026-10-03=185; surfaced by: drmtlgy_page_active_pre2026-06.jsonl
1714552492862170,"Meta Ad Library (US, public, logged-out)",DRMTLGY,DRMTLGY / drmtlgy.com,ACTIVE (library end_date 2026-10-03 = still delivering),2026-04-01,185,1 (library 'ads use this creative'); concept IDs in sample: 7 across 1 page(s),DCO,"Simplify your routine and enhance your natural glow with this perfect pair: a lightweight, sheer-coverage suncreen, and a versatile eye corrector. Whether you’re heading to work or enjoying a night out, this duo is your go-to for smooth, radiant skin all day long!","Your Skin, Only Better","Simplify your routine and enhance your natural glow with this perfect pair: a lightweight, sheer-coverage suncreen, and a versatile eye corrector. Whether you’re heading to work or enjoying a night out, this duo is your go-to for smooth, radiant skin all day long!

✨Quick and easy routine 
✨Hydrating, anti-aging ingred [...]",Off-category (face sunscreen + eye corrector duo),Quick glowing routine,None,None,"Smooth, radiant skin",Solution-aware,Minimalist makeup duo,Short promo,CTA button: Shop now,[DCO] not viewed,https://www.drmtlgy.com/collections/best-sellers-drop-down,DRMTLGY collection/advertorial page (not rendered),MEDIUM: longevity 185d; still live [concept: 7 IDs / 1 page(s) / collation sum 7 in our sample],DCO ad: copy taken from first dynamic card | days_since_start_asof_2026-10-03=185; surfaced by: drmtlgy_page_active_pre2026-06.jsonl
866991852497319,"Meta Ad Library (US, public, logged-out)",Jamie's Finds,DRMTLGY / drmtlgy.com,ACTIVE (library end_date 2026-10-03 = still delivering),2026-06-04,121,1 (library 'ads use this creative'); concept IDs in sample: 50 across 3 page(s),DCO,"Experience firmer, smoother skin from the neck down 💪",Firm + Hydrate: Retinol Body Lotion That Enhances Elasticity,"Experience firmer, smoother skin from the neck down 💪
Our dermatologist-developed Retinol Body Lotion helps improve elasticity, reduce the appearance of crepey skin, and enhance tone — without irritation.

✨ Gentle, hydrating retinol
💧 Shea Butter + Ceramides for deep moisture
🩺 Dermatologist Recommended
🇺🇸 Made in the [...]",Dermatologist-developed retinol body lotion,"Firmer, smoother skin 'from the neck down'","Crepey skin, loss of elasticity, uneven tone",Gentle retinol + shea butter + ceramides,"Improved elasticity, reduced look of crepey skin; risk-free",Solution-aware,Face-grade retinol for the body,Short feature-benefit bullets (DCO catalogue format),CTA button: Shop now,[DCO] not viewed,https://www.drmtlgy.com/products/retinol-body-lotion,"DRMTLGY PDP: Retinol Body Lotion 6 oz $36 (auto-ship $27, 25% off); 'Firms + Enhances Elasticity'; '...improve the look of crepey skin'; 513 reviews; free mask on $75+; '151 people have this in their cart' (raw/landing/drmtlgy_retinol_body.txt)",HIGH: longevity 121d; concept replicated in 50 ad IDs; cross-page (3 pages); still live [concept: 50 IDs / 3 page(s) / collation sum 68 in our sample],"DCO ad: copy taken from first dynamic card | days_since_start_asof_2026-10-03=121; surfaced by: kw_crepe_skin_arms.jsonl, kw_crepey_exact.jsonl, kw_crepey_skin_video_2026-09.jsonl, kw_drmtlgy_retinol_body.jsonl, kw_necessaire_body_retinol.jsonl, meta_kw_crepey_skin_active.jsonl"
4092537667704644,"Meta Ad Library (US, public, logged-out)",Feline Skinscience,Feline Skinscience / felineskinscience.com,listed active but last delivery 2026-09-29 (likely paused/stopped),2026-05-11,141,1 (library 'ads use this creative'); concept IDs in sample: 2 across 1 page(s),IMAGE,"At 48, my neck and arms looked like crepe paper. I tried everything until I discovered Dr. Turner's moisturizing method. Now my skin feels firm and youthful again!"" - Margaret S. from Manchester",The Crepey Skin Myth: The Real Reason Contributing to Aging Skin,"At 48, my neck and arms looked like crepe paper. I tried everything until I discovered Dr. Turner's moisturizing method. Now my skin feels firm and youthful again!"" - Margaret S. from Manchester

Limited time: Advanced Crepe Fix with FREE delivery + Klarna payments.

✅ Targets Crepey Skin & Loss of Firmness
✅ Restores  [...]",Myth-busting ('The Crepey Skin Myth'),"Firm, youthful neck/arms","'At 48, my neck and arms looked like crepe paper'",'Dr. Turner's moisturizing method',Restores youthful texture; free delivery,Problem-aware,The real reason crepey skin happens (myth series template reused across concerns),Testimonial quote → offer bullets,CTA button: Shop now | link description: Free Delivery,[IMAGE] THIS AD VIEWED. Image viewed for 4092537667704644: 'Real Results. Real Renewal. 21.7% Reduction in visible crepiness in 7 days / 29.4% Improved skin elasticity in 14 days' with two jars,https://www.felineskinscience.com/collections/skincare/products/advanced-crepe-fix,"Feline Skinscience PDP (404 at render time; site banner 'BUY 1, GET 1 FREE', '60 DAYS MONEY BACK GUARANTEE', 'TRUSTED BY 100,000+ WOMEN')",MEDIUM (not currently delivering): longevity 141d [concept: 2 IDs / 1 page(s) / collation sum 2 in our sample],"days_since_start_asof_2026-10-03=145; surfaced by: feline_page_active.jsonl, kw_crepe_skin_arms.jsonl, kw_crepey_exact.jsonl, meta_kw_crepey_skin_active.jsonl"
1101365469083009,"Meta Ad Library (US, public, logged-out)",Feline Skinscience,Feline Skinscience / felineskinscience.com,ACTIVE (library end_date 2026-10-03 = still delivering),2026-09-07,26,1 (library 'ads use this creative'); concept IDs in sample: 10 across 1 page(s),IMAGE,📍For YEARS I was frustrated…,The Crepey Skin Myth: The Real Reason contributing to aging skin.,"📍For YEARS I was frustrated…

I kept slathering on lotions and moisturizers thinking they’d fix my crepey skin.

But no matter how much I used, my arms and legs still looked papery, saggy, and dry.

I wasted hundreds on expensive creams, body butters, even high-tech LED devices.

Nothing actually worked.

Then I learne [...]",Myth-busting ('The Crepey Skin Myth'),"Firm, youthful neck/arms","'At 48, my neck and arms looked like crepe paper'",'Dr. Turner's moisturizing method',Restores youthful texture; free delivery,Problem-aware,The real reason crepey skin happens (myth series template reused across concerns),'For YEARS I was frustrated…' first-person myth-busting → offer (10 IDs in sample from 2026-09-07),CTA button: Learn more | link description: Get your special discount now at Féline Skinscience,[IMAGE] This ad not viewed. Concept examples viewed: Image viewed for 4092537667704644: 'Real Results. Real Renewal. 21.7% Reduction in visible crepiness in 7 days / 29.4% Improved skin elasticity in 14 days' with two jars,https://www.felineskinscience.com/products/advanced-crepe-fix,"Feline Skinscience PDP (404 at render time; site banner 'BUY 1, GET 1 FREE', '60 DAYS MONEY BACK GUARANTEE', 'TRUSTED BY 100,000+ WOMEN')",MEDIUM: concept replicated in 10 ad IDs; still live [concept: 10 IDs / 1 page(s) / collation sum 10 in our sample],days_since_start_asof_2026-10-03=26; surfaced by: feline_page_active.jsonl
2475651179440524,"Meta Ad Library (US, public, logged-out)",Anne's Skincare Blog,Frøya Organics / froyaorganics.com,ACTIVE (library end_date 2026-10-03 = still delivering),2025-02-24,586,2 (library 'ads use this creative'); concept IDs in sample: 2 across 1 page(s),IMAGE,"Hang on to your hats, ladies — this story is WILD 🤪",Save 40% if you buy right now!,"Hang on to your hats, ladies — this story is WILD 🤪 

So, here’s what happened.

About a year ago, I started to feel my skin get really dry and it turned red, flaky and wrinkles started showing everywhere…

Every single day I felt like I spotted a new problem when I checked my skin in the mirror.

You see, as a young w [...]",Natural Arctic-botanical balm via blogger persona,Visible anti-ageing results fast without toxins,"Dry, red, flaky, wrinkling skin; retinol 'thins your skin'",Arctic herbs survived brutal cold so are nutrient-dense,"Results 'in DAYS', 'Two Weeks. Brand New Skin.'",Problem-aware,Little Arctic anti-age secret,First-person testimonial / customer-letter stories from 'Anne's Skincare Blog' page,CTA button: Learn more | link description: 25% OFF right now,"[IMAGE] This ad not viewed. Concept examples viewed: Image viewed for 1205891440980813: macro of amber balm texture, caption 'no water fillers'",https://froyaorganics.com/pages/froya-organics-hyper-potent-arctic-balms-for-mature-skin,"Frøya Organics long-form page: '854,850+ WOMEN SAID GOODBYE TO WRINKLES (4.9/5)', 'Visibly Glowing Skin in as Little as 48 Hours', 'TRY IT RISK-FREE - SAVE 40%', code FALLSALE (raw/landing/froya_balms.txt)",MEDIUM: longevity 586d; still live [concept: 2 IDs / 1 page(s) / collation sum 3 in our sample],days_since_start_asof_2026-10-03=586; surfaced by: annes_blog_page_active.jsonl
1706678643610029,"Meta Ad Library (US, public, logged-out)",Anne's Skincare Blog,Frøya Organics / froyaorganics.com,listed active but last delivery 2026-09-29 (likely paused/stopped),2025-04-22,525,1 (library 'ads use this creative'); concept IDs in sample: 2 across 1 page(s),IMAGE,"Most Skincare Brands WANT You to Keep Buying. 🚨 Their products make your skin dependent on them. Ours actually heals. And today, it’s 40% OFF.",Retinol thins your skin [Try the real fix],"Most Skincare Brands WANT You to Keep Buying. 🚨 Their products make your skin dependent on them. Ours actually heals. And today, it’s 40% OFF.",Natural Arctic-botanical balm via blogger persona,Visible anti-ageing results fast without toxins,"Dry, red, flaky, wrinkling skin; retinol 'thins your skin'",Arctic herbs survived brutal cold so are nutrient-dense,"Results 'in DAYS', 'Two Weeks. Brand New Skin.'",Problem-aware,Little Arctic anti-age secret,First-person testimonial / customer-letter stories from 'Anne's Skincare Blog' page,CTA button: Learn more | link description: “I was aging at warp speed. Nothing helped like FRØYA”,"[IMAGE] This ad not viewed. Concept examples viewed: Image viewed for 1205891440980813: macro of amber balm texture, caption 'no water fillers'",https://froyaorganics.com/pages/froya-organics-hyper-potent-arctic-balms-for-mature-skin,"Frøya Organics long-form page: '854,850+ WOMEN SAID GOODBYE TO WRINKLES (4.9/5)', 'Visibly Glowing Skin in as Little as 48 Hours', 'TRY IT RISK-FREE - SAVE 40%', code FALLSALE (raw/landing/froya_balms.txt)",MEDIUM (not currently delivering): longevity 525d [concept: 2 IDs / 1 page(s) / collation sum 3 in our sample],days_since_start_asof_2026-10-03=529; surfaced by: annes_blog_page_active.jsonl
2010342469725260,"Meta Ad Library (US, public, logged-out)",Anne's Skincare Blog,Frøya Organics / froyaorganics.com,ACTIVE (library end_date 2026-10-03 = still delivering),2025-09-11,387,2 (library 'ads use this creative'); concept IDs in sample: 2 across 1 page(s),VIDEO,Hi!,Two Weeks. Brand New Skin.,"Hi!

Years ago, I got diagnosed with cancer underneath my right eye and running down my cheek. 

I will send pictures of what my skin look like after my procedure so you can have a comparison.

February 2024 I got diagnosed with more skin cancer in the upper right part of my forehead.For years now, I have used every ty [...]",Natural Arctic-botanical balm via blogger persona,Visible anti-ageing results fast without toxins,"Dry, red, flaky, wrinkling skin; retinol 'thins your skin'",Arctic herbs survived brutal cold so are nutrient-dense,"Results 'in DAYS', 'Two Weeks. Brand New Skin.'",Problem-aware,Little Arctic anti-age secret,First-person testimonial / customer-letter stories from 'Anne's Skincare Blog' page,CTA button: Shop now | link description: Results or money back!✅,"[VIDEO] This ad not viewed. Concept examples viewed: Image viewed for 1205891440980813: macro of amber balm texture, caption 'no water fillers'",https://froyaorganics.com/pages/5-things-surgery,"Frøya Organics long-form page: '854,850+ WOMEN SAID GOODBYE TO WRINKLES (4.9/5)', 'Visibly Glowing Skin in as Little as 48 Hours', 'TRY IT RISK-FREE - SAVE 40%', code FALLSALE (raw/landing/froya_balms.txt)",MEDIUM: longevity 387d; still live [concept: 2 IDs / 1 page(s) / collation sum 3 in our sample],days_since_start_asof_2026-10-03=387; surfaced by: annes_blog_page_active.jsonl
948476900987533,"Meta Ad Library (US, public, logged-out)",Anne's Skincare Blog,Frøya Organics / froyaorganics.com,ACTIVE (library end_date 2026-10-03 = still delivering),2026-03-14,203,2 (library 'ads use this creative'); concept IDs in sample: 4 across 1 page(s),VIDEO,"I saw results in DAYS, not months…",Little Arctic Anti-Age Secret 🌿,"I saw results in DAYS, not months…

I didn’t want to spread toxins on my skin anymore. I’ve always leaned toward natural skincare, but the problem was… most of it took forever to show results (if it even worked at all) 🌱⏳

That’s why I was completely shocked when my skin started changing within just days of using Frøya [...]",Natural Arctic-botanical balm via blogger persona,Visible anti-ageing results fast without toxins,"Dry, red, flaky, wrinkling skin; retinol 'thins your skin'",Arctic herbs survived brutal cold so are nutrient-dense,"Results 'in DAYS', 'Two Weeks. Brand New Skin.'",Problem-aware,Little Arctic anti-age secret,First-person testimonial / customer-letter stories from 'Anne's Skincare Blog' page,CTA button: Shop now | link description: The Results Shocked My Husband ✨,"[VIDEO] This ad not viewed. Concept examples viewed: Image viewed for 1205891440980813: macro of amber balm texture, caption 'no water fillers'",https://froyaorganics.com/en-eu/pages/fr-ya-organics-hyper-potent-arctic-balms-for-mature-skin,"Frøya Organics long-form page: '854,850+ WOMEN SAID GOODBYE TO WRINKLES (4.9/5)', 'Visibly Glowing Skin in as Little as 48 Hours', 'TRY IT RISK-FREE - SAVE 40%', code FALLSALE (raw/landing/froya_balms.txt)",MEDIUM: longevity 203d; still live [concept: 4 IDs / 1 page(s) / collation sum 7 in our sample],days_since_start_asof_2026-10-03=203; surfaced by: annes_blog_page_active.jsonl
999552596247291,"Meta Ad Library (US, public, logged-out)",Dr Lila Merrit,Goda / goda.co,ACTIVE (library end_date 2026-10-03 = still delivering),2026-06-28,97,1 (library 'ads use this creative'); concept IDs in sample: 27 across 4 page(s),DCO,"""Dryness, saggy and crepey skin... I struggled with it all for years until I realized I was doing it all wrong. 😨""","From dull to radiant—firmer, smoother skin in every touch 😍","""Dryness, saggy and crepey skin... I struggled with it all for years until I realized I was doing it all wrong. 😨""

I had a bathroom cabinet full of body lotions and creams. You name it, I tried it. Nothing seemed to make a real difference. My skin would feel moisturized for a few hours, then right back to that paper-t [...]",Testimonial transformation ('I was doing it all wrong'),"Firm, silky skin; wear sleeveless again","'Dryness, saggy and crepey skin'; creams moisturise for hours then back to 'paper-thin, crepey texture'","'creams sit on top of the skin, but oils penetrate deep where the real problems start'; '7 cold-pressed oils that work at different levels of the skin'","Crepey texture smoothing 'within weeks'; firmer, silky smooth",Problem-aware,An aesthetician's tip: switch from creams to a penetrating body oil,Quoted customer testimonial ('Michelle D.') → aesthetician reveal → skepticism (greasy?) → results timeline → P.S. daughter steals it → CTA,CTA button: Shop now,"[DCO] This ad not viewed. Concept examples viewed: Image viewed for 1074806978599949: split before/after of a grey-haired woman's back/arm ('BEFORE GODA' / '2 WEEKS ON GODA') with bottle and '50% OFF' badge; 4109833019265205: 'THE #1 CHOICE FOR BODY OIL — I'm 55 and don't expect miracles… But this one is pretty close.' + 5 stars, 'WITH OVER 50,000+ 5-STAR REVIEWS'",https://goda.co/products/silk-body-oil?tw_source={{site_source_name}}&tw_adid={{ad.id}},"Shopify PDP: 'Goda® Silk Body Oil' $59 (compare $98); Buy 1 $37 / Buy 2 Get 1 FREE $59 / Buy 3 Get 2 FREE $88 + free gifts; countdown timer; 'ONLY 12 LEFT', '14 customers are viewing'; 30-Day MBG; subscription default + 'BUY ONCE - NO SAVINGS'; 4.8/5 (5,460 reviews), 'Trusted by 95,000+'; stat-claims ('89% Reduction on sagging skin and thigh'); 'Esthetician Approved' (raw/landing/goda_silk_body_oil.txt)",HIGH: longevity 97d; concept replicated in 27 ad IDs; cross-page (4 pages); still live [concept: 27 IDs / 4 page(s) / collation sum 36 in our sample],"DCO ad: copy taken from first dynamic card | Goda persona page | days_since_start_asof_2026-10-03=97; surfaced by: kw_crepe_skin_arms.jsonl, kw_crepey_body_oil.jsonl, kw_crepey_exact.jsonl, kw_crepey_skin_video_2026-09.jsonl, meta_kw_crepey_skin_active.jsonl"
986622734003880,"Meta Ad Library (US, public, logged-out)",Goda Perfume,Goda / goda.co,ACTIVE (library end_date 2026-10-03 = still delivering),2026-06-28,97,1 (library 'ads use this creative'); concept IDs in sample: 27 across 4 page(s),DCO,"""Dryness, saggy and crepey skin... I struggled with it all for years until I realized I was doing it all wrong. 😨""","From dull to radiant—firmer, smoother skin in every touch 😍","""Dryness, saggy and crepey skin... I struggled with it all for years until I realized I was doing it all wrong. 😨""

I had a bathroom cabinet full of body lotions and creams. You name it, I tried it. Nothing seemed to make a real difference. My skin would feel moisturized for a few hours, then right back to that paper-t [...]",Testimonial transformation ('I was doing it all wrong'),"Firm, silky skin; wear sleeveless again","'Dryness, saggy and crepey skin'; creams moisturise for hours then back to 'paper-thin, crepey texture'","'creams sit on top of the skin, but oils penetrate deep where the real problems start'; '7 cold-pressed oils that work at different levels of the skin'","Crepey texture smoothing 'within weeks'; firmer, silky smooth",Problem-aware,An aesthetician's tip: switch from creams to a penetrating body oil,Quoted customer testimonial ('Michelle D.') → aesthetician reveal → skepticism (greasy?) → results timeline → P.S. daughter steals it → CTA,CTA button: Shop now,"[DCO] This ad not viewed. Concept examples viewed: Image viewed for 1074806978599949: split before/after of a grey-haired woman's back/arm ('BEFORE GODA' / '2 WEEKS ON GODA') with bottle and '50% OFF' badge; 4109833019265205: 'THE #1 CHOICE FOR BODY OIL — I'm 55 and don't expect miracles… But this one is pretty close.' + 5 stars, 'WITH OVER 50,000+ 5-STAR REVIEWS'",https://goda.co/products/silk-body-oil?tw_source={{site_source_name}}&tw_adid={{ad.id}},"Shopify PDP: 'Goda® Silk Body Oil' $59 (compare $98); Buy 1 $37 / Buy 2 Get 1 FREE $59 / Buy 3 Get 2 FREE $88 + free gifts; countdown timer; 'ONLY 12 LEFT', '14 customers are viewing'; 30-Day MBG; subscription default + 'BUY ONCE - NO SAVINGS'; 4.8/5 (5,460 reviews), 'Trusted by 95,000+'; stat-claims ('89% Reduction on sagging skin and thigh'); 'Esthetician Approved' (raw/landing/goda_silk_body_oil.txt)",HIGH: longevity 97d; concept replicated in 27 ad IDs; cross-page (4 pages); still live [concept: 27 IDs / 4 page(s) / collation sum 36 in our sample],"DCO ad: copy taken from first dynamic card | days_since_start_asof_2026-10-03=97; surfaced by: goda_page_active.jsonl, kw_crepe_skin_arms.jsonl, kw_crepey_body_oil.jsonl, kw_crepey_exact.jsonl, kw_crepey_skin_video_2026-09.jsonl, kw_goda_silk_body_oil.jsonl, meta_kw_crepey_skin_active.jsonl"
4109833019265205,"Meta Ad Library (US, public, logged-out)",Over 40 & Fabulous,Goda / godaperfume.com,listed active but last delivery 2026-06-14 (likely paused/stopped),2025-08-04,314,1 (library 'ads use this creative'); concept IDs in sample: 27 across 4 page(s),IMAGE,"""Dryness, saggy and crepey skin... I struggled with it all for years until I realized I was doing it all wrong. 😨""",Visibly Firmer & Glowing Silky Smooth Skin 😍,"""Dryness, saggy and crepey skin... I struggled with it all for years until I realized I was doing it all wrong. 😨""

I had a bathroom cabinet full of body lotions and creams. You name it, I tried it. Nothing seemed to make a real difference. My skin would feel moisturized for a few hours, then right back to that paper-t [...]",Testimonial transformation ('I was doing it all wrong'),"Firm, silky skin; wear sleeveless again","'Dryness, saggy and crepey skin'; creams moisturise for hours then back to 'paper-thin, crepey texture'","'creams sit on top of the skin, but oils penetrate deep where the real problems start'; '7 cold-pressed oils that work at different levels of the skin'","Crepey texture smoothing 'within weeks'; firmer, silky smooth",Problem-aware,An aesthetician's tip: switch from creams to a penetrating body oil,Quoted customer testimonial ('Michelle D.') → aesthetician reveal → skepticism (greasy?) → results timeline → P.S. daughter steals it → CTA,CTA button: Shop now | link description: The scent that captivates. The touch that lingers. Hydrates up to 12 hours Synergizes with your natural scent 100% vegan & cruelty-free,"[IMAGE] THIS AD VIEWED. Image viewed for 1074806978599949: split before/after of a grey-haired woman's back/arm ('BEFORE GODA' / '2 WEEKS ON GODA') with bottle and '50% OFF' badge; 4109833019265205: 'THE #1 CHOICE FOR BODY OIL — I'm 55 and don't expect miracles… But this one is pretty close.' + 5 stars, 'WITH OVER 50,000+ 5-STAR REVIEWS'",https://godaperfume.com/bodyoil,Goda PDP via godaperfume.com domain (redirect; not separately rendered — see goda.co PDP),HIGH-historical (now stopped; last delivery 2026-06-14): longevity 314d; concept replicated in 27 ad IDs; cross-page (4 pages) [concept: 27 IDs / 4 page(s) / collation sum 36 in our sample],Goda persona page | days_since_start_asof_2026-10-03=425; surfaced by: over40fabulous_page_all.jsonl
1175006387786014,"Meta Ad Library (US, public, logged-out)",Over 40 & Fabulous,Goda / godaperfume.com,listed active but last delivery 2026-06-14 (likely paused/stopped),2025-09-09,278,2 (library 'ads use this creative'); concept IDs in sample: 2 across 1 page(s),VIDEO,"""I used to think lotions were enough… until I realized why my skin never felt as amazing as I wanted.""😨",Visibly Firmer & Glowing Silky Smooth Skin 😍,"""I used to think lotions were enough… until I realized why my skin never felt as amazing as I wanted.""😨

I wanted that soft, glowing, healthy look and the confidence that comes with smelling incredible all day. But no matter what I tried, body creams, lotions, even expensive brands nothing gave me that wow feeling. My  [...]",Lotion-vs-oil realisation testimonial,"Firm, silky skin; wear sleeveless again","'Dryness, saggy and crepey skin'; creams moisturise for hours then back to 'paper-thin, crepey texture'","'creams sit on top of the skin, but oils penetrate deep where the real problems start'; '7 cold-pressed oils that work at different levels of the skin'","Crepey texture smoothing 'within weeks'; firmer, silky smooth",Problem-aware,An aesthetician's tip: switch from creams to a penetrating body oil,Quoted testimonial ('I used to think lotions were enough…') → oil reveal → CTA,CTA button: Shop now,"[VIDEO] This ad not viewed. Concept examples viewed: Image viewed for 1074806978599949: split before/after of a grey-haired woman's back/arm ('BEFORE GODA' / '2 WEEKS ON GODA') with bottle and '50% OFF' badge; 4109833019265205: 'THE #1 CHOICE FOR BODY OIL — I'm 55 and don't expect miracles… But this one is pretty close.' + 5 stars, 'WITH OVER 50,000+ 5-STAR REVIEWS'",https://godaperfume.com/products/silk-body-oil,Goda PDP via godaperfume.com domain (redirect; not separately rendered — see goda.co PDP),MEDIUM (not currently delivering): longevity 278d [concept: 2 IDs / 1 page(s) / collation sum 3 in our sample],Goda persona page | days_since_start_asof_2026-10-03=389; surfaced by: over40fabulous_page_all.jsonl
867230179084122,"Meta Ad Library (US, public, logged-out)",Over 40 & Fabulous,Goda / goda.co,listed active but last delivery 2026-06-06 (likely paused/stopped),2025-11-25,193,1 (library 'ads use this creative'); concept IDs in sample: 1 across 1 page(s),VIDEO,Goda’s Black Friday Sale makes NO sense! 😍,BFCM Exclusive! Glow Like Never Before 😍,"Goda’s Black Friday Sale makes NO sense! 😍 

""Dryness, saggy and crepey skin... I struggled with it all for years until I realized I was doing it all wrong. 😨""

I had a bathroom cabinet full of body lotions and creams. You name it, I tried it. Nothing seemed to make a real difference. My skin would feel moisturized for [...]",Black Friday sale wrapper on the testimonial,"Firm, silky skin; wear sleeveless again","'Dryness, saggy and crepey skin'; creams moisturise for hours then back to 'paper-thin, crepey texture'","'creams sit on top of the skin, but oils penetrate deep where the real problems start'; '7 cold-pressed oils that work at different levels of the skin'","Crepey texture smoothing 'within weeks'; firmer, silky smooth",Most-aware / problem-aware,'Goda’s Black Friday Sale makes NO sense!' + Michelle D. testimonial,Quoted customer testimonial ('Michelle D.') → aesthetician reveal → skepticism (greasy?) → results timeline → P.S. daughter steals it → CTA,CTA button: Shop now,"[VIDEO] This ad not viewed. Concept examples viewed: Image viewed for 1074806978599949: split before/after of a grey-haired woman's back/arm ('BEFORE GODA' / '2 WEEKS ON GODA') with bottle and '50% OFF' badge; 4109833019265205: 'THE #1 CHOICE FOR BODY OIL — I'm 55 and don't expect miracles… But this one is pretty close.' + 5 stars, 'WITH OVER 50,000+ 5-STAR REVIEWS'",https://goda.co/products/silk-body-oil,"Shopify PDP: 'Goda® Silk Body Oil' $59 (compare $98); Buy 1 $37 / Buy 2 Get 1 FREE $59 / Buy 3 Get 2 FREE $88 + free gifts; countdown timer; 'ONLY 12 LEFT', '14 customers are viewing'; 30-Day MBG; subscription default + 'BUY ONCE - NO SAVINGS'; 4.8/5 (5,460 reviews), 'Trusted by 95,000+'; stat-claims ('89% Reduction on sagging skin and thigh'); 'Esthetician Approved' (raw/landing/goda_silk_body_oil.txt)",MEDIUM (not currently delivering): longevity 193d [concept: 1 IDs / 1 page(s) / collation sum 1 in our sample],Goda persona page | days_since_start_asof_2026-10-03=312; surfaced by: over40fabulous_page_all.jsonl
4351937398417845,"Meta Ad Library (US, public, logged-out)",Over 40 & Fabulous,Goda / godaperfume.com,listed active but last delivery 2026-06-18 (likely paused/stopped),2025-11-28,202,1 (library 'ads use this creative'); concept IDs in sample: 14 across 4 page(s),IMAGE,"""Only 2 drops and I'm a literal compliment-magnet 🧲""",2 Drops That Will Change Your Life! 😍,"""Only 2 drops and I'm a literal compliment-magnet 🧲""

✅ Synergizes with your natural scent
✅ Smell delicious from morning to night
✅ AND MORE...

-> https://goda.co/products/goda-for-her",Perfume attraction claim (Goda For Her) — off-category copy,Be irresistible / compliments,None (scent),'Synergizes with your natural scent','compliment-magnet',Unaware,2 drops change your life,Quote + 3 ticks,"CTA button: Shop now | link description: It’s like liquid gold, infused with 6 age-defying oils it does in weeks what luxury creams take months to achieve. Reduces Crepey Skin In Weeks Non-Greasy Glow Hydrates, Firms & Tightens Luxurious Scent",[IMAGE] not viewed,https://godaperfume.com/products/silk-body-oil,Goda PDP via godaperfume.com domain (redirect; not separately rendered — see goda.co PDP),HIGH-historical (now stopped; last delivery 2026-06-18): longevity 202d; concept replicated in 14 ad IDs; cross-page (4 pages) [concept: 14 IDs / 4 page(s) / collation sum 16 in our sample],Goda persona page | days_since_start_asof_2026-10-03=309; surfaced by: over40fabulous_page_all.jsonl
1183652923933432,"Meta Ad Library (US, public, logged-out)",Over 40 & Fabulous,Goda / goda.co,listed active but last delivery 2026-06-18 (likely paused/stopped),2026-01-19,150,1 (library 'ads use this creative'); concept IDs in sample: 1 across 1 page(s),IMAGE,I need to tell you about the lotion lie.,How my skin is surviving this winter,"I need to tell you about the lotion lie.

For years, I believed that winter dry skin just needed more moisture. More lotion. More cream. Applied more often.

So every winter, I'd buy the thickest, richest body butter I could find. Apply it religiously. Morning, night, sometimes in between.

And every winter, my skin go [...]",'The lotion lie' — seasonal (winter) dryness,"Comfortable, uncracked winter skin","At 56 after menopause legs crack and bleed, arms 'sandpaper', $40-50/month on body butters",More lotion ≠ fix (oil vs lotion),Skin surviving winter,Problem-aware,Winter skin isn't a moisture problem — it's the lotion lie,First-person confession → years of failure → reframe → product,"CTA button: Shop now | link description: It’s like liquid gold, infused with 6 age-defying oils it does in weeks what luxury creams take months to achieve. Reduces Crepey Skin In Weeks Non-Greasy Glow Hydrates, Firms & Tightens Luxurious Scent","[IMAGE] This ad not viewed. Concept examples viewed: Image viewed for 1074806978599949: split before/after of a grey-haired woman's back/arm ('BEFORE GODA' / '2 WEEKS ON GODA') with bottle and '50% OFF' badge; 4109833019265205: 'THE #1 CHOICE FOR BODY OIL — I'm 55 and don't expect miracles… But this one is pretty close.' + 5 stars, 'WITH OVER 50,000+ 5-STAR REVIEWS'",https://goda.co/products/silk-body-oil,"Shopify PDP: 'Goda® Silk Body Oil' $59 (compare $98); Buy 1 $37 / Buy 2 Get 1 FREE $59 / Buy 3 Get 2 FREE $88 + free gifts; countdown timer; 'ONLY 12 LEFT', '14 customers are viewing'; 30-Day MBG; subscription default + 'BUY ONCE - NO SAVINGS'; 4.8/5 (5,460 reviews), 'Trusted by 95,000+'; stat-claims ('89% Reduction on sagging skin and thigh'); 'Esthetician Approved' (raw/landing/goda_silk_body_oil.txt)",MEDIUM (not currently delivering): longevity 150d [concept: 1 IDs / 1 page(s) / collation sum 1 in our sample],Goda persona page | days_since_start_asof_2026-10-03=257; surfaced by: over40fabulous_page_all.jsonl
1070866808556946,"Meta Ad Library (US, public, logged-out)",Over 40 & Fabulous,Goda / goda.co,listed active but last delivery 2026-08-02 (likely paused/stopped),2026-02-13,170,4 (library 'ads use this creative'); concept IDs in sample: 1 across 1 page(s),VIDEO,"Proven ingredients that help women achieve radiant skin, no matter the age 😍",One Bottle That Changed My Skin Game 😍,"Proven ingredients that help women achieve radiant skin, no matter the age 😍 

She doesn't analyze her arms in every mirror. 

Doesn't pull her sleeves down in photos. 

Doesn't avoid tank tops in summer.

She just... wears what she wants.

Her skin is soft. Glowing. 

The kind that looks healthy and cared for. 

The k [...]",Identity / future-self aspiration,"'wears what she wants' — no sleeve-pulling, tank tops in summer","Analyzing arms in every mirror, pulling sleeves down in photos","'5 botanical oils that penetrate deep, trigger collagen'",Visibly smoother texture (timeline bullets),Problem-aware,This is who you become when your skin matches how vibrant you feel,'She doesn't…' anaphora → transformation → ingredients → 'Women report' ticks,CTA button: Shop now,"[VIDEO] This ad not viewed. Concept examples viewed: Image viewed for 1074806978599949: split before/after of a grey-haired woman's back/arm ('BEFORE GODA' / '2 WEEKS ON GODA') with bottle and '50% OFF' badge; 4109833019265205: 'THE #1 CHOICE FOR BODY OIL — I'm 55 and don't expect miracles… But this one is pretty close.' + 5 stars, 'WITH OVER 50,000+ 5-STAR REVIEWS'",https://goda.co/products/silk-body-oil,"Shopify PDP: 'Goda® Silk Body Oil' $59 (compare $98); Buy 1 $37 / Buy 2 Get 1 FREE $59 / Buy 3 Get 2 FREE $88 + free gifts; countdown timer; 'ONLY 12 LEFT', '14 customers are viewing'; 30-Day MBG; subscription default + 'BUY ONCE - NO SAVINGS'; 4.8/5 (5,460 reviews), 'Trusted by 95,000+'; stat-claims ('89% Reduction on sagging skin and thigh'); 'Esthetician Approved' (raw/landing/goda_silk_body_oil.txt)",HIGH-historical (now stopped; last delivery 2026-08-02): longevity 170d; 4 ads use this creative [concept: 1 IDs / 1 page(s) / collation sum 4 in our sample],Goda persona page | days_since_start_asof_2026-10-03=232; surfaced by: over40fabulous_page_all.jsonl
965929252430847,"Meta Ad Library (US, public, logged-out)",Over 40 & Fabulous,Goda / goda.co,listed active but last delivery 2026-07-21 (likely paused/stopped),2026-03-25,118,3 (library 'ads use this creative'); concept IDs in sample: 1 across 1 page(s),IMAGE,"This is why your neck, arms, and legs suddenly look crepey and thin, and it has nothing to do with ""just getting older.""",Firmer neck and arms in 30 days 😍,"This is why your neck, arms, and legs suddenly look crepey and thin, and it has nothing to do with ""just getting older.""

Let me be direct.

If you've noticed your skin developing that thin, crinkled texture that looks like crepe paper... if your neck has those horizontal lines you never had before... if your arms and  [...]",Cause-explainer ('nothing to do with just getting older'),Firmer neck and arms in 30 days,Thin crinkled crepe-paper texture on neck/arms/legs; told it's 'just aging',Structural cause explanation (education page goda.co/pages/crepey-skin),'Firmer neck and arms in 30 days',Problem-aware,Why your skin suddenly looks crepey — and it isn't age,'Let me be direct' long-form explainer → bridge to page,CTA button: Shop now | link description: A single body oil is outselling every major firming cream and lotion among women with crepey arms and neck - and the science behind why will shock you.,"[IMAGE] This ad not viewed. Concept examples viewed: Image viewed for 1074806978599949: split before/after of a grey-haired woman's back/arm ('BEFORE GODA' / '2 WEEKS ON GODA') with bottle and '50% OFF' badge; 4109833019265205: 'THE #1 CHOICE FOR BODY OIL — I'm 55 and don't expect miracles… But this one is pretty close.' + 5 stars, 'WITH OVER 50,000+ 5-STAR REVIEWS'",https://goda.co/pages/crepey-skin,Goda crepey-skin education page (not rendered),HIGH-historical (now stopped; last delivery 2026-07-21): longevity 118d; 3 ads use this creative [concept: 1 IDs / 1 page(s) / collation sum 3 in our sample],Goda persona page | days_since_start_asof_2026-10-03=192; surfaced by: over40fabulous_page_all.jsonl
865686186087862,"Meta Ad Library (US, public, logged-out)",Over 40 & Fabulous,Goda / goda.co,listed active but last delivery 2026-07-28 (likely paused/stopped),2026-06-15,43,1 (library 'ads use this creative'); concept IDs in sample: 1 across 1 page(s),IMAGE,"Dermatologist explains the number one physiological reason mature skin turns dry, wrinkly, and fragile: Trans-Epidermal Water Loss (TEWL).","From crepey to radiant, smoother skin","Dermatologist explains the number one physiological reason mature skin turns dry, wrinkly, and fragile: Trans-Epidermal Water Loss (TEWL).

Imagine your skin cells are like bricks, and your natural oils (lipids) are the mortar holding them together. 

In your 20s and 30s, that mortar is thick and strong. But as estroge [...]",Dermatologist explains TEWL,"Hydrated, less fragile mature skin","Mature skin turns dry, wrinkly, fragile",Trans-epidermal water loss (TEWL) explained by a dermatologist,From crepey to radiant,Problem-aware,The #1 physiological reason mature skin turns dry,Authority explainer → page goda.co/pages/crepey-skin-tewl,CTA button: Shop now | link description: A single body oil is outselling every major firming cream and lotion among women with crepey arms and neck and the science behind why will shock you.Our investigation reveals five compelling reasons why women with crepey skin are making the switch…,"[IMAGE] This ad not viewed. Concept examples viewed: Image viewed for 1074806978599949: split before/after of a grey-haired woman's back/arm ('BEFORE GODA' / '2 WEEKS ON GODA') with bottle and '50% OFF' badge; 4109833019265205: 'THE #1 CHOICE FOR BODY OIL — I'm 55 and don't expect miracles… But this one is pretty close.' + 5 stars, 'WITH OVER 50,000+ 5-STAR REVIEWS'",https://goda.co/pages/crepey-skin-tewl,Goda crepey-skin education page (not rendered),LOW: single observation [concept: 1 IDs / 1 page(s) / collation sum 1 in our sample],Goda persona page | days_since_start_asof_2026-10-03=110; surfaced by: over40fabulous_page_all.jsonl
1596418601837995,"Meta Ad Library (US, public, logged-out)",YiayiaEleni,Goda / goda.co,ACTIVE (library end_date 2026-10-03 = still delivering),2026-08-17,47,1 (library 'ads use this creative'); concept IDs in sample: 27 across 4 page(s),IMAGE,"""Dryness, saggy and crepey skin... I struggled with it all for years until I realized I was doing it all wrong"" 😨",Buy 2 Get 1 FREE NOW! 😍,"""Dryness, saggy and crepey skin... I struggled with it all for years until I realized I was doing it all wrong"" 😨

Every morning, I’d slather on another cream, hoping this would be the one. By noon, my skin was back to its crepey, wrinkled self. It wasn’t just frustrating—it made me feel like my body was aging faster t [...]",Testimonial transformation ('I was doing it all wrong'),"Firm, silky skin; wear sleeveless again","'Dryness, saggy and crepey skin'; creams moisturise for hours then back to 'paper-thin, crepey texture'","'creams sit on top of the skin, but oils penetrate deep where the real problems start'; '7 cold-pressed oils that work at different levels of the skin'","Crepey texture smoothing 'within weeks'; firmer, silky smooth",Problem-aware,An aesthetician's tip: switch from creams to a penetrating body oil,Quoted customer testimonial ('Michelle D.') → aesthetician reveal → skepticism (greasy?) → results timeline → P.S. daughter steals it → CTA,"CTA button: Shop now | link description: It’s like liquid gold, infused with 6 age-defying oils it does in weeks what luxury creams take months to achieve. ✓ Reduces Crepey Skin In Weeks ✓ Non-Greasy Glow ✓ Hydrates, Firms & Tightens ✓ Luxurious Scent","[IMAGE] This ad not viewed. Concept examples viewed: Image viewed for 1074806978599949: split before/after of a grey-haired woman's back/arm ('BEFORE GODA' / '2 WEEKS ON GODA') with bottle and '50% OFF' badge; 4109833019265205: 'THE #1 CHOICE FOR BODY OIL — I'm 55 and don't expect miracles… But this one is pretty close.' + 5 stars, 'WITH OVER 50,000+ 5-STAR REVIEWS'",https://goda.co/products/silk-body-oil,"Shopify PDP: 'Goda® Silk Body Oil' $59 (compare $98); Buy 1 $37 / Buy 2 Get 1 FREE $59 / Buy 3 Get 2 FREE $88 + free gifts; countdown timer; 'ONLY 12 LEFT', '14 customers are viewing'; 30-Day MBG; subscription default + 'BUY ONCE - NO SAVINGS'; 4.8/5 (5,460 reviews), 'Trusted by 95,000+'; stat-claims ('89% Reduction on sagging skin and thigh'); 'Esthetician Approved' (raw/landing/goda_silk_body_oil.txt)",MEDIUM: concept replicated in 27 ad IDs; cross-page (4 pages); still live [concept: 27 IDs / 4 page(s) / collation sum 36 in our sample],Goda persona page | days_since_start_asof_2026-10-03=47; surfaced by: kw_crepey_body_oil.jsonl
1564770261945264,"Meta Ad Library (US, public, logged-out)",Miami MD,Miami MD / trymiamimd.com,ACTIVE (library end_date 2026-10-03 = still delivering),2026-06-18,107,1 (library 'ads use this creative'); concept IDs in sample: 11 across 1 page(s),IMAGE,Tired of crepey skin? 🌸 There's a reason most creams aren't working…,Smooth Away Crepey Skin - Try It Risk-Free!,"Tired of crepey skin? 🌸 There's a reason most creams aren't working…
Dr. J, Harvard dermatologist to Miami's top clients, discovered the real culprit: Fibroblast Failure. When your skin's fibroblasts stop producing collagen and elastin, no ordinary moisturizer can fix it.
That's why she created Advanced Crepe Fix — for [...]",Harvard-dermatologist authority + named culprit,Smooth crepey skin / lift sagging,'There's a reason most creams aren't working','Fibroblast Failure' → Ribose 'beauty sugar'; 'Progerin buildup' (Lift & Firm),Smooth away crepey skin; risk-free trial,Problem-aware,A named hidden cause that ordinary moisturisers can't fix,Affiliate prelander/VSL/quiz funnels with doctor persona 'Dr. J',CTA button: Learn more | link description: MiamiMD,[IMAGE] not viewed,https://offer.trymiamimd.com/prelanders/acf/v3/?affId=9977965F&c1=FB005&c2=%7B%7Bcampaign.name%7D%7D&c3=%7B%7Bad.name%7D%7D&c4=%7B%7Badset.name%7D%7D&c5=%7B%7Bcampaign.id%7D%7D&c6=%7B%7Bad.id%7D%7D,Miami MD affiliate prelander/VSL/quiz (affId params); not rendered (proxy refused plain-HTTP URL),HIGH: longevity 107d; concept replicated in 11 ad IDs; still live [concept: 11 IDs / 1 page(s) / collation sum 12 in our sample],"days_since_start_asof_2026-10-03=107; surfaced by: kw_crepey_skin_image_pre2026-07.jsonl, miamimd_page_active.jsonl"
1021645447453961,"Meta Ad Library (US, public, logged-out)",Miami MD,Miami MD / trymiamimd.com,ACTIVE (library end_date 2026-10-03 = still delivering),2026-07-14,81,1 (library 'ads use this creative'); concept IDs in sample: 2 across 1 page(s),IMAGE,"Why do some women in their 60s have firm, lifted skin… while others struggle with sagging and jowls years earlier?",The best way to help erase wrinkles at home,"Why do some women in their 60s have firm, lifted skin… while others struggle with sagging and jowls years earlier?

The answer? Progerin Buildup.

Most anti-aging creams only mask the problem, but Progerin—the ""aging protein"" that destroys collagen from within—needs to be addressed at the source.

🔬 That's where MiamiM [...]",Harvard-dermatologist authority + named culprit,Smooth crepey skin / lift sagging,'There's a reason most creams aren't working','Fibroblast Failure' → Ribose 'beauty sugar'; 'Progerin buildup' (Lift & Firm),Smooth away crepey skin; risk-free trial,Problem-aware,A named hidden cause that ordinary moisturisers can't fix,Affiliate prelander/VSL/quiz funnels with doctor persona 'Dr. J',CTA button: Learn more | link description: Forget Collagen & Retinol… Leading Harvard DermatologistRecommends THIS 10-Second Trick To Shrink Lip Lines & Correct Saggy Skin.,[IMAGE] not viewed,https://trymiamimd.com/prelanders/lift-firm/v4/?affId=9977965F&c1=FB014&c2=%7B%7Bcampaign.name%7D%7D&c3=%7B%7Bad.name%7D%7D&c4=%7B%7Badset.name%7D%7D&c5=%7B%7Bcampaign.id%7D%7D&c6=%7B%7Bad.id%7D%7D&c7=%7B%7Bplacement%7D%7D,Miami MD affiliate prelander/VSL/quiz (affId params); not rendered (proxy refused plain-HTTP URL),MEDIUM: longevity 81d; still live [concept: 2 IDs / 1 page(s) / collation sum 2 in our sample],days_since_start_asof_2026-10-03=81; surfaced by: miamimd_page_active.jsonl
2275136026457248,"Meta Ad Library (US, public, logged-out)",Miami MD,Miami MD / trymiamimd.com,ACTIVE (library end_date 2026-10-03 = still delivering),2026-07-14,81,1 (library 'ads use this creative'); concept IDs in sample: 2 across 1 page(s),VIDEO,"Sagging skin, jowls, or a ""turkey neck"" starting to show? 👀",The easiest way to smooth wrinkles from home,"Sagging skin, jowls, or a ""turkey neck"" starting to show? 👀
Here's what a Harvard-trained dermatologist tells EVERY patient at her famous Miami skincare clinic: Don't inject it. Don't surgically lift it. Don't waste money on treatments that don't last.
The real cause of sagging skin is a little-known aging protein call [...]",Harvard-dermatologist authority + named culprit,Smooth crepey skin / lift sagging,'There's a reason most creams aren't working','Fibroblast Failure' → Ribose 'beauty sugar'; 'Progerin buildup' (Lift & Firm),Smooth away crepey skin; risk-free trial,Problem-aware,A named hidden cause that ordinary moisturisers can't fix,Affiliate prelander/VSL/quiz funnels with doctor persona 'Dr. J',CTA button: Learn more,[VIDEO] not viewed,https://offer.trymiamimd.com/prelanders/lift-firm/v4/?affId=9977965F&c1=FB013&c2={{campaign.name}}&c3={{ad.name}}&c4={{adset.name}}&c5={{campaign.id}}&c6={{ad.id}}&c7={{placement}},Miami MD affiliate prelander/VSL/quiz (affId params); not rendered (proxy refused plain-HTTP URL),MEDIUM: longevity 81d; still live [concept: 2 IDs / 1 page(s) / collation sum 2 in our sample],days_since_start_asof_2026-10-03=81; surfaced by: miamimd_page_active.jsonl
1767277038057286,"Meta Ad Library (US, public, logged-out)",Miami MD,Miami MD / trymiamimd.com,ACTIVE (library end_date 2026-10-03 = still delivering),2026-08-14,50,2 (library 'ads use this creative'); concept IDs in sample: 2 across 1 page(s),VIDEO,I tried every lotion and cream for my crepey skin.,Why crepey skin keeps coming back — even after expensive creams.,"I tried every lotion and cream for my crepey skin.
Didn't matter how expensive — nothing worked.
Turns out the problem wasn't dryness at all.
It's something called Fibroblast Failure — and no lotion on earth can fix that.
Dr. J explains exactly what's happening to your skin and what actually works in the free video bel [...]",Harvard-dermatologist authority + named culprit,Smooth crepey skin / lift sagging,'There's a reason most creams aren't working','Fibroblast Failure' → Ribose 'beauty sugar'; 'Progerin buildup' (Lift & Firm),Smooth away crepey skin; risk-free trial,Problem-aware,A named hidden cause that ordinary moisturisers can't fix,Affiliate prelander/VSL/quiz funnels with doctor persona 'Dr. J',CTA button: Learn more,[VIDEO] not viewed,https://offer.trymiamimd.com/vsl/v111/?affId=9977965F&c1=FB005&c2=%7B%7Bcampaign.name%7D%7D&c3=%7B%7Bad.name%7D%7D&c4=%7B%7Badset.name%7D%7D&c5=%7B%7Bcampaign.id%7D%7D&c6=%7B%7Bad.id%7D%7D,Miami MD affiliate prelander/VSL/quiz (affId params); not rendered (proxy refused plain-HTTP URL),LOW: still live [concept: 2 IDs / 1 page(s) / collation sum 3 in our sample],days_since_start_asof_2026-10-03=50; surfaced by: miamimd_page_active.jsonl
2521217498380442,"Meta Ad Library (US, public, logged-out)",Body Confidence Daily,NØRD BODY / nordbody.com,ACTIVE (library end_date 2026-10-03 = still delivering),2026-07-06,89,2 (library 'ads use this creative'); concept IDs in sample: 23 across 2 page(s),VIDEO,Ever avoid wearing shorts because of cellulite?,Money Back Guarantee,"Ever avoid wearing shorts because of cellulite?

You deserve to feel confident in your skin — without hiding.

Our Peptide Body Oil helps smooth, firm, and bring back the skin you love seeing in the mirror.

Your body deserves this confidence. Get yours today and enjoy free shipping!",Body-confidence call-out — cellulite variant,Feel confident in shorts/sleeveless without hiding,'Ever avoid wearing shorts because of cellulite?',"Peptide body oil (copper peptides, caffeine, CoQ10 in some variants); 'oil penetrates better than ~80% water creams'","Smooth, firm skin; money-back/60-day guarantee",Problem-aware,Peptides — proven on faces — now in a fast-absorbing body oil,Short call-out → promise → CTA; advertorial landing carries the argument,CTA button: Shop now,[VIDEO] This ad not viewed. Concept examples viewed: Image viewed for 1637558804018844: handwritten 'Rebuilds Collagen In 4 Weeks' on a thigh next to the pump bottle,https://nordbody.com/pages/7-reasons-a1-o4,"Listicle advertorial '7 Reasons Women Are Switching to Peptides to Firm Crepey Skin in 2026', byline 'Olivia Thompson'; 'crepey skin is a structure problem' + 'creams ~80% water, oil penetrates' mechanism; triple-peptide body oil; '91% said...' 8-week consumer panel (raw/landing/nord_7reasons.txt)",HIGH: longevity 89d; concept replicated in 23 ad IDs; cross-page (2 pages); still live [concept: 23 IDs / 2 page(s) / collation sum 37 in our sample],days_since_start_asof_2026-10-03=89; surfaced by: body_confidence_daily_page_active.jsonl
1335073818218395,"Meta Ad Library (US, public, logged-out)",Body Confidence Daily,NØRD BODY / nordbody.com,ACTIVE (library end_date 2026-10-03 = still delivering),2026-07-11,84,1 (library 'ads use this creative'); concept IDs in sample: 32 across 2 page(s),IMAGE,Ever avoid wearing shorts because of sagging or creepy skin?,Money Back Guarantee,"Ever avoid wearing shorts because of sagging or creepy skin?

You deserve to feel confident in your skin — without hiding.

Our Peptide Body Oil helps smooth, firm, and bring back the skin you love seeing in the mirror.

Your body deserves this confidence. Get yours today and enjoy free shipping!",Body-confidence call-out (shorts/cellulite/crepey),Feel confident in shorts/sleeveless without hiding,'Ever avoid wearing shorts because of sagging or creepy skin?',"Peptide body oil (copper peptides, caffeine, CoQ10 in some variants); 'oil penetrates better than ~80% water creams'","Smooth, firm skin; money-back/60-day guarantee",Problem-aware,Peptides — proven on faces — now in a fast-absorbing body oil,Short call-out → promise → CTA; advertorial landing carries the argument,CTA button: Shop now | link description: NØRD BODY,[IMAGE] This ad not viewed. Concept examples viewed: Image viewed for 1637558804018844: handwritten 'Rebuilds Collagen In 4 Weeks' on a thigh next to the pump bottle,https://nordbody.com/pages/7-reasons-this-is-the-most-talked-about-crepey-skin-oil-of-2026,"Listicle advertorial '7 Reasons Women Are Switching to Peptides to Firm Crepey Skin in 2026', byline 'Olivia Thompson'; 'crepey skin is a structure problem' + 'creams ~80% water, oil penetrates' mechanism; triple-peptide body oil; '91% said...' 8-week consumer panel (raw/landing/nord_7reasons.txt)",HIGH: longevity 84d; concept replicated in 32 ad IDs; cross-page (2 pages); still live [concept: 32 IDs / 2 page(s) / collation sum 68 in our sample],days_since_start_asof_2026-10-03=84; surfaced by: body_confidence_daily_page_active.jsonl
1811884486444866,"Meta Ad Library (US, public, logged-out)",Body Confidence Daily,NØRD BODY / nordbody.com,ACTIVE (library end_date 2026-10-03 = still delivering),2026-07-14,81,1 (library 'ads use this creative'); concept IDs in sample: 1 across 1 page(s),VIDEO,Ever avoid wearing sleeveless tops because of crepey skin?,Money Back Guarantee,"Ever avoid wearing sleeveless tops because of crepey skin?

You deserve to feel confident in your skin—without hiding.

Our Peptide Body Oil helps visibly firm, smooth, and nourish aging skin with three facial-grade peptides.

Your skin deserves this care. Try it today with our 60-day money-back guarantee.",Body-confidence call-out — sleeveless/crepey variant,Feel confident in shorts/sleeveless without hiding,'Ever avoid wearing sleeveless tops because of crepey skin?',"Peptide body oil (copper peptides, caffeine, CoQ10 in some variants); 'oil penetrates better than ~80% water creams'","Smooth, firm skin; money-back/60-day guarantee",Problem-aware,Peptides — proven on faces — now in a fast-absorbing body oil,Short call-out → promise → CTA; advertorial landing carries the argument,CTA button: Shop now,[VIDEO] This ad not viewed. Concept examples viewed: Image viewed for 1637558804018844: handwritten 'Rebuilds Collagen In 4 Weeks' on a thigh next to the pump bottle,https://nordbody.com/pages/7-reasons-peptides-a2,"Listicle advertorial '7 Reasons Women Are Switching to Peptides to Firm Crepey Skin in 2026', byline 'Olivia Thompson'; 'crepey skin is a structure problem' + 'creams ~80% water, oil penetrates' mechanism; triple-peptide body oil; '91% said...' 8-week consumer panel (raw/landing/nord_7reasons.txt)",MEDIUM: longevity 81d; still live [concept: 1 IDs / 1 page(s) / collation sum 1 in our sample],days_since_start_asof_2026-10-03=81; surfaced by: body_confidence_daily_page_active.jsonl
2455348678278754,"Meta Ad Library (US, public, logged-out)",Body Confidence Daily,NØRD BODY / nordbody.com,ACTIVE (library end_date 2026-10-03 = still delivering),2026-08-15,49,1 (library 'ads use this creative'); concept IDs in sample: 1 across 1 page(s),IMAGE,"Menopause-related skin changes can show up as a thinner, looser or more crepey-looking appearance across the arms, neck, chest, stomach, thighs and hands.",Visibly Firmer & Glowing Silky Smooth Skin 😍,"Menopause-related skin changes can show up as a thinner, looser or more crepey-looking appearance across the arms, neck, chest, stomach, thighs and hands.

A basic body lotion adds moisture.

But moisture alone isn’t the whole answer to the appearance of crepey, thinning skin.

That’s why NØRD BODY uses Copper peptides [...]",Menopause skin-change education,Feel confident in shorts/sleeveless without hiding,"'Menopause-related skin changes... thinner, looser or more crepey-looking'","Copper peptides, caffeine, CoQ10; 5–10 minute massage ritual","'Skin looks softer in approximately 4 weeks, with visible firming...'",Problem-aware,Moisture alone isn't the answer to crepey menopausal skin,Short call-out → promise → CTA; advertorial landing carries the argument,CTA button: Shop now | link description: NØRD BODY,[IMAGE] This ad not viewed. Concept examples viewed: Image viewed for 1637558804018844: handwritten 'Rebuilds Collagen In 4 Weeks' on a thigh next to the pump bottle,https://nordbody.com/pages/7-reasons-this-is-the-most-talked-about-crepey-skin-oil-of-2026,"Listicle advertorial '7 Reasons Women Are Switching to Peptides to Firm Crepey Skin in 2026', byline 'Olivia Thompson'; 'crepey skin is a structure problem' + 'creams ~80% water, oil penetrates' mechanism; triple-peptide body oil; '91% said...' 8-week consumer panel (raw/landing/nord_7reasons.txt)",LOW: still live [concept: 1 IDs / 1 page(s) / collation sum 1 in our sample],days_since_start_asof_2026-10-03=49; surfaced by: body_confidence_daily_page_active.jsonl
1637558804018844,"Meta Ad Library (US, public, logged-out)",NØRD BODY,NØRD BODY / nordbody.com,ACTIVE (library end_date 2026-10-03 = still delivering),2026-06-08,117,1 (library 'ads use this creative'); concept IDs in sample: 32 across 2 page(s),IMAGE,Ever avoid wearing shorts because of sagging or creepy skin?,Money Back Guarantee,"Ever avoid wearing shorts because of sagging or creepy skin?

You deserve to feel confident in your skin — without hiding.

Our Peptide Body Oil helps smooth, firm, and bring back the skin you love seeing in the mirror.

Your body deserves this confidence. Get yours today and enjoy free shipping!",Body-confidence call-out (shorts/cellulite/crepey),Feel confident in shorts/sleeveless without hiding,'Ever avoid wearing shorts because of sagging or creepy skin?',"Peptide body oil (copper peptides, caffeine, CoQ10 in some variants); 'oil penetrates better than ~80% water creams'","Smooth, firm skin; money-back/60-day guarantee",Problem-aware,Peptides — proven on faces — now in a fast-absorbing body oil,Short call-out → promise → CTA; advertorial landing carries the argument,CTA button: Shop now | link description: NØRD BODY,[IMAGE] THIS AD VIEWED. Image viewed for 1637558804018844: handwritten 'Rebuilds Collagen In 4 Weeks' on a thigh next to the pump bottle,https://nordbody.com/pages/7-reasons-this-is-the-most-talked-about-crepey-skin-oil-of-2026,"Listicle advertorial '7 Reasons Women Are Switching to Peptides to Firm Crepey Skin in 2026', byline 'Olivia Thompson'; 'crepey skin is a structure problem' + 'creams ~80% water, oil penetrates' mechanism; triple-peptide body oil; '91% said...' 8-week consumer panel (raw/landing/nord_7reasons.txt)",HIGH: longevity 117d; concept replicated in 32 ad IDs; cross-page (2 pages); still live [concept: 32 IDs / 2 page(s) / collation sum 68 in our sample],days_since_start_asof_2026-10-03=117; surfaced by: nordbody_page_active.jsonl
1611807499919232,"Meta Ad Library (US, public, logged-out)",NØRD BODY,NØRD BODY / nordbody.com,ACTIVE (library end_date 2026-10-03 = still delivering),2026-06-11,114,1 (library 'ads use this creative'); concept IDs in sample: 23 across 2 page(s),VIDEO,Ever avoid wearing shorts because of cellulite?,Money Back Guarantee,"Ever avoid wearing shorts because of cellulite?

You deserve to feel confident in your skin — without hiding.

Our Peptide Body Oil helps smooth, firm, and bring back the skin you love seeing in the mirror.

Your body deserves this confidence. Get yours today and enjoy free shipping!",Body-confidence call-out — cellulite variant,Feel confident in shorts/sleeveless without hiding,'Ever avoid wearing shorts because of cellulite?',"Peptide body oil (copper peptides, caffeine, CoQ10 in some variants); 'oil penetrates better than ~80% water creams'","Smooth, firm skin; money-back/60-day guarantee",Problem-aware,Peptides — proven on faces — now in a fast-absorbing body oil,Short call-out → promise → CTA; advertorial landing carries the argument,CTA button: Shop now,[VIDEO] This ad not viewed. Concept examples viewed: Image viewed for 1637558804018844: handwritten 'Rebuilds Collagen In 4 Weeks' on a thigh next to the pump bottle,https://nordbody.com/pages/7-reasons-a1-o4,"Listicle advertorial '7 Reasons Women Are Switching to Peptides to Firm Crepey Skin in 2026', byline 'Olivia Thompson'; 'crepey skin is a structure problem' + 'creams ~80% water, oil penetrates' mechanism; triple-peptide body oil; '91% said...' 8-week consumer panel (raw/landing/nord_7reasons.txt)",HIGH: longevity 114d; concept replicated in 23 ad IDs; cross-page (2 pages); still live [concept: 23 IDs / 2 page(s) / collation sum 37 in our sample],days_since_start_asof_2026-10-03=114; surfaced by: nordbody_page_active.jsonl
1085399840700489,"Meta Ad Library (US, public, logged-out)",OSEA,OSEA / oseamalibu.com,ACTIVE (library end_date 2026-10-03 = still delivering),2026-09-09,24,4 (library 'ads use this creative'); concept IDs in sample: 5 across 1 page(s),DCO,"The secret to visibly firm, hydrated skin that smells amazing🍊🥭 Shop Undaria Algae Body Oil Jumbo and save 16%, Plus get free shipping on our #1 bestseller for silky-soft skin that smells amazing.",Go Jumbo & Save 16%,"The secret to visibly firm, hydrated skin that smells amazing🍊🥭 Shop Undaria Algae Body Oil Jumbo and save 16%, Plus get free shipping on our #1 bestseller for silky-soft skin that smells amazing.",Clean-clinical seaweed body oil / value pack,"Firm, hydrated, great-smelling skin",Mature skin elasticity,Seaweed (Undaria algae) 'clinically tested to visibly improve elasticity',"Visibly firms, smooths; 'Holy grail for mature skin'",Most-aware / solution-aware,The ocean's secret for firmer skin — #1 bestseller,Short brand copy + discount,CTA button: Shop now,"[DCO] THIS AD VIEWED. Image viewed for 1085399840700489: 'Double The Citrus Bliss' jumbo pump bottle with orange and mango, 'SAVE 16%'",https://oseamalibu.com/products/undaria-algae-oil,"OSEA PDP: Undaria Algae™ Body Oil $100 → $84 (subscribe $75.60); 4.7/5 (3,773 reviews); 'Clean Meets Clinical®'; 'clinically shown to visibly improve elasticity'; 30-Day MBG (raw/landing/osea_undaria.txt)",MEDIUM: 4 ads use this creative; still live [concept: 5 IDs / 1 page(s) / collation sum 8 in our sample],DCO ad: copy taken from first dynamic card | days_since_start_asof_2026-10-03=24; surfaced by: kw_osea_body_oil.jsonl
1662756028606976,"Meta Ad Library (US, public, logged-out)",OSEA,OSEA / oseamalibu.com,ACTIVE (library end_date 2026-10-03 = still delivering),2026-09-20,13,5 (library 'ads use this creative'); concept IDs in sample: 6 across 1 page(s),VIDEO,"Nobody warns you that once you hit your 40s your lotion just doesn't do it for you anymore! Level up your body care with Undaria Algae Body Oil. Plus, when you go jumbo you save 16% ✨",Go Jumbo & Save 16%,"Nobody warns you that once you hit your 40s your lotion just doesn't do it for you anymore! Level up your body care with Undaria Algae Body Oil. Plus, when you go jumbo you save 16% ✨",Clean-clinical seaweed body oil / value pack,"Firm, hydrated, great-smelling skin",Mature skin elasticity,Seaweed (Undaria algae) 'clinically tested to visibly improve elasticity',"Visibly firms, smooths; 'Holy grail for mature skin'",Most-aware / solution-aware,The ocean's secret for firmer skin — #1 bestseller,Short brand copy + discount,CTA button: Shop now,"[VIDEO] This ad not viewed. Concept examples viewed: Image viewed for 1085399840700489: 'Double The Citrus Bliss' jumbo pump bottle with orange and mango, 'SAVE 16%'",https://oseamalibu.com/products/undaria-algae-oil,"OSEA PDP: Undaria Algae™ Body Oil $100 → $84 (subscribe $75.60); 4.7/5 (3,773 reviews); 'Clean Meets Clinical®'; 'clinically shown to visibly improve elasticity'; 30-Day MBG (raw/landing/osea_undaria.txt)",MEDIUM: 5 ads use this creative; still live [concept: 6 IDs / 1 page(s) / collation sum 10 in our sample],days_since_start_asof_2026-10-03=13; surfaced by: kw_osea_body_oil.jsonl
953869451102368,"Meta Ad Library (US, public, logged-out)",OSEA,OSEA / oseamalibu.com,ACTIVE (library end_date 2026-10-03 = still delivering),2026-09-23,10,1 (library 'ads use this creative'); concept IDs in sample: 6 across 1 page(s),DCO,"One bottle sold every 30 seconds✨ Our bestselling seaweed-infused Undaria Algae Body Oil visibly firms, smooths and leaves skin silky, soft and glowing. Sea for yourself why it's our #1 bestseller, plus get 10% off your first order.",Holy Grail For Mature Skin,"One bottle sold every 30 seconds✨ Our bestselling seaweed-infused Undaria Algae Body Oil visibly firms, smooths and leaves skin silky, soft and glowing. Sea for yourself why it's our #1 bestseller, plus get 10% off your first order.",Clean-clinical seaweed body oil / value pack,"Firm, hydrated, great-smelling skin",Mature skin elasticity,Seaweed (Undaria algae) 'clinically tested to visibly improve elasticity',"Visibly firms, smooths; 'Holy grail for mature skin'",Most-aware / solution-aware,The ocean's secret for firmer skin — #1 bestseller,Short brand copy + discount,CTA button: Shop now,"[DCO] This ad not viewed. Concept examples viewed: Image viewed for 1085399840700489: 'Double The Citrus Bliss' jumbo pump bottle with orange and mango, 'SAVE 16%'",https://oseamalibu.com/products/undaria-algae-oil,"OSEA PDP: Undaria Algae™ Body Oil $100 → $84 (subscribe $75.60); 4.7/5 (3,773 reviews); 'Clean Meets Clinical®'; 'clinically shown to visibly improve elasticity'; 30-Day MBG (raw/landing/osea_undaria.txt)",LOW: still live [concept: 6 IDs / 1 page(s) / collation sum 10 in our sample],DCO ad: copy taken from first dynamic card | days_since_start_asof_2026-10-03=10; surfaced by: kw_osea_body_oil.jsonl
1994209947876803,"Meta Ad Library (US, public, logged-out)",Dr. Muneeb Shah,Remedy Skin / remedyskin.com,ACTIVE (library end_date 2026-10-03 = still delivering),2026-07-01,94,1 (library 'ads use this creative'); concept IDs in sample: 2 across 2 page(s),VIDEO,"A dermatologist-developed serum stick with encapsulated retinaldehyde and firming peptides that visibly firms and tightens the face, neck, and chest while supporting the skin barrier.",93% saw smoother-looking neck skin after 4 weeks,"A dermatologist-developed serum stick with encapsulated retinaldehyde and firming peptides that visibly firms and tightens the face, neck, and chest while supporting the skin barrier. 

Reduce the appearance of crepey texture
Gentle enough for neck and chest skin
Visibly renew skin with retinaldehyde

Glide on after cl [...]",Dermatologist-creator clinical stat,Smoother neck/chest,Crepey neck texture,Encapsulated retinaldehyde + peptides,'93% saw smoother-looking neck skin after 4 weeks',Solution-aware,Dermatologist-developed serum stick,Short clinical copy,"CTA button: Shop now | link description: Used nightly, it helps firm and smooth the look of the face, neck, and chest over time.",[VIDEO] not viewed,https://remedyskin.com/products/face-neck-firming-stick-retinaldehyde,Remedy Skin PDP (not rendered),HIGH: longevity 94d; cross-page (2 pages); still live [concept: 2 IDs / 2 page(s) / collation sum 2 in our sample],"days_since_start_asof_2026-10-03=94; surfaced by: kw_crepey_exact.jsonl, kw_crepey_skin_video_2026-09.jsonl, meta_kw_crepey_skin_active.jsonl"
2032403464184564,"Meta Ad Library (US, public, logged-out)",Saeskyn,Saeskyn / saeskyn.com,ACTIVE (library end_date 2026-10-03 = still delivering),2025-12-10,297,1 (library 'ads use this creative'); concept IDs in sample: 5 across 1 page(s),VIDEO,POV: Your entire skincare routine fits in your pocket,One Stick. Zero Wrinkles. 48 Hours.,"POV: Your entire skincare routine fits in your pocket
No more cluttered counters.
No more TSA liquid drama.
No more 15-minute mornings.
Just one Korean multi-balm that does what 6 products can't:
👁️ Erases fine lines in hours
🦢 Firms crepey neck skin
💋 Plumps lips instantly
✨ Creates that ""glass skin"" glow
⚡ 48-hour hy [...]",K-beauty multi-tasker / pharmaceutical claim,Look 10 years younger fast; simplify routine,"Wrinkles, crepey neck, sagging","Fermented Jeju oils, salmon DNA, PDRN, peptides","'Erases fine lines in hours', '94% saw firmer skin in 4 weeks'",Solution-aware,Korean innovation that replaces 6 products / pharmaceutical science,POV list / skeptic-turned-believer short copy,CTA button: Shop now,"[VIDEO] THIS AD VIEWED. Video thumbnail viewed for 2032403464184564: close-up of glowing face, caption 'In 8 day?'",https://saeskyn.com/products/korean-wrinkle-bounce-multi-balm-stick,"Saeskyn PDP: Korean Wrinkle Bounce Multi Balm Stick $29.95 (reg $59.90), 'LABOR DAY SALE ENDS IN' countdown, BOGO tiers, 60-Day Guarantee, 'Trusted By 50,000+', Salmon DNA/Jeju claims (raw/landing/saeskyn_balm.txt)",MEDIUM: longevity 297d; still live [concept: 5 IDs / 1 page(s) / collation sum 5 in our sample],"days_since_start_asof_2026-10-03=297; surfaced by: kw_crepey_exact.jsonl, kw_crepey_skin_video_2026-09.jsonl, meta_kw_crepey_skin_active.jsonl, saeskyn_page_active.jsonl"
4479159772361966,"Meta Ad Library (US, public, logged-out)",Saeskyn,Saeskyn / saeskyn.com,ACTIVE (library end_date 2026-10-03 = still delivering),2026-01-13,263,1 (library 'ads use this creative'); concept IDs in sample: 4 across 1 page(s),VIDEO,"""Another firming cream? Yeah, sure."" 🙄",TRY IT RISK-FREE,"""Another firming cream? Yeah, sure."" 🙄
I said that too. Until I saw the clinical data.
Korean Advanced PDRN Cream = Dongkook Pharmaceutical's 50-year formula that REBUILDS elasticity + delivers that coveted glass skin glow.
📊 94% saw firmer skin in 4 weeks
📊 89% reduced sagging
📊 96% all-day plump, dewy hydration
This  [...]",K-beauty multi-tasker / pharmaceutical claim,Look 10 years younger fast; simplify routine,"Wrinkles, crepey neck, sagging","Fermented Jeju oils, salmon DNA, PDRN, peptides","'Erases fine lines in hours', '94% saw firmer skin in 4 weeks'",Solution-aware,Korean innovation that replaces 6 products / pharmaceutical science,POV list / skeptic-turned-believer short copy,CTA button: Shop now,"[VIDEO] This ad not viewed. Concept examples viewed: Video thumbnail viewed for 2032403464184564: close-up of glowing face, caption 'In 8 day?'",https://saeskyn.com/products/korean-advanced-pdrn-cream,"Saeskyn PDP: Korean Wrinkle Bounce Multi Balm Stick $29.95 (reg $59.90), 'LABOR DAY SALE ENDS IN' countdown, BOGO tiers, 60-Day Guarantee, 'Trusted By 50,000+', Salmon DNA/Jeju claims (raw/landing/saeskyn_balm.txt)",MEDIUM: longevity 263d; still live [concept: 4 IDs / 1 page(s) / collation sum 4 in our sample],days_since_start_asof_2026-10-03=263; surfaced by: saeskyn_page_active.jsonl
1128834092622802,"Meta Ad Library (US, public, logged-out)",Saeskyn,Saeskyn / saeskyn.com,ACTIVE (library end_date 2026-10-03 = still delivering),2026-02-24,221,1 (library 'ads use this creative'); concept IDs in sample: 4 across 1 page(s),DCO,¿Gastando $500 cada 3 meses en Botox? 💉 Hay una mejor solución 💡,¡50% DE DESCUENTO Ahora Mismo!,"¿Gastando $500 cada 3 meses en Botox? 💉 Hay una mejor solución 💡
El Ampoule Coreano de Péptidos Lifting de Seda usa el mismo péptido que inyectan los dermatólogos—Acetil Hexapéptido-8—más 29 péptidos adicionales y ✨ tecnología de hilo de seda dorada ✨
¿El resultado? Lifting visible, líneas finas borradas y arrugas prof [...]",K-beauty multi-tasker / pharmaceutical claim,Look 10 years younger fast; simplify routine,"Wrinkles, crepey neck, sagging","Fermented Jeju oils, salmon DNA, PDRN, peptides","'Erases fine lines in hours', '94% saw firmer skin in 4 weeks'",Solution-aware,Korean innovation that replaces 6 products / pharmaceutical science,POV list / skeptic-turned-believer short copy,CTA button: Shop now,"[DCO] This ad not viewed. Concept examples viewed: Video thumbnail viewed for 2032403464184564: close-up of glowing face, caption 'In 8 day?'",https://saeskyn.com/products/korean-silk-lifting-peptide-ampoule,"Saeskyn PDP: Korean Wrinkle Bounce Multi Balm Stick $29.95 (reg $59.90), 'LABOR DAY SALE ENDS IN' countdown, BOGO tiers, 60-Day Guarantee, 'Trusted By 50,000+', Salmon DNA/Jeju claims (raw/landing/saeskyn_balm.txt)",MEDIUM: longevity 221d; still live [concept: 4 IDs / 1 page(s) / collation sum 4 in our sample],DCO ad: copy taken from first dynamic card | days_since_start_asof_2026-10-03=221; surfaced by: saeskyn_page_active.jsonl
1637533811233281,"Meta Ad Library (US, public, logged-out)",TurmSkin,TurmSkin / try-turmskin.com,ACTIVE (library end_date 2026-10-03 = still delivering),2026-09-03,30,2 (library 'ads use this creative'); concept IDs in sample: 11 across 1 page(s),VIDEO,BIGGEST Labor Day Sale EVER!,⏰LAST CHANCE!⏰Sale Ends Today...,"BIGGEST Labor Day Sale EVER!
Buy 2 boxes, Get 4 FREE. Act fast, stock only lasts until midnight!

Say goodbye to fine lines, crepey skin, dullness, and that “tired face” look with TurmSkin Ultra-Hydrating Serum 💧

✅ Triple Hyaluronic Acid for deep, 72-hour hydration
✅ Firming peptides: Matrixyl® + Argireline®
✅ Powered [...]",Deadline sale (BOGO-stack),"Hydrated, firmer, younger-looking skin","Fine lines, crepey skin, dullness","Triple hyaluronic acid + Matrixyl + Argireline, 'DeepCell Hydration Technology™'","Plumper, firmer 'from day one'",Most-aware,Biggest sale — Buy 2 Get 4 FREE until midnight,Short promo copy → listicle,CTA button: Shop now | link description: BIGGEST Sale Of The Year!,"[VIDEO] This ad not viewed. Concept examples viewed: Video thumbnail viewed for 1998108007419317: hand holding serum box, 'NEW YEAR SALE ENDS SOON!', 'BUY 2 GET 4 FREE'",https://try-turmskin.com/products/3-hyaluronic-acid-ultra-hydrating-serum-by-turmskin-b2g4,not rendered,MEDIUM: concept replicated in 11 ad IDs; still live [concept: 11 IDs / 1 page(s) / collation sum 13 in our sample],days_since_start_asof_2026-10-03=30; surfaced by: turmskin_page_active.jsonl
1048726737582951,"Meta Ad Library (US, public, logged-out)",VitaeCharm,VitaeCharm / vitaecharm.com,ACTIVE (library end_date 2026-10-03 = still delivering),2026-06-15,110,1 (library 'ads use this creative'); concept IDs in sample: 5 across 1 page(s),VIDEO,Primary text:,If You've Lost Weight on GLP-1 and Your Skin Is Still Crepey No Matter What You Put On It. This Is Why,"Primary text: 

Your skin looks crepey and deflated after GLP-1 weight loss because rapid fat loss depleted the fat cushion layer beneath your skin — not because you're aging too fast or doing anything wrong.

Every cream you've tried failed because they're water-based.

 Water cannot rebuild a depleted fat layer. Coco [...]",Niche-trigger mechanism (GLP-1 weight loss / bruising / cancer survivors),"Thicker, less fragile, firmer skin",Crepey/deflated skin after GLP-1; easy bruising after 50; radiation-damaged skin,'fat cushion layer' depleted; GLA + palmitoleic acid; 'penetrates 5 layers deep'; water-based creams can't rebuild,Skin restored 'in as little as 8 weeks'; 90-day MBG,Problem-aware (specific sub-segment),Your skin didn't age — the fat cushion beneath it collapsed,Reason-why long copy: 'This Is Why' headline → cause → why creams failed → two specific nutrients → offer,CTA button: Learn more,[VIDEO] THIS AD VIEWED. Image viewed for 1048726737582951: close-up of oiled crepey forearm with caption 'stop using coconut oil for Ozempic skin anymore',https://vitaecharm.com/pages/pdp-10-reasons-glp-1-women-are-finally-fixing-crepey-deflated-skin,"VitaeCharm PDP/advertorial: 'Body oil formulated for crepey skin... 90 days or full refund'; Buy 1 $32 / Buy 2 Get 1 $19 ea / Buy 3 Get 2 $15 ea + up to 4 free gifts; subscription default; 'basal cell layer', 'penetrates 5 layers', '100% pure oil (not water that evaporates)' (raw/landing/vitaecharm_10reasons.txt — advertorial URL redirected to homepage on render)",MEDIUM: longevity 110d; still live [concept: 5 IDs / 1 page(s) / collation sum 6 in our sample],days_since_start_asof_2026-10-03=110; surfaced by: vitaecharm_page_active.jsonl
2310106993153092,"Meta Ad Library (US, public, logged-out)",VitaeCharm,VitaeCharm / vitaecharm.com,ACTIVE (library end_date 2026-10-03 = still delivering),2026-06-17,108,1 (library 'ads use this creative'); concept IDs in sample: 4 across 1 page(s),VIDEO,If your skin looks deflated and crepey after losing weight on Ozempic or Wegovy -  you're not doomed.,If You've Lost Weight on GLP-1 and Your Skin Is Still Crepey No Matter What You Put On It. This Is Why,"If your skin looks deflated and crepey after losing weight on Ozempic or Wegovy -  you're not doomed.

You just need a skincare routine built for what GLP-1 actually did to your skin.

Crepiness after rapid weight loss happens when the fat tissue layer underneath collapses. Lotion can't reach it. Creams sit on top. You [...]",Niche-trigger mechanism (GLP-1 weight loss / bruising / cancer survivors),"Thicker, less fragile, firmer skin",Crepey/deflated skin after GLP-1; easy bruising after 50; radiation-damaged skin,'fat cushion layer' depleted; GLA + palmitoleic acid; 'penetrates 5 layers deep'; water-based creams can't rebuild,Skin restored 'in as little as 8 weeks'; 90-day MBG,Problem-aware (specific sub-segment),Your skin didn't age — the fat cushion beneath it collapsed,Reason-why long copy: 'This Is Why' headline → cause → why creams failed → two specific nutrients → offer,CTA button: Learn more,[VIDEO] This ad not viewed. Concept examples viewed: Image viewed for 1048726737582951: close-up of oiled crepey forearm with caption 'stop using coconut oil for Ozempic skin anymore',https://vitaecharm.com/pages/pdp-10-reasons-glp-1-women-are-finally-fixing-crepey-deflated-skin,"VitaeCharm PDP/advertorial: 'Body oil formulated for crepey skin... 90 days or full refund'; Buy 1 $32 / Buy 2 Get 1 $19 ea / Buy 3 Get 2 $15 ea + up to 4 free gifts; subscription default; 'basal cell layer', 'penetrates 5 layers', '100% pure oil (not water that evaporates)' (raw/landing/vitaecharm_10reasons.txt — advertorial URL redirected to homepage on render)",MEDIUM: longevity 108d; still live [concept: 4 IDs / 1 page(s) / collation sum 5 in our sample],days_since_start_asof_2026-10-03=108; surfaced by: vitaecharm_page_active.jsonl
2202226780628780,"Meta Ad Library (US, public, logged-out)",VitaeCharm,VitaeCharm / vitaecharm.com,ACTIVE (library end_date 2026-10-03 = still delivering),2026-06-26,99,1 (library 'ads use this creative'); concept IDs in sample: 15 across 1 page(s),VIDEO,💸 Women Over 50 Are Ditching $400 Worth of Creams For This,Order Now & Get 4 Free Gifts ($70 value),"💸 Women Over 50 Are Ditching $400 Worth of Creams For This

The anti-aging skincare industry is built on expensive promises. VitaeCharm delivers real cellular repair at a fraction of the price.

What makes it different:
✓ Penetrates 5 layers deep — where aging actually damages your skin
✓ Rebuilds the fat cushion layer [...]",Niche-trigger mechanism (GLP-1 weight loss / bruising / cancer survivors),"Thicker, less fragile, firmer skin",Crepey/deflated skin after GLP-1; easy bruising after 50; radiation-damaged skin,'fat cushion layer' depleted; GLA + palmitoleic acid; 'penetrates 5 layers deep'; water-based creams can't rebuild,Skin restored 'in as little as 8 weeks'; 90-day MBG,Problem-aware (specific sub-segment),Your skin didn't age — the fat cushion beneath it collapsed,Reason-why long copy: 'This Is Why' headline → cause → why creams failed → two specific nutrients → offer,CTA button: Learn more,[VIDEO] This ad not viewed. Concept examples viewed: Image viewed for 1048726737582951: close-up of oiled crepey forearm with caption 'stop using coconut oil for Ozempic skin anymore',https://vitaecharm.com/products/vitae-charm-body-oil-1,"VitaeCharm PDP/advertorial: 'Body oil formulated for crepey skin... 90 days or full refund'; Buy 1 $32 / Buy 2 Get 1 $19 ea / Buy 3 Get 2 $15 ea + up to 4 free gifts; subscription default; 'basal cell layer', 'penetrates 5 layers', '100% pure oil (not water that evaporates)' (raw/landing/vitaecharm_10reasons.txt — advertorial URL redirected to homepage on render)",HIGH: longevity 99d; concept replicated in 15 ad IDs; still live [concept: 15 IDs / 1 page(s) / collation sum 16 in our sample],days_since_start_asof_2026-10-03=99; surfaced by: vitaecharm_page_active.jsonl
880796694467063,"Meta Ad Library (US, public, logged-out)",VitaeCharm,VitaeCharm / vitaecharm.com,ACTIVE (library end_date 2026-10-03 = still delivering),2026-06-26,99,1 (library 'ads use this creative'); concept IDs in sample: 3 across 1 page(s),VIDEO,"Your skin bruises from a shopping bag handle, a dog's paw, a cupboard door — not because your iron is low or your blood is thin, but because the fat cushion layer beneath your skin thinned out with age.",If You're Over 50 and Your Skin Keeps Bruising From a Touch You Don't Even Remember. This Is Why.,"Your skin bruises from a shopping bag handle, a dog's paw, a cupboard door — not because your iron is low or your blood is thin, but because the fat cushion layer beneath your skin thinned out with age.

That cushion is what protected your capillaries.

Without it, the smallest contact ruptures them.

You checked your  [...]",Niche-trigger mechanism (GLP-1 weight loss / bruising / cancer survivors),"Thicker, less fragile, firmer skin",Crepey/deflated skin after GLP-1; easy bruising after 50; radiation-damaged skin,'fat cushion layer' depleted; GLA + palmitoleic acid; 'penetrates 5 layers deep'; water-based creams can't rebuild,Skin restored 'in as little as 8 weeks'; 90-day MBG,Problem-aware (specific sub-segment),Your skin didn't age — the fat cushion beneath it collapsed,Reason-why long copy: 'This Is Why' headline → cause → why creams failed → two specific nutrients → offer,CTA button: Learn more,[VIDEO] This ad not viewed. Concept examples viewed: Image viewed for 1048726737582951: close-up of oiled crepey forearm with caption 'stop using coconut oil for Ozempic skin anymore',https://vitaecharm.com/pages/7-reasons-why-women-over-50-are-switching-to-this-body-oil-for-stubborn-bruises,"VitaeCharm PDP/advertorial: 'Body oil formulated for crepey skin... 90 days or full refund'; Buy 1 $32 / Buy 2 Get 1 $19 ea / Buy 3 Get 2 $15 ea + up to 4 free gifts; subscription default; 'basal cell layer', 'penetrates 5 layers', '100% pure oil (not water that evaporates)' (raw/landing/vitaecharm_10reasons.txt — advertorial URL redirected to homepage on render)",MEDIUM: longevity 99d; still live [concept: 3 IDs / 1 page(s) / collation sum 3 in our sample],days_since_start_asof_2026-10-03=99; surfaced by: vitaecharm_page_active.jsonl
1338099911015882,"Meta Ad Library (US, public, logged-out)",VitaeCharm,VitaeCharm / vitaecharm.com,ACTIVE (library end_date 2026-10-03 = still delivering),2026-06-27,98,1 (library 'ads use this creative'); concept IDs in sample: 1 across 1 page(s),IMAGE,Tired of seeing a sick person in the mirror?,Body Oil Formulated For Cancer Survivors That Actually Heals Treatment-Damaged Skin,"Tired of seeing a sick person in the mirror?

After radiation, my skin felt like paper and looked burned. Medical moisturizers stung or did nothing.

Then I found VitaeCharm Body Oil - 7 cold-pressed oils that heal damaged cells from within.
In just 2 weeks, my husband said my skin looked ""healthy and beautiful again""! [...]",Niche-trigger mechanism (GLP-1 weight loss / bruising / cancer survivors),"Thicker, less fragile, firmer skin",Crepey/deflated skin after GLP-1; easy bruising after 50; radiation-damaged skin,'fat cushion layer' depleted; GLA + palmitoleic acid; 'penetrates 5 layers deep'; water-based creams can't rebuild,Skin restored 'in as little as 8 weeks'; 90-day MBG,Problem-aware (specific sub-segment),Your skin didn't age — the fat cushion beneath it collapsed,Reason-why long copy: 'This Is Why' headline → cause → why creams failed → two specific nutrients → offer,CTA button: Shop now | link description: Vitae Charm | US,[IMAGE] This ad not viewed. Concept examples viewed: Image viewed for 1048726737582951: close-up of oiled crepey forearm with caption 'stop using coconut oil for Ozempic skin anymore',https://vitaecharm.com/products/body-oil,"VitaeCharm PDP/advertorial: 'Body oil formulated for crepey skin... 90 days or full refund'; Buy 1 $32 / Buy 2 Get 1 $19 ea / Buy 3 Get 2 $15 ea + up to 4 free gifts; subscription default; 'basal cell layer', 'penetrates 5 layers', '100% pure oil (not water that evaporates)' (raw/landing/vitaecharm_10reasons.txt — advertorial URL redirected to homepage on render)",MEDIUM: longevity 98d; still live [concept: 1 IDs / 1 page(s) / collation sum 1 in our sample],days_since_start_asof_2026-10-03=98; surfaced by: vitaecharm_page_active.jsonl
971890085912295,"Meta Ad Library (US, public, logged-out)",Dr. Emily Carter,emilycarterblog.com / emilycarterblog.com,ACTIVE (library end_date 2026-10-03 = still delivering),2026-08-18,46,1 (library 'ads use this creative'); concept IDs in sample: 2 across 1 page(s),IMAGE,"If you’re a woman over 50 and you’ve stopped wearing sleeveless tops because of crepey, sagging skin on your arms — this comparison might change everything.",Why Crepey Skin Products Are A Scam,"If you’re a woman over 50 and you’ve stopped wearing sleeveless tops because of crepey, sagging skin on your arms — this comparison might change everything.

Emily Carter tested 5 crepey skin creams head-to-head: from Gold Bond to StriVectin, from Crêpe Erase to MiamiMD.

She compared how well they firm loose skin, smo [...]",Comparison 'scam' exposé,Stop wasting money; find the one cream that works,"'stopped wearing sleeveless tops because of crepey, sagging skin'",Peptides/niacinamide % disclosure on landing,'which crepey skin cream actually delivered',"Solution-aware (has tried Gold Bond, Crêpe Erase, StriVectin, Miami MD)",I tested 5 crepey-skin creams head-to-head — 4 failed,Teaser → fake-editorial comparison (winner: Cellu Deep Firming Body Cream),CTA button: See details | link description: 30-day crepey skin cream test,"[IMAGE] THIS AD VIEWED. Image viewed for 971890085912295: sign 'THE BEST AND WORST CREPEY SKIN PRODUCTS' above Miami MD, Crepey Skin Repair Cream, Body Firm, Gold Bond packs",https://emilycarterblog.com/comparison-cream-emily,"Fake-editorial comparison 'I Tried 5 Different ‘Firming’ Creams. Only One Actually Worked.' by 'Emily Carter'; names Gold Bond, Crépe Erase, StriVectin, Miami MD as losers; winner 'Cellu Deep Firming Body Cream' 9.6/10; 60-day MBG (raw/landing/emilycarter_comparison.txt)",LOW: still live [concept: 2 IDs / 1 page(s) / collation sum 3 in our sample],days_since_start_asof_2026-10-03=46; surfaced by: kw_gold_bond_crepe.jsonl
1720931215870603,"Meta Ad Library (US, public, logged-out)",Women Skin Digest,theskinmag.com / theskinmag.com,ACTIVE (library end_date 2026-10-03 = still delivering),2026-09-24,9,1 (library 'ads use this creative'); concept IDs in sample: 4 across 1 page(s),VIDEO,The cream my own dermatologist prescribed for my crepey arms is the one that left them raw.,My sister is 4 years older. Her arms looked 10 years younger.,"The cream my own dermatologist prescribed for my crepey arms is the one that left them raw.

I'm 61. I spent $124.95 to end up worse than when I started.

My sister Vicki has 4 years on me, and when she put her arm next to mine, hers looked 10 years younger.

The difference was one ingredient her routine had and mine d [...]",Sibling comparison / failed-gadget confession,Arms that look 10 years younger,"Dermatologist-prescribed cream left arms raw; $1,400 of unused devices","'one ingredient... never retinol' (copper peptide, 1973 discovery on landing)",Younger-looking arms,"Solution-aware (tried retinol, devices)",The 1973 Nobel-prize discovery that explains why nothing worked,Short hook → curiosity gap → fake-news advertorial,"CTA button: Learn more | link description: Discover The ""Young Blood"" Secret Billionaires Pay Fortunes For Was Actually Identified In 1973 — And It Explains Why Skin Goes Thin And Crepey After 50.","[VIDEO] THIS AD VIEWED. Video thumbnail viewed for 1720931215870603: two forearms side by side, captions 'Her arm. My arm. MY CREPEY ARMS AT 61.' / 'My sister Vicki is 4 years older than me'",https://www.theskinmag.com/cpbc-1973-v2,"Fake-news advertorial 'THE SKINCARE MAGAZINE' — 'If Your Arms, Neck, Or Hands Look Crepey This 1973 Nobel Prize Discovery Explains Why...' by 'Laura Benton'; product revealed as Noor's Copper Peptide Body Repair Cream; '2-minute' ritual (raw/landing/theskinmag_cpbc.txt)",LOW: still live [concept: 4 IDs / 1 page(s) / collation sum 4 in our sample],days_since_start_asof_2026-10-03=9; surfaced by: kw_gold_bond_crepe.jsonl
2225938548183737,"Meta Ad Library (US, public, logged-out)",Women Skin Digest,theskinmag.com / theskinmag.com,ACTIVE (library end_date 2026-10-03 = still delivering),2026-09-25,8,1 (library 'ads use this creative'); concept IDs in sample: 2 across 1 page(s),IMAGE,I own 4 machines for my arms and every one of them lives in the same closet.,"I own $1,400 of machines for my arms. All 4 of them live in the same closet.","I own 4 machines for my arms and every one of them lives in the same closet.

I went and got them all out in February and laid them on the bed, because I had decided to be honest with myself for once and I could not think of another way to do it.

A radiofrequency wand off the internet. $600.

I used it 4 nights a week [...]",Sibling comparison / failed-gadget confession,Arms that look 10 years younger,"Dermatologist-prescribed cream left arms raw; $1,400 of unused devices","'one ingredient... never retinol' (copper peptide, 1973 discovery on landing)",Younger-looking arms,"Solution-aware (tried retinol, devices)",The 1973 Nobel-prize discovery that explains why nothing worked,Short hook → curiosity gap → fake-news advertorial,"CTA button: Learn more | link description: Discover The ""Young Blood"" Secret Billionaires Pay Fortunes For Was Actually Identified In 1973 — And It Explains Why Skin Goes Thin And Crepey After 50.","[IMAGE] This ad not viewed. Concept examples viewed: Video thumbnail viewed for 1720931215870603: two forearms side by side, captions 'Her arm. My arm. MY CREPEY ARMS AT 61.' / 'My sister Vicki is 4 years older than me'",https://www.theskinmag.com/cpbc-1973-v2,"Fake-news advertorial 'THE SKINCARE MAGAZINE' — 'If Your Arms, Neck, Or Hands Look Crepey This 1973 Nobel Prize Discovery Explains Why...' by 'Laura Benton'; product revealed as Noor's Copper Peptide Body Repair Cream; '2-minute' ritual (raw/landing/theskinmag_cpbc.txt)",LOW: still live [concept: 2 IDs / 1 page(s) / collation sum 2 in our sample],days_since_start_asof_2026-10-03=8; surfaced by: kw_gold_bond_crepe.jsonl
1361748119282048,"Meta Ad Library (US, public, logged-out)",Crepey Skin Reset,tryorgatics.com / tryorgatics.com,ACTIVE (library end_date 2026-10-03 = still delivering),2026-09-10,23,1 (library 'ads use this creative'); concept IDs in sample: 6 across 1 page(s),IMAGE,"I don't give a f*ck if this upsets you. I am going to say something that nobody with crepey, thinning skin wants to hear.",Ceylon-Style Inside-Out Skin Support Softgels,"I don't give a f*ck if this upsets you. I am going to say something that nobody with crepey, thinning skin wants to hear.

I performed my 1,412th cosmetic laser resurfacing on October 3rd, 2024.

Sixteen days later, at 2:47 AM on October 19th, I stood in my own bathroom mirror and could not recognize my own arms.

I wa [...]",Rogue-doctor confession (supplement),"Fix crepey, thinning skin from inside","Creams/lasers fail on crepey, thinning skin",Inside-out softgels,Implied,Problem-aware,A dermatologist breaks down after her own laser — the inside-out fix,Profane pattern-interrupt opener → dramatic personal story,CTA button: Learn more | link description: Orgatics,[IMAGE] not viewed,https://tryorgatics.com/pages/crepey-skin-2,Orgatics advertorial for 'Ceylon-Style Inside-Out Skin Support Softgels' (not rendered),LOW: still live [concept: 6 IDs / 1 page(s) / collation sum 6 in our sample],days_since_start_asof_2026-10-03=23; surfaced by: kw_gold_bond_crepe.jsonl
